--
alter table YXJJBCHZ add YXJJBCHZ_ZRZT varchar(40) null 
go
alter table YXJJBCMX add YXJJBCMX_ZRZT varchar(40) null 
go
alter table YXJJBCLS add YXJJBCLS_ZRZT varchar(40) null 
go

/*SDBU99单据信息 */
/*20191113 09:21:11*/
Create table YXSQS(
YXSQS_DRBS varchar(40) null /*导入标识*/,
YXSQS_LSBH varchar(40) null /*单据流水*/,
YXSQS_GSID varchar(40) null /*销售公司*/,
YXSQS_ZDRQ varchar(8) null /*制单日期*/,
YXSQS_BSC varchar(40) null /*办事处*/,
YXSQS_DJBH varchar(40) null /*单据编号*/,
YXSQS_QDLX varchar(40) null /*渠道类型*/,
YXSQS_XM varchar(40) null /*授权人姓名*/,
YXSQS_ZDR varchar(20) null /*制单人*/,
YXSQS_SHBZ char(1) null /*审核标志*/,
YXSQS_SHRQ varchar(200) null /*审核日期*/,
YXSQS_SFZ varchar(40) null /*身份证号*/,
YXSQS_SFZFJ varchar(40) null /*身份证附件*/,
YXSQS_SHLC varchar(4) null /*审核流程*/,
YXSQS_SPDX varchar(40) null /*审批对象*/,
YXSQS_SHR varchar(100) null /*审核人*/,
YXSQS_BYZFJ varchar(40) null /*毕业证附件*/,
YXSQS_SFWC varchar(40) null /*是否完成*/,
YXSQS_XWZFJ varchar(40) null /*学位证附件*/,
YXSQS_BZ varchar(255) null /*备注*/,
Creator varchar(128) null,
CreatedDate varchar(19) null,
LastModifier varchar(128) null,
LastModifiedDate varchar(19) null)
go

CREATE UNIQUE INDEX YXSQS on YXSQS(YXSQS_LSBH)
go
/*以下是表修正语句*/
alter table YXSQS add YXSQS_DRBS varchar(40) null
go
alter table YXSQS add YXSQS_LSBH varchar(40) null
go
alter table YXSQS add YXSQS_GSID varchar(40) null
go
alter table YXSQS add YXSQS_ZDRQ varchar(8) null
go
alter table YXSQS add YXSQS_BSC varchar(40) null
go
alter table YXSQS add YXSQS_DJBH varchar(40) null
go
alter table YXSQS add YXSQS_QDLX varchar(40) null
go
alter table YXSQS add YXSQS_XM varchar(40) null
go
alter table YXSQS add YXSQS_ZDR varchar(20) null
go
alter table YXSQS add YXSQS_SHBZ char(1) null
go
alter table YXSQS add YXSQS_SHRQ varchar(200) null
go
alter table YXSQS add YXSQS_SFZ varchar(40) null
go
alter table YXSQS add YXSQS_SFZFJ varchar(40) null
go
alter table YXSQS add YXSQS_SHLC varchar(4) null
go
alter table YXSQS add YXSQS_SPDX varchar(40) null
go
alter table YXSQS add YXSQS_SHR varchar(100) null
go
alter table YXSQS add YXSQS_BYZFJ varchar(40) null
go
alter table YXSQS add YXSQS_SFWC varchar(40) null
go
alter table YXSQS add YXSQS_XWZFJ varchar(40) null
go
alter table YXSQS add YXSQS_BZ varchar(255) null
go
alter table YXSQS add Creator varchar(128) null
go
alter table YXSQS add CreatedDate varchar(19) null
go
alter table YXSQS add LastModifier varchar(128) null
go
alter table YXSQS add LastModifiedDate varchar(19) null
go
/*以下是字段修正SQL需要分数据库配置或项目化迁移使用*/
alter table YXSQS ALTER COLUMN YXSQS_DRBS varchar(40) null
go
alter table YXSQS ALTER COLUMN YXSQS_LSBH varchar(40) null
go
alter table YXSQS ALTER COLUMN YXSQS_GSID varchar(40) null
go
alter table YXSQS ALTER COLUMN YXSQS_ZDRQ varchar(8) null
go
alter table YXSQS ALTER COLUMN YXSQS_BSC varchar(40) null
go
alter table YXSQS ALTER COLUMN YXSQS_DJBH varchar(40) null
go
alter table YXSQS ALTER COLUMN YXSQS_QDLX varchar(40) null
go
alter table YXSQS ALTER COLUMN YXSQS_XM varchar(40) null
go
alter table YXSQS ALTER COLUMN YXSQS_ZDR varchar(20) null
go
alter table YXSQS ALTER COLUMN YXSQS_SHRQ varchar(200) null
go
alter table YXSQS ALTER COLUMN YXSQS_SFZ varchar(40) null
go
alter table YXSQS ALTER COLUMN YXSQS_SFZFJ varchar(40) null
go
alter table YXSQS ALTER COLUMN YXSQS_SHLC varchar(4) null
go
alter table YXSQS ALTER COLUMN YXSQS_SPDX varchar(40) null
go
alter table YXSQS ALTER COLUMN YXSQS_SHR varchar(100) null
go
alter table YXSQS ALTER COLUMN YXSQS_BYZFJ varchar(40) null
go
alter table YXSQS ALTER COLUMN YXSQS_SFWC varchar(40) null
go
alter table YXSQS ALTER COLUMN YXSQS_XWZFJ varchar(40) null
go
alter table YXSQS ALTER COLUMN YXSQS_BZ varchar(255) null
go


go
delete from SDSYSBILL where SDSYSBILL_ID='SDBU99'
go
insert into SDSYSBILL(SDSYSBILL_MKBS,SDSYSBILL_ID,SDSYSBILL_MBMC,SDSYSBILL_DYLX,SDSYSBILL_OTMODI,SDSYSBILL_LASTOPEN,SDSYSBILL_BZ,SDSYSBILL_LJBM,SDSYSBILL_SPDX,SDSYSBILL_MTABTITLE,SDSYSBILL_ITABTITLE,SDSYSBILL_MTABCOUNT,SDSYSBILL_ITABCOUNT,SDSYSBILL_FLHS,SDSYSBILL_ISLINELAYOUT,SDSYSBILL_MLSZD,SDSYSBILL_MTABLE,SDSYSBILL_CTABLE,SDSYSBILL_SHRZD,SDSYSBILL_SHBZZD,SDSYSBILL_SHLCZD,SDSYSBILL_ZDRZD,SDSYSBILL_BMZD,SDSYSBILL_ILSZD,SDSYSBILL_IFLZD,SDSYSBILL_QXBZ,SDSYSBILL_ZDRQZD,SDSYSBILL_BFEXECUT,SDSYSBILL_AFEXECUT,SDSYSBILL_DJBHZD,SDSYSBILL_QUERYEXECUT,SDSYSBILL_TYPE,SDSYSBILL_DJRQ,SDSYSBILL_DRBSZD,SDSYSBILL_DREXECUT,SDSYSBILL_SQL,SDSYSBILL_DRBFEXECUT,SDSYSBILL_LSFF,SDSYSBILL_FLKZ,SDSYSBILL_QXKZ,SDSYSBILL_ORDERSTR,SDSYSBILL_ZDQXKZ ,SDSYSBILL_AFDELEXECUT,SDSYSBILL_APPROVEEXECUT,SDSYSBILL_UNAPPROVEEXECUT,SDSYSBILL_OSQL,SDSYSBILL_IORDER ,SDSYSBILL_DRBHFS,SDSYSBILL_DRAFEXECUT,SDSYSBILL_APPDOEXECUT,SDSYSBILL_DWZD,SDSYSBILL_SPDXZD,SDSYSBILL_SHOWLOG,SDSYSBILL_SHOWVERY,SDSYSBILL_CJR,SDSYSBILL_CJRSJ,SDSYSBILL_XGR,SDSYSBILL_XGRSJ) values('SDB','SDBU99','法人授权书申请','U','0','','','YXSQS','YXSQS','基本信息','', 1 , 0 ,'0','0','YXSQS_LSBH','YXSQS','','YXSQS_SHR','YXSQS_SHBZ','YXSQS_SHLC','YXSQS_ZDR','YXSQS_BSC','YXSQSMX_LSBH','YXSQSMX_FLBH','[GSSJQX] and YXSQS_BSC,YX_SJQX,YX_SJQXZD,YXSJBMQX [/GSSJQX]','YXSQS_ZDRQ','','','YXSQS_DJBH','','0','YXSQS_ZDRQ','YXSQS_DRBS','','','','GUID','1','','','0','','','','','',' ','','','YXSQS_GSID','YXSQS_SPDX','','','Creator','CreatedDate','LastModifier','LastModifiedDate')
go
update SDSYSBILL set SDSYSBILL_SKEY='7aPInvzr36OvgHD1rc2InQ==' where SDSYSBILL_ID='SDBU99'
go
delete from SDSYSBILLJS where SDSYSBILLJS_ID='SDBU99'
go
delete from SDSYSFIELD where SDSYSFIELD_ID='SDBU99'
go
insert into SDSYSFIELD(SDSYSFIELD_ID,SDSYSFIELD_LMMC,SDSYSFIELD_LMZT,SDSYSFIELD_LMBM,SDSYSFIELD_TITLE,SDSYSFIELD_TABLE,SDSYSFIELD_SFBZ,SDSYSFIELD_KZBZ,SDSYSFIELD_SFSPXM,SDSYSFIELD_BZBM,SDSYSFIELD_BZBH,SDSYSFIELD_BZTJ,SDSYSFIELD_SFBT,SDSYSFIELD_XSXH,SDSYSFIELD_GLBM,SDSYSFIELD_BHZD,SDSYSFIELD_NMZD,SDSYSFIELD_MCZD,SDSYSFIELD_SQL,SDSYSFIELD_WIDTH,SDSYSFIELD_SPJD,SDSYSFIELD_TABID,SDSYSFIELD_TYPE,SDSYSFIELD_COLSPAN,SDSYSFIELD_ROWSPAN,SDSYSFIELD_LENGTH,SDSYSFIELD_DEFAULT,SDSYSFIELD_LIST,SDSYSFIELD_PRECISION,SDSYSFIELD_FIELDTYPE,SDSYSFIELD_READONLY,SDSYSFIELD_LISTFLAG,SDSYSFIELD_LOCALESTRING,SDSYSFIELD_ZDQXBH,SDSYSFIELD_DXLB,SDSYSFIELD_DRBZ,SDSYSFIELD_DRBT,SDSYSFIELD_DRXH,SDSYSFIELD_LBXH,SDSYSFIELD_ISFILTER,SDSYSFIELD_FILTERDISP,SDSYSFIELD_NEWLINE,SDSYSFIELD_NEWLINESHOW,SDSYSFIELD_NEWLINETITLE,SDSYSFIELD_GUID,SDSYSFIELD_LINKDO,SDSYSFIELD_SETSQL,SDSYSFIELD_MIN,SDSYSFIELD_MAX,SDSYSFIELD_FJMAX,SDSYSFIELD_FJEXT) values('SDBU99','YXSQS_DRBS','0','导入标识','','YXSQS','','0','',' ',' ','','0','0010',' ',' ',' ',' ','', 15 ,'','M1','0', 1, 1, 40 ,' ',' ', 2,'0','0','','','','','1','0', 100, 100,'1','','','1','','','','','','',0,'')
go
insert into SDSYSFIELD(SDSYSFIELD_ID,SDSYSFIELD_LMMC,SDSYSFIELD_LMZT,SDSYSFIELD_LMBM,SDSYSFIELD_TITLE,SDSYSFIELD_TABLE,SDSYSFIELD_SFBZ,SDSYSFIELD_KZBZ,SDSYSFIELD_SFSPXM,SDSYSFIELD_BZBM,SDSYSFIELD_BZBH,SDSYSFIELD_BZTJ,SDSYSFIELD_SFBT,SDSYSFIELD_XSXH,SDSYSFIELD_GLBM,SDSYSFIELD_BHZD,SDSYSFIELD_NMZD,SDSYSFIELD_MCZD,SDSYSFIELD_SQL,SDSYSFIELD_WIDTH,SDSYSFIELD_SPJD,SDSYSFIELD_TABID,SDSYSFIELD_TYPE,SDSYSFIELD_COLSPAN,SDSYSFIELD_ROWSPAN,SDSYSFIELD_LENGTH,SDSYSFIELD_DEFAULT,SDSYSFIELD_LIST,SDSYSFIELD_PRECISION,SDSYSFIELD_FIELDTYPE,SDSYSFIELD_READONLY,SDSYSFIELD_LISTFLAG,SDSYSFIELD_LOCALESTRING,SDSYSFIELD_ZDQXBH,SDSYSFIELD_DXLB,SDSYSFIELD_DRBZ,SDSYSFIELD_DRBT,SDSYSFIELD_DRXH,SDSYSFIELD_LBXH,SDSYSFIELD_ISFILTER,SDSYSFIELD_FILTERDISP,SDSYSFIELD_NEWLINE,SDSYSFIELD_NEWLINESHOW,SDSYSFIELD_NEWLINETITLE,SDSYSFIELD_GUID,SDSYSFIELD_LINKDO,SDSYSFIELD_SETSQL,SDSYSFIELD_MIN,SDSYSFIELD_MAX,SDSYSFIELD_FJMAX,SDSYSFIELD_FJEXT) values('SDBU99','YXSQS_LSBH','0','单据流水','','YXSQS','','0','',' ',' ','','1','0020',' ',' ',' ',' ','', 15 ,'','M1','0', 1, 1, 40 ,' ',' ', 2,'1','0','','','','','0','0', 100, 100,'1','','','1','','','','','','',0,'')
go
insert into SDSYSFIELD(SDSYSFIELD_ID,SDSYSFIELD_LMMC,SDSYSFIELD_LMZT,SDSYSFIELD_LMBM,SDSYSFIELD_TITLE,SDSYSFIELD_TABLE,SDSYSFIELD_SFBZ,SDSYSFIELD_KZBZ,SDSYSFIELD_SFSPXM,SDSYSFIELD_BZBM,SDSYSFIELD_BZBH,SDSYSFIELD_BZTJ,SDSYSFIELD_SFBT,SDSYSFIELD_XSXH,SDSYSFIELD_GLBM,SDSYSFIELD_BHZD,SDSYSFIELD_NMZD,SDSYSFIELD_MCZD,SDSYSFIELD_SQL,SDSYSFIELD_WIDTH,SDSYSFIELD_SPJD,SDSYSFIELD_TABID,SDSYSFIELD_TYPE,SDSYSFIELD_COLSPAN,SDSYSFIELD_ROWSPAN,SDSYSFIELD_LENGTH,SDSYSFIELD_DEFAULT,SDSYSFIELD_LIST,SDSYSFIELD_PRECISION,SDSYSFIELD_FIELDTYPE,SDSYSFIELD_READONLY,SDSYSFIELD_LISTFLAG,SDSYSFIELD_LOCALESTRING,SDSYSFIELD_ZDQXBH,SDSYSFIELD_DXLB,SDSYSFIELD_DRBZ,SDSYSFIELD_DRBT,SDSYSFIELD_DRXH,SDSYSFIELD_LBXH,SDSYSFIELD_ISFILTER,SDSYSFIELD_FILTERDISP,SDSYSFIELD_NEWLINE,SDSYSFIELD_NEWLINESHOW,SDSYSFIELD_NEWLINETITLE,SDSYSFIELD_GUID,SDSYSFIELD_LINKDO,SDSYSFIELD_SETSQL,SDSYSFIELD_MIN,SDSYSFIELD_MAX,SDSYSFIELD_FJMAX,SDSYSFIELD_FJEXT) values('SDBU99','YXSQS_GSID','1','销售公司','','YXSQS','','0','','LSBZDW','YX01','','1','0030','LSBZDW','LSBZDW_DWBH','LSBZDW_DWBH','LSBZDW_DWMC','', 15 ,'','M1','0', 1, 1, 40 ,' ',' ', 2,'0','0','','','','','1','1', 100, 100,'1','','','1','','','','','','',0,'')
go
insert into SDSYSFIELD(SDSYSFIELD_ID,SDSYSFIELD_LMMC,SDSYSFIELD_LMZT,SDSYSFIELD_LMBM,SDSYSFIELD_TITLE,SDSYSFIELD_TABLE,SDSYSFIELD_SFBZ,SDSYSFIELD_KZBZ,SDSYSFIELD_SFSPXM,SDSYSFIELD_BZBM,SDSYSFIELD_BZBH,SDSYSFIELD_BZTJ,SDSYSFIELD_SFBT,SDSYSFIELD_XSXH,SDSYSFIELD_GLBM,SDSYSFIELD_BHZD,SDSYSFIELD_NMZD,SDSYSFIELD_MCZD,SDSYSFIELD_SQL,SDSYSFIELD_WIDTH,SDSYSFIELD_SPJD,SDSYSFIELD_TABID,SDSYSFIELD_TYPE,SDSYSFIELD_COLSPAN,SDSYSFIELD_ROWSPAN,SDSYSFIELD_LENGTH,SDSYSFIELD_DEFAULT,SDSYSFIELD_LIST,SDSYSFIELD_PRECISION,SDSYSFIELD_FIELDTYPE,SDSYSFIELD_READONLY,SDSYSFIELD_LISTFLAG,SDSYSFIELD_LOCALESTRING,SDSYSFIELD_ZDQXBH,SDSYSFIELD_DXLB,SDSYSFIELD_DRBZ,SDSYSFIELD_DRBT,SDSYSFIELD_DRXH,SDSYSFIELD_LBXH,SDSYSFIELD_ISFILTER,SDSYSFIELD_FILTERDISP,SDSYSFIELD_NEWLINE,SDSYSFIELD_NEWLINESHOW,SDSYSFIELD_NEWLINETITLE,SDSYSFIELD_GUID,SDSYSFIELD_LINKDO,SDSYSFIELD_SETSQL,SDSYSFIELD_MIN,SDSYSFIELD_MAX,SDSYSFIELD_FJMAX,SDSYSFIELD_FJEXT) values('SDBU99','YXSQS_ZDRQ','1','制单日期','','YXSQS','','1','',' ',' ','','1','0040',' ',' ',' ',' ','', 15 ,'','M1','0', 1, 1, 8 ,'@YYYYMMDD@',' ', 2,'3','0','','','','','0','0', 100, 100,'1','','','1','','','','','','',0,'')
go
insert into SDSYSFIELD(SDSYSFIELD_ID,SDSYSFIELD_LMMC,SDSYSFIELD_LMZT,SDSYSFIELD_LMBM,SDSYSFIELD_TITLE,SDSYSFIELD_TABLE,SDSYSFIELD_SFBZ,SDSYSFIELD_KZBZ,SDSYSFIELD_SFSPXM,SDSYSFIELD_BZBM,SDSYSFIELD_BZBH,SDSYSFIELD_BZTJ,SDSYSFIELD_SFBT,SDSYSFIELD_XSXH,SDSYSFIELD_GLBM,SDSYSFIELD_BHZD,SDSYSFIELD_NMZD,SDSYSFIELD_MCZD,SDSYSFIELD_SQL,SDSYSFIELD_WIDTH,SDSYSFIELD_SPJD,SDSYSFIELD_TABID,SDSYSFIELD_TYPE,SDSYSFIELD_COLSPAN,SDSYSFIELD_ROWSPAN,SDSYSFIELD_LENGTH,SDSYSFIELD_DEFAULT,SDSYSFIELD_LIST,SDSYSFIELD_PRECISION,SDSYSFIELD_FIELDTYPE,SDSYSFIELD_READONLY,SDSYSFIELD_LISTFLAG,SDSYSFIELD_LOCALESTRING,SDSYSFIELD_ZDQXBH,SDSYSFIELD_DXLB,SDSYSFIELD_DRBZ,SDSYSFIELD_DRBT,SDSYSFIELD_DRXH,SDSYSFIELD_LBXH,SDSYSFIELD_ISFILTER,SDSYSFIELD_FILTERDISP,SDSYSFIELD_NEWLINE,SDSYSFIELD_NEWLINESHOW,SDSYSFIELD_NEWLINETITLE,SDSYSFIELD_GUID,SDSYSFIELD_LINKDO,SDSYSFIELD_SETSQL,SDSYSFIELD_MIN,SDSYSFIELD_MAX,SDSYSFIELD_FJMAX,SDSYSFIELD_FJEXT) values('SDBU99','YXSQS_BSC','1','办事处','','YXSQS','','0','','YXBMZD','YX1','','1','0050','YXBMZD','YXBMZD_BMBH','YXBMZD_NM','YXBMZD_BMMC','', 15 ,'','M1','0', 1, 1, 40 ,' ',' ', 2,'5','0','','','','','1','1', 100, 100,'1','','','1','','','','','','',0,'')
go
insert into SDSYSFIELD(SDSYSFIELD_ID,SDSYSFIELD_LMMC,SDSYSFIELD_LMZT,SDSYSFIELD_LMBM,SDSYSFIELD_TITLE,SDSYSFIELD_TABLE,SDSYSFIELD_SFBZ,SDSYSFIELD_KZBZ,SDSYSFIELD_SFSPXM,SDSYSFIELD_BZBM,SDSYSFIELD_BZBH,SDSYSFIELD_BZTJ,SDSYSFIELD_SFBT,SDSYSFIELD_XSXH,SDSYSFIELD_GLBM,SDSYSFIELD_BHZD,SDSYSFIELD_NMZD,SDSYSFIELD_MCZD,SDSYSFIELD_SQL,SDSYSFIELD_WIDTH,SDSYSFIELD_SPJD,SDSYSFIELD_TABID,SDSYSFIELD_TYPE,SDSYSFIELD_COLSPAN,SDSYSFIELD_ROWSPAN,SDSYSFIELD_LENGTH,SDSYSFIELD_DEFAULT,SDSYSFIELD_LIST,SDSYSFIELD_PRECISION,SDSYSFIELD_FIELDTYPE,SDSYSFIELD_READONLY,SDSYSFIELD_LISTFLAG,SDSYSFIELD_LOCALESTRING,SDSYSFIELD_ZDQXBH,SDSYSFIELD_DXLB,SDSYSFIELD_DRBZ,SDSYSFIELD_DRBT,SDSYSFIELD_DRXH,SDSYSFIELD_LBXH,SDSYSFIELD_ISFILTER,SDSYSFIELD_FILTERDISP,SDSYSFIELD_NEWLINE,SDSYSFIELD_NEWLINESHOW,SDSYSFIELD_NEWLINETITLE,SDSYSFIELD_GUID,SDSYSFIELD_LINKDO,SDSYSFIELD_SETSQL,SDSYSFIELD_MIN,SDSYSFIELD_MAX,SDSYSFIELD_FJMAX,SDSYSFIELD_FJEXT) values('SDBU99','YXSQS_DJBH','1','单据编号','','YXSQS','','0','',' ',' ','','1','0060',' ',' ',' ',' ','', 15 ,'','M1','0', 1, 1, 40 ,' ',' ', 2,'2','0','','','','','0','0', 100, 100,'1','','','1','','','','','','',0,'')
go
insert into SDSYSFIELD(SDSYSFIELD_ID,SDSYSFIELD_LMMC,SDSYSFIELD_LMZT,SDSYSFIELD_LMBM,SDSYSFIELD_TITLE,SDSYSFIELD_TABLE,SDSYSFIELD_SFBZ,SDSYSFIELD_KZBZ,SDSYSFIELD_SFSPXM,SDSYSFIELD_BZBM,SDSYSFIELD_BZBH,SDSYSFIELD_BZTJ,SDSYSFIELD_SFBT,SDSYSFIELD_XSXH,SDSYSFIELD_GLBM,SDSYSFIELD_BHZD,SDSYSFIELD_NMZD,SDSYSFIELD_MCZD,SDSYSFIELD_SQL,SDSYSFIELD_WIDTH,SDSYSFIELD_SPJD,SDSYSFIELD_TABID,SDSYSFIELD_TYPE,SDSYSFIELD_COLSPAN,SDSYSFIELD_ROWSPAN,SDSYSFIELD_LENGTH,SDSYSFIELD_DEFAULT,SDSYSFIELD_LIST,SDSYSFIELD_PRECISION,SDSYSFIELD_FIELDTYPE,SDSYSFIELD_READONLY,SDSYSFIELD_LISTFLAG,SDSYSFIELD_LOCALESTRING,SDSYSFIELD_ZDQXBH,SDSYSFIELD_DXLB,SDSYSFIELD_DRBZ,SDSYSFIELD_DRBT,SDSYSFIELD_DRXH,SDSYSFIELD_LBXH,SDSYSFIELD_ISFILTER,SDSYSFIELD_FILTERDISP,SDSYSFIELD_NEWLINE,SDSYSFIELD_NEWLINESHOW,SDSYSFIELD_NEWLINETITLE,SDSYSFIELD_GUID,SDSYSFIELD_LINKDO,SDSYSFIELD_SETSQL,SDSYSFIELD_MIN,SDSYSFIELD_MAX,SDSYSFIELD_FJMAX,SDSYSFIELD_FJEXT) values('SDBU99','YXSQS_QDLX','1','渠道类型','','YXSQS',' ','0',' ','YXDDYWLX','YX1','','1','0070','YXDDYWLX','YXDDYWLX_BH','YXDDYWLX_NM','YXDDYWLX_MC','', 12 ,'','M1','0', 0 , 0 , 40 ,'','', 0 ,'0','0',' ','','','','0','0', 0 , 0 ,'1','',' ','1','',' ','','','','',0,'')
go
insert into SDSYSFIELD(SDSYSFIELD_ID,SDSYSFIELD_LMMC,SDSYSFIELD_LMZT,SDSYSFIELD_LMBM,SDSYSFIELD_TITLE,SDSYSFIELD_TABLE,SDSYSFIELD_SFBZ,SDSYSFIELD_KZBZ,SDSYSFIELD_SFSPXM,SDSYSFIELD_BZBM,SDSYSFIELD_BZBH,SDSYSFIELD_BZTJ,SDSYSFIELD_SFBT,SDSYSFIELD_XSXH,SDSYSFIELD_GLBM,SDSYSFIELD_BHZD,SDSYSFIELD_NMZD,SDSYSFIELD_MCZD,SDSYSFIELD_SQL,SDSYSFIELD_WIDTH,SDSYSFIELD_SPJD,SDSYSFIELD_TABID,SDSYSFIELD_TYPE,SDSYSFIELD_COLSPAN,SDSYSFIELD_ROWSPAN,SDSYSFIELD_LENGTH,SDSYSFIELD_DEFAULT,SDSYSFIELD_LIST,SDSYSFIELD_PRECISION,SDSYSFIELD_FIELDTYPE,SDSYSFIELD_READONLY,SDSYSFIELD_LISTFLAG,SDSYSFIELD_LOCALESTRING,SDSYSFIELD_ZDQXBH,SDSYSFIELD_DXLB,SDSYSFIELD_DRBZ,SDSYSFIELD_DRBT,SDSYSFIELD_DRXH,SDSYSFIELD_LBXH,SDSYSFIELD_ISFILTER,SDSYSFIELD_FILTERDISP,SDSYSFIELD_NEWLINE,SDSYSFIELD_NEWLINESHOW,SDSYSFIELD_NEWLINETITLE,SDSYSFIELD_GUID,SDSYSFIELD_LINKDO,SDSYSFIELD_SETSQL,SDSYSFIELD_MIN,SDSYSFIELD_MAX,SDSYSFIELD_FJMAX,SDSYSFIELD_FJEXT) values('SDBU99','YXSQS_XM','1','授权人姓名','','YXSQS',' ','0',' ','YXRYZD','YX1','','1','0080','YXRYZD','YXRYZD_RYBH','YXRYZD_NM','YXRYZD_RYXM','', 12 ,'','M1','0', 0 , 0 , 40 ,'','', 0 ,'0','0',' ','','','','0','0', 0 , 0 ,'1','',' ','1','',' ','','','','',0,'')
go
insert into SDSYSFIELD(SDSYSFIELD_ID,SDSYSFIELD_LMMC,SDSYSFIELD_LMZT,SDSYSFIELD_LMBM,SDSYSFIELD_TITLE,SDSYSFIELD_TABLE,SDSYSFIELD_SFBZ,SDSYSFIELD_KZBZ,SDSYSFIELD_SFSPXM,SDSYSFIELD_BZBM,SDSYSFIELD_BZBH,SDSYSFIELD_BZTJ,SDSYSFIELD_SFBT,SDSYSFIELD_XSXH,SDSYSFIELD_GLBM,SDSYSFIELD_BHZD,SDSYSFIELD_NMZD,SDSYSFIELD_MCZD,SDSYSFIELD_SQL,SDSYSFIELD_WIDTH,SDSYSFIELD_SPJD,SDSYSFIELD_TABID,SDSYSFIELD_TYPE,SDSYSFIELD_COLSPAN,SDSYSFIELD_ROWSPAN,SDSYSFIELD_LENGTH,SDSYSFIELD_DEFAULT,SDSYSFIELD_LIST,SDSYSFIELD_PRECISION,SDSYSFIELD_FIELDTYPE,SDSYSFIELD_READONLY,SDSYSFIELD_LISTFLAG,SDSYSFIELD_LOCALESTRING,SDSYSFIELD_ZDQXBH,SDSYSFIELD_DXLB,SDSYSFIELD_DRBZ,SDSYSFIELD_DRBT,SDSYSFIELD_DRXH,SDSYSFIELD_LBXH,SDSYSFIELD_ISFILTER,SDSYSFIELD_FILTERDISP,SDSYSFIELD_NEWLINE,SDSYSFIELD_NEWLINESHOW,SDSYSFIELD_NEWLINETITLE,SDSYSFIELD_GUID,SDSYSFIELD_LINKDO,SDSYSFIELD_SETSQL,SDSYSFIELD_MIN,SDSYSFIELD_MAX,SDSYSFIELD_FJMAX,SDSYSFIELD_FJEXT) values('SDBU99','YXSQS_SFZ','1','身份证号','','YXSQS',' ','0',' ','','','','1','0090','','','','','SELECT YXRYZD_SFZ FROM YXRYZD WHERE YXRYZD_NM=@YXSQS_XM@', 12 ,'','M1','0', 0 , 0 , 40 ,'','', 0 ,'0','0',' ','','','','0','0', 0 , 0 ,'1','',' ','1','',' ','','','','',0,'')
go
insert into SDSYSFIELD(SDSYSFIELD_ID,SDSYSFIELD_LMMC,SDSYSFIELD_LMZT,SDSYSFIELD_LMBM,SDSYSFIELD_TITLE,SDSYSFIELD_TABLE,SDSYSFIELD_SFBZ,SDSYSFIELD_KZBZ,SDSYSFIELD_SFSPXM,SDSYSFIELD_BZBM,SDSYSFIELD_BZBH,SDSYSFIELD_BZTJ,SDSYSFIELD_SFBT,SDSYSFIELD_XSXH,SDSYSFIELD_GLBM,SDSYSFIELD_BHZD,SDSYSFIELD_NMZD,SDSYSFIELD_MCZD,SDSYSFIELD_SQL,SDSYSFIELD_WIDTH,SDSYSFIELD_SPJD,SDSYSFIELD_TABID,SDSYSFIELD_TYPE,SDSYSFIELD_COLSPAN,SDSYSFIELD_ROWSPAN,SDSYSFIELD_LENGTH,SDSYSFIELD_DEFAULT,SDSYSFIELD_LIST,SDSYSFIELD_PRECISION,SDSYSFIELD_FIELDTYPE,SDSYSFIELD_READONLY,SDSYSFIELD_LISTFLAG,SDSYSFIELD_LOCALESTRING,SDSYSFIELD_ZDQXBH,SDSYSFIELD_DXLB,SDSYSFIELD_DRBZ,SDSYSFIELD_DRBT,SDSYSFIELD_DRXH,SDSYSFIELD_LBXH,SDSYSFIELD_ISFILTER,SDSYSFIELD_FILTERDISP,SDSYSFIELD_NEWLINE,SDSYSFIELD_NEWLINESHOW,SDSYSFIELD_NEWLINETITLE,SDSYSFIELD_GUID,SDSYSFIELD_LINKDO,SDSYSFIELD_SETSQL,SDSYSFIELD_MIN,SDSYSFIELD_MAX,SDSYSFIELD_FJMAX,SDSYSFIELD_FJEXT) values('SDBU99','YXSQS_SFZFJ','1','身份证附件','','YXSQS','','G','',' ',' ','','0','0100',' ',' ',' ',' ','', 12 ,'','M1','0', 1, 1, 40 ,' ',' ', 2,'0','0','','','','','0','0', 100, 100,'1','','','1','','','','','','',0,'')
go
insert into SDSYSFIELD(SDSYSFIELD_ID,SDSYSFIELD_LMMC,SDSYSFIELD_LMZT,SDSYSFIELD_LMBM,SDSYSFIELD_TITLE,SDSYSFIELD_TABLE,SDSYSFIELD_SFBZ,SDSYSFIELD_KZBZ,SDSYSFIELD_SFSPXM,SDSYSFIELD_BZBM,SDSYSFIELD_BZBH,SDSYSFIELD_BZTJ,SDSYSFIELD_SFBT,SDSYSFIELD_XSXH,SDSYSFIELD_GLBM,SDSYSFIELD_BHZD,SDSYSFIELD_NMZD,SDSYSFIELD_MCZD,SDSYSFIELD_SQL,SDSYSFIELD_WIDTH,SDSYSFIELD_SPJD,SDSYSFIELD_TABID,SDSYSFIELD_TYPE,SDSYSFIELD_COLSPAN,SDSYSFIELD_ROWSPAN,SDSYSFIELD_LENGTH,SDSYSFIELD_DEFAULT,SDSYSFIELD_LIST,SDSYSFIELD_PRECISION,SDSYSFIELD_FIELDTYPE,SDSYSFIELD_READONLY,SDSYSFIELD_LISTFLAG,SDSYSFIELD_LOCALESTRING,SDSYSFIELD_ZDQXBH,SDSYSFIELD_DXLB,SDSYSFIELD_DRBZ,SDSYSFIELD_DRBT,SDSYSFIELD_DRXH,SDSYSFIELD_LBXH,SDSYSFIELD_ISFILTER,SDSYSFIELD_FILTERDISP,SDSYSFIELD_NEWLINE,SDSYSFIELD_NEWLINESHOW,SDSYSFIELD_NEWLINETITLE,SDSYSFIELD_GUID,SDSYSFIELD_LINKDO,SDSYSFIELD_SETSQL,SDSYSFIELD_MIN,SDSYSFIELD_MAX,SDSYSFIELD_FJMAX,SDSYSFIELD_FJEXT) values('SDBU99','YXSQS_BYZFJ','1','毕业证附件','','YXSQS','','G','',' ',' ','','0','0110',' ',' ',' ',' ','', 12 ,'','M1','0', 1, 1, 40 ,' ',' ', 2,'0','0','','','','','0','0', 100, 100,'1','','','1','','','','','','',0,'')
go
insert into SDSYSFIELD(SDSYSFIELD_ID,SDSYSFIELD_LMMC,SDSYSFIELD_LMZT,SDSYSFIELD_LMBM,SDSYSFIELD_TITLE,SDSYSFIELD_TABLE,SDSYSFIELD_SFBZ,SDSYSFIELD_KZBZ,SDSYSFIELD_SFSPXM,SDSYSFIELD_BZBM,SDSYSFIELD_BZBH,SDSYSFIELD_BZTJ,SDSYSFIELD_SFBT,SDSYSFIELD_XSXH,SDSYSFIELD_GLBM,SDSYSFIELD_BHZD,SDSYSFIELD_NMZD,SDSYSFIELD_MCZD,SDSYSFIELD_SQL,SDSYSFIELD_WIDTH,SDSYSFIELD_SPJD,SDSYSFIELD_TABID,SDSYSFIELD_TYPE,SDSYSFIELD_COLSPAN,SDSYSFIELD_ROWSPAN,SDSYSFIELD_LENGTH,SDSYSFIELD_DEFAULT,SDSYSFIELD_LIST,SDSYSFIELD_PRECISION,SDSYSFIELD_FIELDTYPE,SDSYSFIELD_READONLY,SDSYSFIELD_LISTFLAG,SDSYSFIELD_LOCALESTRING,SDSYSFIELD_ZDQXBH,SDSYSFIELD_DXLB,SDSYSFIELD_DRBZ,SDSYSFIELD_DRBT,SDSYSFIELD_DRXH,SDSYSFIELD_LBXH,SDSYSFIELD_ISFILTER,SDSYSFIELD_FILTERDISP,SDSYSFIELD_NEWLINE,SDSYSFIELD_NEWLINESHOW,SDSYSFIELD_NEWLINETITLE,SDSYSFIELD_GUID,SDSYSFIELD_LINKDO,SDSYSFIELD_SETSQL,SDSYSFIELD_MIN,SDSYSFIELD_MAX,SDSYSFIELD_FJMAX,SDSYSFIELD_FJEXT) values('SDBU99','YXSQS_XWZFJ','1','学位证附件','','YXSQS','','G','',' ',' ','','0','0120',' ',' ',' ',' ','', 12 ,'','M1','0', 1, 1, 40 ,' ',' ', 2,'0','0','','','','','0','0', 100, 100,'1','','','1','','','','','','',0,'')
go
insert into SDSYSFIELD(SDSYSFIELD_ID,SDSYSFIELD_LMMC,SDSYSFIELD_LMZT,SDSYSFIELD_LMBM,SDSYSFIELD_TITLE,SDSYSFIELD_TABLE,SDSYSFIELD_SFBZ,SDSYSFIELD_KZBZ,SDSYSFIELD_SFSPXM,SDSYSFIELD_BZBM,SDSYSFIELD_BZBH,SDSYSFIELD_BZTJ,SDSYSFIELD_SFBT,SDSYSFIELD_XSXH,SDSYSFIELD_GLBM,SDSYSFIELD_BHZD,SDSYSFIELD_NMZD,SDSYSFIELD_MCZD,SDSYSFIELD_SQL,SDSYSFIELD_WIDTH,SDSYSFIELD_SPJD,SDSYSFIELD_TABID,SDSYSFIELD_TYPE,SDSYSFIELD_COLSPAN,SDSYSFIELD_ROWSPAN,SDSYSFIELD_LENGTH,SDSYSFIELD_DEFAULT,SDSYSFIELD_LIST,SDSYSFIELD_PRECISION,SDSYSFIELD_FIELDTYPE,SDSYSFIELD_READONLY,SDSYSFIELD_LISTFLAG,SDSYSFIELD_LOCALESTRING,SDSYSFIELD_ZDQXBH,SDSYSFIELD_DXLB,SDSYSFIELD_DRBZ,SDSYSFIELD_DRBT,SDSYSFIELD_DRXH,SDSYSFIELD_LBXH,SDSYSFIELD_ISFILTER,SDSYSFIELD_FILTERDISP,SDSYSFIELD_NEWLINE,SDSYSFIELD_NEWLINESHOW,SDSYSFIELD_NEWLINETITLE,SDSYSFIELD_GUID,SDSYSFIELD_LINKDO,SDSYSFIELD_SETSQL,SDSYSFIELD_MIN,SDSYSFIELD_MAX,SDSYSFIELD_FJMAX,SDSYSFIELD_FJEXT) values('SDBU99','YXSQS_BZ','1','备注','','YXSQS',' ','0',' ','','','','0','0130','','','','','', 15 ,'','M1','0', 7 , 0 , 255 ,'','', 0 ,'0','0',' ','','','','1','0', 0 , 0 ,'1','',' ','1','',' ','','','','',0,'')
go
insert into SDSYSFIELD(SDSYSFIELD_ID,SDSYSFIELD_LMMC,SDSYSFIELD_LMZT,SDSYSFIELD_LMBM,SDSYSFIELD_TITLE,SDSYSFIELD_TABLE,SDSYSFIELD_SFBZ,SDSYSFIELD_KZBZ,SDSYSFIELD_SFSPXM,SDSYSFIELD_BZBM,SDSYSFIELD_BZBH,SDSYSFIELD_BZTJ,SDSYSFIELD_SFBT,SDSYSFIELD_XSXH,SDSYSFIELD_GLBM,SDSYSFIELD_BHZD,SDSYSFIELD_NMZD,SDSYSFIELD_MCZD,SDSYSFIELD_SQL,SDSYSFIELD_WIDTH,SDSYSFIELD_SPJD,SDSYSFIELD_TABID,SDSYSFIELD_TYPE,SDSYSFIELD_COLSPAN,SDSYSFIELD_ROWSPAN,SDSYSFIELD_LENGTH,SDSYSFIELD_DEFAULT,SDSYSFIELD_LIST,SDSYSFIELD_PRECISION,SDSYSFIELD_FIELDTYPE,SDSYSFIELD_READONLY,SDSYSFIELD_LISTFLAG,SDSYSFIELD_LOCALESTRING,SDSYSFIELD_ZDQXBH,SDSYSFIELD_DXLB,SDSYSFIELD_DRBZ,SDSYSFIELD_DRBT,SDSYSFIELD_DRXH,SDSYSFIELD_LBXH,SDSYSFIELD_ISFILTER,SDSYSFIELD_FILTERDISP,SDSYSFIELD_NEWLINE,SDSYSFIELD_NEWLINESHOW,SDSYSFIELD_NEWLINETITLE,SDSYSFIELD_GUID,SDSYSFIELD_LINKDO,SDSYSFIELD_SETSQL,SDSYSFIELD_MIN,SDSYSFIELD_MAX,SDSYSFIELD_FJMAX,SDSYSFIELD_FJEXT) values('SDBU99','YXSQS_ZDR','1','制单人','','YXSQS','','0','',' ',' ','','0','0140',' ',' ',' ',' ','', 15 ,'','MB','0', 1, 1, 20 ,'@UserName@',' ', 2,'9','1','','','','','0','0', 100, 100,'1','','','1','','','','','','',0,'')
go
insert into SDSYSFIELD(SDSYSFIELD_ID,SDSYSFIELD_LMMC,SDSYSFIELD_LMZT,SDSYSFIELD_LMBM,SDSYSFIELD_TITLE,SDSYSFIELD_TABLE,SDSYSFIELD_SFBZ,SDSYSFIELD_KZBZ,SDSYSFIELD_SFSPXM,SDSYSFIELD_BZBM,SDSYSFIELD_BZBH,SDSYSFIELD_BZTJ,SDSYSFIELD_SFBT,SDSYSFIELD_XSXH,SDSYSFIELD_GLBM,SDSYSFIELD_BHZD,SDSYSFIELD_NMZD,SDSYSFIELD_MCZD,SDSYSFIELD_SQL,SDSYSFIELD_WIDTH,SDSYSFIELD_SPJD,SDSYSFIELD_TABID,SDSYSFIELD_TYPE,SDSYSFIELD_COLSPAN,SDSYSFIELD_ROWSPAN,SDSYSFIELD_LENGTH,SDSYSFIELD_DEFAULT,SDSYSFIELD_LIST,SDSYSFIELD_PRECISION,SDSYSFIELD_FIELDTYPE,SDSYSFIELD_READONLY,SDSYSFIELD_LISTFLAG,SDSYSFIELD_LOCALESTRING,SDSYSFIELD_ZDQXBH,SDSYSFIELD_DXLB,SDSYSFIELD_DRBZ,SDSYSFIELD_DRBT,SDSYSFIELD_DRXH,SDSYSFIELD_LBXH,SDSYSFIELD_ISFILTER,SDSYSFIELD_FILTERDISP,SDSYSFIELD_NEWLINE,SDSYSFIELD_NEWLINESHOW,SDSYSFIELD_NEWLINETITLE,SDSYSFIELD_GUID,SDSYSFIELD_LINKDO,SDSYSFIELD_SETSQL,SDSYSFIELD_MIN,SDSYSFIELD_MAX,SDSYSFIELD_FJMAX,SDSYSFIELD_FJEXT) values('SDBU99','YXSQS_SHBZ','1','审核标志','','YXSQS','','0','',' ',' ','','0','0150',' ',' ',' ',' ','', 15 ,'','MB','0', 1, 1, 1 ,' ','1,审批通过;0,未提交;2,审批否决;3,正在审批;4,免审', 2,'6','1','','','','','0','0', 100, 100,'1','','','1','','','','','','',0,'')
go
insert into SDSYSFIELD(SDSYSFIELD_ID,SDSYSFIELD_LMMC,SDSYSFIELD_LMZT,SDSYSFIELD_LMBM,SDSYSFIELD_TITLE,SDSYSFIELD_TABLE,SDSYSFIELD_SFBZ,SDSYSFIELD_KZBZ,SDSYSFIELD_SFSPXM,SDSYSFIELD_BZBM,SDSYSFIELD_BZBH,SDSYSFIELD_BZTJ,SDSYSFIELD_SFBT,SDSYSFIELD_XSXH,SDSYSFIELD_GLBM,SDSYSFIELD_BHZD,SDSYSFIELD_NMZD,SDSYSFIELD_MCZD,SDSYSFIELD_SQL,SDSYSFIELD_WIDTH,SDSYSFIELD_SPJD,SDSYSFIELD_TABID,SDSYSFIELD_TYPE,SDSYSFIELD_COLSPAN,SDSYSFIELD_ROWSPAN,SDSYSFIELD_LENGTH,SDSYSFIELD_DEFAULT,SDSYSFIELD_LIST,SDSYSFIELD_PRECISION,SDSYSFIELD_FIELDTYPE,SDSYSFIELD_READONLY,SDSYSFIELD_LISTFLAG,SDSYSFIELD_LOCALESTRING,SDSYSFIELD_ZDQXBH,SDSYSFIELD_DXLB,SDSYSFIELD_DRBZ,SDSYSFIELD_DRBT,SDSYSFIELD_DRXH,SDSYSFIELD_LBXH,SDSYSFIELD_ISFILTER,SDSYSFIELD_FILTERDISP,SDSYSFIELD_NEWLINE,SDSYSFIELD_NEWLINESHOW,SDSYSFIELD_NEWLINETITLE,SDSYSFIELD_GUID,SDSYSFIELD_LINKDO,SDSYSFIELD_SETSQL,SDSYSFIELD_MIN,SDSYSFIELD_MAX,SDSYSFIELD_FJMAX,SDSYSFIELD_FJEXT) values('SDBU99','YXSQS_SHRQ','1','审核日期','','YXSQS','','0','',' ',' ','','0','0160',' ',' ',' ',' ','', 15 ,'','MB','0', 1, 1, 200 ,' ',' ', 2,'8','1','','','','','0','0', 100, 100,'1','','','1','','','','','','',0,'')
go
insert into SDSYSFIELD(SDSYSFIELD_ID,SDSYSFIELD_LMMC,SDSYSFIELD_LMZT,SDSYSFIELD_LMBM,SDSYSFIELD_TITLE,SDSYSFIELD_TABLE,SDSYSFIELD_SFBZ,SDSYSFIELD_KZBZ,SDSYSFIELD_SFSPXM,SDSYSFIELD_BZBM,SDSYSFIELD_BZBH,SDSYSFIELD_BZTJ,SDSYSFIELD_SFBT,SDSYSFIELD_XSXH,SDSYSFIELD_GLBM,SDSYSFIELD_BHZD,SDSYSFIELD_NMZD,SDSYSFIELD_MCZD,SDSYSFIELD_SQL,SDSYSFIELD_WIDTH,SDSYSFIELD_SPJD,SDSYSFIELD_TABID,SDSYSFIELD_TYPE,SDSYSFIELD_COLSPAN,SDSYSFIELD_ROWSPAN,SDSYSFIELD_LENGTH,SDSYSFIELD_DEFAULT,SDSYSFIELD_LIST,SDSYSFIELD_PRECISION,SDSYSFIELD_FIELDTYPE,SDSYSFIELD_READONLY,SDSYSFIELD_LISTFLAG,SDSYSFIELD_LOCALESTRING,SDSYSFIELD_ZDQXBH,SDSYSFIELD_DXLB,SDSYSFIELD_DRBZ,SDSYSFIELD_DRBT,SDSYSFIELD_DRXH,SDSYSFIELD_LBXH,SDSYSFIELD_ISFILTER,SDSYSFIELD_FILTERDISP,SDSYSFIELD_NEWLINE,SDSYSFIELD_NEWLINESHOW,SDSYSFIELD_NEWLINETITLE,SDSYSFIELD_GUID,SDSYSFIELD_LINKDO,SDSYSFIELD_SETSQL,SDSYSFIELD_MIN,SDSYSFIELD_MAX,SDSYSFIELD_FJMAX,SDSYSFIELD_FJEXT) values('SDBU99','YXSQS_SHLC','0','审核流程','','YXSQS','','0','',' ',' ','','0','0170',' ',' ',' ',' ','', 15 ,'','MB','0', 1, 1, 4 ,' ',' ', 2,'0','1','','','','','0','0', 100, 100,'1','','','1','','','','','','',0,'')
go
insert into SDSYSFIELD(SDSYSFIELD_ID,SDSYSFIELD_LMMC,SDSYSFIELD_LMZT,SDSYSFIELD_LMBM,SDSYSFIELD_TITLE,SDSYSFIELD_TABLE,SDSYSFIELD_SFBZ,SDSYSFIELD_KZBZ,SDSYSFIELD_SFSPXM,SDSYSFIELD_BZBM,SDSYSFIELD_BZBH,SDSYSFIELD_BZTJ,SDSYSFIELD_SFBT,SDSYSFIELD_XSXH,SDSYSFIELD_GLBM,SDSYSFIELD_BHZD,SDSYSFIELD_NMZD,SDSYSFIELD_MCZD,SDSYSFIELD_SQL,SDSYSFIELD_WIDTH,SDSYSFIELD_SPJD,SDSYSFIELD_TABID,SDSYSFIELD_TYPE,SDSYSFIELD_COLSPAN,SDSYSFIELD_ROWSPAN,SDSYSFIELD_LENGTH,SDSYSFIELD_DEFAULT,SDSYSFIELD_LIST,SDSYSFIELD_PRECISION,SDSYSFIELD_FIELDTYPE,SDSYSFIELD_READONLY,SDSYSFIELD_LISTFLAG,SDSYSFIELD_LOCALESTRING,SDSYSFIELD_ZDQXBH,SDSYSFIELD_DXLB,SDSYSFIELD_DRBZ,SDSYSFIELD_DRBT,SDSYSFIELD_DRXH,SDSYSFIELD_LBXH,SDSYSFIELD_ISFILTER,SDSYSFIELD_FILTERDISP,SDSYSFIELD_NEWLINE,SDSYSFIELD_NEWLINESHOW,SDSYSFIELD_NEWLINETITLE,SDSYSFIELD_GUID,SDSYSFIELD_LINKDO,SDSYSFIELD_SETSQL,SDSYSFIELD_MIN,SDSYSFIELD_MAX,SDSYSFIELD_FJMAX,SDSYSFIELD_FJEXT) values('SDBU99','YXSQS_SPDX','1','审批对象','','YXSQS','','0','',' ',' ','','0','0180',' ',' ',' ',' ','', 0 ,'','MB','0', 1, 1, 40 ,' ',' ', 2,'0','1','','','','','0','0', 100, 100,'1','','','1','','','','','','',0,'')
go
insert into SDSYSFIELD(SDSYSFIELD_ID,SDSYSFIELD_LMMC,SDSYSFIELD_LMZT,SDSYSFIELD_LMBM,SDSYSFIELD_TITLE,SDSYSFIELD_TABLE,SDSYSFIELD_SFBZ,SDSYSFIELD_KZBZ,SDSYSFIELD_SFSPXM,SDSYSFIELD_BZBM,SDSYSFIELD_BZBH,SDSYSFIELD_BZTJ,SDSYSFIELD_SFBT,SDSYSFIELD_XSXH,SDSYSFIELD_GLBM,SDSYSFIELD_BHZD,SDSYSFIELD_NMZD,SDSYSFIELD_MCZD,SDSYSFIELD_SQL,SDSYSFIELD_WIDTH,SDSYSFIELD_SPJD,SDSYSFIELD_TABID,SDSYSFIELD_TYPE,SDSYSFIELD_COLSPAN,SDSYSFIELD_ROWSPAN,SDSYSFIELD_LENGTH,SDSYSFIELD_DEFAULT,SDSYSFIELD_LIST,SDSYSFIELD_PRECISION,SDSYSFIELD_FIELDTYPE,SDSYSFIELD_READONLY,SDSYSFIELD_LISTFLAG,SDSYSFIELD_LOCALESTRING,SDSYSFIELD_ZDQXBH,SDSYSFIELD_DXLB,SDSYSFIELD_DRBZ,SDSYSFIELD_DRBT,SDSYSFIELD_DRXH,SDSYSFIELD_LBXH,SDSYSFIELD_ISFILTER,SDSYSFIELD_FILTERDISP,SDSYSFIELD_NEWLINE,SDSYSFIELD_NEWLINESHOW,SDSYSFIELD_NEWLINETITLE,SDSYSFIELD_GUID,SDSYSFIELD_LINKDO,SDSYSFIELD_SETSQL,SDSYSFIELD_MIN,SDSYSFIELD_MAX,SDSYSFIELD_FJMAX,SDSYSFIELD_FJEXT) values('SDBU99','YXSQS_SHR','1','审核人','','YXSQS','','0','',' ',' ','','0','0190',' ',' ',' ',' ','', 15 ,'','MB','0', 1, 1, 100 ,' ',' ', 2,'7','1','','','','','0','0', 100, 100,'1','','','1','','','','','','',0,'')
go
delete from SDBILLMGR where SDBILLMGR_ID='SDBU99'
go
insert into SDBILLMGR(SDBILLMGR_ID,SDBILLMGR_TYPE,SDBILLMGR_NAME,SDBILLMGR_GNXH,SDBILLMGR_GNBH,SDBILLMGR_URL,SDBILLMGR_ICO) values('SDBU99','0','法人授权书申请','0','SDBU99A','NetBill/NetBillMain.aspx?BILLID=SDBU99&CHECK=0',' ')
go
delete from LSGNZD where F_GNBH='SDBU99A'
go
insert into LSGNZD(F_GNBH,F_GNMC ) values('SDBU99A','法人授权书申请')
go
delete from LSGNZDEX where LSGNZDEX_GNBH='SDBU99A'
go
insert into LSGNZDEX( LSGNZDEX_GNBH,LSGNZDEX_URL ,LSGNZDEX_XTYL, LSGNZDEX_LJBM ,LSGNZDEX_DJLS,LSGNZDEX_ICO) values('SDBU99A','NetBill/NetBillMain.aspx?BILLID=SDBU99&CHECK=0','U','YXSQS','YXSQS_LSBH',' ')
go
insert into SDBILLMGR(SDBILLMGR_ID,SDBILLMGR_TYPE,SDBILLMGR_NAME,SDBILLMGR_GNXH,SDBILLMGR_GNBH,SDBILLMGR_URL,SDBILLMGR_ICO) values('SDBU99','0','法人授权书审批','1','SDBU99B','NetBill/NetBillMain.aspx?BILLID=SDBU99&CHECK=1',' ')
go
delete from LSGNZD where F_GNBH='SDBU99B'
go
insert into LSGNZD(F_GNBH,F_GNMC ) values('SDBU99B','法人授权书审批')
go
delete from LSGNZDEX where LSGNZDEX_GNBH='SDBU99B'
go
insert into LSGNZDEX( LSGNZDEX_GNBH,LSGNZDEX_URL ,LSGNZDEX_XTYL, LSGNZDEX_LJBM ,LSGNZDEX_DJLS,LSGNZDEX_ICO) values('SDBU99B','NetBill/NetBillMain.aspx?BILLID=SDBU99&CHECK=1','U','YXSQS','YXSQS_LSBH',' ')
go
insert into SDBILLMGR(SDBILLMGR_ID,SDBILLMGR_TYPE,SDBILLMGR_NAME,SDBILLMGR_GNXH,SDBILLMGR_GNBH,SDBILLMGR_URL,SDBILLMGR_ICO) values('SDBU99','1','法人授权书管理','11','SDBU99E','NetBill/SD_ListMgr/SD_List_Mgr.aspx?ListID=SDBU99E',' ')
go
delete from LSGNZD where F_GNBH='SDBU99E'
go
insert into LSGNZD(F_GNBH,F_GNMC ) values('SDBU99E','法人授权书管理')
go
delete from LSGNZDEX where LSGNZDEX_GNBH='SDBU99E'
go
insert into LSGNZDEX( LSGNZDEX_GNBH,LSGNZDEX_URL ,LSGNZDEX_XTYL, LSGNZDEX_LJBM ,LSGNZDEX_DJLS,LSGNZDEX_ICO) values('SDBU99E','NetBill/SD_ListMgr/SD_List_Mgr.aspx?ListID=SDBU99E','U','YXSQS','YXSQS_LSBH',' ')
go
delete from SDSYSBUTTON where SDSYSBUTTON_ID='SDBU99'
go
insert into SDSYSBUTTON(SDSYSBUTTON_ID,SDSYSBUTTON_BTNID,SDSYSBUTTON_BTNNAME,SDSYSBUTTON_TITLE,SDSYSBUTTON_TYPE,SDSYSBUTTON_SYBZ,SDSYSBUTTON_POSITION,SDSYSBUTTON_ORDER,SDSYSBUTTON_ALTK,SDSYSBUTTON_CLASSNAME,SDSYSBUTTON_ZDSD,SDSYSBUTTON_JHAN,SDSYSBUTTON_SDAN,SDSYSBUTTON_SCRIPT) values('SDBU99','BtnS01','增加','','0','1','0', 1 ,' ',' ','0',' ',' ','return newBill();')
go
insert into SDSYSBUTTON(SDSYSBUTTON_ID,SDSYSBUTTON_BTNID,SDSYSBUTTON_BTNNAME,SDSYSBUTTON_TITLE,SDSYSBUTTON_TYPE,SDSYSBUTTON_SYBZ,SDSYSBUTTON_POSITION,SDSYSBUTTON_ORDER,SDSYSBUTTON_ALTK,SDSYSBUTTON_CLASSNAME,SDSYSBUTTON_ZDSD,SDSYSBUTTON_JHAN,SDSYSBUTTON_SDAN,SDSYSBUTTON_SCRIPT) values('SDBU99','BtnI1Add','增加','','0','1','1', 1 ,' ','新增分录16.png','0',' ',' ','addEmptyItem(0)')
go
insert into SDSYSBUTTON(SDSYSBUTTON_ID,SDSYSBUTTON_BTNID,SDSYSBUTTON_BTNNAME,SDSYSBUTTON_TITLE,SDSYSBUTTON_TYPE,SDSYSBUTTON_SYBZ,SDSYSBUTTON_POSITION,SDSYSBUTTON_ORDER,SDSYSBUTTON_ALTK,SDSYSBUTTON_CLASSNAME,SDSYSBUTTON_ZDSD,SDSYSBUTTON_JHAN,SDSYSBUTTON_SDAN,SDSYSBUTTON_SCRIPT) values('SDBU99','BtnI1Del','删除','','0','1','1', 3 ,' ','删除行16.png','0',' ',' ','DeleteRowWithCheck(0)')
go
insert into SDSYSBUTTON(SDSYSBUTTON_ID,SDSYSBUTTON_BTNID,SDSYSBUTTON_BTNNAME,SDSYSBUTTON_TITLE,SDSYSBUTTON_TYPE,SDSYSBUTTON_SYBZ,SDSYSBUTTON_POSITION,SDSYSBUTTON_ORDER,SDSYSBUTTON_ALTK,SDSYSBUTTON_CLASSNAME,SDSYSBUTTON_ZDSD,SDSYSBUTTON_JHAN,SDSYSBUTTON_SDAN,SDSYSBUTTON_SCRIPT) values('SDBU99','BtnS02','修改','','0','1','0', 5 ,' ',' ','0',' ',' ','return modifyBill();')
go
insert into SDSYSBUTTON(SDSYSBUTTON_ID,SDSYSBUTTON_BTNID,SDSYSBUTTON_BTNNAME,SDSYSBUTTON_TITLE,SDSYSBUTTON_TYPE,SDSYSBUTTON_SYBZ,SDSYSBUTTON_POSITION,SDSYSBUTTON_ORDER,SDSYSBUTTON_ALTK,SDSYSBUTTON_CLASSNAME,SDSYSBUTTON_ZDSD,SDSYSBUTTON_JHAN,SDSYSBUTTON_SDAN,SDSYSBUTTON_SCRIPT) values('SDBU99','BtnS03','删除','','0','1','0', 10 ,' ',' ','0',' ',' ','return deleteBill();')
go
insert into SDSYSBUTTON(SDSYSBUTTON_ID,SDSYSBUTTON_BTNID,SDSYSBUTTON_BTNNAME,SDSYSBUTTON_TITLE,SDSYSBUTTON_TYPE,SDSYSBUTTON_SYBZ,SDSYSBUTTON_POSITION,SDSYSBUTTON_ORDER,SDSYSBUTTON_ALTK,SDSYSBUTTON_CLASSNAME,SDSYSBUTTON_ZDSD,SDSYSBUTTON_JHAN,SDSYSBUTTON_SDAN,SDSYSBUTTON_SCRIPT) values('SDBU99','BtnS04','保存','','0','1','0', 15 ,' ',' ','0',' ',' ','return Save(''0'');')
go
insert into SDSYSBUTTON(SDSYSBUTTON_ID,SDSYSBUTTON_BTNID,SDSYSBUTTON_BTNNAME,SDSYSBUTTON_TITLE,SDSYSBUTTON_TYPE,SDSYSBUTTON_SYBZ,SDSYSBUTTON_POSITION,SDSYSBUTTON_ORDER,SDSYSBUTTON_ALTK,SDSYSBUTTON_CLASSNAME,SDSYSBUTTON_ZDSD,SDSYSBUTTON_JHAN,SDSYSBUTTON_SDAN,SDSYSBUTTON_SCRIPT) values('SDBU99','BtnS05','提交','','0','1','0', 20 ,' ',' ','0',' ',' ','return submitbill(false);')
go
insert into SDSYSBUTTON(SDSYSBUTTON_ID,SDSYSBUTTON_BTNID,SDSYSBUTTON_BTNNAME,SDSYSBUTTON_TITLE,SDSYSBUTTON_TYPE,SDSYSBUTTON_SYBZ,SDSYSBUTTON_POSITION,SDSYSBUTTON_ORDER,SDSYSBUTTON_ALTK,SDSYSBUTTON_CLASSNAME,SDSYSBUTTON_ZDSD,SDSYSBUTTON_JHAN,SDSYSBUTTON_SDAN,SDSYSBUTTON_SCRIPT) values('SDBU99','BtnS06','取消提交','','0','1','0', 25 ,' ',' ','0',' ',' ','return submitbill_undo();')
go
insert into SDSYSBUTTON(SDSYSBUTTON_ID,SDSYSBUTTON_BTNID,SDSYSBUTTON_BTNNAME,SDSYSBUTTON_TITLE,SDSYSBUTTON_TYPE,SDSYSBUTTON_SYBZ,SDSYSBUTTON_POSITION,SDSYSBUTTON_ORDER,SDSYSBUTTON_ALTK,SDSYSBUTTON_CLASSNAME,SDSYSBUTTON_ZDSD,SDSYSBUTTON_JHAN,SDSYSBUTTON_SDAN,SDSYSBUTTON_SCRIPT) values('SDBU99','BtnS08','查找','','0','1','0', 40 ,' ',' ','0',' ',' ','var my_Menu  = new class_Menu(null,gs_Find_Menu,100,135);')
go
insert into SDSYSBUTTON(SDSYSBUTTON_ID,SDSYSBUTTON_BTNID,SDSYSBUTTON_BTNNAME,SDSYSBUTTON_TITLE,SDSYSBUTTON_TYPE,SDSYSBUTTON_SYBZ,SDSYSBUTTON_POSITION,SDSYSBUTTON_ORDER,SDSYSBUTTON_ALTK,SDSYSBUTTON_CLASSNAME,SDSYSBUTTON_ZDSD,SDSYSBUTTON_JHAN,SDSYSBUTTON_SDAN,SDSYSBUTTON_SCRIPT) values('SDBU99','BtnS09','附件上传','','0','0','0', 42 ,' ','附件16.png','0',' ',' ','return G_Attachment_Add();')
go
insert into SDSYSBUTTON(SDSYSBUTTON_ID,SDSYSBUTTON_BTNID,SDSYSBUTTON_BTNNAME,SDSYSBUTTON_TITLE,SDSYSBUTTON_TYPE,SDSYSBUTTON_SYBZ,SDSYSBUTTON_POSITION,SDSYSBUTTON_ORDER,SDSYSBUTTON_ALTK,SDSYSBUTTON_CLASSNAME,SDSYSBUTTON_ZDSD,SDSYSBUTTON_JHAN,SDSYSBUTTON_SDAN,SDSYSBUTTON_SCRIPT) values('SDBU99','BtnS10','附件查看','','0','0','0', 44 ,' ','培训资料16.png','0',' ',' ','return G_Attachment_Look();')
go
insert into SDSYSBUTTON(SDSYSBUTTON_ID,SDSYSBUTTON_BTNID,SDSYSBUTTON_BTNNAME,SDSYSBUTTON_TITLE,SDSYSBUTTON_TYPE,SDSYSBUTTON_SYBZ,SDSYSBUTTON_POSITION,SDSYSBUTTON_ORDER,SDSYSBUTTON_ALTK,SDSYSBUTTON_CLASSNAME,SDSYSBUTTON_ZDSD,SDSYSBUTTON_JHAN,SDSYSBUTTON_SDAN,SDSYSBUTTON_SCRIPT) values('SDBU99','BtnS11','数据导入','','0','0','0', 45 ,' ','导入EXCEL16.png','0',' ',' ','return G_Bill_Inport();')
go
insert into SDSYSBUTTON(SDSYSBUTTON_ID,SDSYSBUTTON_BTNID,SDSYSBUTTON_BTNNAME,SDSYSBUTTON_TITLE,SDSYSBUTTON_TYPE,SDSYSBUTTON_SYBZ,SDSYSBUTTON_POSITION,SDSYSBUTTON_ORDER,SDSYSBUTTON_ALTK,SDSYSBUTTON_CLASSNAME,SDSYSBUTTON_ZDSD,SDSYSBUTTON_JHAN,SDSYSBUTTON_SDAN,SDSYSBUTTON_SCRIPT) values('SDBU99','BtnS21','查找','','1','1','0', 1 ,' ',' ','0',' ',' ','var my_Menu  = new class_Menu(null,gs_Find_Menu,100,135);')
go
insert into SDSYSBUTTON(SDSYSBUTTON_ID,SDSYSBUTTON_BTNID,SDSYSBUTTON_BTNNAME,SDSYSBUTTON_TITLE,SDSYSBUTTON_TYPE,SDSYSBUTTON_SYBZ,SDSYSBUTTON_POSITION,SDSYSBUTTON_ORDER,SDSYSBUTTON_ALTK,SDSYSBUTTON_CLASSNAME,SDSYSBUTTON_ZDSD,SDSYSBUTTON_JHAN,SDSYSBUTTON_SDAN,SDSYSBUTTON_SCRIPT) values('SDBU99','BtnS22','通过','','1','1','0', 5 ,' ',' ','0',' ',' ','return approve(1);')
go
insert into SDSYSBUTTON(SDSYSBUTTON_ID,SDSYSBUTTON_BTNID,SDSYSBUTTON_BTNNAME,SDSYSBUTTON_TITLE,SDSYSBUTTON_TYPE,SDSYSBUTTON_SYBZ,SDSYSBUTTON_POSITION,SDSYSBUTTON_ORDER,SDSYSBUTTON_ALTK,SDSYSBUTTON_CLASSNAME,SDSYSBUTTON_ZDSD,SDSYSBUTTON_JHAN,SDSYSBUTTON_SDAN,SDSYSBUTTON_SCRIPT) values('SDBU99','BtnS23','否决','','1','1','0', 15 ,' ',' ','0',' ',' ','return approve(2);')
go
insert into SDSYSBUTTON(SDSYSBUTTON_ID,SDSYSBUTTON_BTNID,SDSYSBUTTON_BTNNAME,SDSYSBUTTON_TITLE,SDSYSBUTTON_TYPE,SDSYSBUTTON_SYBZ,SDSYSBUTTON_POSITION,SDSYSBUTTON_ORDER,SDSYSBUTTON_ALTK,SDSYSBUTTON_CLASSNAME,SDSYSBUTTON_ZDSD,SDSYSBUTTON_JHAN,SDSYSBUTTON_SDAN,SDSYSBUTTON_SCRIPT) values('SDBU99','BtnS24','取消','','1','1','0', 20 ,' ',' ','0',' ',' ','return approve(3);')
go
insert into SDSYSBUTTON(SDSYSBUTTON_ID,SDSYSBUTTON_BTNID,SDSYSBUTTON_BTNNAME,SDSYSBUTTON_TITLE,SDSYSBUTTON_TYPE,SDSYSBUTTON_SYBZ,SDSYSBUTTON_POSITION,SDSYSBUTTON_ORDER,SDSYSBUTTON_ALTK,SDSYSBUTTON_CLASSNAME,SDSYSBUTTON_ZDSD,SDSYSBUTTON_JHAN,SDSYSBUTTON_SDAN,SDSYSBUTTON_SCRIPT) values('SDBU99','BtnS25','审批','','1','1','0', 26 ,' ',' ','0',' ',' ','var my_Approve = new class_Menu(null,gs_Approve_Menu,130,373); ')
go
insert into SDSYSBUTTON(SDSYSBUTTON_ID,SDSYSBUTTON_BTNID,SDSYSBUTTON_BTNNAME,SDSYSBUTTON_TITLE,SDSYSBUTTON_TYPE,SDSYSBUTTON_SYBZ,SDSYSBUTTON_POSITION,SDSYSBUTTON_ORDER,SDSYSBUTTON_ALTK,SDSYSBUTTON_CLASSNAME,SDSYSBUTTON_ZDSD,SDSYSBUTTON_JHAN,SDSYSBUTTON_SDAN,SDSYSBUTTON_SCRIPT) values('SDBU99','BtnS27','附件查看','','1','0','0', 28 ,' ','培训资料16.png','0',' ',' ','return G_Attachment_Look();')
go
/*单据高级设置*/
delete from SDSYSBILLAD where SDSYSBILLAD_ID='SDBU99'
go
delete from WDSQL where WDSQL_DJBH='YXSQS'
go
delete from PPSPDX where PPSPDX_YWID='YXSQS'
go
insert into PPSPDX(PPSPDX_YWID,PPSPDX_YWMC,PPSPDX_SFXY,PPSPDX_SYS,PPSPDX_ZDTJ,PPSPDX_TSTJ,PPSPDX_DXTZ,PPSPDX_ISMSLC,PPSPDX_QXBZ) values('YXSQS','法人授权书申请','1','SDB','0','0','0','1','')
go
delete from PPSPGS where PPSPGS_YWID='YXSQS'
go
insert into PPSPGS(PPSPGS_YWID,PPSPGS_GSBH, PPSPGS_GSMC, PPSPGS_GSLX, PPSPGS_GSNR,PPSPGS_HELP, PPSPGS_CODE ) values('YXSQS','001','$办事处$','C','select YXSQS_BSC from YXSQS where YXSQS_LSBH=?','YXBMZD&YX1,YXBMZD_BMBH,YXBMZD_BMMC','')
go
insert into PPSPGS(PPSPGS_YWID,PPSPGS_GSBH, PPSPGS_GSMC, PPSPGS_GSLX, PPSPGS_GSNR,PPSPGS_HELP, PPSPGS_CODE ) values('YXSQS','002','$毕业证附件$','C','select YXSQS_BYZFJ from YXSQS where YXSQS_LSBH=?',' ','')
go
insert into PPSPGS(PPSPGS_YWID,PPSPGS_GSBH, PPSPGS_GSMC, PPSPGS_GSLX, PPSPGS_GSNR,PPSPGS_HELP, PPSPGS_CODE ) values('YXSQS','003','$备注$','C','select YXSQS_BZ from YXSQS where YXSQS_LSBH=?',' ','')
go
insert into PPSPGS(PPSPGS_YWID,PPSPGS_GSBH, PPSPGS_GSMC, PPSPGS_GSLX, PPSPGS_GSNR,PPSPGS_HELP, PPSPGS_CODE ) values('YXSQS','004','$单据编号$','C','select YXSQS_DJBH from YXSQS where YXSQS_LSBH=?',' ','')
go
insert into PPSPGS(PPSPGS_YWID,PPSPGS_GSBH, PPSPGS_GSMC, PPSPGS_GSLX, PPSPGS_GSNR,PPSPGS_HELP, PPSPGS_CODE ) values('YXSQS','005','$导入标识$','C','select YXSQS_DRBS from YXSQS where YXSQS_LSBH=?',' ','')
go
insert into PPSPGS(PPSPGS_YWID,PPSPGS_GSBH, PPSPGS_GSMC, PPSPGS_GSLX, PPSPGS_GSNR,PPSPGS_HELP, PPSPGS_CODE ) values('YXSQS','006','$销售公司$','C','select YXSQS_GSID from YXSQS where YXSQS_LSBH=?','LSBZDW&YX01,LSBZDW_DWBH,LSBZDW_DWMC','')
go
insert into PPSPGS(PPSPGS_YWID,PPSPGS_GSBH, PPSPGS_GSMC, PPSPGS_GSLX, PPSPGS_GSNR,PPSPGS_HELP, PPSPGS_CODE ) values('YXSQS','007','$单据流水$','C','select YXSQS_LSBH from YXSQS where YXSQS_LSBH=?',' ','')
go
insert into PPSPGS(PPSPGS_YWID,PPSPGS_GSBH, PPSPGS_GSMC, PPSPGS_GSLX, PPSPGS_GSNR,PPSPGS_HELP, PPSPGS_CODE ) values('YXSQS','008','$渠道类型$','C','select YXSQS_QDLX from YXSQS where YXSQS_LSBH=?','YXDDYWLX&YX1,YXDDYWLX_BH,YXDDYWLX_MC','')
go
insert into PPSPGS(PPSPGS_YWID,PPSPGS_GSBH, PPSPGS_GSMC, PPSPGS_GSLX, PPSPGS_GSNR,PPSPGS_HELP, PPSPGS_CODE ) values('YXSQS','009','$身份证号$','C','select YXSQS_SFZ from YXSQS where YXSQS_LSBH=?',' ','')
go
insert into PPSPGS(PPSPGS_YWID,PPSPGS_GSBH, PPSPGS_GSMC, PPSPGS_GSLX, PPSPGS_GSNR,PPSPGS_HELP, PPSPGS_CODE ) values('YXSQS','010','$身份证附件$','C','select YXSQS_SFZFJ from YXSQS where YXSQS_LSBH=?',' ','')
go
insert into PPSPGS(PPSPGS_YWID,PPSPGS_GSBH, PPSPGS_GSMC, PPSPGS_GSLX, PPSPGS_GSNR,PPSPGS_HELP, PPSPGS_CODE ) values('YXSQS','011','$审核标志$','C','select YXSQS_SHBZ from YXSQS where YXSQS_LSBH=?',' ','1,审批通过;0,未提交;2,审批否决;3,正在审批;4,免审')
go
insert into PPSPGS(PPSPGS_YWID,PPSPGS_GSBH, PPSPGS_GSMC, PPSPGS_GSLX, PPSPGS_GSNR,PPSPGS_HELP, PPSPGS_CODE ) values('YXSQS','012','$审核流程$','C','select YXSQS_SHLC from YXSQS where YXSQS_LSBH=?',' ','')
go
insert into PPSPGS(PPSPGS_YWID,PPSPGS_GSBH, PPSPGS_GSMC, PPSPGS_GSLX, PPSPGS_GSNR,PPSPGS_HELP, PPSPGS_CODE ) values('YXSQS','013','$审核人$','C','select YXSQS_SHR from YXSQS where YXSQS_LSBH=?',' ','')
go
insert into PPSPGS(PPSPGS_YWID,PPSPGS_GSBH, PPSPGS_GSMC, PPSPGS_GSLX, PPSPGS_GSNR,PPSPGS_HELP, PPSPGS_CODE ) values('YXSQS','014','$审核日期$','C','select YXSQS_SHRQ from YXSQS where YXSQS_LSBH=?',' ','')
go
insert into PPSPGS(PPSPGS_YWID,PPSPGS_GSBH, PPSPGS_GSMC, PPSPGS_GSLX, PPSPGS_GSNR,PPSPGS_HELP, PPSPGS_CODE ) values('YXSQS','015','$审批对象$','C','select YXSQS_SPDX from YXSQS where YXSQS_LSBH=?',' ','')
go
insert into PPSPGS(PPSPGS_YWID,PPSPGS_GSBH, PPSPGS_GSMC, PPSPGS_GSLX, PPSPGS_GSNR,PPSPGS_HELP, PPSPGS_CODE ) values('YXSQS','016','$授权人姓名$','C','select YXSQS_XM from YXSQS where YXSQS_LSBH=?','YXRYZD&YX1,YXRYZD_RYBH,YXRYZD_RYXM','')
go
insert into PPSPGS(PPSPGS_YWID,PPSPGS_GSBH, PPSPGS_GSMC, PPSPGS_GSLX, PPSPGS_GSNR,PPSPGS_HELP, PPSPGS_CODE ) values('YXSQS','017','$学位证附件$','C','select YXSQS_XWZFJ from YXSQS where YXSQS_LSBH=?',' ','')
go
insert into PPSPGS(PPSPGS_YWID,PPSPGS_GSBH, PPSPGS_GSMC, PPSPGS_GSLX, PPSPGS_GSNR,PPSPGS_HELP, PPSPGS_CODE ) values('YXSQS','018','$制单人$','C','select YXSQS_ZDR from YXSQS where YXSQS_LSBH=?',' ','')
go
insert into PPSPGS(PPSPGS_YWID,PPSPGS_GSBH, PPSPGS_GSMC, PPSPGS_GSLX, PPSPGS_GSNR,PPSPGS_HELP, PPSPGS_CODE ) values('YXSQS','019','$制单日期$','C','select YXSQS_ZDRQ from YXSQS where YXSQS_LSBH=?',' ','')
go
delete from JSBHOBJ where JSBHOBJ_OBJID='YXSQS'
go
INSERT INTO JSBHOBJ (JSBHOBJ_OBJID,JSBHOBJ_OBJNAME,JSBHOBJ_SYS,JSBHOBJ_FLSX,JSBHOBJ_BHCD,JSBHOBJ_BHCOLCD,JSBHOBJ_TABLE,JSBHOBJ_BHCOL,JSBHOBJ_LSBHCOL,JSBHOBJ_SFQY) values('YXSQS','法人授权书申请','SDB ','2','20','20','YXSQS','YXSQS_DJBH ','YXSQS_LSBH','1')
go
delete from JSBHRULE where JSBHRULE_OBJID='YXSQS'
go
INSERT INTO JSBHRULE (JSBHRULE_OBJID,JSBHRULE_SEQ,JSBHRULE_SXH,JSBHRULE_LYLB,JSBHRULE_COL,JSBHRULE_RQLM,JSBHRULE_GDZF,JSBHRULE_DCD,JSBHRULE_SFFLYJ, JSBHRULE_BQZF ) values('YXSQS','1','1','Z','YXSQS_ZDRQ','','','8','1',' ')
go
INSERT INTO JSBHRULE (JSBHRULE_OBJID,JSBHRULE_SEQ,JSBHRULE_SXH,JSBHRULE_LYLB,JSBHRULE_COL,JSBHRULE_RQLM,JSBHRULE_GDZF,JSBHRULE_DCD,JSBHRULE_SFFLYJ, JSBHRULE_BQZF ) values('YXSQS','2','2','L','','','','8','1',' ')
go
DELETE FROM YXGN WHERE YXGN_BH='YXSQS'
go
insert into YXGN(YXGN_BH,YXGN_MC,YXGN_ZXT,YXGN_LX,YXGN_BZ) values('YXSQS','法人授权书申请','SD','0','表名')
go
DELETE FROM LSSJB WHERE LSSJB_LJBM='YXSQS'
go
INSERT INTO LSSJB (LSSJB_XTBH,LSSJB_LJBM,LSSJB_BSM,LSSJB_FLSX,LSSJB_DYGS,LSSJB_SJBM,LSSJB_FLTJ,LSSJB_GLTJ,LSSJB_GLGX) VALUES('SDB','YXSQS','法人授权书申请','2',' ','YXSQS',' ',' ',' ')
go
DELETE FROM LSSJBEX WHERE LSSJBEX_LJBM='YXSQS'
go
INSERT INTO LSSJBEX (LSSJBEX_LJBM,LSSJBEX_FXBM,LSSJBEX_FXMC,LSSJBEX_SJBM,LSSJBEX_LMWZ,LSSJBEX_GLTJ,LSSJBEX_ZB,LSSJBEX_ZBGLZD,LSSJBEX_CBGLZD,LSSJBEX_SORT) VALUES('YXSQS','YXSQS','法人授权书申请','YXSQS','0',' ',' ',' ',' ','YXSQS_LSBH')
go
delete from LSBLM where LSBLM_LJBM='YXSQS' and LSBLM_XH not like 'Z%'
go
insert into LSBLM (LSBLM_XH,LSBLM_LJBM,LSBLM_DYLM,LSBLM_SJLM,LSBLM_LYBM,LSBLM_GLTJ,LSBLM_LMWZ,LSBLM_LMSM,LSBLM_LMLX,LSBLM_LMCD,LSBLM_XSCD,LSBLM_DYXZ,LSBLM_SFXS,LSBLM_YHMC,LSBLM_DXLB,LSBLM_SORT,LSBLM_CODE,LSBLM_GLLM,LSBLM_GLBM,LSBLM_GLGX,LSBLM_DYWZ,LSBLM_SFBB) values ('001','YXSQS','@YXSQS_DRBS@','YXSQS_DRBS','YXSQS','','0','导入标识','C',200,15,'1','1','导入标识','','',' ',' ',' ',' ','0','1')
go
insert into LSBLM (LSBLM_XH,LSBLM_LJBM,LSBLM_DYLM,LSBLM_SJLM,LSBLM_LYBM,LSBLM_GLTJ,LSBLM_LMWZ,LSBLM_LMSM,LSBLM_LMLX,LSBLM_LMCD,LSBLM_XSCD,LSBLM_DYXZ,LSBLM_SFXS,LSBLM_YHMC,LSBLM_DXLB,LSBLM_SORT,LSBLM_CODE,LSBLM_GLLM,LSBLM_GLBM,LSBLM_GLGX,LSBLM_DYWZ,LSBLM_SFBB) values ('002','YXSQS','@YXSQS_LSBH@','YXSQS_LSBH','YXSQS','','0','单据流水','C',200,15,'1','1','单据流水','','',' ',' ',' ',' ','0','1')
go
insert into LSBLM (LSBLM_XH,LSBLM_LJBM,LSBLM_DYLM,LSBLM_SJLM,LSBLM_LYBM,LSBLM_GLTJ,LSBLM_LMWZ,LSBLM_LMSM,LSBLM_LMLX,LSBLM_LMCD,LSBLM_XSCD,LSBLM_DYXZ,LSBLM_SFXS,LSBLM_YHMC,LSBLM_DXLB,LSBLM_SORT,LSBLM_CODE,LSBLM_GLLM,LSBLM_GLBM,LSBLM_GLGX,LSBLM_DYWZ,LSBLM_SFBB) values ('003','YXSQS','@YXSQS_GSID@','YXSQS_GSID','YXSQS','','0','销售公司','C',200,15,'1','1','销售公司','','',' ',' ',' ',' ','0','1')
go
insert into LSBLM (LSBLM_XH,LSBLM_LJBM,LSBLM_DYLM,LSBLM_SJLM,LSBLM_LYBM,LSBLM_GLTJ,LSBLM_LMWZ,LSBLM_LMSM,LSBLM_LMLX,LSBLM_LMCD,LSBLM_XSCD,LSBLM_DYXZ,LSBLM_SFXS,LSBLM_YHMC,LSBLM_DXLB,LSBLM_SORT,LSBLM_CODE,LSBLM_GLLM,LSBLM_GLBM,LSBLM_GLGX,LSBLM_DYWZ,LSBLM_SFBB) values ('004','YXSQS','@YXSQS_GSID_MC@','LSBZDW_DWMC','YXSQS,LSBZDW','YXSQS_GSID=LSBZDW_DWBH','0','销售公司名称','C',200,15,'1','1','销售公司名称','','','','YXSQS_GSID','LSBZDW','YXSQS_GSID=LSBZDW_DWBH','0','0')
go
insert into LSBLM (LSBLM_XH,LSBLM_LJBM,LSBLM_DYLM,LSBLM_SJLM,LSBLM_LYBM,LSBLM_GLTJ,LSBLM_LMWZ,LSBLM_LMSM,LSBLM_LMLX,LSBLM_LMCD,LSBLM_XSCD,LSBLM_DYXZ,LSBLM_SFXS,LSBLM_YHMC,LSBLM_DXLB,LSBLM_SORT,LSBLM_CODE,LSBLM_GLLM,LSBLM_GLBM,LSBLM_GLGX,LSBLM_DYWZ,LSBLM_SFBB) values ('005','YXSQS','@YXSQS_ZDRQ@','YXSQS_ZDRQ','YXSQS','','0','制单日期','D',200,15,'1','1','制单日期','','',' ',' ',' ',' ','0','1')
go
insert into LSBLM (LSBLM_XH,LSBLM_LJBM,LSBLM_DYLM,LSBLM_SJLM,LSBLM_LYBM,LSBLM_GLTJ,LSBLM_LMWZ,LSBLM_LMSM,LSBLM_LMLX,LSBLM_LMCD,LSBLM_XSCD,LSBLM_DYXZ,LSBLM_SFXS,LSBLM_YHMC,LSBLM_DXLB,LSBLM_SORT,LSBLM_CODE,LSBLM_GLLM,LSBLM_GLBM,LSBLM_GLGX,LSBLM_DYWZ,LSBLM_SFBB) values ('006','YXSQS','@YXSQS_BSC@','YXSQS_BSC','YXSQS','','0','办事处','C',200,15,'1','1','办事处','','',' ',' ',' ',' ','0','1')
go
insert into LSBLM (LSBLM_XH,LSBLM_LJBM,LSBLM_DYLM,LSBLM_SJLM,LSBLM_LYBM,LSBLM_GLTJ,LSBLM_LMWZ,LSBLM_LMSM,LSBLM_LMLX,LSBLM_LMCD,LSBLM_XSCD,LSBLM_DYXZ,LSBLM_SFXS,LSBLM_YHMC,LSBLM_DXLB,LSBLM_SORT,LSBLM_CODE,LSBLM_GLLM,LSBLM_GLBM,LSBLM_GLGX,LSBLM_DYWZ,LSBLM_SFBB) values ('007','YXSQS','@YXSQS_BSC_MC@','YXBMZD_BMMC','YXSQS,YXBMZD','YXSQS_BSC=YXBMZD_NM','0','办事处名称','C',200,15,'1','1','办事处名称','','','','YXSQS_BSC','YXBMZD','YXSQS_BSC=YXBMZD_NM','0','0')
go
insert into LSBLM (LSBLM_XH,LSBLM_LJBM,LSBLM_DYLM,LSBLM_SJLM,LSBLM_LYBM,LSBLM_GLTJ,LSBLM_LMWZ,LSBLM_LMSM,LSBLM_LMLX,LSBLM_LMCD,LSBLM_XSCD,LSBLM_DYXZ,LSBLM_SFXS,LSBLM_YHMC,LSBLM_DXLB,LSBLM_SORT,LSBLM_CODE,LSBLM_GLLM,LSBLM_GLBM,LSBLM_GLGX,LSBLM_DYWZ,LSBLM_SFBB) values ('008','YXSQS','@YXSQS_DJBH@','YXSQS_DJBH','YXSQS','','0','单据编号','C',200,15,'1','1','单据编号','','',' ',' ',' ',' ','0','1')
go
insert into LSBLM (LSBLM_XH,LSBLM_LJBM,LSBLM_DYLM,LSBLM_SJLM,LSBLM_LYBM,LSBLM_GLTJ,LSBLM_LMWZ,LSBLM_LMSM,LSBLM_LMLX,LSBLM_LMCD,LSBLM_XSCD,LSBLM_DYXZ,LSBLM_SFXS,LSBLM_YHMC,LSBLM_DXLB,LSBLM_SORT,LSBLM_CODE,LSBLM_GLLM,LSBLM_GLBM,LSBLM_GLGX,LSBLM_DYWZ,LSBLM_SFBB) values ('009','YXSQS','@YXSQS_QDLX@','YXSQS_QDLX','YXSQS','','0','渠道类型','C',40,12,'1','1','渠道类型','','','',' ',' ',' ','0','1')
go
insert into LSBLM (LSBLM_XH,LSBLM_LJBM,LSBLM_DYLM,LSBLM_SJLM,LSBLM_LYBM,LSBLM_GLTJ,LSBLM_LMWZ,LSBLM_LMSM,LSBLM_LMLX,LSBLM_LMCD,LSBLM_XSCD,LSBLM_DYXZ,LSBLM_SFXS,LSBLM_YHMC,LSBLM_DXLB,LSBLM_SORT,LSBLM_CODE,LSBLM_GLLM,LSBLM_GLBM,LSBLM_GLGX,LSBLM_DYWZ,LSBLM_SFBB) values ('010','YXSQS','@YXSQS_QDLX_MC@','YXDDYWLX_MC','YXSQS,YXDDYWLX','YXSQS_QDLX=YXDDYWLX_NM','0','渠道类型名称','C',200,15,'1','1','渠道类型名称','','','','YXSQS_QDLX','YXDDYWLX','YXSQS_QDLX=YXDDYWLX_NM','0','0')
go
insert into LSBLM (LSBLM_XH,LSBLM_LJBM,LSBLM_DYLM,LSBLM_SJLM,LSBLM_LYBM,LSBLM_GLTJ,LSBLM_LMWZ,LSBLM_LMSM,LSBLM_LMLX,LSBLM_LMCD,LSBLM_XSCD,LSBLM_DYXZ,LSBLM_SFXS,LSBLM_YHMC,LSBLM_DXLB,LSBLM_SORT,LSBLM_CODE,LSBLM_GLLM,LSBLM_GLBM,LSBLM_GLGX,LSBLM_DYWZ,LSBLM_SFBB) values ('011','YXSQS','@YXSQS_XM@','YXSQS_XM','YXSQS','','0','授权人姓名','C',40,12,'1','1','授权人姓名','','','',' ',' ',' ','0','1')
go
insert into LSBLM (LSBLM_XH,LSBLM_LJBM,LSBLM_DYLM,LSBLM_SJLM,LSBLM_LYBM,LSBLM_GLTJ,LSBLM_LMWZ,LSBLM_LMSM,LSBLM_LMLX,LSBLM_LMCD,LSBLM_XSCD,LSBLM_DYXZ,LSBLM_SFXS,LSBLM_YHMC,LSBLM_DXLB,LSBLM_SORT,LSBLM_CODE,LSBLM_GLLM,LSBLM_GLBM,LSBLM_GLGX,LSBLM_DYWZ,LSBLM_SFBB) values ('012','YXSQS','@YXSQS_XM_MC@','YXRYZD_RYXM','YXSQS,YXRYZD','YXSQS_XM=YXRYZD_NM','0','授权人姓名名称','C',200,15,'1','1','授权人姓名名称','','','','YXSQS_XM','YXRYZD','YXSQS_XM=YXRYZD_NM','0','0')
go
insert into LSBLM (LSBLM_XH,LSBLM_LJBM,LSBLM_DYLM,LSBLM_SJLM,LSBLM_LYBM,LSBLM_GLTJ,LSBLM_LMWZ,LSBLM_LMSM,LSBLM_LMLX,LSBLM_LMCD,LSBLM_XSCD,LSBLM_DYXZ,LSBLM_SFXS,LSBLM_YHMC,LSBLM_DXLB,LSBLM_SORT,LSBLM_CODE,LSBLM_GLLM,LSBLM_GLBM,LSBLM_GLGX,LSBLM_DYWZ,LSBLM_SFBB) values ('013','YXSQS','@YXSQS_SFZ@','YXSQS_SFZ','YXSQS','','0','身份证号','C',40,12,'1','1','身份证号','','','',' ',' ',' ','0','1')
go
insert into LSBLM (LSBLM_XH,LSBLM_LJBM,LSBLM_DYLM,LSBLM_SJLM,LSBLM_LYBM,LSBLM_GLTJ,LSBLM_LMWZ,LSBLM_LMSM,LSBLM_LMLX,LSBLM_LMCD,LSBLM_XSCD,LSBLM_DYXZ,LSBLM_SFXS,LSBLM_YHMC,LSBLM_DXLB,LSBLM_SORT,LSBLM_CODE,LSBLM_GLLM,LSBLM_GLBM,LSBLM_GLGX,LSBLM_DYWZ,LSBLM_SFBB) values ('014','YXSQS','@YXSQS_SFZFJ@','YXSQS_SFZFJ','YXSQS','','0','身份证附件','C',200,12,'1','1','身份证附件','','',' ',' ',' ',' ','0','1')
go
insert into LSBLM (LSBLM_XH,LSBLM_LJBM,LSBLM_DYLM,LSBLM_SJLM,LSBLM_LYBM,LSBLM_GLTJ,LSBLM_LMWZ,LSBLM_LMSM,LSBLM_LMLX,LSBLM_LMCD,LSBLM_XSCD,LSBLM_DYXZ,LSBLM_SFXS,LSBLM_YHMC,LSBLM_DXLB,LSBLM_SORT,LSBLM_CODE,LSBLM_GLLM,LSBLM_GLBM,LSBLM_GLGX,LSBLM_DYWZ,LSBLM_SFBB) values ('015','YXSQS','@YXSQS_BYZFJ@','YXSQS_BYZFJ','YXSQS','','0','毕业证附件','C',200,12,'1','1','毕业证附件','','',' ',' ',' ',' ','0','1')
go
insert into LSBLM (LSBLM_XH,LSBLM_LJBM,LSBLM_DYLM,LSBLM_SJLM,LSBLM_LYBM,LSBLM_GLTJ,LSBLM_LMWZ,LSBLM_LMSM,LSBLM_LMLX,LSBLM_LMCD,LSBLM_XSCD,LSBLM_DYXZ,LSBLM_SFXS,LSBLM_YHMC,LSBLM_DXLB,LSBLM_SORT,LSBLM_CODE,LSBLM_GLLM,LSBLM_GLBM,LSBLM_GLGX,LSBLM_DYWZ,LSBLM_SFBB) values ('016','YXSQS','@YXSQS_XWZFJ@','YXSQS_XWZFJ','YXSQS','','0','学位证附件','C',200,12,'1','1','学位证附件','','',' ',' ',' ',' ','0','1')
go
insert into LSBLM (LSBLM_XH,LSBLM_LJBM,LSBLM_DYLM,LSBLM_SJLM,LSBLM_LYBM,LSBLM_GLTJ,LSBLM_LMWZ,LSBLM_LMSM,LSBLM_LMLX,LSBLM_LMCD,LSBLM_XSCD,LSBLM_DYXZ,LSBLM_SFXS,LSBLM_YHMC,LSBLM_DXLB,LSBLM_SORT,LSBLM_CODE,LSBLM_GLLM,LSBLM_GLBM,LSBLM_GLGX,LSBLM_DYWZ,LSBLM_SFBB) values ('017','YXSQS','@YXSQS_BZ@','YXSQS_BZ','YXSQS','','0','备注','C',255,15,'1','1','备注','','','',' ',' ',' ','0','1')
go
insert into LSBLM (LSBLM_XH,LSBLM_LJBM,LSBLM_DYLM,LSBLM_SJLM,LSBLM_LYBM,LSBLM_GLTJ,LSBLM_LMWZ,LSBLM_LMSM,LSBLM_LMLX,LSBLM_LMCD,LSBLM_XSCD,LSBLM_DYXZ,LSBLM_SFXS,LSBLM_YHMC,LSBLM_DXLB,LSBLM_SORT,LSBLM_CODE,LSBLM_GLLM,LSBLM_GLBM,LSBLM_GLGX,LSBLM_DYWZ,LSBLM_SFBB) values ('018','YXSQS','@YXSQS_ZDR@','YXSQS_ZDR','YXSQS','','0','制单人','C',200,15,'1','1','制单人','','',' ',' ',' ',' ','0','1')
go
insert into LSBLM (LSBLM_XH,LSBLM_LJBM,LSBLM_DYLM,LSBLM_SJLM,LSBLM_LYBM,LSBLM_GLTJ,LSBLM_LMWZ,LSBLM_LMSM,LSBLM_LMLX,LSBLM_LMCD,LSBLM_XSCD,LSBLM_DYXZ,LSBLM_SFXS,LSBLM_YHMC,LSBLM_DXLB,LSBLM_SORT,LSBLM_CODE,LSBLM_GLLM,LSBLM_GLBM,LSBLM_GLGX,LSBLM_DYWZ,LSBLM_SFBB) values ('019','YXSQS','@YXSQS_SHBZ@','YXSQS_SHBZ','YXSQS','','0','审核标志','C',200,15,'1','1','审核标志','','','1,审批通过;0,未提交;2,审批否决;3,正在审批;4,免审',' ',' ',' ','0','1')
go
insert into LSBLM (LSBLM_XH,LSBLM_LJBM,LSBLM_DYLM,LSBLM_SJLM,LSBLM_LYBM,LSBLM_GLTJ,LSBLM_LMWZ,LSBLM_LMSM,LSBLM_LMLX,LSBLM_LMCD,LSBLM_XSCD,LSBLM_DYXZ,LSBLM_SFXS,LSBLM_YHMC,LSBLM_DXLB,LSBLM_SORT,LSBLM_CODE,LSBLM_GLLM,LSBLM_GLBM,LSBLM_GLGX,LSBLM_DYWZ,LSBLM_SFBB) values ('020','YXSQS','@YXSQS_SHRQ@','YXSQS_SHRQ','YXSQS','','0','审核日期','C',200,15,'1','1','审核日期','','',' ',' ',' ',' ','0','1')
go
insert into LSBLM (LSBLM_XH,LSBLM_LJBM,LSBLM_DYLM,LSBLM_SJLM,LSBLM_LYBM,LSBLM_GLTJ,LSBLM_LMWZ,LSBLM_LMSM,LSBLM_LMLX,LSBLM_LMCD,LSBLM_XSCD,LSBLM_DYXZ,LSBLM_SFXS,LSBLM_YHMC,LSBLM_DXLB,LSBLM_SORT,LSBLM_CODE,LSBLM_GLLM,LSBLM_GLBM,LSBLM_GLGX,LSBLM_DYWZ,LSBLM_SFBB) values ('021','YXSQS','@YXSQS_SHLC@','YXSQS_SHLC','YXSQS','','0','审核流程','C',200,15,'1','1','审核流程','','',' ',' ',' ',' ','0','1')
go
insert into LSBLM (LSBLM_XH,LSBLM_LJBM,LSBLM_DYLM,LSBLM_SJLM,LSBLM_LYBM,LSBLM_GLTJ,LSBLM_LMWZ,LSBLM_LMSM,LSBLM_LMLX,LSBLM_LMCD,LSBLM_XSCD,LSBLM_DYXZ,LSBLM_SFXS,LSBLM_YHMC,LSBLM_DXLB,LSBLM_SORT,LSBLM_CODE,LSBLM_GLLM,LSBLM_GLBM,LSBLM_GLGX,LSBLM_DYWZ,LSBLM_SFBB) values ('022','YXSQS','@YXSQS_SPDX@','YXSQS_SPDX','YXSQS','','0','审批对象','C',200,0,'1','1','审批对象','','',' ',' ',' ',' ','0','1')
go
insert into LSBLM (LSBLM_XH,LSBLM_LJBM,LSBLM_DYLM,LSBLM_SJLM,LSBLM_LYBM,LSBLM_GLTJ,LSBLM_LMWZ,LSBLM_LMSM,LSBLM_LMLX,LSBLM_LMCD,LSBLM_XSCD,LSBLM_DYXZ,LSBLM_SFXS,LSBLM_YHMC,LSBLM_DXLB,LSBLM_SORT,LSBLM_CODE,LSBLM_GLLM,LSBLM_GLBM,LSBLM_GLGX,LSBLM_DYWZ,LSBLM_SFBB) values ('023','YXSQS','@YXSQS_SHR@','YXSQS_SHR','YXSQS','','0','审核人','C',200,15,'1','1','审核人','','',' ',' ',' ',' ','0','1')
go
delete from LSSTRU where F_TABN='YXSQS'
go
insert into LSSTRU(F_TABN,F_COLN,F_COLA,F_DISP,F_TYPE,F_CXBZ,F_HELP,F_CODE,LSSTRU_LYBM,LSSTRU_LYTJ) values('YXSQS','YXSQS_DRBS','导入标识','001','C','','','','','')
go
insert into LSSTRU(F_TABN,F_COLN,F_COLA,F_DISP,F_TYPE,F_CXBZ,F_HELP,F_CODE,LSSTRU_LYBM,LSSTRU_LYTJ) values('YXSQS','YXSQS_LSBH','单据流水','002','C','','','','','')
go
insert into LSSTRU(F_TABN,F_COLN,F_COLA,F_DISP,F_TYPE,F_CXBZ,F_HELP,F_CODE,LSSTRU_LYBM,LSSTRU_LYTJ) values('YXSQS','YXSQS_GSID','销售公司','003','C','','LSBZDW&YX01,LSBZDW_DWBH,LSBZDW_DWMC','','','')
go
insert into LSSTRU(F_TABN,F_COLN,F_COLA,F_DISP,F_TYPE,F_CXBZ,F_HELP,F_CODE,LSSTRU_LYBM,LSSTRU_LYTJ) values('YXSQS','YXSQS_ZDRQ','制单日期','004','D','','','','','')
go
insert into LSSTRU(F_TABN,F_COLN,F_COLA,F_DISP,F_TYPE,F_CXBZ,F_HELP,F_CODE,LSSTRU_LYBM,LSSTRU_LYTJ) values('YXSQS','YXSQS_BSC','办事处','005','C','','YXBMZD&YX1,YXBMZD_BMBH,YXBMZD_BMMC','','','')
go
insert into LSSTRU(F_TABN,F_COLN,F_COLA,F_DISP,F_TYPE,F_CXBZ,F_HELP,F_CODE,LSSTRU_LYBM,LSSTRU_LYTJ) values('YXSQS','YXSQS_DJBH','单据编号','006','C','','','','','')
go
insert into LSSTRU(F_TABN,F_COLN,F_COLA,F_DISP,F_TYPE,F_CXBZ,F_HELP,F_CODE,LSSTRU_LYBM,LSSTRU_LYTJ) values('YXSQS','YXSQS_SFZFJ','身份证附件','007','C','','','','','')
go
insert into LSSTRU(F_TABN,F_COLN,F_COLA,F_DISP,F_TYPE,F_CXBZ,F_HELP,F_CODE,LSSTRU_LYBM,LSSTRU_LYTJ) values('YXSQS','YXSQS_BYZFJ','毕业证附件','008','C','','','','','')
go
insert into LSSTRU(F_TABN,F_COLN,F_COLA,F_DISP,F_TYPE,F_CXBZ,F_HELP,F_CODE,LSSTRU_LYBM,LSSTRU_LYTJ) values('YXSQS','YXSQS_XWZFJ','学位证附件','009','C','','','','','')
go
insert into LSSTRU(F_TABN,F_COLN,F_COLA,F_DISP,F_TYPE,F_CXBZ,F_HELP,F_CODE,LSSTRU_LYBM,LSSTRU_LYTJ) values('YXSQS','YXSQS_ZDR','制单人','010','C','','','','','')
go
insert into LSSTRU(F_TABN,F_COLN,F_COLA,F_DISP,F_TYPE,F_CXBZ,F_HELP,F_CODE,LSSTRU_LYBM,LSSTRU_LYTJ) values('YXSQS','YXSQS_SHBZ','审核标志','011','C','','','1,审批通过;0,未提交;2,审批否决;3,正在审批;4,免审','','')
go
insert into LSSTRU(F_TABN,F_COLN,F_COLA,F_DISP,F_TYPE,F_CXBZ,F_HELP,F_CODE,LSSTRU_LYBM,LSSTRU_LYTJ) values('YXSQS','YXSQS_SHRQ','审核日期','012','C','','','','','')
go
insert into LSSTRU(F_TABN,F_COLN,F_COLA,F_DISP,F_TYPE,F_CXBZ,F_HELP,F_CODE,LSSTRU_LYBM,LSSTRU_LYTJ) values('YXSQS','YXSQS_SHLC','审核流程','013','C','','','','','')
go
insert into LSSTRU(F_TABN,F_COLN,F_COLA,F_DISP,F_TYPE,F_CXBZ,F_HELP,F_CODE,LSSTRU_LYBM,LSSTRU_LYTJ) values('YXSQS','YXSQS_SPDX','审批对象','014','C','','','','','')
go
insert into LSSTRU(F_TABN,F_COLN,F_COLA,F_DISP,F_TYPE,F_CXBZ,F_HELP,F_CODE,LSSTRU_LYBM,LSSTRU_LYTJ) values('YXSQS','YXSQS_SHR','审核人','015','C','','','','','')
go
insert into LSSTRU(F_TABN,F_COLN,F_COLA,F_DISP,F_TYPE,F_CXBZ,F_HELP,F_CODE,LSSTRU_LYBM,LSSTRU_LYTJ) values('YXSQS','YXSQS_QDLX','渠道类型','016','C','','YXDDYWLX&YX1,YXDDYWLX_BH,YXDDYWLX_MC','','','')
go
insert into LSSTRU(F_TABN,F_COLN,F_COLA,F_DISP,F_TYPE,F_CXBZ,F_HELP,F_CODE,LSSTRU_LYBM,LSSTRU_LYTJ) values('YXSQS','YXSQS_XM','授权人姓名','017','C','','YXRYZD&YX1,YXRYZD_RYBH,YXRYZD_RYXM','','','')
go
insert into LSSTRU(F_TABN,F_COLN,F_COLA,F_DISP,F_TYPE,F_CXBZ,F_HELP,F_CODE,LSSTRU_LYBM,LSSTRU_LYTJ) values('YXSQS','YXSQS_SFZ','身份证号','018','C','','','','','')
go
insert into LSSTRU(F_TABN,F_COLN,F_COLA,F_DISP,F_TYPE,F_CXBZ,F_HELP,F_CODE,LSSTRU_LYBM,LSSTRU_LYTJ) values('YXSQS','YXSQS_BZ','备注','019','C','','','','','')
go

delete from GSPBIZOBJECTOP where ID='SDBU99A'
go
INSERT INTO GSPBIZOBJECTOP(ID,BIZOBJID,CODE,NAME,TYPE,ORGCATSCOPE,DESCRIPTION) VALUES ('SDBU99A','SDBU07','SDBU99A','法人授权书申请',' ','2','')
go
delete from GSPBIZOBJECTOP where ID='SDBU99B'
go
INSERT INTO GSPBIZOBJECTOP(ID,BIZOBJID,CODE,NAME,TYPE,ORGCATSCOPE,DESCRIPTION) VALUES ('SDBU99B','SDBU07','SDBU99B','法人授权书审批',' ','2','')
go
delete from GSPBIZOBJECTOP where ID='SDBU99E'
go
INSERT INTO GSPBIZOBJECTOP(ID,BIZOBJID,CODE,NAME,TYPE,ORGCATSCOPE,DESCRIPTION) VALUES ('SDBU99E','SDBU07','SDBU99E','法人授权书管理',' ','2','')
go













--法人委托书

alter table YXGFSQR ALTER COLUMN YXGFSQR_SQSID varchar(40) null
go
DELETE SDSYSFIELD WHERE SDSYSFIELD_ID='SDBU07' AND  SDSYSFIELD_LMMC='YXGFSQR_QD'
GO
insert into SDSYSFIELD(SDSYSFIELD_ID,SDSYSFIELD_LMMC,SDSYSFIELD_LMZT,SDSYSFIELD_LMBM,SDSYSFIELD_TITLE,SDSYSFIELD_TABLE,SDSYSFIELD_SFBZ,SDSYSFIELD_KZBZ,SDSYSFIELD_SFSPXM,SDSYSFIELD_BZBM,SDSYSFIELD_BZBH,SDSYSFIELD_BZTJ,SDSYSFIELD_SFBT,SDSYSFIELD_XSXH,SDSYSFIELD_GLBM,SDSYSFIELD_BHZD,SDSYSFIELD_NMZD,SDSYSFIELD_MCZD,SDSYSFIELD_SQL,SDSYSFIELD_WIDTH,SDSYSFIELD_SPJD,SDSYSFIELD_TABID,SDSYSFIELD_TYPE,SDSYSFIELD_COLSPAN,SDSYSFIELD_ROWSPAN,SDSYSFIELD_LENGTH,SDSYSFIELD_DEFAULT,SDSYSFIELD_LIST,SDSYSFIELD_PRECISION,SDSYSFIELD_FIELDTYPE,SDSYSFIELD_READONLY,SDSYSFIELD_LISTFLAG,SDSYSFIELD_LOCALESTRING,SDSYSFIELD_ZDQXBH,SDSYSFIELD_DXLB,SDSYSFIELD_DRBZ,SDSYSFIELD_DRBT,SDSYSFIELD_DRXH,SDSYSFIELD_LBXH,SDSYSFIELD_ISFILTER,SDSYSFIELD_FILTERDISP,SDSYSFIELD_NEWLINE,SDSYSFIELD_NEWLINESHOW,SDSYSFIELD_NEWLINETITLE,SDSYSFIELD_GUID,SDSYSFIELD_LINKDO,SDSYSFIELD_SETSQL,SDSYSFIELD_MIN,SDSYSFIELD_MAX,SDSYSFIELD_FJMAX,SDSYSFIELD_FJEXT) values('SDBU07','YXGFSQR_QD','1','渠道','渠道','YXGFSQR','0','0','0','YXDDYWLX','YX3','','1','0210','YXDDYWLX','YXDDYWLX_BH','YXDDYWLX_NM','YXDDYWLX_MC','', 15 ,'','M1','0', 1 , 1 , 40 ,'&QDLX','', 2 ,'0','0','0','0','','','0','0', 51 , 51 ,'0','','0','1','',' ','','','','',0,'')
go
DELETE SDSYSFIELD WHERE SDSYSFIELD_ID='SDBU07' AND  SDSYSFIELD_LMMC='YXGFSQR_SQSID'
GO
insert into SDSYSFIELD(SDSYSFIELD_ID,SDSYSFIELD_LMMC,SDSYSFIELD_LMZT,SDSYSFIELD_LMBM,SDSYSFIELD_TITLE,SDSYSFIELD_TABLE,SDSYSFIELD_SFBZ,SDSYSFIELD_KZBZ,SDSYSFIELD_SFSPXM,SDSYSFIELD_BZBM,SDSYSFIELD_BZBH,SDSYSFIELD_BZTJ,SDSYSFIELD_SFBT,SDSYSFIELD_XSXH,SDSYSFIELD_GLBM,SDSYSFIELD_BHZD,SDSYSFIELD_NMZD,SDSYSFIELD_MCZD,SDSYSFIELD_SQL,SDSYSFIELD_WIDTH,SDSYSFIELD_SPJD,SDSYSFIELD_TABID,SDSYSFIELD_TYPE,SDSYSFIELD_COLSPAN,SDSYSFIELD_ROWSPAN,SDSYSFIELD_LENGTH,SDSYSFIELD_DEFAULT,SDSYSFIELD_LIST,SDSYSFIELD_PRECISION,SDSYSFIELD_FIELDTYPE,SDSYSFIELD_READONLY,SDSYSFIELD_LISTFLAG,SDSYSFIELD_LOCALESTRING,SDSYSFIELD_ZDQXBH,SDSYSFIELD_DXLB,SDSYSFIELD_DRBZ,SDSYSFIELD_DRBT,SDSYSFIELD_DRXH,SDSYSFIELD_LBXH,SDSYSFIELD_ISFILTER,SDSYSFIELD_FILTERDISP,SDSYSFIELD_NEWLINE,SDSYSFIELD_NEWLINESHOW,SDSYSFIELD_NEWLINETITLE,SDSYSFIELD_GUID,SDSYSFIELD_LINKDO,SDSYSFIELD_SETSQL,SDSYSFIELD_MIN,SDSYSFIELD_MAX,SDSYSFIELD_FJMAX,SDSYSFIELD_FJEXT) values('SDBU07','YXGFSQR_SQSID','1','授权书ID','','YXGFSQR',' ','0',' ','','','','1','0230','','','','','', 12 ,'','M1','0', 0 , 0 , 40 ,'&SQSID','', 0 ,'0','1',' ','','','','0','0', 0 , 0 ,'1','',' ','1','',' ','','','','',0,'')
go
DELETE SDSYSFIELD WHERE SDSYSFIELD_ID='SDBU07' AND  SDSYSFIELD_LMMC='YXGFSQR_RYNM'
GO
insert into SDSYSFIELD(SDSYSFIELD_ID,SDSYSFIELD_LMMC,SDSYSFIELD_LMZT,SDSYSFIELD_LMBM,SDSYSFIELD_TITLE,SDSYSFIELD_TABLE,SDSYSFIELD_SFBZ,SDSYSFIELD_KZBZ,SDSYSFIELD_SFSPXM,SDSYSFIELD_BZBM,SDSYSFIELD_BZBH,SDSYSFIELD_BZTJ,SDSYSFIELD_SFBT,SDSYSFIELD_XSXH,SDSYSFIELD_GLBM,SDSYSFIELD_BHZD,SDSYSFIELD_NMZD,SDSYSFIELD_MCZD,SDSYSFIELD_SQL,SDSYSFIELD_WIDTH,SDSYSFIELD_SPJD,SDSYSFIELD_TABID,SDSYSFIELD_TYPE,SDSYSFIELD_COLSPAN,SDSYSFIELD_ROWSPAN,SDSYSFIELD_LENGTH,SDSYSFIELD_DEFAULT,SDSYSFIELD_LIST,SDSYSFIELD_PRECISION,SDSYSFIELD_FIELDTYPE,SDSYSFIELD_READONLY,SDSYSFIELD_LISTFLAG,SDSYSFIELD_LOCALESTRING,SDSYSFIELD_ZDQXBH,SDSYSFIELD_DXLB,SDSYSFIELD_DRBZ,SDSYSFIELD_DRBT,SDSYSFIELD_DRXH,SDSYSFIELD_LBXH,SDSYSFIELD_ISFILTER,SDSYSFIELD_FILTERDISP,SDSYSFIELD_NEWLINE,SDSYSFIELD_NEWLINESHOW,SDSYSFIELD_NEWLINETITLE,SDSYSFIELD_GUID,SDSYSFIELD_LINKDO,SDSYSFIELD_SETSQL,SDSYSFIELD_MIN,SDSYSFIELD_MAX,SDSYSFIELD_FJMAX,SDSYSFIELD_FJEXT) values('SDBU07','YXGFSQR_RYNM','1','授权人姓名','授权人姓名','YXGFSQR','0','0','0','YXRYZD','GSP','YXRYZD_UF1=@YXGFSQR_GSID@ AND ISNULL(YXRYZD_SYBZ,'''')=''1''','1','0250','YXRYZD','YXRYZD_RYBH','YXRYZD_NM','YXRYZD_RYXM','', 15 ,'','M1','0', 1 , 1 , 40 ,'&RY','', 2 ,'0','0','0','0','','','1','1', 51 , 51 ,'0','','0','1','',' ','','','','',0,'')
go
DELETE SDSYSFIELD WHERE SDSYSFIELD_ID='SDBU07' AND  SDSYSFIELD_LMMC='YXGFSQR_SFZH'
GO
insert into SDSYSFIELD(SDSYSFIELD_ID,SDSYSFIELD_LMMC,SDSYSFIELD_LMZT,SDSYSFIELD_LMBM,SDSYSFIELD_TITLE,SDSYSFIELD_TABLE,SDSYSFIELD_SFBZ,SDSYSFIELD_KZBZ,SDSYSFIELD_SFSPXM,SDSYSFIELD_BZBM,SDSYSFIELD_BZBH,SDSYSFIELD_BZTJ,SDSYSFIELD_SFBT,SDSYSFIELD_XSXH,SDSYSFIELD_GLBM,SDSYSFIELD_BHZD,SDSYSFIELD_NMZD,SDSYSFIELD_MCZD,SDSYSFIELD_SQL,SDSYSFIELD_WIDTH,SDSYSFIELD_SPJD,SDSYSFIELD_TABID,SDSYSFIELD_TYPE,SDSYSFIELD_COLSPAN,SDSYSFIELD_ROWSPAN,SDSYSFIELD_LENGTH,SDSYSFIELD_DEFAULT,SDSYSFIELD_LIST,SDSYSFIELD_PRECISION,SDSYSFIELD_FIELDTYPE,SDSYSFIELD_READONLY,SDSYSFIELD_LISTFLAG,SDSYSFIELD_LOCALESTRING,SDSYSFIELD_ZDQXBH,SDSYSFIELD_DXLB,SDSYSFIELD_DRBZ,SDSYSFIELD_DRBT,SDSYSFIELD_DRXH,SDSYSFIELD_LBXH,SDSYSFIELD_ISFILTER,SDSYSFIELD_FILTERDISP,SDSYSFIELD_NEWLINE,SDSYSFIELD_NEWLINESHOW,SDSYSFIELD_NEWLINETITLE,SDSYSFIELD_GUID,SDSYSFIELD_LINKDO,SDSYSFIELD_SETSQL,SDSYSFIELD_MIN,SDSYSFIELD_MAX,SDSYSFIELD_FJMAX,SDSYSFIELD_FJEXT) values('SDBU07','YXGFSQR_SFZH','1','身份证号','身份证号','YXGFSQR','0','0','0','','','','1','0260','','','','','select yxryzd_sfz from yxryzd where yxryzd_nm=@YXGFSQR_RYNM@', 15 ,'','M1','0', 1 , 1 , 40 ,'&SFZ','', 2 ,'0','0','0','0','','','1','1', 51 , 51 ,'0','','0','1','',' ','','','','',0,'')
go















/*SDBGS0006单据信息 */
/*20191114 15:04:26*/
Create table YXXSHJ(
YXXSHJ_DRBS varchar(36) null /*导入标识*/,
YXXSHJ_LSBH varchar(36) null /*单据流水*/,
YXXSHJ_ZDRID varchar(40) null /*制单人编号*/,
YXXSHJ_ZDRQ varchar(8) null /*制单日期*/,
YXXSHJ_DJBH varchar(36) null /*单据编号*/,
YXXSHJ_SYB varchar(40) null /*事业部*/,
YXXSHJ_DQ varchar(40) null /*大区*/,
YXXSHJ_BMBH varchar(40) null /*部门*/,
YXXSHJ_YWY varchar(40) null /*业务员*/,
YXXSHJ_NY varchar(6) null /*年月*/,
YXXSHJ_KH varchar(40) null /*客户*/,
YXXSHJ_CQQK float null /*超期欠款数*/,
YXXSHJ_ZQK float null /*总欠款数*/,
YXXSHJ_HKJH float null /*回款计划*/,
YXXSHJ_JHLX char(1) null /*类型*/,
YXXSHJ_ZT varchar(40) null /*状态*/,
YXXSHJ_DEMO varchar(200) null /*备注*/,
YXXSHJ_ZDR varchar(20) null /*制单人*/,
YXXSHJ_SHRQ varchar(200) null /*审核日期*/,
YXXSHJ_SHBZ char(1) null /*审核标志*/,
YXXSHJ_SHR varchar(200) null /*审核人*/,
YXXSHJ_SPDX varchar(40) null /*审批对象*/,
YXXSHJ_SHLC varchar(4) null /*审核流程*/,
YXXSHJ_GSID varchar(40) null /*销售公司*/)
go

CREATE UNIQUE INDEX YXXSHJ on YXXSHJ(YXXSHJ_LSBH)
go
Create table YXXSHJMX(
YXXSHJMX_FLBH varchar(20) null /*分录流水*/,
YXXSHJMX_LSBH varchar(36) null /*单据流水*/,
YXXSHJMX_WLBH varchar(40) null /*产品*/,
YXXSHJMX_GGXH varchar(40) null /*规格型号*/,
YXXSHJMX_JLDW varchar(20) null /*计量单位*/,
YXXSHJMX_DJ float null /*单价*/,
YXXSHJMX_YJFHSL float null /*月平均发货数量*/,
YXXSHJMX_YJLXSL float null /*月平均流向销售数量*/,
YXXSHJMX_SYKCSL float null /*商业库存数量*/,
YXXSHJMX_FDBL float null /*浮动比率*/,
YXXSHJMX_SYKCJE float null /*商业库存金额*/,
YXXSHJMX_JHFHSL float null /*计划发货数量*/,
YXXSHJMX_JHFHJE float null /*计划发货金额*/,
YXXSHJMX_ZJLSM varchar(200) null /*增加量说明*/,
YXXSHJMX_BYYFSL float null /*本月已发货数量*/,
YXXSHJMX_JH1 float null /*第一月计划量*/,
YXXSHJMX_SHJH1 float null /*第一月审核量*/,
YXXSHJMX_JH2 float null /*第二月计划量*/,
YXXSHJMX_SHJH2 float null /*第二月审核量*/,
YXXSHJMX_JH3 float null /*第三月计划量*/,
YXXSHJMX_SHJH3 float null /*第三月审核量*/,
YXXSHJMX_JH4 float null /*第四月计划量*/,
YXXSHJMX_SHJH4 float null /*第四月审核量*/,
YXXSHJMX_JH5 float null /*第五月计划量*/,
YXXSHJMX_SHJH5 float null /*第五月审核量*/,
YXXSHJMX_JH6 float null /*第六月计划量*/,
YXXSHJMX_SHJH6 float null /*第六月审核量*/,
YXXSHJMX_JH7 float null /*第7月计划量*/,
YXXSHJMX_SHJH7 float null /*第7月审核量*/,
YXXSHJMX_JH8 float null /*第8月计划量*/,
YXXSHJMX_SHJH8 float null /*第8月审核量*/,
YXXSHJMX_JH9 float null /*第9月计划量*/,
YXXSHJMX_SHJH9 float null /*第9月审核量*/,
YXXSHJMX_JH10 float null /*第10月计划量*/,
YXXSHJMX_SHJH10 float null /*第10月审核量*/,
YXXSHJMX_JH11 float null /*第11月计划量*/,
YXXSHJMX_SHJH11 float null /*第11月审核量*/,
YXXSHJMX_JH12 float null /*第12月计划量*/,
YXXSHJMX_SHJH12 float null /*第12月审核量*/,
YXXSHJMX_DEMO varchar(200) null /*备注*/)
go

CREATE UNIQUE INDEX YXXSHJMX on YXXSHJMX(YXXSHJMX_LSBH,YXXSHJMX_FLBH)
go
/*以下是表修正语句*/
alter table YXXSHJ add YXXSHJ_DRBS varchar(36) null
go
alter table YXXSHJ add YXXSHJ_LSBH varchar(36) null
go
alter table YXXSHJ add YXXSHJ_ZDRID varchar(40) null
go
alter table YXXSHJ add YXXSHJ_ZDRQ varchar(8) null
go
alter table YXXSHJ add YXXSHJ_DJBH varchar(36) null
go
alter table YXXSHJ add YXXSHJ_SYB varchar(40) null
go
alter table YXXSHJ add YXXSHJ_DQ varchar(40) null
go
alter table YXXSHJ add YXXSHJ_BMBH varchar(40) null
go
alter table YXXSHJ add YXXSHJ_YWY varchar(40) null
go
alter table YXXSHJ add YXXSHJ_NY varchar(6) null
go
alter table YXXSHJ add YXXSHJ_KH varchar(40) null
go
alter table YXXSHJ add YXXSHJ_CQQK float null
go
alter table YXXSHJ add YXXSHJ_ZQK float null
go
alter table YXXSHJ add YXXSHJ_HKJH float null
go
alter table YXXSHJ add YXXSHJ_JHLX char(1) null
go
alter table YXXSHJ add YXXSHJ_ZT varchar(40) null
go
alter table YXXSHJ add YXXSHJ_DEMO varchar(200) null
go
alter table YXXSHJ add YXXSHJ_ZDR varchar(20) null
go
alter table YXXSHJ add YXXSHJ_SHRQ varchar(200) null
go
alter table YXXSHJ add YXXSHJ_SHBZ char(1) null
go
alter table YXXSHJ add YXXSHJ_SHR varchar(200) null
go
alter table YXXSHJ add YXXSHJ_SPDX varchar(40) null
go
alter table YXXSHJ add YXXSHJ_SHLC varchar(4) null
go
alter table YXXSHJ add YXXSHJ_GSID varchar(40) null
go
/*以下是字段修正SQL需要分数据库配置或项目化迁移使用*/
alter table YXXSHJ ALTER COLUMN YXXSHJ_DRBS varchar(36) null
go
alter table YXXSHJ ALTER COLUMN YXXSHJ_LSBH varchar(36) null
go
alter table YXXSHJ ALTER COLUMN YXXSHJ_ZDRID varchar(40) null
go
alter table YXXSHJ ALTER COLUMN YXXSHJ_ZDRQ varchar(8) null
go
alter table YXXSHJ ALTER COLUMN YXXSHJ_DJBH varchar(36) null
go
alter table YXXSHJ ALTER COLUMN YXXSHJ_SYB varchar(40) null
go
alter table YXXSHJ ALTER COLUMN YXXSHJ_DQ varchar(40) null
go
alter table YXXSHJ ALTER COLUMN YXXSHJ_BMBH varchar(40) null
go
alter table YXXSHJ ALTER COLUMN YXXSHJ_YWY varchar(40) null
go
alter table YXXSHJ ALTER COLUMN YXXSHJ_NY varchar(6) null
go
alter table YXXSHJ ALTER COLUMN YXXSHJ_KH varchar(40) null
go
alter table YXXSHJ ALTER COLUMN YXXSHJ_ZT varchar(40) null
go
alter table YXXSHJ ALTER COLUMN YXXSHJ_DEMO varchar(200) null
go
alter table YXXSHJ ALTER COLUMN YXXSHJ_ZDR varchar(20) null
go
alter table YXXSHJ ALTER COLUMN YXXSHJ_SHRQ varchar(200) null
go
alter table YXXSHJ ALTER COLUMN YXXSHJ_SHR varchar(200) null
go
alter table YXXSHJ ALTER COLUMN YXXSHJ_SPDX varchar(40) null
go
alter table YXXSHJ ALTER COLUMN YXXSHJ_SHLC varchar(4) null
go
alter table YXXSHJ ALTER COLUMN YXXSHJ_GSID varchar(40) null
go
alter table YXXSHJMX add YXXSHJMX_FLBH varchar(20) null
go
alter table YXXSHJMX add YXXSHJMX_LSBH varchar(36) null
go
alter table YXXSHJMX add YXXSHJMX_WLBH varchar(40) null
go
alter table YXXSHJMX add YXXSHJMX_GGXH varchar(40) null
go
alter table YXXSHJMX add YXXSHJMX_JLDW varchar(20) null
go
alter table YXXSHJMX add YXXSHJMX_DJ float null
go
alter table YXXSHJMX add YXXSHJMX_YJFHSL float null
go
alter table YXXSHJMX add YXXSHJMX_YJLXSL float null
go
alter table YXXSHJMX add YXXSHJMX_SYKCSL float null
go
alter table YXXSHJMX add YXXSHJMX_FDBL float null
go
alter table YXXSHJMX add YXXSHJMX_SYKCJE float null
go
alter table YXXSHJMX add YXXSHJMX_JHFHSL float null
go
alter table YXXSHJMX add YXXSHJMX_JHFHJE float null
go
alter table YXXSHJMX add YXXSHJMX_ZJLSM varchar(200) null
go
alter table YXXSHJMX add YXXSHJMX_BYYFSL float null
go
alter table YXXSHJMX add YXXSHJMX_JH1 float null
go
alter table YXXSHJMX add YXXSHJMX_SHJH1 float null
go
alter table YXXSHJMX add YXXSHJMX_JH2 float null
go
alter table YXXSHJMX add YXXSHJMX_SHJH2 float null
go
alter table YXXSHJMX add YXXSHJMX_JH3 float null
go
alter table YXXSHJMX add YXXSHJMX_SHJH3 float null
go
alter table YXXSHJMX add YXXSHJMX_JH4 float null
go
alter table YXXSHJMX add YXXSHJMX_SHJH4 float null
go
alter table YXXSHJMX add YXXSHJMX_JH5 float null
go
alter table YXXSHJMX add YXXSHJMX_SHJH5 float null
go
alter table YXXSHJMX add YXXSHJMX_JH6 float null
go
alter table YXXSHJMX add YXXSHJMX_SHJH6 float null
go
alter table YXXSHJMX add YXXSHJMX_JH7 float null
go
alter table YXXSHJMX add YXXSHJMX_SHJH7 float null
go
alter table YXXSHJMX add YXXSHJMX_JH8 float null
go
alter table YXXSHJMX add YXXSHJMX_SHJH8 float null
go
alter table YXXSHJMX add YXXSHJMX_JH9 float null
go
alter table YXXSHJMX add YXXSHJMX_SHJH9 float null
go
alter table YXXSHJMX add YXXSHJMX_JH10 float null
go
alter table YXXSHJMX add YXXSHJMX_SHJH10 float null
go
alter table YXXSHJMX add YXXSHJMX_JH11 float null
go
alter table YXXSHJMX add YXXSHJMX_SHJH11 float null
go
alter table YXXSHJMX add YXXSHJMX_JH12 float null
go
alter table YXXSHJMX add YXXSHJMX_SHJH12 float null
go
alter table YXXSHJMX add YXXSHJMX_DEMO varchar(200) null
go
/*以下是字段修正SQL需要分数据库配置或项目化迁移使用*/
alter table YXXSHJMX ALTER COLUMN YXXSHJMX_FLBH varchar(20) null
go
alter table YXXSHJMX ALTER COLUMN YXXSHJMX_LSBH varchar(36) null
go
alter table YXXSHJMX ALTER COLUMN YXXSHJMX_WLBH varchar(40) null
go
alter table YXXSHJMX ALTER COLUMN YXXSHJMX_GGXH varchar(40) null
go
alter table YXXSHJMX ALTER COLUMN YXXSHJMX_JLDW varchar(20) null
go
alter table YXXSHJMX ALTER COLUMN YXXSHJMX_DEMO varchar(200) null
go

go
delete from SDSYSBILL where SDSYSBILL_ID='SDBGS0006'
go
insert into SDSYSBILL(SDSYSBILL_MKBS,SDSYSBILL_ID,SDSYSBILL_MBMC,SDSYSBILL_DYLX,SDSYSBILL_OTMODI,SDSYSBILL_LASTOPEN,SDSYSBILL_BZ,SDSYSBILL_LJBM,SDSYSBILL_SPDX,SDSYSBILL_MTABTITLE,SDSYSBILL_ITABTITLE,SDSYSBILL_MTABCOUNT,SDSYSBILL_ITABCOUNT,SDSYSBILL_FLHS,SDSYSBILL_ISLINELAYOUT,SDSYSBILL_MLSZD,SDSYSBILL_MTABLE,SDSYSBILL_CTABLE,SDSYSBILL_SHRZD,SDSYSBILL_SHBZZD,SDSYSBILL_SHLCZD,SDSYSBILL_ZDRZD,SDSYSBILL_BMZD,SDSYSBILL_ILSZD,SDSYSBILL_IFLZD,SDSYSBILL_QXBZ,SDSYSBILL_ZDRQZD,SDSYSBILL_BFEXECUT,SDSYSBILL_AFEXECUT,SDSYSBILL_DJBHZD,SDSYSBILL_QUERYEXECUT,SDSYSBILL_TYPE,SDSYSBILL_DJRQ,SDSYSBILL_DRBSZD,SDSYSBILL_DREXECUT,SDSYSBILL_SQL,SDSYSBILL_DRBFEXECUT,SDSYSBILL_LSFF,SDSYSBILL_FLKZ,SDSYSBILL_QXKZ,SDSYSBILL_ORDERSTR,SDSYSBILL_ZDQXKZ ,SDSYSBILL_AFDELEXECUT,SDSYSBILL_APPROVEEXECUT,SDSYSBILL_UNAPPROVEEXECUT,SDSYSBILL_OSQL,SDSYSBILL_IORDER ,SDSYSBILL_DRBHFS,SDSYSBILL_DRAFEXECUT,SDSYSBILL_APPDOEXECUT,SDSYSBILL_DWZD,SDSYSBILL_SPDXZD,SDSYSBILL_SHOWLOG,SDSYSBILL_SHOWVERY,SDSYSBILL_CJR,SDSYSBILL_CJRSJ,SDSYSBILL_XGR,SDSYSBILL_XGRSJ) values('SDB','SDBGS0006','商业发货计划','S','1','0','','YXXSHJ','YXXSHJ','商业发货计划','计划明细', 1 , 1 ,'5','0','YXXSHJ_LSBH','YXXSHJ','YXXSHJMX','YXXSHJ_SHR','YXXSHJ_SHBZ','YXXSHJ_SHLC','YXXSHJ_ZDR','YXXSHJ_BMBH','YXXSHJMX_LSBH','YXXSHJMX_FLBH','','YXXSHJ_ZDRQ','','SP_SDB_FHJH_SAVE','YXXSHJ_DJBH','','0','YXXSHJ_ZDRQ','YXXSHJ_DRBS','','','','GUID','2','YXXSHJ_JHLX=''1''','','0','','SP_SDB_YXXSHJ_PASS','','','','0','','','YXXSHJ_GSID','YXXSHJ_SPDX','0','0','','','','')
go
update SDSYSBILL set SDSYSBILL_SKEY='cgwH+D0lklTBAUNw6DAl4A==' where SDSYSBILL_ID='SDBGS0006'
go
delete from SDSYSBILLJS where SDSYSBILLJS_ID='SDBGS0006'
go
delete from SDSYSFIELD where SDSYSFIELD_ID='SDBGS0006'
go
insert into SDSYSFIELD(SDSYSFIELD_ID,SDSYSFIELD_LMMC,SDSYSFIELD_LMZT,SDSYSFIELD_LMBM,SDSYSFIELD_TITLE,SDSYSFIELD_TABLE,SDSYSFIELD_SFBZ,SDSYSFIELD_KZBZ,SDSYSFIELD_SFSPXM,SDSYSFIELD_BZBM,SDSYSFIELD_BZBH,SDSYSFIELD_BZTJ,SDSYSFIELD_SFBT,SDSYSFIELD_XSXH,SDSYSFIELD_GLBM,SDSYSFIELD_BHZD,SDSYSFIELD_NMZD,SDSYSFIELD_MCZD,SDSYSFIELD_SQL,SDSYSFIELD_WIDTH,SDSYSFIELD_SPJD,SDSYSFIELD_TABID,SDSYSFIELD_TYPE,SDSYSFIELD_COLSPAN,SDSYSFIELD_ROWSPAN,SDSYSFIELD_LENGTH,SDSYSFIELD_DEFAULT,SDSYSFIELD_LIST,SDSYSFIELD_PRECISION,SDSYSFIELD_FIELDTYPE,SDSYSFIELD_READONLY,SDSYSFIELD_LISTFLAG,SDSYSFIELD_LOCALESTRING,SDSYSFIELD_ZDQXBH,SDSYSFIELD_DXLB,SDSYSFIELD_DRBZ,SDSYSFIELD_DRBT,SDSYSFIELD_DRXH,SDSYSFIELD_LBXH,SDSYSFIELD_ISFILTER,SDSYSFIELD_FILTERDISP,SDSYSFIELD_NEWLINE,SDSYSFIELD_NEWLINESHOW,SDSYSFIELD_NEWLINETITLE,SDSYSFIELD_GUID,SDSYSFIELD_LINKDO,SDSYSFIELD_SETSQL,SDSYSFIELD_MIN,SDSYSFIELD_MAX,SDSYSFIELD_FJMAX,SDSYSFIELD_FJEXT) values('SDBGS0006','YXXSHJ_DRBS','0','导入标识','','YXXSHJ','0','0','0','','',' ','0','0010','','','','',' ', 15 ,'','M1','0', 1 , 1 , 36 ,'','', 2 ,'0','0','0','0','','','0','0', 0 , 0 ,'0','','0','1','','','','','','',0,'')
go
insert into SDSYSFIELD(SDSYSFIELD_ID,SDSYSFIELD_LMMC,SDSYSFIELD_LMZT,SDSYSFIELD_LMBM,SDSYSFIELD_TITLE,SDSYSFIELD_TABLE,SDSYSFIELD_SFBZ,SDSYSFIELD_KZBZ,SDSYSFIELD_SFSPXM,SDSYSFIELD_BZBM,SDSYSFIELD_BZBH,SDSYSFIELD_BZTJ,SDSYSFIELD_SFBT,SDSYSFIELD_XSXH,SDSYSFIELD_GLBM,SDSYSFIELD_BHZD,SDSYSFIELD_NMZD,SDSYSFIELD_MCZD,SDSYSFIELD_SQL,SDSYSFIELD_WIDTH,SDSYSFIELD_SPJD,SDSYSFIELD_TABID,SDSYSFIELD_TYPE,SDSYSFIELD_COLSPAN,SDSYSFIELD_ROWSPAN,SDSYSFIELD_LENGTH,SDSYSFIELD_DEFAULT,SDSYSFIELD_LIST,SDSYSFIELD_PRECISION,SDSYSFIELD_FIELDTYPE,SDSYSFIELD_READONLY,SDSYSFIELD_LISTFLAG,SDSYSFIELD_LOCALESTRING,SDSYSFIELD_ZDQXBH,SDSYSFIELD_DXLB,SDSYSFIELD_DRBZ,SDSYSFIELD_DRBT,SDSYSFIELD_DRXH,SDSYSFIELD_LBXH,SDSYSFIELD_ISFILTER,SDSYSFIELD_FILTERDISP,SDSYSFIELD_NEWLINE,SDSYSFIELD_NEWLINESHOW,SDSYSFIELD_NEWLINETITLE,SDSYSFIELD_GUID,SDSYSFIELD_LINKDO,SDSYSFIELD_SETSQL,SDSYSFIELD_MIN,SDSYSFIELD_MAX,SDSYSFIELD_FJMAX,SDSYSFIELD_FJEXT) values('SDBGS0006','YXXSHJ_LSBH','0','单据流水','','YXXSHJ','0','0','0','','',' ','0','0020','','','','',' ', 15 ,'','M1','0', 1 , 1 , 36 ,'','', 2 ,'1','0','0','0','','','0','0', 0 , 0 ,'0','','0','1','','','','','','',0,'')
go
insert into SDSYSFIELD(SDSYSFIELD_ID,SDSYSFIELD_LMMC,SDSYSFIELD_LMZT,SDSYSFIELD_LMBM,SDSYSFIELD_TITLE,SDSYSFIELD_TABLE,SDSYSFIELD_SFBZ,SDSYSFIELD_KZBZ,SDSYSFIELD_SFSPXM,SDSYSFIELD_BZBM,SDSYSFIELD_BZBH,SDSYSFIELD_BZTJ,SDSYSFIELD_SFBT,SDSYSFIELD_XSXH,SDSYSFIELD_GLBM,SDSYSFIELD_BHZD,SDSYSFIELD_NMZD,SDSYSFIELD_MCZD,SDSYSFIELD_SQL,SDSYSFIELD_WIDTH,SDSYSFIELD_SPJD,SDSYSFIELD_TABID,SDSYSFIELD_TYPE,SDSYSFIELD_COLSPAN,SDSYSFIELD_ROWSPAN,SDSYSFIELD_LENGTH,SDSYSFIELD_DEFAULT,SDSYSFIELD_LIST,SDSYSFIELD_PRECISION,SDSYSFIELD_FIELDTYPE,SDSYSFIELD_READONLY,SDSYSFIELD_LISTFLAG,SDSYSFIELD_LOCALESTRING,SDSYSFIELD_ZDQXBH,SDSYSFIELD_DXLB,SDSYSFIELD_DRBZ,SDSYSFIELD_DRBT,SDSYSFIELD_DRXH,SDSYSFIELD_LBXH,SDSYSFIELD_ISFILTER,SDSYSFIELD_FILTERDISP,SDSYSFIELD_NEWLINE,SDSYSFIELD_NEWLINESHOW,SDSYSFIELD_NEWLINETITLE,SDSYSFIELD_GUID,SDSYSFIELD_LINKDO,SDSYSFIELD_SETSQL,SDSYSFIELD_MIN,SDSYSFIELD_MAX,SDSYSFIELD_FJMAX,SDSYSFIELD_FJEXT) values('SDBGS0006','YXXSHJ_ZDRID','1','制单人编号','','YXXSHJ','0','0','0','','',' ','0','0030','','','','',' ', 0 ,'','M1','0', 1 , 1 , 40 ,'','', 2 ,'0','0','0','0','','','0','0', 0 , 0 ,'0','','0','1','','','','','','',0,'')
go
insert into SDSYSFIELD(SDSYSFIELD_ID,SDSYSFIELD_LMMC,SDSYSFIELD_LMZT,SDSYSFIELD_LMBM,SDSYSFIELD_TITLE,SDSYSFIELD_TABLE,SDSYSFIELD_SFBZ,SDSYSFIELD_KZBZ,SDSYSFIELD_SFSPXM,SDSYSFIELD_BZBM,SDSYSFIELD_BZBH,SDSYSFIELD_BZTJ,SDSYSFIELD_SFBT,SDSYSFIELD_XSXH,SDSYSFIELD_GLBM,SDSYSFIELD_BHZD,SDSYSFIELD_NMZD,SDSYSFIELD_MCZD,SDSYSFIELD_SQL,SDSYSFIELD_WIDTH,SDSYSFIELD_SPJD,SDSYSFIELD_TABID,SDSYSFIELD_TYPE,SDSYSFIELD_COLSPAN,SDSYSFIELD_ROWSPAN,SDSYSFIELD_LENGTH,SDSYSFIELD_DEFAULT,SDSYSFIELD_LIST,SDSYSFIELD_PRECISION,SDSYSFIELD_FIELDTYPE,SDSYSFIELD_READONLY,SDSYSFIELD_LISTFLAG,SDSYSFIELD_LOCALESTRING,SDSYSFIELD_ZDQXBH,SDSYSFIELD_DXLB,SDSYSFIELD_DRBZ,SDSYSFIELD_DRBT,SDSYSFIELD_DRXH,SDSYSFIELD_LBXH,SDSYSFIELD_ISFILTER,SDSYSFIELD_FILTERDISP,SDSYSFIELD_NEWLINE,SDSYSFIELD_NEWLINESHOW,SDSYSFIELD_NEWLINETITLE,SDSYSFIELD_GUID,SDSYSFIELD_LINKDO,SDSYSFIELD_SETSQL,SDSYSFIELD_MIN,SDSYSFIELD_MAX,SDSYSFIELD_FJMAX,SDSYSFIELD_FJEXT) values('SDBGS0006','YXXSHJ_ZDRQ','1','制单日期','','YXXSHJ','0','1','0','','',' ','1','0040','','','','',' ', 15 ,'','M1','0', 1 , 1 , 8 ,'YYYYMMDD','', 2 ,'3','1','1','0','','','0','0', 1 , 1 ,'0','','0','1','','','','','','',0,'')
go
insert into SDSYSFIELD(SDSYSFIELD_ID,SDSYSFIELD_LMMC,SDSYSFIELD_LMZT,SDSYSFIELD_LMBM,SDSYSFIELD_TITLE,SDSYSFIELD_TABLE,SDSYSFIELD_SFBZ,SDSYSFIELD_KZBZ,SDSYSFIELD_SFSPXM,SDSYSFIELD_BZBM,SDSYSFIELD_BZBH,SDSYSFIELD_BZTJ,SDSYSFIELD_SFBT,SDSYSFIELD_XSXH,SDSYSFIELD_GLBM,SDSYSFIELD_BHZD,SDSYSFIELD_NMZD,SDSYSFIELD_MCZD,SDSYSFIELD_SQL,SDSYSFIELD_WIDTH,SDSYSFIELD_SPJD,SDSYSFIELD_TABID,SDSYSFIELD_TYPE,SDSYSFIELD_COLSPAN,SDSYSFIELD_ROWSPAN,SDSYSFIELD_LENGTH,SDSYSFIELD_DEFAULT,SDSYSFIELD_LIST,SDSYSFIELD_PRECISION,SDSYSFIELD_FIELDTYPE,SDSYSFIELD_READONLY,SDSYSFIELD_LISTFLAG,SDSYSFIELD_LOCALESTRING,SDSYSFIELD_ZDQXBH,SDSYSFIELD_DXLB,SDSYSFIELD_DRBZ,SDSYSFIELD_DRBT,SDSYSFIELD_DRXH,SDSYSFIELD_LBXH,SDSYSFIELD_ISFILTER,SDSYSFIELD_FILTERDISP,SDSYSFIELD_NEWLINE,SDSYSFIELD_NEWLINESHOW,SDSYSFIELD_NEWLINETITLE,SDSYSFIELD_GUID,SDSYSFIELD_LINKDO,SDSYSFIELD_SETSQL,SDSYSFIELD_MIN,SDSYSFIELD_MAX,SDSYSFIELD_FJMAX,SDSYSFIELD_FJEXT) values('SDBGS0006','YXXSHJ_DJBH','1','单据编号','','YXXSHJ','0','0','0','','',' ','1','0050','','','','',' ', 15 ,'','M1','0', 1 , 1 , 36 ,'','', 2 ,'2','0','1','0','','','0','0', 3 , 3 ,'0','','0','1','','','','','','',0,'')
go
insert into SDSYSFIELD(SDSYSFIELD_ID,SDSYSFIELD_LMMC,SDSYSFIELD_LMZT,SDSYSFIELD_LMBM,SDSYSFIELD_TITLE,SDSYSFIELD_TABLE,SDSYSFIELD_SFBZ,SDSYSFIELD_KZBZ,SDSYSFIELD_SFSPXM,SDSYSFIELD_BZBM,SDSYSFIELD_BZBH,SDSYSFIELD_BZTJ,SDSYSFIELD_SFBT,SDSYSFIELD_XSXH,SDSYSFIELD_GLBM,SDSYSFIELD_BHZD,SDSYSFIELD_NMZD,SDSYSFIELD_MCZD,SDSYSFIELD_SQL,SDSYSFIELD_WIDTH,SDSYSFIELD_SPJD,SDSYSFIELD_TABID,SDSYSFIELD_TYPE,SDSYSFIELD_COLSPAN,SDSYSFIELD_ROWSPAN,SDSYSFIELD_LENGTH,SDSYSFIELD_DEFAULT,SDSYSFIELD_LIST,SDSYSFIELD_PRECISION,SDSYSFIELD_FIELDTYPE,SDSYSFIELD_READONLY,SDSYSFIELD_LISTFLAG,SDSYSFIELD_LOCALESTRING,SDSYSFIELD_ZDQXBH,SDSYSFIELD_DXLB,SDSYSFIELD_DRBZ,SDSYSFIELD_DRBT,SDSYSFIELD_DRXH,SDSYSFIELD_LBXH,SDSYSFIELD_ISFILTER,SDSYSFIELD_FILTERDISP,SDSYSFIELD_NEWLINE,SDSYSFIELD_NEWLINESHOW,SDSYSFIELD_NEWLINETITLE,SDSYSFIELD_GUID,SDSYSFIELD_LINKDO,SDSYSFIELD_SETSQL,SDSYSFIELD_MIN,SDSYSFIELD_MAX,SDSYSFIELD_FJMAX,SDSYSFIELD_FJEXT) values('SDBGS0006','YXXSHJ_SYB','1','事业部','','YXXSHJ','0','0','0','YXSYB','YX1','YXSYB_SYBZ=''1''','1','0060','YXSYB','YXSYB_SYBBH','YXSYB_NM','YXSYB_SYBMC',' ', 15 ,'','M1','0', 1 , 1 , 40 ,'@SDUSER_XSZZ@','', 2 ,'0','0','1','0','','','0','0', 2 , 2 ,'0','','0','1','','','','','','',0,'')
go
insert into SDSYSFIELD(SDSYSFIELD_ID,SDSYSFIELD_LMMC,SDSYSFIELD_LMZT,SDSYSFIELD_LMBM,SDSYSFIELD_TITLE,SDSYSFIELD_TABLE,SDSYSFIELD_SFBZ,SDSYSFIELD_KZBZ,SDSYSFIELD_SFSPXM,SDSYSFIELD_BZBM,SDSYSFIELD_BZBH,SDSYSFIELD_BZTJ,SDSYSFIELD_SFBT,SDSYSFIELD_XSXH,SDSYSFIELD_GLBM,SDSYSFIELD_BHZD,SDSYSFIELD_NMZD,SDSYSFIELD_MCZD,SDSYSFIELD_SQL,SDSYSFIELD_WIDTH,SDSYSFIELD_SPJD,SDSYSFIELD_TABID,SDSYSFIELD_TYPE,SDSYSFIELD_COLSPAN,SDSYSFIELD_ROWSPAN,SDSYSFIELD_LENGTH,SDSYSFIELD_DEFAULT,SDSYSFIELD_LIST,SDSYSFIELD_PRECISION,SDSYSFIELD_FIELDTYPE,SDSYSFIELD_READONLY,SDSYSFIELD_LISTFLAG,SDSYSFIELD_LOCALESTRING,SDSYSFIELD_ZDQXBH,SDSYSFIELD_DXLB,SDSYSFIELD_DRBZ,SDSYSFIELD_DRBT,SDSYSFIELD_DRXH,SDSYSFIELD_LBXH,SDSYSFIELD_ISFILTER,SDSYSFIELD_FILTERDISP,SDSYSFIELD_NEWLINE,SDSYSFIELD_NEWLINESHOW,SDSYSFIELD_NEWLINETITLE,SDSYSFIELD_GUID,SDSYSFIELD_LINKDO,SDSYSFIELD_SETSQL,SDSYSFIELD_MIN,SDSYSFIELD_MAX,SDSYSFIELD_FJMAX,SDSYSFIELD_FJEXT) values('SDBGS0006','YXXSHJ_DQ','1','大区','','YXXSHJ','0','0','0','YXPQZD','YX1','YXPQZD_SYZT=''1'' and YXPQZD_NM in (select YXSYBPQGL_PQ FROM YXSYBPQGL WHERE YXSYBPQGL_SYB=@YXXSHJ_SYB@)','1','0070','YXPQZD','YXPQZD_PQBH','YXPQZD_NM','YXPQZD_PQMC','SELECT YXPQBM_PQNM FROM YXPQBM WHERE YXPQBM_BMNM = @YXXSHJ_SYB@', 15 ,'','M1','0', 1 , 1 , 40 ,'','', 2 ,'0','0','1','0','','','0','0', 3 , 3 ,'0','','0','1','','','','','','',0,'')
go
insert into SDSYSFIELD(SDSYSFIELD_ID,SDSYSFIELD_LMMC,SDSYSFIELD_LMZT,SDSYSFIELD_LMBM,SDSYSFIELD_TITLE,SDSYSFIELD_TABLE,SDSYSFIELD_SFBZ,SDSYSFIELD_KZBZ,SDSYSFIELD_SFSPXM,SDSYSFIELD_BZBM,SDSYSFIELD_BZBH,SDSYSFIELD_BZTJ,SDSYSFIELD_SFBT,SDSYSFIELD_XSXH,SDSYSFIELD_GLBM,SDSYSFIELD_BHZD,SDSYSFIELD_NMZD,SDSYSFIELD_MCZD,SDSYSFIELD_SQL,SDSYSFIELD_WIDTH,SDSYSFIELD_SPJD,SDSYSFIELD_TABID,SDSYSFIELD_TYPE,SDSYSFIELD_COLSPAN,SDSYSFIELD_ROWSPAN,SDSYSFIELD_LENGTH,SDSYSFIELD_DEFAULT,SDSYSFIELD_LIST,SDSYSFIELD_PRECISION,SDSYSFIELD_FIELDTYPE,SDSYSFIELD_READONLY,SDSYSFIELD_LISTFLAG,SDSYSFIELD_LOCALESTRING,SDSYSFIELD_ZDQXBH,SDSYSFIELD_DXLB,SDSYSFIELD_DRBZ,SDSYSFIELD_DRBT,SDSYSFIELD_DRXH,SDSYSFIELD_LBXH,SDSYSFIELD_ISFILTER,SDSYSFIELD_FILTERDISP,SDSYSFIELD_NEWLINE,SDSYSFIELD_NEWLINESHOW,SDSYSFIELD_NEWLINETITLE,SDSYSFIELD_GUID,SDSYSFIELD_LINKDO,SDSYSFIELD_SETSQL,SDSYSFIELD_MIN,SDSYSFIELD_MAX,SDSYSFIELD_FJMAX,SDSYSFIELD_FJEXT) values('SDBGS0006','YXXSHJ_BMBH','1','部门','','YXXSHJ','0','0','0','YXBMZD','YX1','YXBMZD_SYBZ=''1'' AND YXBMZD_NM in (select YXPQBM_BMNM from YXPQBM WHERE YXPQBM_PQNM=@YXXSHJ_DQ@)','1','0080','YXBMZD','YXBMZD_BMBH','YXBMZD_NM','YXBMZD_BMMC',' ', 15 ,'','M1','0', 1 , 1 , 40 ,'@SDUSER_BMBH@','', 2 ,'5','0','1','0','','','1','1', 2 , 2 ,'0','','0','1','','','','','','',0,'')
go
insert into SDSYSFIELD(SDSYSFIELD_ID,SDSYSFIELD_LMMC,SDSYSFIELD_LMZT,SDSYSFIELD_LMBM,SDSYSFIELD_TITLE,SDSYSFIELD_TABLE,SDSYSFIELD_SFBZ,SDSYSFIELD_KZBZ,SDSYSFIELD_SFSPXM,SDSYSFIELD_BZBM,SDSYSFIELD_BZBH,SDSYSFIELD_BZTJ,SDSYSFIELD_SFBT,SDSYSFIELD_XSXH,SDSYSFIELD_GLBM,SDSYSFIELD_BHZD,SDSYSFIELD_NMZD,SDSYSFIELD_MCZD,SDSYSFIELD_SQL,SDSYSFIELD_WIDTH,SDSYSFIELD_SPJD,SDSYSFIELD_TABID,SDSYSFIELD_TYPE,SDSYSFIELD_COLSPAN,SDSYSFIELD_ROWSPAN,SDSYSFIELD_LENGTH,SDSYSFIELD_DEFAULT,SDSYSFIELD_LIST,SDSYSFIELD_PRECISION,SDSYSFIELD_FIELDTYPE,SDSYSFIELD_READONLY,SDSYSFIELD_LISTFLAG,SDSYSFIELD_LOCALESTRING,SDSYSFIELD_ZDQXBH,SDSYSFIELD_DXLB,SDSYSFIELD_DRBZ,SDSYSFIELD_DRBT,SDSYSFIELD_DRXH,SDSYSFIELD_LBXH,SDSYSFIELD_ISFILTER,SDSYSFIELD_FILTERDISP,SDSYSFIELD_NEWLINE,SDSYSFIELD_NEWLINESHOW,SDSYSFIELD_NEWLINETITLE,SDSYSFIELD_GUID,SDSYSFIELD_LINKDO,SDSYSFIELD_SETSQL,SDSYSFIELD_MIN,SDSYSFIELD_MAX,SDSYSFIELD_FJMAX,SDSYSFIELD_FJEXT) values('SDBGS0006','YXXSHJ_YWY','1','业务员','','YXXSHJ','0','0','0','YXRYZD','YX1','YXRYZD_SYBZ=''1'' and YXRYZD_BMBH =@YXXSHJ_BMBH@','1','0090','YXRYZD','YXRYZD_RYBH','YXRYZD_NM','YXRYZD_RYXM',' ', 15 ,'','M1','0', 1 , 1 , 40 ,'@SDUSER_RYNM@','', 2 ,'0','0','1','0','','','0','0', 51 , 51 ,'0','','0','1','','','','','','',0,'')
go
insert into SDSYSFIELD(SDSYSFIELD_ID,SDSYSFIELD_LMMC,SDSYSFIELD_LMZT,SDSYSFIELD_LMBM,SDSYSFIELD_TITLE,SDSYSFIELD_TABLE,SDSYSFIELD_SFBZ,SDSYSFIELD_KZBZ,SDSYSFIELD_SFSPXM,SDSYSFIELD_BZBM,SDSYSFIELD_BZBH,SDSYSFIELD_BZTJ,SDSYSFIELD_SFBT,SDSYSFIELD_XSXH,SDSYSFIELD_GLBM,SDSYSFIELD_BHZD,SDSYSFIELD_NMZD,SDSYSFIELD_MCZD,SDSYSFIELD_SQL,SDSYSFIELD_WIDTH,SDSYSFIELD_SPJD,SDSYSFIELD_TABID,SDSYSFIELD_TYPE,SDSYSFIELD_COLSPAN,SDSYSFIELD_ROWSPAN,SDSYSFIELD_LENGTH,SDSYSFIELD_DEFAULT,SDSYSFIELD_LIST,SDSYSFIELD_PRECISION,SDSYSFIELD_FIELDTYPE,SDSYSFIELD_READONLY,SDSYSFIELD_LISTFLAG,SDSYSFIELD_LOCALESTRING,SDSYSFIELD_ZDQXBH,SDSYSFIELD_DXLB,SDSYSFIELD_DRBZ,SDSYSFIELD_DRBT,SDSYSFIELD_DRXH,SDSYSFIELD_LBXH,SDSYSFIELD_ISFILTER,SDSYSFIELD_FILTERDISP,SDSYSFIELD_NEWLINE,SDSYSFIELD_NEWLINESHOW,SDSYSFIELD_NEWLINETITLE,SDSYSFIELD_GUID,SDSYSFIELD_LINKDO,SDSYSFIELD_SETSQL,SDSYSFIELD_MIN,SDSYSFIELD_MAX,SDSYSFIELD_FJMAX,SDSYSFIELD_FJEXT) values('SDBGS0006','YXXSHJ_NY','1','年月','','YXXSHJ','0','F','0','','','','0','0100','','','','','', 15 ,'','M1','0', 1 , 1 , 6 ,'YYYYMM','', 2 ,'0','0','0','0','','','0','0', 51 , 51 ,'0','','0','1','',' ','','','','',0,'')
go
insert into SDSYSFIELD(SDSYSFIELD_ID,SDSYSFIELD_LMMC,SDSYSFIELD_LMZT,SDSYSFIELD_LMBM,SDSYSFIELD_TITLE,SDSYSFIELD_TABLE,SDSYSFIELD_SFBZ,SDSYSFIELD_KZBZ,SDSYSFIELD_SFSPXM,SDSYSFIELD_BZBM,SDSYSFIELD_BZBH,SDSYSFIELD_BZTJ,SDSYSFIELD_SFBT,SDSYSFIELD_XSXH,SDSYSFIELD_GLBM,SDSYSFIELD_BHZD,SDSYSFIELD_NMZD,SDSYSFIELD_MCZD,SDSYSFIELD_SQL,SDSYSFIELD_WIDTH,SDSYSFIELD_SPJD,SDSYSFIELD_TABID,SDSYSFIELD_TYPE,SDSYSFIELD_COLSPAN,SDSYSFIELD_ROWSPAN,SDSYSFIELD_LENGTH,SDSYSFIELD_DEFAULT,SDSYSFIELD_LIST,SDSYSFIELD_PRECISION,SDSYSFIELD_FIELDTYPE,SDSYSFIELD_READONLY,SDSYSFIELD_LISTFLAG,SDSYSFIELD_LOCALESTRING,SDSYSFIELD_ZDQXBH,SDSYSFIELD_DXLB,SDSYSFIELD_DRBZ,SDSYSFIELD_DRBT,SDSYSFIELD_DRXH,SDSYSFIELD_LBXH,SDSYSFIELD_ISFILTER,SDSYSFIELD_FILTERDISP,SDSYSFIELD_NEWLINE,SDSYSFIELD_NEWLINESHOW,SDSYSFIELD_NEWLINETITLE,SDSYSFIELD_GUID,SDSYSFIELD_LINKDO,SDSYSFIELD_SETSQL,SDSYSFIELD_MIN,SDSYSFIELD_MAX,SDSYSFIELD_FJMAX,SDSYSFIELD_FJEXT) values('SDBGS0006','YXXSHJ_KH','1','客户','','YXXSHJ','0','0','0','YXKHZD','YX2','','0','0110','YXKHZD','YXKHZD_KHBH','YXKHZD_NM','YXKHZD_KHMC','', 15 ,'','M1','0', 1 , 1 , 40 ,'','', 2 ,'0','0','0','0','','','0','0', 51 , 51 ,'0','','0','1','','','','','','',0,'')
go
insert into SDSYSFIELD(SDSYSFIELD_ID,SDSYSFIELD_LMMC,SDSYSFIELD_LMZT,SDSYSFIELD_LMBM,SDSYSFIELD_TITLE,SDSYSFIELD_TABLE,SDSYSFIELD_SFBZ,SDSYSFIELD_KZBZ,SDSYSFIELD_SFSPXM,SDSYSFIELD_BZBM,SDSYSFIELD_BZBH,SDSYSFIELD_BZTJ,SDSYSFIELD_SFBT,SDSYSFIELD_XSXH,SDSYSFIELD_GLBM,SDSYSFIELD_BHZD,SDSYSFIELD_NMZD,SDSYSFIELD_MCZD,SDSYSFIELD_SQL,SDSYSFIELD_WIDTH,SDSYSFIELD_SPJD,SDSYSFIELD_TABID,SDSYSFIELD_TYPE,SDSYSFIELD_COLSPAN,SDSYSFIELD_ROWSPAN,SDSYSFIELD_LENGTH,SDSYSFIELD_DEFAULT,SDSYSFIELD_LIST,SDSYSFIELD_PRECISION,SDSYSFIELD_FIELDTYPE,SDSYSFIELD_READONLY,SDSYSFIELD_LISTFLAG,SDSYSFIELD_LOCALESTRING,SDSYSFIELD_ZDQXBH,SDSYSFIELD_DXLB,SDSYSFIELD_DRBZ,SDSYSFIELD_DRBT,SDSYSFIELD_DRXH,SDSYSFIELD_LBXH,SDSYSFIELD_ISFILTER,SDSYSFIELD_FILTERDISP,SDSYSFIELD_NEWLINE,SDSYSFIELD_NEWLINESHOW,SDSYSFIELD_NEWLINETITLE,SDSYSFIELD_GUID,SDSYSFIELD_LINKDO,SDSYSFIELD_SETSQL,SDSYSFIELD_MIN,SDSYSFIELD_MAX,SDSYSFIELD_FJMAX,SDSYSFIELD_FJEXT) values('SDBGS0006','YXXSHJ_CQQK','1','超期欠款数','','YXXSHJ','0','0','0','','','','0','0120','','','','','select sum(SD_YE)-sum(HK_YE) from YXHKYEB where SUBSTRING(KUNNR,2,9)=(select YXKHZD_KHBH from YXKHZD where YXKHZD_NM=@YXXSHJ_KH@) and DATEDIFF(DAY,BUDAT,GETDATE()) >(select ISNULL(YXKHXY_ZQ,0)+ISNULL(YXKHXY_ZTQ,0) from YXKHXY where YXKHXY_KHNM=@YXXSHJ_KH@)', 15 ,'','M1','1', 1 , 1 , 20 ,'','', 2 ,'0','1','0','0','','','0','0', 51 , 51 ,'0','','0','1','',' ','','','','',0,'')
go
insert into SDSYSFIELD(SDSYSFIELD_ID,SDSYSFIELD_LMMC,SDSYSFIELD_LMZT,SDSYSFIELD_LMBM,SDSYSFIELD_TITLE,SDSYSFIELD_TABLE,SDSYSFIELD_SFBZ,SDSYSFIELD_KZBZ,SDSYSFIELD_SFSPXM,SDSYSFIELD_BZBM,SDSYSFIELD_BZBH,SDSYSFIELD_BZTJ,SDSYSFIELD_SFBT,SDSYSFIELD_XSXH,SDSYSFIELD_GLBM,SDSYSFIELD_BHZD,SDSYSFIELD_NMZD,SDSYSFIELD_MCZD,SDSYSFIELD_SQL,SDSYSFIELD_WIDTH,SDSYSFIELD_SPJD,SDSYSFIELD_TABID,SDSYSFIELD_TYPE,SDSYSFIELD_COLSPAN,SDSYSFIELD_ROWSPAN,SDSYSFIELD_LENGTH,SDSYSFIELD_DEFAULT,SDSYSFIELD_LIST,SDSYSFIELD_PRECISION,SDSYSFIELD_FIELDTYPE,SDSYSFIELD_READONLY,SDSYSFIELD_LISTFLAG,SDSYSFIELD_LOCALESTRING,SDSYSFIELD_ZDQXBH,SDSYSFIELD_DXLB,SDSYSFIELD_DRBZ,SDSYSFIELD_DRBT,SDSYSFIELD_DRXH,SDSYSFIELD_LBXH,SDSYSFIELD_ISFILTER,SDSYSFIELD_FILTERDISP,SDSYSFIELD_NEWLINE,SDSYSFIELD_NEWLINESHOW,SDSYSFIELD_NEWLINETITLE,SDSYSFIELD_GUID,SDSYSFIELD_LINKDO,SDSYSFIELD_SETSQL,SDSYSFIELD_MIN,SDSYSFIELD_MAX,SDSYSFIELD_FJMAX,SDSYSFIELD_FJEXT) values('SDBGS0006','YXXSHJ_ZQK','1','总欠款数','','YXXSHJ','0','0','0','','','','0','0130','','','','','select  sum(SD_YE)-sum(HK_YE) from YXHKYEB where SUBSTRING(KUNNR,2,9)=(select YXKHZD_KHBH from YXKHZD where YXKHZD_NM=@YXXSHJ_KH@)', 15 ,'','M1','1', 1 , 1 , 20 ,'','', 2 ,'0','0','0','0','','','0','0', 51 , 51 ,'0','','0','1','',' ','','','','',0,'')
go
insert into SDSYSFIELD(SDSYSFIELD_ID,SDSYSFIELD_LMMC,SDSYSFIELD_LMZT,SDSYSFIELD_LMBM,SDSYSFIELD_TITLE,SDSYSFIELD_TABLE,SDSYSFIELD_SFBZ,SDSYSFIELD_KZBZ,SDSYSFIELD_SFSPXM,SDSYSFIELD_BZBM,SDSYSFIELD_BZBH,SDSYSFIELD_BZTJ,SDSYSFIELD_SFBT,SDSYSFIELD_XSXH,SDSYSFIELD_GLBM,SDSYSFIELD_BHZD,SDSYSFIELD_NMZD,SDSYSFIELD_MCZD,SDSYSFIELD_SQL,SDSYSFIELD_WIDTH,SDSYSFIELD_SPJD,SDSYSFIELD_TABID,SDSYSFIELD_TYPE,SDSYSFIELD_COLSPAN,SDSYSFIELD_ROWSPAN,SDSYSFIELD_LENGTH,SDSYSFIELD_DEFAULT,SDSYSFIELD_LIST,SDSYSFIELD_PRECISION,SDSYSFIELD_FIELDTYPE,SDSYSFIELD_READONLY,SDSYSFIELD_LISTFLAG,SDSYSFIELD_LOCALESTRING,SDSYSFIELD_ZDQXBH,SDSYSFIELD_DXLB,SDSYSFIELD_DRBZ,SDSYSFIELD_DRBT,SDSYSFIELD_DRXH,SDSYSFIELD_LBXH,SDSYSFIELD_ISFILTER,SDSYSFIELD_FILTERDISP,SDSYSFIELD_NEWLINE,SDSYSFIELD_NEWLINESHOW,SDSYSFIELD_NEWLINETITLE,SDSYSFIELD_GUID,SDSYSFIELD_LINKDO,SDSYSFIELD_SETSQL,SDSYSFIELD_MIN,SDSYSFIELD_MAX,SDSYSFIELD_FJMAX,SDSYSFIELD_FJEXT) values('SDBGS0006','YXXSHJ_HKJH','1','回款计划','','YXXSHJ','0','0','0','','',' ','0','0140','','','','',' ', 15 ,'','M1','1', 1 , 1 , 20 ,'','', 2 ,'0','0','0','0','','','0','0', 51 , 51 ,'0','','0','1','','','','','','',0,'')
go
insert into SDSYSFIELD(SDSYSFIELD_ID,SDSYSFIELD_LMMC,SDSYSFIELD_LMZT,SDSYSFIELD_LMBM,SDSYSFIELD_TITLE,SDSYSFIELD_TABLE,SDSYSFIELD_SFBZ,SDSYSFIELD_KZBZ,SDSYSFIELD_SFSPXM,SDSYSFIELD_BZBM,SDSYSFIELD_BZBH,SDSYSFIELD_BZTJ,SDSYSFIELD_SFBT,SDSYSFIELD_XSXH,SDSYSFIELD_GLBM,SDSYSFIELD_BHZD,SDSYSFIELD_NMZD,SDSYSFIELD_MCZD,SDSYSFIELD_SQL,SDSYSFIELD_WIDTH,SDSYSFIELD_SPJD,SDSYSFIELD_TABID,SDSYSFIELD_TYPE,SDSYSFIELD_COLSPAN,SDSYSFIELD_ROWSPAN,SDSYSFIELD_LENGTH,SDSYSFIELD_DEFAULT,SDSYSFIELD_LIST,SDSYSFIELD_PRECISION,SDSYSFIELD_FIELDTYPE,SDSYSFIELD_READONLY,SDSYSFIELD_LISTFLAG,SDSYSFIELD_LOCALESTRING,SDSYSFIELD_ZDQXBH,SDSYSFIELD_DXLB,SDSYSFIELD_DRBZ,SDSYSFIELD_DRBT,SDSYSFIELD_DRXH,SDSYSFIELD_LBXH,SDSYSFIELD_ISFILTER,SDSYSFIELD_FILTERDISP,SDSYSFIELD_NEWLINE,SDSYSFIELD_NEWLINESHOW,SDSYSFIELD_NEWLINETITLE,SDSYSFIELD_GUID,SDSYSFIELD_LINKDO,SDSYSFIELD_SETSQL,SDSYSFIELD_MIN,SDSYSFIELD_MAX,SDSYSFIELD_FJMAX,SDSYSFIELD_FJEXT) values('SDBGS0006','YXXSHJ_JHLX','0','类型','','YXXSHJ','0','0','0','','',' ','0','0150','','','','',' ', 15 ,'','M1','0', 1 , 1 , 1 ,'1','1,正常;2,调整', 2 ,'0','1','1','0','','','0','0', 51 , 51 ,'0','','0','1','','','','','','',0,'')
go
insert into SDSYSFIELD(SDSYSFIELD_ID,SDSYSFIELD_LMMC,SDSYSFIELD_LMZT,SDSYSFIELD_LMBM,SDSYSFIELD_TITLE,SDSYSFIELD_TABLE,SDSYSFIELD_SFBZ,SDSYSFIELD_KZBZ,SDSYSFIELD_SFSPXM,SDSYSFIELD_BZBM,SDSYSFIELD_BZBH,SDSYSFIELD_BZTJ,SDSYSFIELD_SFBT,SDSYSFIELD_XSXH,SDSYSFIELD_GLBM,SDSYSFIELD_BHZD,SDSYSFIELD_NMZD,SDSYSFIELD_MCZD,SDSYSFIELD_SQL,SDSYSFIELD_WIDTH,SDSYSFIELD_SPJD,SDSYSFIELD_TABID,SDSYSFIELD_TYPE,SDSYSFIELD_COLSPAN,SDSYSFIELD_ROWSPAN,SDSYSFIELD_LENGTH,SDSYSFIELD_DEFAULT,SDSYSFIELD_LIST,SDSYSFIELD_PRECISION,SDSYSFIELD_FIELDTYPE,SDSYSFIELD_READONLY,SDSYSFIELD_LISTFLAG,SDSYSFIELD_LOCALESTRING,SDSYSFIELD_ZDQXBH,SDSYSFIELD_DXLB,SDSYSFIELD_DRBZ,SDSYSFIELD_DRBT,SDSYSFIELD_DRXH,SDSYSFIELD_LBXH,SDSYSFIELD_ISFILTER,SDSYSFIELD_FILTERDISP,SDSYSFIELD_NEWLINE,SDSYSFIELD_NEWLINESHOW,SDSYSFIELD_NEWLINETITLE,SDSYSFIELD_GUID,SDSYSFIELD_LINKDO,SDSYSFIELD_SETSQL,SDSYSFIELD_MIN,SDSYSFIELD_MAX,SDSYSFIELD_FJMAX,SDSYSFIELD_FJEXT) values('SDBGS0006','YXXSHJ_ZT','0','状态','','YXXSHJ','0','0','0','','',' ','0','0160','','','','',' ', 15 ,'','M1','0', 1 , 1 , 40 ,'0','0,待填报;1,已填报', 2 ,'0','0','1','0','','','0','0', 51 , 51 ,'0','','0','1','','','','','','',0,'')
go
insert into SDSYSFIELD(SDSYSFIELD_ID,SDSYSFIELD_LMMC,SDSYSFIELD_LMZT,SDSYSFIELD_LMBM,SDSYSFIELD_TITLE,SDSYSFIELD_TABLE,SDSYSFIELD_SFBZ,SDSYSFIELD_KZBZ,SDSYSFIELD_SFSPXM,SDSYSFIELD_BZBM,SDSYSFIELD_BZBH,SDSYSFIELD_BZTJ,SDSYSFIELD_SFBT,SDSYSFIELD_XSXH,SDSYSFIELD_GLBM,SDSYSFIELD_BHZD,SDSYSFIELD_NMZD,SDSYSFIELD_MCZD,SDSYSFIELD_SQL,SDSYSFIELD_WIDTH,SDSYSFIELD_SPJD,SDSYSFIELD_TABID,SDSYSFIELD_TYPE,SDSYSFIELD_COLSPAN,SDSYSFIELD_ROWSPAN,SDSYSFIELD_LENGTH,SDSYSFIELD_DEFAULT,SDSYSFIELD_LIST,SDSYSFIELD_PRECISION,SDSYSFIELD_FIELDTYPE,SDSYSFIELD_READONLY,SDSYSFIELD_LISTFLAG,SDSYSFIELD_LOCALESTRING,SDSYSFIELD_ZDQXBH,SDSYSFIELD_DXLB,SDSYSFIELD_DRBZ,SDSYSFIELD_DRBT,SDSYSFIELD_DRXH,SDSYSFIELD_LBXH,SDSYSFIELD_ISFILTER,SDSYSFIELD_FILTERDISP,SDSYSFIELD_NEWLINE,SDSYSFIELD_NEWLINESHOW,SDSYSFIELD_NEWLINETITLE,SDSYSFIELD_GUID,SDSYSFIELD_LINKDO,SDSYSFIELD_SETSQL,SDSYSFIELD_MIN,SDSYSFIELD_MAX,SDSYSFIELD_FJMAX,SDSYSFIELD_FJEXT) values('SDBGS0006','YXXSHJ_DEMO','1','备注','','YXXSHJ','0','0','0','','',' ','0','0170','','','','',' ', 15 ,'','M1','0', 3 , 1 , 200 ,'','', 2 ,'0','0','1','0','','','0','0', 51 , 51 ,'0','','0','1','','','','','','',0,'')
go
insert into SDSYSFIELD(SDSYSFIELD_ID,SDSYSFIELD_LMMC,SDSYSFIELD_LMZT,SDSYSFIELD_LMBM,SDSYSFIELD_TITLE,SDSYSFIELD_TABLE,SDSYSFIELD_SFBZ,SDSYSFIELD_KZBZ,SDSYSFIELD_SFSPXM,SDSYSFIELD_BZBM,SDSYSFIELD_BZBH,SDSYSFIELD_BZTJ,SDSYSFIELD_SFBT,SDSYSFIELD_XSXH,SDSYSFIELD_GLBM,SDSYSFIELD_BHZD,SDSYSFIELD_NMZD,SDSYSFIELD_MCZD,SDSYSFIELD_SQL,SDSYSFIELD_WIDTH,SDSYSFIELD_SPJD,SDSYSFIELD_TABID,SDSYSFIELD_TYPE,SDSYSFIELD_COLSPAN,SDSYSFIELD_ROWSPAN,SDSYSFIELD_LENGTH,SDSYSFIELD_DEFAULT,SDSYSFIELD_LIST,SDSYSFIELD_PRECISION,SDSYSFIELD_FIELDTYPE,SDSYSFIELD_READONLY,SDSYSFIELD_LISTFLAG,SDSYSFIELD_LOCALESTRING,SDSYSFIELD_ZDQXBH,SDSYSFIELD_DXLB,SDSYSFIELD_DRBZ,SDSYSFIELD_DRBT,SDSYSFIELD_DRXH,SDSYSFIELD_LBXH,SDSYSFIELD_ISFILTER,SDSYSFIELD_FILTERDISP,SDSYSFIELD_NEWLINE,SDSYSFIELD_NEWLINESHOW,SDSYSFIELD_NEWLINETITLE,SDSYSFIELD_GUID,SDSYSFIELD_LINKDO,SDSYSFIELD_SETSQL,SDSYSFIELD_MIN,SDSYSFIELD_MAX,SDSYSFIELD_FJMAX,SDSYSFIELD_FJEXT) values('SDBGS0006','YXXSHJ_ZDR','1','制单人','','YXXSHJ','0','0','0','','',' ','1','0180','','','','',' ', 15 ,'','MB','0', 1 , 1 , 20 ,'@UserName@','', 2 ,'9','0','1','0','','','0','0', 51 , 51 ,'0','','0','1','','','','','','',0,'')
go
insert into SDSYSFIELD(SDSYSFIELD_ID,SDSYSFIELD_LMMC,SDSYSFIELD_LMZT,SDSYSFIELD_LMBM,SDSYSFIELD_TITLE,SDSYSFIELD_TABLE,SDSYSFIELD_SFBZ,SDSYSFIELD_KZBZ,SDSYSFIELD_SFSPXM,SDSYSFIELD_BZBM,SDSYSFIELD_BZBH,SDSYSFIELD_BZTJ,SDSYSFIELD_SFBT,SDSYSFIELD_XSXH,SDSYSFIELD_GLBM,SDSYSFIELD_BHZD,SDSYSFIELD_NMZD,SDSYSFIELD_MCZD,SDSYSFIELD_SQL,SDSYSFIELD_WIDTH,SDSYSFIELD_SPJD,SDSYSFIELD_TABID,SDSYSFIELD_TYPE,SDSYSFIELD_COLSPAN,SDSYSFIELD_ROWSPAN,SDSYSFIELD_LENGTH,SDSYSFIELD_DEFAULT,SDSYSFIELD_LIST,SDSYSFIELD_PRECISION,SDSYSFIELD_FIELDTYPE,SDSYSFIELD_READONLY,SDSYSFIELD_LISTFLAG,SDSYSFIELD_LOCALESTRING,SDSYSFIELD_ZDQXBH,SDSYSFIELD_DXLB,SDSYSFIELD_DRBZ,SDSYSFIELD_DRBT,SDSYSFIELD_DRXH,SDSYSFIELD_LBXH,SDSYSFIELD_ISFILTER,SDSYSFIELD_FILTERDISP,SDSYSFIELD_NEWLINE,SDSYSFIELD_NEWLINESHOW,SDSYSFIELD_NEWLINETITLE,SDSYSFIELD_GUID,SDSYSFIELD_LINKDO,SDSYSFIELD_SETSQL,SDSYSFIELD_MIN,SDSYSFIELD_MAX,SDSYSFIELD_FJMAX,SDSYSFIELD_FJEXT) values('SDBGS0006','YXXSHJ_SHRQ','1','审核日期','','YXXSHJ','0','0','0','','',' ','1','0190','','','','',' ', 15 ,'','MB','0', 1 , 1 , 200 ,'','', 2 ,'8','0','0','0','','','0','0', 52 , 52 ,'0','','0','1','','','','','','',0,'')
go
insert into SDSYSFIELD(SDSYSFIELD_ID,SDSYSFIELD_LMMC,SDSYSFIELD_LMZT,SDSYSFIELD_LMBM,SDSYSFIELD_TITLE,SDSYSFIELD_TABLE,SDSYSFIELD_SFBZ,SDSYSFIELD_KZBZ,SDSYSFIELD_SFSPXM,SDSYSFIELD_BZBM,SDSYSFIELD_BZBH,SDSYSFIELD_BZTJ,SDSYSFIELD_SFBT,SDSYSFIELD_XSXH,SDSYSFIELD_GLBM,SDSYSFIELD_BHZD,SDSYSFIELD_NMZD,SDSYSFIELD_MCZD,SDSYSFIELD_SQL,SDSYSFIELD_WIDTH,SDSYSFIELD_SPJD,SDSYSFIELD_TABID,SDSYSFIELD_TYPE,SDSYSFIELD_COLSPAN,SDSYSFIELD_ROWSPAN,SDSYSFIELD_LENGTH,SDSYSFIELD_DEFAULT,SDSYSFIELD_LIST,SDSYSFIELD_PRECISION,SDSYSFIELD_FIELDTYPE,SDSYSFIELD_READONLY,SDSYSFIELD_LISTFLAG,SDSYSFIELD_LOCALESTRING,SDSYSFIELD_ZDQXBH,SDSYSFIELD_DXLB,SDSYSFIELD_DRBZ,SDSYSFIELD_DRBT,SDSYSFIELD_DRXH,SDSYSFIELD_LBXH,SDSYSFIELD_ISFILTER,SDSYSFIELD_FILTERDISP,SDSYSFIELD_NEWLINE,SDSYSFIELD_NEWLINESHOW,SDSYSFIELD_NEWLINETITLE,SDSYSFIELD_GUID,SDSYSFIELD_LINKDO,SDSYSFIELD_SETSQL,SDSYSFIELD_MIN,SDSYSFIELD_MAX,SDSYSFIELD_FJMAX,SDSYSFIELD_FJEXT) values('SDBGS0006','YXXSHJ_SHBZ','1','审核标志','','YXXSHJ','0','0','0','','',' ','1','0200','','','','',' ', 15 ,'','MB','0', 1 , 1 , 1 ,'','1,审批通过;0,未提交;2,审批否决;3,正在审批;4,免审', 2 ,'6','0','0','0','','','0','0', 53 , 53 ,'0','','0','1','','','','','','',0,'')
go
insert into SDSYSFIELD(SDSYSFIELD_ID,SDSYSFIELD_LMMC,SDSYSFIELD_LMZT,SDSYSFIELD_LMBM,SDSYSFIELD_TITLE,SDSYSFIELD_TABLE,SDSYSFIELD_SFBZ,SDSYSFIELD_KZBZ,SDSYSFIELD_SFSPXM,SDSYSFIELD_BZBM,SDSYSFIELD_BZBH,SDSYSFIELD_BZTJ,SDSYSFIELD_SFBT,SDSYSFIELD_XSXH,SDSYSFIELD_GLBM,SDSYSFIELD_BHZD,SDSYSFIELD_NMZD,SDSYSFIELD_MCZD,SDSYSFIELD_SQL,SDSYSFIELD_WIDTH,SDSYSFIELD_SPJD,SDSYSFIELD_TABID,SDSYSFIELD_TYPE,SDSYSFIELD_COLSPAN,SDSYSFIELD_ROWSPAN,SDSYSFIELD_LENGTH,SDSYSFIELD_DEFAULT,SDSYSFIELD_LIST,SDSYSFIELD_PRECISION,SDSYSFIELD_FIELDTYPE,SDSYSFIELD_READONLY,SDSYSFIELD_LISTFLAG,SDSYSFIELD_LOCALESTRING,SDSYSFIELD_ZDQXBH,SDSYSFIELD_DXLB,SDSYSFIELD_DRBZ,SDSYSFIELD_DRBT,SDSYSFIELD_DRXH,SDSYSFIELD_LBXH,SDSYSFIELD_ISFILTER,SDSYSFIELD_FILTERDISP,SDSYSFIELD_NEWLINE,SDSYSFIELD_NEWLINESHOW,SDSYSFIELD_NEWLINETITLE,SDSYSFIELD_GUID,SDSYSFIELD_LINKDO,SDSYSFIELD_SETSQL,SDSYSFIELD_MIN,SDSYSFIELD_MAX,SDSYSFIELD_FJMAX,SDSYSFIELD_FJEXT) values('SDBGS0006','YXXSHJ_SHR','1','审核人','','YXXSHJ','0','0','0','','',' ','1','0210','','','','',' ', 15 ,'','MB','0', 1 , 1 , 200 ,'','', 2 ,'7','0','0','0','','','0','0', 54 , 54 ,'0','','0','1','','','','','','',0,'')
go
insert into SDSYSFIELD(SDSYSFIELD_ID,SDSYSFIELD_LMMC,SDSYSFIELD_LMZT,SDSYSFIELD_LMBM,SDSYSFIELD_TITLE,SDSYSFIELD_TABLE,SDSYSFIELD_SFBZ,SDSYSFIELD_KZBZ,SDSYSFIELD_SFSPXM,SDSYSFIELD_BZBM,SDSYSFIELD_BZBH,SDSYSFIELD_BZTJ,SDSYSFIELD_SFBT,SDSYSFIELD_XSXH,SDSYSFIELD_GLBM,SDSYSFIELD_BHZD,SDSYSFIELD_NMZD,SDSYSFIELD_MCZD,SDSYSFIELD_SQL,SDSYSFIELD_WIDTH,SDSYSFIELD_SPJD,SDSYSFIELD_TABID,SDSYSFIELD_TYPE,SDSYSFIELD_COLSPAN,SDSYSFIELD_ROWSPAN,SDSYSFIELD_LENGTH,SDSYSFIELD_DEFAULT,SDSYSFIELD_LIST,SDSYSFIELD_PRECISION,SDSYSFIELD_FIELDTYPE,SDSYSFIELD_READONLY,SDSYSFIELD_LISTFLAG,SDSYSFIELD_LOCALESTRING,SDSYSFIELD_ZDQXBH,SDSYSFIELD_DXLB,SDSYSFIELD_DRBZ,SDSYSFIELD_DRBT,SDSYSFIELD_DRXH,SDSYSFIELD_LBXH,SDSYSFIELD_ISFILTER,SDSYSFIELD_FILTERDISP,SDSYSFIELD_NEWLINE,SDSYSFIELD_NEWLINESHOW,SDSYSFIELD_NEWLINETITLE,SDSYSFIELD_GUID,SDSYSFIELD_LINKDO,SDSYSFIELD_SETSQL,SDSYSFIELD_MIN,SDSYSFIELD_MAX,SDSYSFIELD_FJMAX,SDSYSFIELD_FJEXT) values('SDBGS0006','YXXSHJ_SPDX','1','审批对象','','YXXSHJ','0','0','0','','',' ','1','0220','','','','',' ', 0 ,'','MB','0', 1 , 1 , 40 ,'','', 2 ,'0','0','0','0','','','0','0', 54 , 54 ,'0','','0','1','','','','','','',0,'')
go
insert into SDSYSFIELD(SDSYSFIELD_ID,SDSYSFIELD_LMMC,SDSYSFIELD_LMZT,SDSYSFIELD_LMBM,SDSYSFIELD_TITLE,SDSYSFIELD_TABLE,SDSYSFIELD_SFBZ,SDSYSFIELD_KZBZ,SDSYSFIELD_SFSPXM,SDSYSFIELD_BZBM,SDSYSFIELD_BZBH,SDSYSFIELD_BZTJ,SDSYSFIELD_SFBT,SDSYSFIELD_XSXH,SDSYSFIELD_GLBM,SDSYSFIELD_BHZD,SDSYSFIELD_NMZD,SDSYSFIELD_MCZD,SDSYSFIELD_SQL,SDSYSFIELD_WIDTH,SDSYSFIELD_SPJD,SDSYSFIELD_TABID,SDSYSFIELD_TYPE,SDSYSFIELD_COLSPAN,SDSYSFIELD_ROWSPAN,SDSYSFIELD_LENGTH,SDSYSFIELD_DEFAULT,SDSYSFIELD_LIST,SDSYSFIELD_PRECISION,SDSYSFIELD_FIELDTYPE,SDSYSFIELD_READONLY,SDSYSFIELD_LISTFLAG,SDSYSFIELD_LOCALESTRING,SDSYSFIELD_ZDQXBH,SDSYSFIELD_DXLB,SDSYSFIELD_DRBZ,SDSYSFIELD_DRBT,SDSYSFIELD_DRXH,SDSYSFIELD_LBXH,SDSYSFIELD_ISFILTER,SDSYSFIELD_FILTERDISP,SDSYSFIELD_NEWLINE,SDSYSFIELD_NEWLINESHOW,SDSYSFIELD_NEWLINETITLE,SDSYSFIELD_GUID,SDSYSFIELD_LINKDO,SDSYSFIELD_SETSQL,SDSYSFIELD_MIN,SDSYSFIELD_MAX,SDSYSFIELD_FJMAX,SDSYSFIELD_FJEXT) values('SDBGS0006','YXXSHJ_SHLC','0','审核流程','','YXXSHJ','0','0','0','','',' ','0','0230','','','','',' ', 15 ,'','MB','0', 1 , 1 , 4 ,'','', 2 ,'0','0','0','0','','','0','0', 55 , 55 ,'0','','0','1','','','','','','',0,'')
go
insert into SDSYSFIELD(SDSYSFIELD_ID,SDSYSFIELD_LMMC,SDSYSFIELD_LMZT,SDSYSFIELD_LMBM,SDSYSFIELD_TITLE,SDSYSFIELD_TABLE,SDSYSFIELD_SFBZ,SDSYSFIELD_KZBZ,SDSYSFIELD_SFSPXM,SDSYSFIELD_BZBM,SDSYSFIELD_BZBH,SDSYSFIELD_BZTJ,SDSYSFIELD_SFBT,SDSYSFIELD_XSXH,SDSYSFIELD_GLBM,SDSYSFIELD_BHZD,SDSYSFIELD_NMZD,SDSYSFIELD_MCZD,SDSYSFIELD_SQL,SDSYSFIELD_WIDTH,SDSYSFIELD_SPJD,SDSYSFIELD_TABID,SDSYSFIELD_TYPE,SDSYSFIELD_COLSPAN,SDSYSFIELD_ROWSPAN,SDSYSFIELD_LENGTH,SDSYSFIELD_DEFAULT,SDSYSFIELD_LIST,SDSYSFIELD_PRECISION,SDSYSFIELD_FIELDTYPE,SDSYSFIELD_READONLY,SDSYSFIELD_LISTFLAG,SDSYSFIELD_LOCALESTRING,SDSYSFIELD_ZDQXBH,SDSYSFIELD_DXLB,SDSYSFIELD_DRBZ,SDSYSFIELD_DRBT,SDSYSFIELD_DRXH,SDSYSFIELD_LBXH,SDSYSFIELD_ISFILTER,SDSYSFIELD_FILTERDISP,SDSYSFIELD_NEWLINE,SDSYSFIELD_NEWLINESHOW,SDSYSFIELD_NEWLINETITLE,SDSYSFIELD_GUID,SDSYSFIELD_LINKDO,SDSYSFIELD_SETSQL,SDSYSFIELD_MIN,SDSYSFIELD_MAX,SDSYSFIELD_FJMAX,SDSYSFIELD_FJEXT) values('SDBGS0006','YXXSHJ_GSID','1','销售公司','','YXXSHJ','0','0','0','LSBZDW','YX01','','1','0240','LSBZDW','LSBZDW_DWBH','','LSBZDW_DWMC','', 15 ,'','MB','0', 1 , 1 , 40 ,'@GSDWBH@','', 2 ,'0','0','0','0','','','0','0', 54 , 54 ,'0','','0','1','','','','','','',0,'')
go
insert into SDSYSFIELD(SDSYSFIELD_ID,SDSYSFIELD_LMMC,SDSYSFIELD_LMZT,SDSYSFIELD_LMBM,SDSYSFIELD_TITLE,SDSYSFIELD_TABLE,SDSYSFIELD_SFBZ,SDSYSFIELD_KZBZ,SDSYSFIELD_SFSPXM,SDSYSFIELD_BZBM,SDSYSFIELD_BZBH,SDSYSFIELD_BZTJ,SDSYSFIELD_SFBT,SDSYSFIELD_XSXH,SDSYSFIELD_GLBM,SDSYSFIELD_BHZD,SDSYSFIELD_NMZD,SDSYSFIELD_MCZD,SDSYSFIELD_SQL,SDSYSFIELD_WIDTH,SDSYSFIELD_SPJD,SDSYSFIELD_TABID,SDSYSFIELD_TYPE,SDSYSFIELD_COLSPAN,SDSYSFIELD_ROWSPAN,SDSYSFIELD_LENGTH,SDSYSFIELD_DEFAULT,SDSYSFIELD_LIST,SDSYSFIELD_PRECISION,SDSYSFIELD_FIELDTYPE,SDSYSFIELD_READONLY,SDSYSFIELD_LISTFLAG,SDSYSFIELD_LOCALESTRING,SDSYSFIELD_ZDQXBH,SDSYSFIELD_DXLB,SDSYSFIELD_DRBZ,SDSYSFIELD_DRBT,SDSYSFIELD_DRXH,SDSYSFIELD_LBXH,SDSYSFIELD_ISFILTER,SDSYSFIELD_FILTERDISP,SDSYSFIELD_NEWLINE,SDSYSFIELD_NEWLINESHOW,SDSYSFIELD_NEWLINETITLE,SDSYSFIELD_GUID,SDSYSFIELD_LINKDO,SDSYSFIELD_SETSQL,SDSYSFIELD_MIN,SDSYSFIELD_MAX,SDSYSFIELD_FJMAX,SDSYSFIELD_FJEXT) values('SDBGS0006','YXXSHJMX_FLBH','0','分录流水','','YXXSHJMX','0','0','0','','',' ','0','0250','','','','',' ', 15 ,'','I1','0', 1 , 1 , 20 ,'','', 2 ,'4','0','0','0','','','0','0', 1 , 1 ,'0','','0','1','','','','','','',0,'')
go
insert into SDSYSFIELD(SDSYSFIELD_ID,SDSYSFIELD_LMMC,SDSYSFIELD_LMZT,SDSYSFIELD_LMBM,SDSYSFIELD_TITLE,SDSYSFIELD_TABLE,SDSYSFIELD_SFBZ,SDSYSFIELD_KZBZ,SDSYSFIELD_SFSPXM,SDSYSFIELD_BZBM,SDSYSFIELD_BZBH,SDSYSFIELD_BZTJ,SDSYSFIELD_SFBT,SDSYSFIELD_XSXH,SDSYSFIELD_GLBM,SDSYSFIELD_BHZD,SDSYSFIELD_NMZD,SDSYSFIELD_MCZD,SDSYSFIELD_SQL,SDSYSFIELD_WIDTH,SDSYSFIELD_SPJD,SDSYSFIELD_TABID,SDSYSFIELD_TYPE,SDSYSFIELD_COLSPAN,SDSYSFIELD_ROWSPAN,SDSYSFIELD_LENGTH,SDSYSFIELD_DEFAULT,SDSYSFIELD_LIST,SDSYSFIELD_PRECISION,SDSYSFIELD_FIELDTYPE,SDSYSFIELD_READONLY,SDSYSFIELD_LISTFLAG,SDSYSFIELD_LOCALESTRING,SDSYSFIELD_ZDQXBH,SDSYSFIELD_DXLB,SDSYSFIELD_DRBZ,SDSYSFIELD_DRBT,SDSYSFIELD_DRXH,SDSYSFIELD_LBXH,SDSYSFIELD_ISFILTER,SDSYSFIELD_FILTERDISP,SDSYSFIELD_NEWLINE,SDSYSFIELD_NEWLINESHOW,SDSYSFIELD_NEWLINETITLE,SDSYSFIELD_GUID,SDSYSFIELD_LINKDO,SDSYSFIELD_SETSQL,SDSYSFIELD_MIN,SDSYSFIELD_MAX,SDSYSFIELD_FJMAX,SDSYSFIELD_FJEXT) values('SDBGS0006','YXXSHJMX_LSBH','0','单据流水','','YXXSHJMX','0','0','0','','',' ','0','0260','','','','',' ', 15 ,'','I1','0', 1 , 1 , 36 ,'','', 2 ,'1','0','0','0','','','0','0', 0 , 0 ,'0','','0','1','','','','','','',0,'')
go
insert into SDSYSFIELD(SDSYSFIELD_ID,SDSYSFIELD_LMMC,SDSYSFIELD_LMZT,SDSYSFIELD_LMBM,SDSYSFIELD_TITLE,SDSYSFIELD_TABLE,SDSYSFIELD_SFBZ,SDSYSFIELD_KZBZ,SDSYSFIELD_SFSPXM,SDSYSFIELD_BZBM,SDSYSFIELD_BZBH,SDSYSFIELD_BZTJ,SDSYSFIELD_SFBT,SDSYSFIELD_XSXH,SDSYSFIELD_GLBM,SDSYSFIELD_BHZD,SDSYSFIELD_NMZD,SDSYSFIELD_MCZD,SDSYSFIELD_SQL,SDSYSFIELD_WIDTH,SDSYSFIELD_SPJD,SDSYSFIELD_TABID,SDSYSFIELD_TYPE,SDSYSFIELD_COLSPAN,SDSYSFIELD_ROWSPAN,SDSYSFIELD_LENGTH,SDSYSFIELD_DEFAULT,SDSYSFIELD_LIST,SDSYSFIELD_PRECISION,SDSYSFIELD_FIELDTYPE,SDSYSFIELD_READONLY,SDSYSFIELD_LISTFLAG,SDSYSFIELD_LOCALESTRING,SDSYSFIELD_ZDQXBH,SDSYSFIELD_DXLB,SDSYSFIELD_DRBZ,SDSYSFIELD_DRBT,SDSYSFIELD_DRXH,SDSYSFIELD_LBXH,SDSYSFIELD_ISFILTER,SDSYSFIELD_FILTERDISP,SDSYSFIELD_NEWLINE,SDSYSFIELD_NEWLINESHOW,SDSYSFIELD_NEWLINETITLE,SDSYSFIELD_GUID,SDSYSFIELD_LINKDO,SDSYSFIELD_SETSQL,SDSYSFIELD_MIN,SDSYSFIELD_MAX,SDSYSFIELD_FJMAX,SDSYSFIELD_FJEXT) values('SDBGS0006','YXXSHJMX_WLBH','1','产品','产品','YXXSHJMX','0','0','0','VW_HT_YXWLZD','HT1','','1','0270','VW_HT_YXWLZD','YXWLZD_WLBH','YXWLZD_NM','YXWLZD_SPM','', 15 ,'','I1','0', 1 , 1 , 40 ,'','', 2 ,'0','0','0','0','','','0','0', 1 , 1 ,'0','','0','1','',' ','','','','',0,'')
go
insert into SDSYSFIELD(SDSYSFIELD_ID,SDSYSFIELD_LMMC,SDSYSFIELD_LMZT,SDSYSFIELD_LMBM,SDSYSFIELD_TITLE,SDSYSFIELD_TABLE,SDSYSFIELD_SFBZ,SDSYSFIELD_KZBZ,SDSYSFIELD_SFSPXM,SDSYSFIELD_BZBM,SDSYSFIELD_BZBH,SDSYSFIELD_BZTJ,SDSYSFIELD_SFBT,SDSYSFIELD_XSXH,SDSYSFIELD_GLBM,SDSYSFIELD_BHZD,SDSYSFIELD_NMZD,SDSYSFIELD_MCZD,SDSYSFIELD_SQL,SDSYSFIELD_WIDTH,SDSYSFIELD_SPJD,SDSYSFIELD_TABID,SDSYSFIELD_TYPE,SDSYSFIELD_COLSPAN,SDSYSFIELD_ROWSPAN,SDSYSFIELD_LENGTH,SDSYSFIELD_DEFAULT,SDSYSFIELD_LIST,SDSYSFIELD_PRECISION,SDSYSFIELD_FIELDTYPE,SDSYSFIELD_READONLY,SDSYSFIELD_LISTFLAG,SDSYSFIELD_LOCALESTRING,SDSYSFIELD_ZDQXBH,SDSYSFIELD_DXLB,SDSYSFIELD_DRBZ,SDSYSFIELD_DRBT,SDSYSFIELD_DRXH,SDSYSFIELD_LBXH,SDSYSFIELD_ISFILTER,SDSYSFIELD_FILTERDISP,SDSYSFIELD_NEWLINE,SDSYSFIELD_NEWLINESHOW,SDSYSFIELD_NEWLINETITLE,SDSYSFIELD_GUID,SDSYSFIELD_LINKDO,SDSYSFIELD_SETSQL,SDSYSFIELD_MIN,SDSYSFIELD_MAX,SDSYSFIELD_FJMAX,SDSYSFIELD_FJEXT) values('SDBGS0006','YXXSHJMX_GGXH','1','规格型号','','YXXSHJMX','0','0','0','','',' ','0','0280','','','','','select YXWLZD_GGXH FROM YXWLZD WHERE YXWLZD_NM = @YXXSHJMX_WLBH@', 15 ,'','I1','0', 1 , 1 , 40 ,'','', 2 ,'0','1','0','0','','','0','0', 1 , 1 ,'0','','0','1','','','','','','',0,'')
go
insert into SDSYSFIELD(SDSYSFIELD_ID,SDSYSFIELD_LMMC,SDSYSFIELD_LMZT,SDSYSFIELD_LMBM,SDSYSFIELD_TITLE,SDSYSFIELD_TABLE,SDSYSFIELD_SFBZ,SDSYSFIELD_KZBZ,SDSYSFIELD_SFSPXM,SDSYSFIELD_BZBM,SDSYSFIELD_BZBH,SDSYSFIELD_BZTJ,SDSYSFIELD_SFBT,SDSYSFIELD_XSXH,SDSYSFIELD_GLBM,SDSYSFIELD_BHZD,SDSYSFIELD_NMZD,SDSYSFIELD_MCZD,SDSYSFIELD_SQL,SDSYSFIELD_WIDTH,SDSYSFIELD_SPJD,SDSYSFIELD_TABID,SDSYSFIELD_TYPE,SDSYSFIELD_COLSPAN,SDSYSFIELD_ROWSPAN,SDSYSFIELD_LENGTH,SDSYSFIELD_DEFAULT,SDSYSFIELD_LIST,SDSYSFIELD_PRECISION,SDSYSFIELD_FIELDTYPE,SDSYSFIELD_READONLY,SDSYSFIELD_LISTFLAG,SDSYSFIELD_LOCALESTRING,SDSYSFIELD_ZDQXBH,SDSYSFIELD_DXLB,SDSYSFIELD_DRBZ,SDSYSFIELD_DRBT,SDSYSFIELD_DRXH,SDSYSFIELD_LBXH,SDSYSFIELD_ISFILTER,SDSYSFIELD_FILTERDISP,SDSYSFIELD_NEWLINE,SDSYSFIELD_NEWLINESHOW,SDSYSFIELD_NEWLINETITLE,SDSYSFIELD_GUID,SDSYSFIELD_LINKDO,SDSYSFIELD_SETSQL,SDSYSFIELD_MIN,SDSYSFIELD_MAX,SDSYSFIELD_FJMAX,SDSYSFIELD_FJEXT) values('SDBGS0006','YXXSHJMX_JLDW','1','计量单位','','YXXSHJMX','0','0','0','VW_ERPJLDW','YX1','','0','0290','VW_ERPJLDW JL1','JL1.ERPJLDW_BH','JL1.ERPJLDW_NM','JL1.ERPJLDW_MC','select YXWLZD_JLDW FROM YXWLZD WHERE YXWLZD_NM=@YXXSHJMX_WLBH@', 15 ,'','I1','0', 1 , 1 , 20 ,'','', 2 ,'0','0','0','0','','','0','0', 1 , 1 ,'0','','0','1','',' ','','','','',0,'')
go
insert into SDSYSFIELD(SDSYSFIELD_ID,SDSYSFIELD_LMMC,SDSYSFIELD_LMZT,SDSYSFIELD_LMBM,SDSYSFIELD_TITLE,SDSYSFIELD_TABLE,SDSYSFIELD_SFBZ,SDSYSFIELD_KZBZ,SDSYSFIELD_SFSPXM,SDSYSFIELD_BZBM,SDSYSFIELD_BZBH,SDSYSFIELD_BZTJ,SDSYSFIELD_SFBT,SDSYSFIELD_XSXH,SDSYSFIELD_GLBM,SDSYSFIELD_BHZD,SDSYSFIELD_NMZD,SDSYSFIELD_MCZD,SDSYSFIELD_SQL,SDSYSFIELD_WIDTH,SDSYSFIELD_SPJD,SDSYSFIELD_TABID,SDSYSFIELD_TYPE,SDSYSFIELD_COLSPAN,SDSYSFIELD_ROWSPAN,SDSYSFIELD_LENGTH,SDSYSFIELD_DEFAULT,SDSYSFIELD_LIST,SDSYSFIELD_PRECISION,SDSYSFIELD_FIELDTYPE,SDSYSFIELD_READONLY,SDSYSFIELD_LISTFLAG,SDSYSFIELD_LOCALESTRING,SDSYSFIELD_ZDQXBH,SDSYSFIELD_DXLB,SDSYSFIELD_DRBZ,SDSYSFIELD_DRBT,SDSYSFIELD_DRXH,SDSYSFIELD_LBXH,SDSYSFIELD_ISFILTER,SDSYSFIELD_FILTERDISP,SDSYSFIELD_NEWLINE,SDSYSFIELD_NEWLINESHOW,SDSYSFIELD_NEWLINETITLE,SDSYSFIELD_GUID,SDSYSFIELD_LINKDO,SDSYSFIELD_SETSQL,SDSYSFIELD_MIN,SDSYSFIELD_MAX,SDSYSFIELD_FJMAX,SDSYSFIELD_FJEXT) values('SDBGS0006','YXXSHJMX_DJ','1','单价','','YXXSHJMX','0','4','0',' ',' ','','0','0300',' ',' ',' ',' ','', 15 ,'','I1','1', 1 , 1 , 20 ,' ',' ', 2 ,'0','0','0','0','','','0','0', 1 , 1 ,'0','','0','1','',' ','','','','',0,'')
go
insert into SDSYSFIELD(SDSYSFIELD_ID,SDSYSFIELD_LMMC,SDSYSFIELD_LMZT,SDSYSFIELD_LMBM,SDSYSFIELD_TITLE,SDSYSFIELD_TABLE,SDSYSFIELD_SFBZ,SDSYSFIELD_KZBZ,SDSYSFIELD_SFSPXM,SDSYSFIELD_BZBM,SDSYSFIELD_BZBH,SDSYSFIELD_BZTJ,SDSYSFIELD_SFBT,SDSYSFIELD_XSXH,SDSYSFIELD_GLBM,SDSYSFIELD_BHZD,SDSYSFIELD_NMZD,SDSYSFIELD_MCZD,SDSYSFIELD_SQL,SDSYSFIELD_WIDTH,SDSYSFIELD_SPJD,SDSYSFIELD_TABID,SDSYSFIELD_TYPE,SDSYSFIELD_COLSPAN,SDSYSFIELD_ROWSPAN,SDSYSFIELD_LENGTH,SDSYSFIELD_DEFAULT,SDSYSFIELD_LIST,SDSYSFIELD_PRECISION,SDSYSFIELD_FIELDTYPE,SDSYSFIELD_READONLY,SDSYSFIELD_LISTFLAG,SDSYSFIELD_LOCALESTRING,SDSYSFIELD_ZDQXBH,SDSYSFIELD_DXLB,SDSYSFIELD_DRBZ,SDSYSFIELD_DRBT,SDSYSFIELD_DRXH,SDSYSFIELD_LBXH,SDSYSFIELD_ISFILTER,SDSYSFIELD_FILTERDISP,SDSYSFIELD_NEWLINE,SDSYSFIELD_NEWLINESHOW,SDSYSFIELD_NEWLINETITLE,SDSYSFIELD_GUID,SDSYSFIELD_LINKDO,SDSYSFIELD_SETSQL,SDSYSFIELD_MIN,SDSYSFIELD_MAX,SDSYSFIELD_FJMAX,SDSYSFIELD_FJEXT) values('SDBGS0006','YXXSHJMX_YJFHSL','1','月平均发货数量','','YXXSHJMX','0','4','0',' ',' ','','0','0310',' ',' ',' ',' ','', 15 ,'','I1','1', 1 , 1 , 20 ,' ',' ', 2 ,'0','1','0','0','','','0','0', 1 , 1 ,'0','','0','1','',' ','','','','',0,'')
go
insert into SDSYSFIELD(SDSYSFIELD_ID,SDSYSFIELD_LMMC,SDSYSFIELD_LMZT,SDSYSFIELD_LMBM,SDSYSFIELD_TITLE,SDSYSFIELD_TABLE,SDSYSFIELD_SFBZ,SDSYSFIELD_KZBZ,SDSYSFIELD_SFSPXM,SDSYSFIELD_BZBM,SDSYSFIELD_BZBH,SDSYSFIELD_BZTJ,SDSYSFIELD_SFBT,SDSYSFIELD_XSXH,SDSYSFIELD_GLBM,SDSYSFIELD_BHZD,SDSYSFIELD_NMZD,SDSYSFIELD_MCZD,SDSYSFIELD_SQL,SDSYSFIELD_WIDTH,SDSYSFIELD_SPJD,SDSYSFIELD_TABID,SDSYSFIELD_TYPE,SDSYSFIELD_COLSPAN,SDSYSFIELD_ROWSPAN,SDSYSFIELD_LENGTH,SDSYSFIELD_DEFAULT,SDSYSFIELD_LIST,SDSYSFIELD_PRECISION,SDSYSFIELD_FIELDTYPE,SDSYSFIELD_READONLY,SDSYSFIELD_LISTFLAG,SDSYSFIELD_LOCALESTRING,SDSYSFIELD_ZDQXBH,SDSYSFIELD_DXLB,SDSYSFIELD_DRBZ,SDSYSFIELD_DRBT,SDSYSFIELD_DRXH,SDSYSFIELD_LBXH,SDSYSFIELD_ISFILTER,SDSYSFIELD_FILTERDISP,SDSYSFIELD_NEWLINE,SDSYSFIELD_NEWLINESHOW,SDSYSFIELD_NEWLINETITLE,SDSYSFIELD_GUID,SDSYSFIELD_LINKDO,SDSYSFIELD_SETSQL,SDSYSFIELD_MIN,SDSYSFIELD_MAX,SDSYSFIELD_FJMAX,SDSYSFIELD_FJEXT) values('SDBGS0006','YXXSHJMX_YJLXSL','1','月平均流向销售数量','','YXXSHJMX','0','4','0',' ',' ','','0','0320',' ',' ',' ',' ','', 15 ,'','I1','1', 1 , 1 , 20 ,' ',' ', 2 ,'0','1','0','0','','','0','0', 1 , 1 ,'0','','0','1','',' ','','','','',0,'')
go
insert into SDSYSFIELD(SDSYSFIELD_ID,SDSYSFIELD_LMMC,SDSYSFIELD_LMZT,SDSYSFIELD_LMBM,SDSYSFIELD_TITLE,SDSYSFIELD_TABLE,SDSYSFIELD_SFBZ,SDSYSFIELD_KZBZ,SDSYSFIELD_SFSPXM,SDSYSFIELD_BZBM,SDSYSFIELD_BZBH,SDSYSFIELD_BZTJ,SDSYSFIELD_SFBT,SDSYSFIELD_XSXH,SDSYSFIELD_GLBM,SDSYSFIELD_BHZD,SDSYSFIELD_NMZD,SDSYSFIELD_MCZD,SDSYSFIELD_SQL,SDSYSFIELD_WIDTH,SDSYSFIELD_SPJD,SDSYSFIELD_TABID,SDSYSFIELD_TYPE,SDSYSFIELD_COLSPAN,SDSYSFIELD_ROWSPAN,SDSYSFIELD_LENGTH,SDSYSFIELD_DEFAULT,SDSYSFIELD_LIST,SDSYSFIELD_PRECISION,SDSYSFIELD_FIELDTYPE,SDSYSFIELD_READONLY,SDSYSFIELD_LISTFLAG,SDSYSFIELD_LOCALESTRING,SDSYSFIELD_ZDQXBH,SDSYSFIELD_DXLB,SDSYSFIELD_DRBZ,SDSYSFIELD_DRBT,SDSYSFIELD_DRXH,SDSYSFIELD_LBXH,SDSYSFIELD_ISFILTER,SDSYSFIELD_FILTERDISP,SDSYSFIELD_NEWLINE,SDSYSFIELD_NEWLINESHOW,SDSYSFIELD_NEWLINETITLE,SDSYSFIELD_GUID,SDSYSFIELD_LINKDO,SDSYSFIELD_SETSQL,SDSYSFIELD_MIN,SDSYSFIELD_MAX,SDSYSFIELD_FJMAX,SDSYSFIELD_FJEXT) values('SDBGS0006','YXXSHJMX_SYKCSL','1','商业库存数量','','YXXSHJMX','0','4','0',' ',' ','','0','0330',' ',' ',' ',' ','', 15 ,'','I1','1', 1 , 1 , 20 ,' ',' ', 2 ,'0','0','0','0','','','0','0', 1 , 1 ,'0','','0','1','','','','','','',0,'')
go
insert into SDSYSFIELD(SDSYSFIELD_ID,SDSYSFIELD_LMMC,SDSYSFIELD_LMZT,SDSYSFIELD_LMBM,SDSYSFIELD_TITLE,SDSYSFIELD_TABLE,SDSYSFIELD_SFBZ,SDSYSFIELD_KZBZ,SDSYSFIELD_SFSPXM,SDSYSFIELD_BZBM,SDSYSFIELD_BZBH,SDSYSFIELD_BZTJ,SDSYSFIELD_SFBT,SDSYSFIELD_XSXH,SDSYSFIELD_GLBM,SDSYSFIELD_BHZD,SDSYSFIELD_NMZD,SDSYSFIELD_MCZD,SDSYSFIELD_SQL,SDSYSFIELD_WIDTH,SDSYSFIELD_SPJD,SDSYSFIELD_TABID,SDSYSFIELD_TYPE,SDSYSFIELD_COLSPAN,SDSYSFIELD_ROWSPAN,SDSYSFIELD_LENGTH,SDSYSFIELD_DEFAULT,SDSYSFIELD_LIST,SDSYSFIELD_PRECISION,SDSYSFIELD_FIELDTYPE,SDSYSFIELD_READONLY,SDSYSFIELD_LISTFLAG,SDSYSFIELD_LOCALESTRING,SDSYSFIELD_ZDQXBH,SDSYSFIELD_DXLB,SDSYSFIELD_DRBZ,SDSYSFIELD_DRBT,SDSYSFIELD_DRXH,SDSYSFIELD_LBXH,SDSYSFIELD_ISFILTER,SDSYSFIELD_FILTERDISP,SDSYSFIELD_NEWLINE,SDSYSFIELD_NEWLINESHOW,SDSYSFIELD_NEWLINETITLE,SDSYSFIELD_GUID,SDSYSFIELD_LINKDO,SDSYSFIELD_SETSQL,SDSYSFIELD_MIN,SDSYSFIELD_MAX,SDSYSFIELD_FJMAX,SDSYSFIELD_FJEXT) values('SDBGS0006','YXXSHJMX_FDBL','1','浮动比率','','YXXSHJMX','0','0','0','','','','0','0340','','','','','', 15 ,'','I1','1', 1 , 1 , 20 ,'','', 2 ,'0','1','0','0','','','0','0', 1 , 1 ,'0','','0','1','',' ','','','','',0,'')
go
insert into SDSYSFIELD(SDSYSFIELD_ID,SDSYSFIELD_LMMC,SDSYSFIELD_LMZT,SDSYSFIELD_LMBM,SDSYSFIELD_TITLE,SDSYSFIELD_TABLE,SDSYSFIELD_SFBZ,SDSYSFIELD_KZBZ,SDSYSFIELD_SFSPXM,SDSYSFIELD_BZBM,SDSYSFIELD_BZBH,SDSYSFIELD_BZTJ,SDSYSFIELD_SFBT,SDSYSFIELD_XSXH,SDSYSFIELD_GLBM,SDSYSFIELD_BHZD,SDSYSFIELD_NMZD,SDSYSFIELD_MCZD,SDSYSFIELD_SQL,SDSYSFIELD_WIDTH,SDSYSFIELD_SPJD,SDSYSFIELD_TABID,SDSYSFIELD_TYPE,SDSYSFIELD_COLSPAN,SDSYSFIELD_ROWSPAN,SDSYSFIELD_LENGTH,SDSYSFIELD_DEFAULT,SDSYSFIELD_LIST,SDSYSFIELD_PRECISION,SDSYSFIELD_FIELDTYPE,SDSYSFIELD_READONLY,SDSYSFIELD_LISTFLAG,SDSYSFIELD_LOCALESTRING,SDSYSFIELD_ZDQXBH,SDSYSFIELD_DXLB,SDSYSFIELD_DRBZ,SDSYSFIELD_DRBT,SDSYSFIELD_DRXH,SDSYSFIELD_LBXH,SDSYSFIELD_ISFILTER,SDSYSFIELD_FILTERDISP,SDSYSFIELD_NEWLINE,SDSYSFIELD_NEWLINESHOW,SDSYSFIELD_NEWLINETITLE,SDSYSFIELD_GUID,SDSYSFIELD_LINKDO,SDSYSFIELD_SETSQL,SDSYSFIELD_MIN,SDSYSFIELD_MAX,SDSYSFIELD_FJMAX,SDSYSFIELD_FJEXT) values('SDBGS0006','YXXSHJMX_SYKCJE','1','商业库存金额','','YXXSHJMX','0','4','0',' ',' ','','0','0350',' ',' ',' ',' ','', 15 ,'','I1','1', 1 , 1 , 20 ,' ',' ', 2 ,'0','1','0','0','','','0','0', 1 , 1 ,'0','','0','1','',' ','','','','',0,'')
go
insert into SDSYSFIELD(SDSYSFIELD_ID,SDSYSFIELD_LMMC,SDSYSFIELD_LMZT,SDSYSFIELD_LMBM,SDSYSFIELD_TITLE,SDSYSFIELD_TABLE,SDSYSFIELD_SFBZ,SDSYSFIELD_KZBZ,SDSYSFIELD_SFSPXM,SDSYSFIELD_BZBM,SDSYSFIELD_BZBH,SDSYSFIELD_BZTJ,SDSYSFIELD_SFBT,SDSYSFIELD_XSXH,SDSYSFIELD_GLBM,SDSYSFIELD_BHZD,SDSYSFIELD_NMZD,SDSYSFIELD_MCZD,SDSYSFIELD_SQL,SDSYSFIELD_WIDTH,SDSYSFIELD_SPJD,SDSYSFIELD_TABID,SDSYSFIELD_TYPE,SDSYSFIELD_COLSPAN,SDSYSFIELD_ROWSPAN,SDSYSFIELD_LENGTH,SDSYSFIELD_DEFAULT,SDSYSFIELD_LIST,SDSYSFIELD_PRECISION,SDSYSFIELD_FIELDTYPE,SDSYSFIELD_READONLY,SDSYSFIELD_LISTFLAG,SDSYSFIELD_LOCALESTRING,SDSYSFIELD_ZDQXBH,SDSYSFIELD_DXLB,SDSYSFIELD_DRBZ,SDSYSFIELD_DRBT,SDSYSFIELD_DRXH,SDSYSFIELD_LBXH,SDSYSFIELD_ISFILTER,SDSYSFIELD_FILTERDISP,SDSYSFIELD_NEWLINE,SDSYSFIELD_NEWLINESHOW,SDSYSFIELD_NEWLINETITLE,SDSYSFIELD_GUID,SDSYSFIELD_LINKDO,SDSYSFIELD_SETSQL,SDSYSFIELD_MIN,SDSYSFIELD_MAX,SDSYSFIELD_FJMAX,SDSYSFIELD_FJEXT) values('SDBGS0006','YXXSHJMX_JHFHSL','1','计划发货数量','','YXXSHJMX','0','4','0',' ',' ',' ','0','0360',' ',' ',' ',' ',' ', 15 ,'','I1','1', 1 , 1 , 20 ,' ',' ', 2 ,'0','0','0','0','','','0','0', 1 , 1 ,'0','','0','1','','','','','','',0,'')
go
insert into SDSYSFIELD(SDSYSFIELD_ID,SDSYSFIELD_LMMC,SDSYSFIELD_LMZT,SDSYSFIELD_LMBM,SDSYSFIELD_TITLE,SDSYSFIELD_TABLE,SDSYSFIELD_SFBZ,SDSYSFIELD_KZBZ,SDSYSFIELD_SFSPXM,SDSYSFIELD_BZBM,SDSYSFIELD_BZBH,SDSYSFIELD_BZTJ,SDSYSFIELD_SFBT,SDSYSFIELD_XSXH,SDSYSFIELD_GLBM,SDSYSFIELD_BHZD,SDSYSFIELD_NMZD,SDSYSFIELD_MCZD,SDSYSFIELD_SQL,SDSYSFIELD_WIDTH,SDSYSFIELD_SPJD,SDSYSFIELD_TABID,SDSYSFIELD_TYPE,SDSYSFIELD_COLSPAN,SDSYSFIELD_ROWSPAN,SDSYSFIELD_LENGTH,SDSYSFIELD_DEFAULT,SDSYSFIELD_LIST,SDSYSFIELD_PRECISION,SDSYSFIELD_FIELDTYPE,SDSYSFIELD_READONLY,SDSYSFIELD_LISTFLAG,SDSYSFIELD_LOCALESTRING,SDSYSFIELD_ZDQXBH,SDSYSFIELD_DXLB,SDSYSFIELD_DRBZ,SDSYSFIELD_DRBT,SDSYSFIELD_DRXH,SDSYSFIELD_LBXH,SDSYSFIELD_ISFILTER,SDSYSFIELD_FILTERDISP,SDSYSFIELD_NEWLINE,SDSYSFIELD_NEWLINESHOW,SDSYSFIELD_NEWLINETITLE,SDSYSFIELD_GUID,SDSYSFIELD_LINKDO,SDSYSFIELD_SETSQL,SDSYSFIELD_MIN,SDSYSFIELD_MAX,SDSYSFIELD_FJMAX,SDSYSFIELD_FJEXT) values('SDBGS0006','YXXSHJMX_JHFHJE','1','计划发货金额','','YXXSHJMX','0','4','0',' ',' ','','0','0370',' ',' ',' ',' ','@YXXSHJMX_DJ@*@YXXSHJMX_JHFHSL@', 15 ,'','I1','1', 1 , 1 , 20 ,' ',' ', 2 ,'0','1','0','0','','','0','0', 1 , 1 ,'0','','0','1','',' ','','','','',0,'')
go
insert into SDSYSFIELD(SDSYSFIELD_ID,SDSYSFIELD_LMMC,SDSYSFIELD_LMZT,SDSYSFIELD_LMBM,SDSYSFIELD_TITLE,SDSYSFIELD_TABLE,SDSYSFIELD_SFBZ,SDSYSFIELD_KZBZ,SDSYSFIELD_SFSPXM,SDSYSFIELD_BZBM,SDSYSFIELD_BZBH,SDSYSFIELD_BZTJ,SDSYSFIELD_SFBT,SDSYSFIELD_XSXH,SDSYSFIELD_GLBM,SDSYSFIELD_BHZD,SDSYSFIELD_NMZD,SDSYSFIELD_MCZD,SDSYSFIELD_SQL,SDSYSFIELD_WIDTH,SDSYSFIELD_SPJD,SDSYSFIELD_TABID,SDSYSFIELD_TYPE,SDSYSFIELD_COLSPAN,SDSYSFIELD_ROWSPAN,SDSYSFIELD_LENGTH,SDSYSFIELD_DEFAULT,SDSYSFIELD_LIST,SDSYSFIELD_PRECISION,SDSYSFIELD_FIELDTYPE,SDSYSFIELD_READONLY,SDSYSFIELD_LISTFLAG,SDSYSFIELD_LOCALESTRING,SDSYSFIELD_ZDQXBH,SDSYSFIELD_DXLB,SDSYSFIELD_DRBZ,SDSYSFIELD_DRBT,SDSYSFIELD_DRXH,SDSYSFIELD_LBXH,SDSYSFIELD_ISFILTER,SDSYSFIELD_FILTERDISP,SDSYSFIELD_NEWLINE,SDSYSFIELD_NEWLINESHOW,SDSYSFIELD_NEWLINETITLE,SDSYSFIELD_GUID,SDSYSFIELD_LINKDO,SDSYSFIELD_SETSQL,SDSYSFIELD_MIN,SDSYSFIELD_MAX,SDSYSFIELD_FJMAX,SDSYSFIELD_FJEXT) values('SDBGS0006','YXXSHJMX_ZJLSM','1','增加量说明','','YXXSHJMX','0','0','0',' ',' ',' ','0','0380',' ',' ',' ',' ',' ', 15 ,'','I1','0', 1 , 1 , 200 ,' ',' ', 2 ,'0','0','0','0','','','0','0', 1 , 1 ,'0','','0','1','','','','','','',0,'')
go
insert into SDSYSFIELD(SDSYSFIELD_ID,SDSYSFIELD_LMMC,SDSYSFIELD_LMZT,SDSYSFIELD_LMBM,SDSYSFIELD_TITLE,SDSYSFIELD_TABLE,SDSYSFIELD_SFBZ,SDSYSFIELD_KZBZ,SDSYSFIELD_SFSPXM,SDSYSFIELD_BZBM,SDSYSFIELD_BZBH,SDSYSFIELD_BZTJ,SDSYSFIELD_SFBT,SDSYSFIELD_XSXH,SDSYSFIELD_GLBM,SDSYSFIELD_BHZD,SDSYSFIELD_NMZD,SDSYSFIELD_MCZD,SDSYSFIELD_SQL,SDSYSFIELD_WIDTH,SDSYSFIELD_SPJD,SDSYSFIELD_TABID,SDSYSFIELD_TYPE,SDSYSFIELD_COLSPAN,SDSYSFIELD_ROWSPAN,SDSYSFIELD_LENGTH,SDSYSFIELD_DEFAULT,SDSYSFIELD_LIST,SDSYSFIELD_PRECISION,SDSYSFIELD_FIELDTYPE,SDSYSFIELD_READONLY,SDSYSFIELD_LISTFLAG,SDSYSFIELD_LOCALESTRING,SDSYSFIELD_ZDQXBH,SDSYSFIELD_DXLB,SDSYSFIELD_DRBZ,SDSYSFIELD_DRBT,SDSYSFIELD_DRXH,SDSYSFIELD_LBXH,SDSYSFIELD_ISFILTER,SDSYSFIELD_FILTERDISP,SDSYSFIELD_NEWLINE,SDSYSFIELD_NEWLINESHOW,SDSYSFIELD_NEWLINETITLE,SDSYSFIELD_GUID,SDSYSFIELD_LINKDO,SDSYSFIELD_SETSQL,SDSYSFIELD_MIN,SDSYSFIELD_MAX,SDSYSFIELD_FJMAX,SDSYSFIELD_FJEXT) values('SDBGS0006','YXXSHJMX_BYYFSL','1','本月已发货数量','','YXXSHJMX','0','4','0',' ',' ','','0','0390',' ',' ',' ',' ','', 15 ,'','I1','1', 1 , 1 , 20 ,' ',' ', 2 ,'0','1','0','0','','','0','0', 1 , 1 ,'0','','0','1','',' ','','','','',0,'')
go
insert into SDSYSFIELD(SDSYSFIELD_ID,SDSYSFIELD_LMMC,SDSYSFIELD_LMZT,SDSYSFIELD_LMBM,SDSYSFIELD_TITLE,SDSYSFIELD_TABLE,SDSYSFIELD_SFBZ,SDSYSFIELD_KZBZ,SDSYSFIELD_SFSPXM,SDSYSFIELD_BZBM,SDSYSFIELD_BZBH,SDSYSFIELD_BZTJ,SDSYSFIELD_SFBT,SDSYSFIELD_XSXH,SDSYSFIELD_GLBM,SDSYSFIELD_BHZD,SDSYSFIELD_NMZD,SDSYSFIELD_MCZD,SDSYSFIELD_SQL,SDSYSFIELD_WIDTH,SDSYSFIELD_SPJD,SDSYSFIELD_TABID,SDSYSFIELD_TYPE,SDSYSFIELD_COLSPAN,SDSYSFIELD_ROWSPAN,SDSYSFIELD_LENGTH,SDSYSFIELD_DEFAULT,SDSYSFIELD_LIST,SDSYSFIELD_PRECISION,SDSYSFIELD_FIELDTYPE,SDSYSFIELD_READONLY,SDSYSFIELD_LISTFLAG,SDSYSFIELD_LOCALESTRING,SDSYSFIELD_ZDQXBH,SDSYSFIELD_DXLB,SDSYSFIELD_DRBZ,SDSYSFIELD_DRBT,SDSYSFIELD_DRXH,SDSYSFIELD_LBXH,SDSYSFIELD_ISFILTER,SDSYSFIELD_FILTERDISP,SDSYSFIELD_NEWLINE,SDSYSFIELD_NEWLINESHOW,SDSYSFIELD_NEWLINETITLE,SDSYSFIELD_GUID,SDSYSFIELD_LINKDO,SDSYSFIELD_SETSQL,SDSYSFIELD_MIN,SDSYSFIELD_MAX,SDSYSFIELD_FJMAX,SDSYSFIELD_FJEXT) values('SDBGS0006','YXXSHJMX_JH1','0','第一月计划量','','YXXSHJMX','0','3','0','','',' ','1','0400','','','','',' ', 15 ,'','I1','1', 1 , 1 , 40 ,'','', 2 ,'0','0','0','0','','','0','0', 1 , 1 ,'0','','0','1','','','','','','',0,'')
go
insert into SDSYSFIELD(SDSYSFIELD_ID,SDSYSFIELD_LMMC,SDSYSFIELD_LMZT,SDSYSFIELD_LMBM,SDSYSFIELD_TITLE,SDSYSFIELD_TABLE,SDSYSFIELD_SFBZ,SDSYSFIELD_KZBZ,SDSYSFIELD_SFSPXM,SDSYSFIELD_BZBM,SDSYSFIELD_BZBH,SDSYSFIELD_BZTJ,SDSYSFIELD_SFBT,SDSYSFIELD_XSXH,SDSYSFIELD_GLBM,SDSYSFIELD_BHZD,SDSYSFIELD_NMZD,SDSYSFIELD_MCZD,SDSYSFIELD_SQL,SDSYSFIELD_WIDTH,SDSYSFIELD_SPJD,SDSYSFIELD_TABID,SDSYSFIELD_TYPE,SDSYSFIELD_COLSPAN,SDSYSFIELD_ROWSPAN,SDSYSFIELD_LENGTH,SDSYSFIELD_DEFAULT,SDSYSFIELD_LIST,SDSYSFIELD_PRECISION,SDSYSFIELD_FIELDTYPE,SDSYSFIELD_READONLY,SDSYSFIELD_LISTFLAG,SDSYSFIELD_LOCALESTRING,SDSYSFIELD_ZDQXBH,SDSYSFIELD_DXLB,SDSYSFIELD_DRBZ,SDSYSFIELD_DRBT,SDSYSFIELD_DRXH,SDSYSFIELD_LBXH,SDSYSFIELD_ISFILTER,SDSYSFIELD_FILTERDISP,SDSYSFIELD_NEWLINE,SDSYSFIELD_NEWLINESHOW,SDSYSFIELD_NEWLINETITLE,SDSYSFIELD_GUID,SDSYSFIELD_LINKDO,SDSYSFIELD_SETSQL,SDSYSFIELD_MIN,SDSYSFIELD_MAX,SDSYSFIELD_FJMAX,SDSYSFIELD_FJEXT) values('SDBGS0006','YXXSHJMX_SHJH1','0','第一月审核量','','YXXSHJMX','0','3','0','','',' ','1','0410','','','','',' ', 0 ,'','I1','1', 1 , 1 , 40 ,'','', 2 ,'0','0','0','0','','','0','0', 1 , 1 ,'0','','0','1','','','','','','',0,'')
go
insert into SDSYSFIELD(SDSYSFIELD_ID,SDSYSFIELD_LMMC,SDSYSFIELD_LMZT,SDSYSFIELD_LMBM,SDSYSFIELD_TITLE,SDSYSFIELD_TABLE,SDSYSFIELD_SFBZ,SDSYSFIELD_KZBZ,SDSYSFIELD_SFSPXM,SDSYSFIELD_BZBM,SDSYSFIELD_BZBH,SDSYSFIELD_BZTJ,SDSYSFIELD_SFBT,SDSYSFIELD_XSXH,SDSYSFIELD_GLBM,SDSYSFIELD_BHZD,SDSYSFIELD_NMZD,SDSYSFIELD_MCZD,SDSYSFIELD_SQL,SDSYSFIELD_WIDTH,SDSYSFIELD_SPJD,SDSYSFIELD_TABID,SDSYSFIELD_TYPE,SDSYSFIELD_COLSPAN,SDSYSFIELD_ROWSPAN,SDSYSFIELD_LENGTH,SDSYSFIELD_DEFAULT,SDSYSFIELD_LIST,SDSYSFIELD_PRECISION,SDSYSFIELD_FIELDTYPE,SDSYSFIELD_READONLY,SDSYSFIELD_LISTFLAG,SDSYSFIELD_LOCALESTRING,SDSYSFIELD_ZDQXBH,SDSYSFIELD_DXLB,SDSYSFIELD_DRBZ,SDSYSFIELD_DRBT,SDSYSFIELD_DRXH,SDSYSFIELD_LBXH,SDSYSFIELD_ISFILTER,SDSYSFIELD_FILTERDISP,SDSYSFIELD_NEWLINE,SDSYSFIELD_NEWLINESHOW,SDSYSFIELD_NEWLINETITLE,SDSYSFIELD_GUID,SDSYSFIELD_LINKDO,SDSYSFIELD_SETSQL,SDSYSFIELD_MIN,SDSYSFIELD_MAX,SDSYSFIELD_FJMAX,SDSYSFIELD_FJEXT) values('SDBGS0006','YXXSHJMX_JH2','0','第二月计划量','','YXXSHJMX','0','3','0','','',' ','1','0420','','','','',' ', 15 ,'','I1','1', 1 , 1 , 40 ,'','', 2 ,'0','0','0','0','','','0','0', 1 , 1 ,'0','','0','1','','','','','','',0,'')
go
insert into SDSYSFIELD(SDSYSFIELD_ID,SDSYSFIELD_LMMC,SDSYSFIELD_LMZT,SDSYSFIELD_LMBM,SDSYSFIELD_TITLE,SDSYSFIELD_TABLE,SDSYSFIELD_SFBZ,SDSYSFIELD_KZBZ,SDSYSFIELD_SFSPXM,SDSYSFIELD_BZBM,SDSYSFIELD_BZBH,SDSYSFIELD_BZTJ,SDSYSFIELD_SFBT,SDSYSFIELD_XSXH,SDSYSFIELD_GLBM,SDSYSFIELD_BHZD,SDSYSFIELD_NMZD,SDSYSFIELD_MCZD,SDSYSFIELD_SQL,SDSYSFIELD_WIDTH,SDSYSFIELD_SPJD,SDSYSFIELD_TABID,SDSYSFIELD_TYPE,SDSYSFIELD_COLSPAN,SDSYSFIELD_ROWSPAN,SDSYSFIELD_LENGTH,SDSYSFIELD_DEFAULT,SDSYSFIELD_LIST,SDSYSFIELD_PRECISION,SDSYSFIELD_FIELDTYPE,SDSYSFIELD_READONLY,SDSYSFIELD_LISTFLAG,SDSYSFIELD_LOCALESTRING,SDSYSFIELD_ZDQXBH,SDSYSFIELD_DXLB,SDSYSFIELD_DRBZ,SDSYSFIELD_DRBT,SDSYSFIELD_DRXH,SDSYSFIELD_LBXH,SDSYSFIELD_ISFILTER,SDSYSFIELD_FILTERDISP,SDSYSFIELD_NEWLINE,SDSYSFIELD_NEWLINESHOW,SDSYSFIELD_NEWLINETITLE,SDSYSFIELD_GUID,SDSYSFIELD_LINKDO,SDSYSFIELD_SETSQL,SDSYSFIELD_MIN,SDSYSFIELD_MAX,SDSYSFIELD_FJMAX,SDSYSFIELD_FJEXT) values('SDBGS0006','YXXSHJMX_SHJH2','0','第二月审核量','','YXXSHJMX','0','3','0','','',' ','1','0430','','','','',' ', 0 ,'','I1','1', 1 , 1 , 40 ,'','', 2 ,'0','0','0','0','','','0','0', 1 , 1 ,'0','','0','1','','','','','','',0,'')
go
insert into SDSYSFIELD(SDSYSFIELD_ID,SDSYSFIELD_LMMC,SDSYSFIELD_LMZT,SDSYSFIELD_LMBM,SDSYSFIELD_TITLE,SDSYSFIELD_TABLE,SDSYSFIELD_SFBZ,SDSYSFIELD_KZBZ,SDSYSFIELD_SFSPXM,SDSYSFIELD_BZBM,SDSYSFIELD_BZBH,SDSYSFIELD_BZTJ,SDSYSFIELD_SFBT,SDSYSFIELD_XSXH,SDSYSFIELD_GLBM,SDSYSFIELD_BHZD,SDSYSFIELD_NMZD,SDSYSFIELD_MCZD,SDSYSFIELD_SQL,SDSYSFIELD_WIDTH,SDSYSFIELD_SPJD,SDSYSFIELD_TABID,SDSYSFIELD_TYPE,SDSYSFIELD_COLSPAN,SDSYSFIELD_ROWSPAN,SDSYSFIELD_LENGTH,SDSYSFIELD_DEFAULT,SDSYSFIELD_LIST,SDSYSFIELD_PRECISION,SDSYSFIELD_FIELDTYPE,SDSYSFIELD_READONLY,SDSYSFIELD_LISTFLAG,SDSYSFIELD_LOCALESTRING,SDSYSFIELD_ZDQXBH,SDSYSFIELD_DXLB,SDSYSFIELD_DRBZ,SDSYSFIELD_DRBT,SDSYSFIELD_DRXH,SDSYSFIELD_LBXH,SDSYSFIELD_ISFILTER,SDSYSFIELD_FILTERDISP,SDSYSFIELD_NEWLINE,SDSYSFIELD_NEWLINESHOW,SDSYSFIELD_NEWLINETITLE,SDSYSFIELD_GUID,SDSYSFIELD_LINKDO,SDSYSFIELD_SETSQL,SDSYSFIELD_MIN,SDSYSFIELD_MAX,SDSYSFIELD_FJMAX,SDSYSFIELD_FJEXT) values('SDBGS0006','YXXSHJMX_JH3','0','第三月计划量','','YXXSHJMX','0','3','0','','',' ','1','0440','','','','',' ', 15 ,'','I1','1', 1 , 1 , 40 ,'','', 2 ,'0','0','0','0','','','0','0', 1 , 1 ,'0','','0','1','','','','','','',0,'')
go
insert into SDSYSFIELD(SDSYSFIELD_ID,SDSYSFIELD_LMMC,SDSYSFIELD_LMZT,SDSYSFIELD_LMBM,SDSYSFIELD_TITLE,SDSYSFIELD_TABLE,SDSYSFIELD_SFBZ,SDSYSFIELD_KZBZ,SDSYSFIELD_SFSPXM,SDSYSFIELD_BZBM,SDSYSFIELD_BZBH,SDSYSFIELD_BZTJ,SDSYSFIELD_SFBT,SDSYSFIELD_XSXH,SDSYSFIELD_GLBM,SDSYSFIELD_BHZD,SDSYSFIELD_NMZD,SDSYSFIELD_MCZD,SDSYSFIELD_SQL,SDSYSFIELD_WIDTH,SDSYSFIELD_SPJD,SDSYSFIELD_TABID,SDSYSFIELD_TYPE,SDSYSFIELD_COLSPAN,SDSYSFIELD_ROWSPAN,SDSYSFIELD_LENGTH,SDSYSFIELD_DEFAULT,SDSYSFIELD_LIST,SDSYSFIELD_PRECISION,SDSYSFIELD_FIELDTYPE,SDSYSFIELD_READONLY,SDSYSFIELD_LISTFLAG,SDSYSFIELD_LOCALESTRING,SDSYSFIELD_ZDQXBH,SDSYSFIELD_DXLB,SDSYSFIELD_DRBZ,SDSYSFIELD_DRBT,SDSYSFIELD_DRXH,SDSYSFIELD_LBXH,SDSYSFIELD_ISFILTER,SDSYSFIELD_FILTERDISP,SDSYSFIELD_NEWLINE,SDSYSFIELD_NEWLINESHOW,SDSYSFIELD_NEWLINETITLE,SDSYSFIELD_GUID,SDSYSFIELD_LINKDO,SDSYSFIELD_SETSQL,SDSYSFIELD_MIN,SDSYSFIELD_MAX,SDSYSFIELD_FJMAX,SDSYSFIELD_FJEXT) values('SDBGS0006','YXXSHJMX_SHJH3','0','第三月审核量','','YXXSHJMX','0','3','0','','',' ','1','0450','','','','',' ', 0 ,'','I1','1', 1 , 1 , 40 ,'','', 2 ,'0','0','0','0','','','0','0', 1 , 1 ,'0','','0','1','','','','','','',0,'')
go
insert into SDSYSFIELD(SDSYSFIELD_ID,SDSYSFIELD_LMMC,SDSYSFIELD_LMZT,SDSYSFIELD_LMBM,SDSYSFIELD_TITLE,SDSYSFIELD_TABLE,SDSYSFIELD_SFBZ,SDSYSFIELD_KZBZ,SDSYSFIELD_SFSPXM,SDSYSFIELD_BZBM,SDSYSFIELD_BZBH,SDSYSFIELD_BZTJ,SDSYSFIELD_SFBT,SDSYSFIELD_XSXH,SDSYSFIELD_GLBM,SDSYSFIELD_BHZD,SDSYSFIELD_NMZD,SDSYSFIELD_MCZD,SDSYSFIELD_SQL,SDSYSFIELD_WIDTH,SDSYSFIELD_SPJD,SDSYSFIELD_TABID,SDSYSFIELD_TYPE,SDSYSFIELD_COLSPAN,SDSYSFIELD_ROWSPAN,SDSYSFIELD_LENGTH,SDSYSFIELD_DEFAULT,SDSYSFIELD_LIST,SDSYSFIELD_PRECISION,SDSYSFIELD_FIELDTYPE,SDSYSFIELD_READONLY,SDSYSFIELD_LISTFLAG,SDSYSFIELD_LOCALESTRING,SDSYSFIELD_ZDQXBH,SDSYSFIELD_DXLB,SDSYSFIELD_DRBZ,SDSYSFIELD_DRBT,SDSYSFIELD_DRXH,SDSYSFIELD_LBXH,SDSYSFIELD_ISFILTER,SDSYSFIELD_FILTERDISP,SDSYSFIELD_NEWLINE,SDSYSFIELD_NEWLINESHOW,SDSYSFIELD_NEWLINETITLE,SDSYSFIELD_GUID,SDSYSFIELD_LINKDO,SDSYSFIELD_SETSQL,SDSYSFIELD_MIN,SDSYSFIELD_MAX,SDSYSFIELD_FJMAX,SDSYSFIELD_FJEXT) values('SDBGS0006','YXXSHJMX_JH4','0','第四月计划量','','YXXSHJMX','0','3','0','','',' ','1','0460','','','','',' ', 15 ,'','I1','1', 1 , 1 , 40 ,'','', 2 ,'0','0','0','0','','','0','0', 1 , 1 ,'0','','0','1','','','','','','',0,'')
go
insert into SDSYSFIELD(SDSYSFIELD_ID,SDSYSFIELD_LMMC,SDSYSFIELD_LMZT,SDSYSFIELD_LMBM,SDSYSFIELD_TITLE,SDSYSFIELD_TABLE,SDSYSFIELD_SFBZ,SDSYSFIELD_KZBZ,SDSYSFIELD_SFSPXM,SDSYSFIELD_BZBM,SDSYSFIELD_BZBH,SDSYSFIELD_BZTJ,SDSYSFIELD_SFBT,SDSYSFIELD_XSXH,SDSYSFIELD_GLBM,SDSYSFIELD_BHZD,SDSYSFIELD_NMZD,SDSYSFIELD_MCZD,SDSYSFIELD_SQL,SDSYSFIELD_WIDTH,SDSYSFIELD_SPJD,SDSYSFIELD_TABID,SDSYSFIELD_TYPE,SDSYSFIELD_COLSPAN,SDSYSFIELD_ROWSPAN,SDSYSFIELD_LENGTH,SDSYSFIELD_DEFAULT,SDSYSFIELD_LIST,SDSYSFIELD_PRECISION,SDSYSFIELD_FIELDTYPE,SDSYSFIELD_READONLY,SDSYSFIELD_LISTFLAG,SDSYSFIELD_LOCALESTRING,SDSYSFIELD_ZDQXBH,SDSYSFIELD_DXLB,SDSYSFIELD_DRBZ,SDSYSFIELD_DRBT,SDSYSFIELD_DRXH,SDSYSFIELD_LBXH,SDSYSFIELD_ISFILTER,SDSYSFIELD_FILTERDISP,SDSYSFIELD_NEWLINE,SDSYSFIELD_NEWLINESHOW,SDSYSFIELD_NEWLINETITLE,SDSYSFIELD_GUID,SDSYSFIELD_LINKDO,SDSYSFIELD_SETSQL,SDSYSFIELD_MIN,SDSYSFIELD_MAX,SDSYSFIELD_FJMAX,SDSYSFIELD_FJEXT) values('SDBGS0006','YXXSHJMX_SHJH4','0','第四月审核量','','YXXSHJMX','0','3','0','','',' ','1','0470','','','','',' ', 0 ,'','I1','1', 1 , 1 , 40 ,'','', 2 ,'0','0','0','0','','','0','0', 1 , 1 ,'0','','0','1','','','','','','',0,'')
go
insert into SDSYSFIELD(SDSYSFIELD_ID,SDSYSFIELD_LMMC,SDSYSFIELD_LMZT,SDSYSFIELD_LMBM,SDSYSFIELD_TITLE,SDSYSFIELD_TABLE,SDSYSFIELD_SFBZ,SDSYSFIELD_KZBZ,SDSYSFIELD_SFSPXM,SDSYSFIELD_BZBM,SDSYSFIELD_BZBH,SDSYSFIELD_BZTJ,SDSYSFIELD_SFBT,SDSYSFIELD_XSXH,SDSYSFIELD_GLBM,SDSYSFIELD_BHZD,SDSYSFIELD_NMZD,SDSYSFIELD_MCZD,SDSYSFIELD_SQL,SDSYSFIELD_WIDTH,SDSYSFIELD_SPJD,SDSYSFIELD_TABID,SDSYSFIELD_TYPE,SDSYSFIELD_COLSPAN,SDSYSFIELD_ROWSPAN,SDSYSFIELD_LENGTH,SDSYSFIELD_DEFAULT,SDSYSFIELD_LIST,SDSYSFIELD_PRECISION,SDSYSFIELD_FIELDTYPE,SDSYSFIELD_READONLY,SDSYSFIELD_LISTFLAG,SDSYSFIELD_LOCALESTRING,SDSYSFIELD_ZDQXBH,SDSYSFIELD_DXLB,SDSYSFIELD_DRBZ,SDSYSFIELD_DRBT,SDSYSFIELD_DRXH,SDSYSFIELD_LBXH,SDSYSFIELD_ISFILTER,SDSYSFIELD_FILTERDISP,SDSYSFIELD_NEWLINE,SDSYSFIELD_NEWLINESHOW,SDSYSFIELD_NEWLINETITLE,SDSYSFIELD_GUID,SDSYSFIELD_LINKDO,SDSYSFIELD_SETSQL,SDSYSFIELD_MIN,SDSYSFIELD_MAX,SDSYSFIELD_FJMAX,SDSYSFIELD_FJEXT) values('SDBGS0006','YXXSHJMX_JH5','0','第五月计划量','','YXXSHJMX','0','3','0','','',' ','1','0480','','','','',' ', 15 ,'','I1','1', 1 , 1 , 40 ,'','', 2 ,'0','0','0','0','','','0','0', 1 , 1 ,'0','','0','1','','','','','','',0,'')
go
insert into SDSYSFIELD(SDSYSFIELD_ID,SDSYSFIELD_LMMC,SDSYSFIELD_LMZT,SDSYSFIELD_LMBM,SDSYSFIELD_TITLE,SDSYSFIELD_TABLE,SDSYSFIELD_SFBZ,SDSYSFIELD_KZBZ,SDSYSFIELD_SFSPXM,SDSYSFIELD_BZBM,SDSYSFIELD_BZBH,SDSYSFIELD_BZTJ,SDSYSFIELD_SFBT,SDSYSFIELD_XSXH,SDSYSFIELD_GLBM,SDSYSFIELD_BHZD,SDSYSFIELD_NMZD,SDSYSFIELD_MCZD,SDSYSFIELD_SQL,SDSYSFIELD_WIDTH,SDSYSFIELD_SPJD,SDSYSFIELD_TABID,SDSYSFIELD_TYPE,SDSYSFIELD_COLSPAN,SDSYSFIELD_ROWSPAN,SDSYSFIELD_LENGTH,SDSYSFIELD_DEFAULT,SDSYSFIELD_LIST,SDSYSFIELD_PRECISION,SDSYSFIELD_FIELDTYPE,SDSYSFIELD_READONLY,SDSYSFIELD_LISTFLAG,SDSYSFIELD_LOCALESTRING,SDSYSFIELD_ZDQXBH,SDSYSFIELD_DXLB,SDSYSFIELD_DRBZ,SDSYSFIELD_DRBT,SDSYSFIELD_DRXH,SDSYSFIELD_LBXH,SDSYSFIELD_ISFILTER,SDSYSFIELD_FILTERDISP,SDSYSFIELD_NEWLINE,SDSYSFIELD_NEWLINESHOW,SDSYSFIELD_NEWLINETITLE,SDSYSFIELD_GUID,SDSYSFIELD_LINKDO,SDSYSFIELD_SETSQL,SDSYSFIELD_MIN,SDSYSFIELD_MAX,SDSYSFIELD_FJMAX,SDSYSFIELD_FJEXT) values('SDBGS0006','YXXSHJMX_SHJH5','0','第五月审核量','','YXXSHJMX','0','3','0','','',' ','1','0490','','','','',' ', 0 ,'','I1','1', 1 , 1 , 40 ,'','', 2 ,'0','0','0','0','','','0','0', 1 , 1 ,'0','','0','1','','','','','','',0,'')
go
insert into SDSYSFIELD(SDSYSFIELD_ID,SDSYSFIELD_LMMC,SDSYSFIELD_LMZT,SDSYSFIELD_LMBM,SDSYSFIELD_TITLE,SDSYSFIELD_TABLE,SDSYSFIELD_SFBZ,SDSYSFIELD_KZBZ,SDSYSFIELD_SFSPXM,SDSYSFIELD_BZBM,SDSYSFIELD_BZBH,SDSYSFIELD_BZTJ,SDSYSFIELD_SFBT,SDSYSFIELD_XSXH,SDSYSFIELD_GLBM,SDSYSFIELD_BHZD,SDSYSFIELD_NMZD,SDSYSFIELD_MCZD,SDSYSFIELD_SQL,SDSYSFIELD_WIDTH,SDSYSFIELD_SPJD,SDSYSFIELD_TABID,SDSYSFIELD_TYPE,SDSYSFIELD_COLSPAN,SDSYSFIELD_ROWSPAN,SDSYSFIELD_LENGTH,SDSYSFIELD_DEFAULT,SDSYSFIELD_LIST,SDSYSFIELD_PRECISION,SDSYSFIELD_FIELDTYPE,SDSYSFIELD_READONLY,SDSYSFIELD_LISTFLAG,SDSYSFIELD_LOCALESTRING,SDSYSFIELD_ZDQXBH,SDSYSFIELD_DXLB,SDSYSFIELD_DRBZ,SDSYSFIELD_DRBT,SDSYSFIELD_DRXH,SDSYSFIELD_LBXH,SDSYSFIELD_ISFILTER,SDSYSFIELD_FILTERDISP,SDSYSFIELD_NEWLINE,SDSYSFIELD_NEWLINESHOW,SDSYSFIELD_NEWLINETITLE,SDSYSFIELD_GUID,SDSYSFIELD_LINKDO,SDSYSFIELD_SETSQL,SDSYSFIELD_MIN,SDSYSFIELD_MAX,SDSYSFIELD_FJMAX,SDSYSFIELD_FJEXT) values('SDBGS0006','YXXSHJMX_JH6','0','第六月计划量','','YXXSHJMX','0','3','0','','',' ','1','0500','','','','',' ', 15 ,'','I1','1', 1 , 1 , 40 ,'','', 2 ,'0','0','0','0','','','0','0', 1 , 1 ,'0','','0','1','','','','','','',0,'')
go
insert into SDSYSFIELD(SDSYSFIELD_ID,SDSYSFIELD_LMMC,SDSYSFIELD_LMZT,SDSYSFIELD_LMBM,SDSYSFIELD_TITLE,SDSYSFIELD_TABLE,SDSYSFIELD_SFBZ,SDSYSFIELD_KZBZ,SDSYSFIELD_SFSPXM,SDSYSFIELD_BZBM,SDSYSFIELD_BZBH,SDSYSFIELD_BZTJ,SDSYSFIELD_SFBT,SDSYSFIELD_XSXH,SDSYSFIELD_GLBM,SDSYSFIELD_BHZD,SDSYSFIELD_NMZD,SDSYSFIELD_MCZD,SDSYSFIELD_SQL,SDSYSFIELD_WIDTH,SDSYSFIELD_SPJD,SDSYSFIELD_TABID,SDSYSFIELD_TYPE,SDSYSFIELD_COLSPAN,SDSYSFIELD_ROWSPAN,SDSYSFIELD_LENGTH,SDSYSFIELD_DEFAULT,SDSYSFIELD_LIST,SDSYSFIELD_PRECISION,SDSYSFIELD_FIELDTYPE,SDSYSFIELD_READONLY,SDSYSFIELD_LISTFLAG,SDSYSFIELD_LOCALESTRING,SDSYSFIELD_ZDQXBH,SDSYSFIELD_DXLB,SDSYSFIELD_DRBZ,SDSYSFIELD_DRBT,SDSYSFIELD_DRXH,SDSYSFIELD_LBXH,SDSYSFIELD_ISFILTER,SDSYSFIELD_FILTERDISP,SDSYSFIELD_NEWLINE,SDSYSFIELD_NEWLINESHOW,SDSYSFIELD_NEWLINETITLE,SDSYSFIELD_GUID,SDSYSFIELD_LINKDO,SDSYSFIELD_SETSQL,SDSYSFIELD_MIN,SDSYSFIELD_MAX,SDSYSFIELD_FJMAX,SDSYSFIELD_FJEXT) values('SDBGS0006','YXXSHJMX_SHJH6','0','第六月审核量','','YXXSHJMX','0','3','0','','',' ','1','0510','','','','',' ', 0 ,'','I1','1', 1 , 1 , 40 ,'','', 2 ,'0','0','0','0','','','0','0', 1 , 1 ,'0','','0','1','','','','','','',0,'')
go
insert into SDSYSFIELD(SDSYSFIELD_ID,SDSYSFIELD_LMMC,SDSYSFIELD_LMZT,SDSYSFIELD_LMBM,SDSYSFIELD_TITLE,SDSYSFIELD_TABLE,SDSYSFIELD_SFBZ,SDSYSFIELD_KZBZ,SDSYSFIELD_SFSPXM,SDSYSFIELD_BZBM,SDSYSFIELD_BZBH,SDSYSFIELD_BZTJ,SDSYSFIELD_SFBT,SDSYSFIELD_XSXH,SDSYSFIELD_GLBM,SDSYSFIELD_BHZD,SDSYSFIELD_NMZD,SDSYSFIELD_MCZD,SDSYSFIELD_SQL,SDSYSFIELD_WIDTH,SDSYSFIELD_SPJD,SDSYSFIELD_TABID,SDSYSFIELD_TYPE,SDSYSFIELD_COLSPAN,SDSYSFIELD_ROWSPAN,SDSYSFIELD_LENGTH,SDSYSFIELD_DEFAULT,SDSYSFIELD_LIST,SDSYSFIELD_PRECISION,SDSYSFIELD_FIELDTYPE,SDSYSFIELD_READONLY,SDSYSFIELD_LISTFLAG,SDSYSFIELD_LOCALESTRING,SDSYSFIELD_ZDQXBH,SDSYSFIELD_DXLB,SDSYSFIELD_DRBZ,SDSYSFIELD_DRBT,SDSYSFIELD_DRXH,SDSYSFIELD_LBXH,SDSYSFIELD_ISFILTER,SDSYSFIELD_FILTERDISP,SDSYSFIELD_NEWLINE,SDSYSFIELD_NEWLINESHOW,SDSYSFIELD_NEWLINETITLE,SDSYSFIELD_GUID,SDSYSFIELD_LINKDO,SDSYSFIELD_SETSQL,SDSYSFIELD_MIN,SDSYSFIELD_MAX,SDSYSFIELD_FJMAX,SDSYSFIELD_FJEXT) values('SDBGS0006','YXXSHJMX_JH7','0','第7月计划量','','YXXSHJMX','0','3','0','','',' ','1','0520','','','','',' ', 15 ,'','I1','1', 1 , 1 , 40 ,'','', 2 ,'0','0','0','0','','','0','0', 1 , 1 ,'0','','0','1','','','','','','',0,'')
go
insert into SDSYSFIELD(SDSYSFIELD_ID,SDSYSFIELD_LMMC,SDSYSFIELD_LMZT,SDSYSFIELD_LMBM,SDSYSFIELD_TITLE,SDSYSFIELD_TABLE,SDSYSFIELD_SFBZ,SDSYSFIELD_KZBZ,SDSYSFIELD_SFSPXM,SDSYSFIELD_BZBM,SDSYSFIELD_BZBH,SDSYSFIELD_BZTJ,SDSYSFIELD_SFBT,SDSYSFIELD_XSXH,SDSYSFIELD_GLBM,SDSYSFIELD_BHZD,SDSYSFIELD_NMZD,SDSYSFIELD_MCZD,SDSYSFIELD_SQL,SDSYSFIELD_WIDTH,SDSYSFIELD_SPJD,SDSYSFIELD_TABID,SDSYSFIELD_TYPE,SDSYSFIELD_COLSPAN,SDSYSFIELD_ROWSPAN,SDSYSFIELD_LENGTH,SDSYSFIELD_DEFAULT,SDSYSFIELD_LIST,SDSYSFIELD_PRECISION,SDSYSFIELD_FIELDTYPE,SDSYSFIELD_READONLY,SDSYSFIELD_LISTFLAG,SDSYSFIELD_LOCALESTRING,SDSYSFIELD_ZDQXBH,SDSYSFIELD_DXLB,SDSYSFIELD_DRBZ,SDSYSFIELD_DRBT,SDSYSFIELD_DRXH,SDSYSFIELD_LBXH,SDSYSFIELD_ISFILTER,SDSYSFIELD_FILTERDISP,SDSYSFIELD_NEWLINE,SDSYSFIELD_NEWLINESHOW,SDSYSFIELD_NEWLINETITLE,SDSYSFIELD_GUID,SDSYSFIELD_LINKDO,SDSYSFIELD_SETSQL,SDSYSFIELD_MIN,SDSYSFIELD_MAX,SDSYSFIELD_FJMAX,SDSYSFIELD_FJEXT) values('SDBGS0006','YXXSHJMX_SHJH7','0','第7月审核量','','YXXSHJMX','0','3','0','','',' ','1','0530','','','','',' ', 0 ,'','I1','1', 1 , 1 , 40 ,'','', 2 ,'0','0','0','0','','','0','0', 1 , 1 ,'0','','0','1','','','','','','',0,'')
go
insert into SDSYSFIELD(SDSYSFIELD_ID,SDSYSFIELD_LMMC,SDSYSFIELD_LMZT,SDSYSFIELD_LMBM,SDSYSFIELD_TITLE,SDSYSFIELD_TABLE,SDSYSFIELD_SFBZ,SDSYSFIELD_KZBZ,SDSYSFIELD_SFSPXM,SDSYSFIELD_BZBM,SDSYSFIELD_BZBH,SDSYSFIELD_BZTJ,SDSYSFIELD_SFBT,SDSYSFIELD_XSXH,SDSYSFIELD_GLBM,SDSYSFIELD_BHZD,SDSYSFIELD_NMZD,SDSYSFIELD_MCZD,SDSYSFIELD_SQL,SDSYSFIELD_WIDTH,SDSYSFIELD_SPJD,SDSYSFIELD_TABID,SDSYSFIELD_TYPE,SDSYSFIELD_COLSPAN,SDSYSFIELD_ROWSPAN,SDSYSFIELD_LENGTH,SDSYSFIELD_DEFAULT,SDSYSFIELD_LIST,SDSYSFIELD_PRECISION,SDSYSFIELD_FIELDTYPE,SDSYSFIELD_READONLY,SDSYSFIELD_LISTFLAG,SDSYSFIELD_LOCALESTRING,SDSYSFIELD_ZDQXBH,SDSYSFIELD_DXLB,SDSYSFIELD_DRBZ,SDSYSFIELD_DRBT,SDSYSFIELD_DRXH,SDSYSFIELD_LBXH,SDSYSFIELD_ISFILTER,SDSYSFIELD_FILTERDISP,SDSYSFIELD_NEWLINE,SDSYSFIELD_NEWLINESHOW,SDSYSFIELD_NEWLINETITLE,SDSYSFIELD_GUID,SDSYSFIELD_LINKDO,SDSYSFIELD_SETSQL,SDSYSFIELD_MIN,SDSYSFIELD_MAX,SDSYSFIELD_FJMAX,SDSYSFIELD_FJEXT) values('SDBGS0006','YXXSHJMX_JH8','0','第8月计划量','','YXXSHJMX','0','3','0','','',' ','1','0540','','','','',' ', 15 ,'','I1','1', 1 , 1 , 40 ,'','', 2 ,'0','0','0','0','','','0','0', 1 , 1 ,'0','','0','1','','','','','','',0,'')
go
insert into SDSYSFIELD(SDSYSFIELD_ID,SDSYSFIELD_LMMC,SDSYSFIELD_LMZT,SDSYSFIELD_LMBM,SDSYSFIELD_TITLE,SDSYSFIELD_TABLE,SDSYSFIELD_SFBZ,SDSYSFIELD_KZBZ,SDSYSFIELD_SFSPXM,SDSYSFIELD_BZBM,SDSYSFIELD_BZBH,SDSYSFIELD_BZTJ,SDSYSFIELD_SFBT,SDSYSFIELD_XSXH,SDSYSFIELD_GLBM,SDSYSFIELD_BHZD,SDSYSFIELD_NMZD,SDSYSFIELD_MCZD,SDSYSFIELD_SQL,SDSYSFIELD_WIDTH,SDSYSFIELD_SPJD,SDSYSFIELD_TABID,SDSYSFIELD_TYPE,SDSYSFIELD_COLSPAN,SDSYSFIELD_ROWSPAN,SDSYSFIELD_LENGTH,SDSYSFIELD_DEFAULT,SDSYSFIELD_LIST,SDSYSFIELD_PRECISION,SDSYSFIELD_FIELDTYPE,SDSYSFIELD_READONLY,SDSYSFIELD_LISTFLAG,SDSYSFIELD_LOCALESTRING,SDSYSFIELD_ZDQXBH,SDSYSFIELD_DXLB,SDSYSFIELD_DRBZ,SDSYSFIELD_DRBT,SDSYSFIELD_DRXH,SDSYSFIELD_LBXH,SDSYSFIELD_ISFILTER,SDSYSFIELD_FILTERDISP,SDSYSFIELD_NEWLINE,SDSYSFIELD_NEWLINESHOW,SDSYSFIELD_NEWLINETITLE,SDSYSFIELD_GUID,SDSYSFIELD_LINKDO,SDSYSFIELD_SETSQL,SDSYSFIELD_MIN,SDSYSFIELD_MAX,SDSYSFIELD_FJMAX,SDSYSFIELD_FJEXT) values('SDBGS0006','YXXSHJMX_SHJH8','0','第8月审核量','','YXXSHJMX','0','3','0','','',' ','1','0550','','','','',' ', 0 ,'','I1','1', 1 , 1 , 40 ,'','', 2 ,'0','0','0','0','','','0','0', 1 , 1 ,'0','','0','1','','','','','','',0,'')
go
insert into SDSYSFIELD(SDSYSFIELD_ID,SDSYSFIELD_LMMC,SDSYSFIELD_LMZT,SDSYSFIELD_LMBM,SDSYSFIELD_TITLE,SDSYSFIELD_TABLE,SDSYSFIELD_SFBZ,SDSYSFIELD_KZBZ,SDSYSFIELD_SFSPXM,SDSYSFIELD_BZBM,SDSYSFIELD_BZBH,SDSYSFIELD_BZTJ,SDSYSFIELD_SFBT,SDSYSFIELD_XSXH,SDSYSFIELD_GLBM,SDSYSFIELD_BHZD,SDSYSFIELD_NMZD,SDSYSFIELD_MCZD,SDSYSFIELD_SQL,SDSYSFIELD_WIDTH,SDSYSFIELD_SPJD,SDSYSFIELD_TABID,SDSYSFIELD_TYPE,SDSYSFIELD_COLSPAN,SDSYSFIELD_ROWSPAN,SDSYSFIELD_LENGTH,SDSYSFIELD_DEFAULT,SDSYSFIELD_LIST,SDSYSFIELD_PRECISION,SDSYSFIELD_FIELDTYPE,SDSYSFIELD_READONLY,SDSYSFIELD_LISTFLAG,SDSYSFIELD_LOCALESTRING,SDSYSFIELD_ZDQXBH,SDSYSFIELD_DXLB,SDSYSFIELD_DRBZ,SDSYSFIELD_DRBT,SDSYSFIELD_DRXH,SDSYSFIELD_LBXH,SDSYSFIELD_ISFILTER,SDSYSFIELD_FILTERDISP,SDSYSFIELD_NEWLINE,SDSYSFIELD_NEWLINESHOW,SDSYSFIELD_NEWLINETITLE,SDSYSFIELD_GUID,SDSYSFIELD_LINKDO,SDSYSFIELD_SETSQL,SDSYSFIELD_MIN,SDSYSFIELD_MAX,SDSYSFIELD_FJMAX,SDSYSFIELD_FJEXT) values('SDBGS0006','YXXSHJMX_JH9','0','第9月计划量','','YXXSHJMX','0','3','0','','',' ','1','0560','','','','',' ', 15 ,'','I1','1', 1 , 1 , 40 ,'','', 2 ,'0','0','0','0','','','0','0', 1 , 1 ,'0','','0','1','','','','','','',0,'')
go
insert into SDSYSFIELD(SDSYSFIELD_ID,SDSYSFIELD_LMMC,SDSYSFIELD_LMZT,SDSYSFIELD_LMBM,SDSYSFIELD_TITLE,SDSYSFIELD_TABLE,SDSYSFIELD_SFBZ,SDSYSFIELD_KZBZ,SDSYSFIELD_SFSPXM,SDSYSFIELD_BZBM,SDSYSFIELD_BZBH,SDSYSFIELD_BZTJ,SDSYSFIELD_SFBT,SDSYSFIELD_XSXH,SDSYSFIELD_GLBM,SDSYSFIELD_BHZD,SDSYSFIELD_NMZD,SDSYSFIELD_MCZD,SDSYSFIELD_SQL,SDSYSFIELD_WIDTH,SDSYSFIELD_SPJD,SDSYSFIELD_TABID,SDSYSFIELD_TYPE,SDSYSFIELD_COLSPAN,SDSYSFIELD_ROWSPAN,SDSYSFIELD_LENGTH,SDSYSFIELD_DEFAULT,SDSYSFIELD_LIST,SDSYSFIELD_PRECISION,SDSYSFIELD_FIELDTYPE,SDSYSFIELD_READONLY,SDSYSFIELD_LISTFLAG,SDSYSFIELD_LOCALESTRING,SDSYSFIELD_ZDQXBH,SDSYSFIELD_DXLB,SDSYSFIELD_DRBZ,SDSYSFIELD_DRBT,SDSYSFIELD_DRXH,SDSYSFIELD_LBXH,SDSYSFIELD_ISFILTER,SDSYSFIELD_FILTERDISP,SDSYSFIELD_NEWLINE,SDSYSFIELD_NEWLINESHOW,SDSYSFIELD_NEWLINETITLE,SDSYSFIELD_GUID,SDSYSFIELD_LINKDO,SDSYSFIELD_SETSQL,SDSYSFIELD_MIN,SDSYSFIELD_MAX,SDSYSFIELD_FJMAX,SDSYSFIELD_FJEXT) values('SDBGS0006','YXXSHJMX_SHJH9','0','第9月审核量','','YXXSHJMX','0','3','0','','',' ','1','0570','','','','',' ', 0 ,'','I1','1', 1 , 1 , 40 ,'','', 2 ,'0','0','0','0','','','0','0', 1 , 1 ,'0','','0','1','','','','','','',0,'')
go
insert into SDSYSFIELD(SDSYSFIELD_ID,SDSYSFIELD_LMMC,SDSYSFIELD_LMZT,SDSYSFIELD_LMBM,SDSYSFIELD_TITLE,SDSYSFIELD_TABLE,SDSYSFIELD_SFBZ,SDSYSFIELD_KZBZ,SDSYSFIELD_SFSPXM,SDSYSFIELD_BZBM,SDSYSFIELD_BZBH,SDSYSFIELD_BZTJ,SDSYSFIELD_SFBT,SDSYSFIELD_XSXH,SDSYSFIELD_GLBM,SDSYSFIELD_BHZD,SDSYSFIELD_NMZD,SDSYSFIELD_MCZD,SDSYSFIELD_SQL,SDSYSFIELD_WIDTH,SDSYSFIELD_SPJD,SDSYSFIELD_TABID,SDSYSFIELD_TYPE,SDSYSFIELD_COLSPAN,SDSYSFIELD_ROWSPAN,SDSYSFIELD_LENGTH,SDSYSFIELD_DEFAULT,SDSYSFIELD_LIST,SDSYSFIELD_PRECISION,SDSYSFIELD_FIELDTYPE,SDSYSFIELD_READONLY,SDSYSFIELD_LISTFLAG,SDSYSFIELD_LOCALESTRING,SDSYSFIELD_ZDQXBH,SDSYSFIELD_DXLB,SDSYSFIELD_DRBZ,SDSYSFIELD_DRBT,SDSYSFIELD_DRXH,SDSYSFIELD_LBXH,SDSYSFIELD_ISFILTER,SDSYSFIELD_FILTERDISP,SDSYSFIELD_NEWLINE,SDSYSFIELD_NEWLINESHOW,SDSYSFIELD_NEWLINETITLE,SDSYSFIELD_GUID,SDSYSFIELD_LINKDO,SDSYSFIELD_SETSQL,SDSYSFIELD_MIN,SDSYSFIELD_MAX,SDSYSFIELD_FJMAX,SDSYSFIELD_FJEXT) values('SDBGS0006','YXXSHJMX_JH10','0','第10月计划量','','YXXSHJMX','0','3','0','','',' ','1','0580','','','','',' ', 15 ,'','I1','1', 1 , 1 , 40 ,'','', 2 ,'0','0','0','0','','','0','0', 1 , 1 ,'0','','0','1','','','','','','',0,'')
go
insert into SDSYSFIELD(SDSYSFIELD_ID,SDSYSFIELD_LMMC,SDSYSFIELD_LMZT,SDSYSFIELD_LMBM,SDSYSFIELD_TITLE,SDSYSFIELD_TABLE,SDSYSFIELD_SFBZ,SDSYSFIELD_KZBZ,SDSYSFIELD_SFSPXM,SDSYSFIELD_BZBM,SDSYSFIELD_BZBH,SDSYSFIELD_BZTJ,SDSYSFIELD_SFBT,SDSYSFIELD_XSXH,SDSYSFIELD_GLBM,SDSYSFIELD_BHZD,SDSYSFIELD_NMZD,SDSYSFIELD_MCZD,SDSYSFIELD_SQL,SDSYSFIELD_WIDTH,SDSYSFIELD_SPJD,SDSYSFIELD_TABID,SDSYSFIELD_TYPE,SDSYSFIELD_COLSPAN,SDSYSFIELD_ROWSPAN,SDSYSFIELD_LENGTH,SDSYSFIELD_DEFAULT,SDSYSFIELD_LIST,SDSYSFIELD_PRECISION,SDSYSFIELD_FIELDTYPE,SDSYSFIELD_READONLY,SDSYSFIELD_LISTFLAG,SDSYSFIELD_LOCALESTRING,SDSYSFIELD_ZDQXBH,SDSYSFIELD_DXLB,SDSYSFIELD_DRBZ,SDSYSFIELD_DRBT,SDSYSFIELD_DRXH,SDSYSFIELD_LBXH,SDSYSFIELD_ISFILTER,SDSYSFIELD_FILTERDISP,SDSYSFIELD_NEWLINE,SDSYSFIELD_NEWLINESHOW,SDSYSFIELD_NEWLINETITLE,SDSYSFIELD_GUID,SDSYSFIELD_LINKDO,SDSYSFIELD_SETSQL,SDSYSFIELD_MIN,SDSYSFIELD_MAX,SDSYSFIELD_FJMAX,SDSYSFIELD_FJEXT) values('SDBGS0006','YXXSHJMX_SHJH10','0','第10月审核量','','YXXSHJMX','0','3','0','','',' ','1','0590','','','','',' ', 0 ,'','I1','1', 1 , 1 , 40 ,'','', 2 ,'0','0','0','0','','','0','0', 1 , 1 ,'0','','0','1','','','','','','',0,'')
go
insert into SDSYSFIELD(SDSYSFIELD_ID,SDSYSFIELD_LMMC,SDSYSFIELD_LMZT,SDSYSFIELD_LMBM,SDSYSFIELD_TITLE,SDSYSFIELD_TABLE,SDSYSFIELD_SFBZ,SDSYSFIELD_KZBZ,SDSYSFIELD_SFSPXM,SDSYSFIELD_BZBM,SDSYSFIELD_BZBH,SDSYSFIELD_BZTJ,SDSYSFIELD_SFBT,SDSYSFIELD_XSXH,SDSYSFIELD_GLBM,SDSYSFIELD_BHZD,SDSYSFIELD_NMZD,SDSYSFIELD_MCZD,SDSYSFIELD_SQL,SDSYSFIELD_WIDTH,SDSYSFIELD_SPJD,SDSYSFIELD_TABID,SDSYSFIELD_TYPE,SDSYSFIELD_COLSPAN,SDSYSFIELD_ROWSPAN,SDSYSFIELD_LENGTH,SDSYSFIELD_DEFAULT,SDSYSFIELD_LIST,SDSYSFIELD_PRECISION,SDSYSFIELD_FIELDTYPE,SDSYSFIELD_READONLY,SDSYSFIELD_LISTFLAG,SDSYSFIELD_LOCALESTRING,SDSYSFIELD_ZDQXBH,SDSYSFIELD_DXLB,SDSYSFIELD_DRBZ,SDSYSFIELD_DRBT,SDSYSFIELD_DRXH,SDSYSFIELD_LBXH,SDSYSFIELD_ISFILTER,SDSYSFIELD_FILTERDISP,SDSYSFIELD_NEWLINE,SDSYSFIELD_NEWLINESHOW,SDSYSFIELD_NEWLINETITLE,SDSYSFIELD_GUID,SDSYSFIELD_LINKDO,SDSYSFIELD_SETSQL,SDSYSFIELD_MIN,SDSYSFIELD_MAX,SDSYSFIELD_FJMAX,SDSYSFIELD_FJEXT) values('SDBGS0006','YXXSHJMX_JH11','0','第11月计划量','','YXXSHJMX','0','3','0','','',' ','1','0600','','','','',' ', 15 ,'','I1','1', 1 , 1 , 40 ,'','', 2 ,'0','0','0','0','','','0','0', 1 , 1 ,'0','','0','1','','','','','','',0,'')
go
insert into SDSYSFIELD(SDSYSFIELD_ID,SDSYSFIELD_LMMC,SDSYSFIELD_LMZT,SDSYSFIELD_LMBM,SDSYSFIELD_TITLE,SDSYSFIELD_TABLE,SDSYSFIELD_SFBZ,SDSYSFIELD_KZBZ,SDSYSFIELD_SFSPXM,SDSYSFIELD_BZBM,SDSYSFIELD_BZBH,SDSYSFIELD_BZTJ,SDSYSFIELD_SFBT,SDSYSFIELD_XSXH,SDSYSFIELD_GLBM,SDSYSFIELD_BHZD,SDSYSFIELD_NMZD,SDSYSFIELD_MCZD,SDSYSFIELD_SQL,SDSYSFIELD_WIDTH,SDSYSFIELD_SPJD,SDSYSFIELD_TABID,SDSYSFIELD_TYPE,SDSYSFIELD_COLSPAN,SDSYSFIELD_ROWSPAN,SDSYSFIELD_LENGTH,SDSYSFIELD_DEFAULT,SDSYSFIELD_LIST,SDSYSFIELD_PRECISION,SDSYSFIELD_FIELDTYPE,SDSYSFIELD_READONLY,SDSYSFIELD_LISTFLAG,SDSYSFIELD_LOCALESTRING,SDSYSFIELD_ZDQXBH,SDSYSFIELD_DXLB,SDSYSFIELD_DRBZ,SDSYSFIELD_DRBT,SDSYSFIELD_DRXH,SDSYSFIELD_LBXH,SDSYSFIELD_ISFILTER,SDSYSFIELD_FILTERDISP,SDSYSFIELD_NEWLINE,SDSYSFIELD_NEWLINESHOW,SDSYSFIELD_NEWLINETITLE,SDSYSFIELD_GUID,SDSYSFIELD_LINKDO,SDSYSFIELD_SETSQL,SDSYSFIELD_MIN,SDSYSFIELD_MAX,SDSYSFIELD_FJMAX,SDSYSFIELD_FJEXT) values('SDBGS0006','YXXSHJMX_SHJH11','0','第11月审核量','','YXXSHJMX','0','3','0','','',' ','1','0610','','','','',' ', 0 ,'','I1','1', 1 , 1 , 40 ,'','', 2 ,'0','0','0','0','','','0','0', 1 , 1 ,'0','','0','1','','','','','','',0,'')
go
insert into SDSYSFIELD(SDSYSFIELD_ID,SDSYSFIELD_LMMC,SDSYSFIELD_LMZT,SDSYSFIELD_LMBM,SDSYSFIELD_TITLE,SDSYSFIELD_TABLE,SDSYSFIELD_SFBZ,SDSYSFIELD_KZBZ,SDSYSFIELD_SFSPXM,SDSYSFIELD_BZBM,SDSYSFIELD_BZBH,SDSYSFIELD_BZTJ,SDSYSFIELD_SFBT,SDSYSFIELD_XSXH,SDSYSFIELD_GLBM,SDSYSFIELD_BHZD,SDSYSFIELD_NMZD,SDSYSFIELD_MCZD,SDSYSFIELD_SQL,SDSYSFIELD_WIDTH,SDSYSFIELD_SPJD,SDSYSFIELD_TABID,SDSYSFIELD_TYPE,SDSYSFIELD_COLSPAN,SDSYSFIELD_ROWSPAN,SDSYSFIELD_LENGTH,SDSYSFIELD_DEFAULT,SDSYSFIELD_LIST,SDSYSFIELD_PRECISION,SDSYSFIELD_FIELDTYPE,SDSYSFIELD_READONLY,SDSYSFIELD_LISTFLAG,SDSYSFIELD_LOCALESTRING,SDSYSFIELD_ZDQXBH,SDSYSFIELD_DXLB,SDSYSFIELD_DRBZ,SDSYSFIELD_DRBT,SDSYSFIELD_DRXH,SDSYSFIELD_LBXH,SDSYSFIELD_ISFILTER,SDSYSFIELD_FILTERDISP,SDSYSFIELD_NEWLINE,SDSYSFIELD_NEWLINESHOW,SDSYSFIELD_NEWLINETITLE,SDSYSFIELD_GUID,SDSYSFIELD_LINKDO,SDSYSFIELD_SETSQL,SDSYSFIELD_MIN,SDSYSFIELD_MAX,SDSYSFIELD_FJMAX,SDSYSFIELD_FJEXT) values('SDBGS0006','YXXSHJMX_JH12','0','第12月计划量','','YXXSHJMX','0','3','0','','',' ','1','0620','','','','',' ', 15 ,'','I1','1', 1 , 1 , 40 ,'','', 2 ,'0','0','0','0','','','0','0', 1 , 1 ,'0','','0','1','','','','','','',0,'')
go
insert into SDSYSFIELD(SDSYSFIELD_ID,SDSYSFIELD_LMMC,SDSYSFIELD_LMZT,SDSYSFIELD_LMBM,SDSYSFIELD_TITLE,SDSYSFIELD_TABLE,SDSYSFIELD_SFBZ,SDSYSFIELD_KZBZ,SDSYSFIELD_SFSPXM,SDSYSFIELD_BZBM,SDSYSFIELD_BZBH,SDSYSFIELD_BZTJ,SDSYSFIELD_SFBT,SDSYSFIELD_XSXH,SDSYSFIELD_GLBM,SDSYSFIELD_BHZD,SDSYSFIELD_NMZD,SDSYSFIELD_MCZD,SDSYSFIELD_SQL,SDSYSFIELD_WIDTH,SDSYSFIELD_SPJD,SDSYSFIELD_TABID,SDSYSFIELD_TYPE,SDSYSFIELD_COLSPAN,SDSYSFIELD_ROWSPAN,SDSYSFIELD_LENGTH,SDSYSFIELD_DEFAULT,SDSYSFIELD_LIST,SDSYSFIELD_PRECISION,SDSYSFIELD_FIELDTYPE,SDSYSFIELD_READONLY,SDSYSFIELD_LISTFLAG,SDSYSFIELD_LOCALESTRING,SDSYSFIELD_ZDQXBH,SDSYSFIELD_DXLB,SDSYSFIELD_DRBZ,SDSYSFIELD_DRBT,SDSYSFIELD_DRXH,SDSYSFIELD_LBXH,SDSYSFIELD_ISFILTER,SDSYSFIELD_FILTERDISP,SDSYSFIELD_NEWLINE,SDSYSFIELD_NEWLINESHOW,SDSYSFIELD_NEWLINETITLE,SDSYSFIELD_GUID,SDSYSFIELD_LINKDO,SDSYSFIELD_SETSQL,SDSYSFIELD_MIN,SDSYSFIELD_MAX,SDSYSFIELD_FJMAX,SDSYSFIELD_FJEXT) values('SDBGS0006','YXXSHJMX_SHJH12','0','第12月审核量','','YXXSHJMX','0','3','0','','',' ','1','0630','','','','',' ', 0 ,'','I1','1', 1 , 1 , 40 ,'','', 2 ,'0','0','0','0','','','0','0', 1 , 1 ,'0','','0','1','','','','','','',0,'')
go
insert into SDSYSFIELD(SDSYSFIELD_ID,SDSYSFIELD_LMMC,SDSYSFIELD_LMZT,SDSYSFIELD_LMBM,SDSYSFIELD_TITLE,SDSYSFIELD_TABLE,SDSYSFIELD_SFBZ,SDSYSFIELD_KZBZ,SDSYSFIELD_SFSPXM,SDSYSFIELD_BZBM,SDSYSFIELD_BZBH,SDSYSFIELD_BZTJ,SDSYSFIELD_SFBT,SDSYSFIELD_XSXH,SDSYSFIELD_GLBM,SDSYSFIELD_BHZD,SDSYSFIELD_NMZD,SDSYSFIELD_MCZD,SDSYSFIELD_SQL,SDSYSFIELD_WIDTH,SDSYSFIELD_SPJD,SDSYSFIELD_TABID,SDSYSFIELD_TYPE,SDSYSFIELD_COLSPAN,SDSYSFIELD_ROWSPAN,SDSYSFIELD_LENGTH,SDSYSFIELD_DEFAULT,SDSYSFIELD_LIST,SDSYSFIELD_PRECISION,SDSYSFIELD_FIELDTYPE,SDSYSFIELD_READONLY,SDSYSFIELD_LISTFLAG,SDSYSFIELD_LOCALESTRING,SDSYSFIELD_ZDQXBH,SDSYSFIELD_DXLB,SDSYSFIELD_DRBZ,SDSYSFIELD_DRBT,SDSYSFIELD_DRXH,SDSYSFIELD_LBXH,SDSYSFIELD_ISFILTER,SDSYSFIELD_FILTERDISP,SDSYSFIELD_NEWLINE,SDSYSFIELD_NEWLINESHOW,SDSYSFIELD_NEWLINETITLE,SDSYSFIELD_GUID,SDSYSFIELD_LINKDO,SDSYSFIELD_SETSQL,SDSYSFIELD_MIN,SDSYSFIELD_MAX,SDSYSFIELD_FJMAX,SDSYSFIELD_FJEXT) values('SDBGS0006','YXXSHJMX_DEMO','1','备注','','YXXSHJMX','0','0','0','','',' ','0','0640','','','','',' ', 15 ,'','I1','0', 1 , 1 , 200 ,'','', 2 ,'0','0','0','0','','','0','0', 1 , 1 ,'0','','0','1','','','','','','',0,'')
go
delete from SDBILLMGR where SDBILLMGR_ID='SDBGS0006'
go
insert into SDBILLMGR(SDBILLMGR_ID,SDBILLMGR_TYPE,SDBILLMGR_NAME,SDBILLMGR_GNXH,SDBILLMGR_GNBH,SDBILLMGR_URL,SDBILLMGR_ICO) values('SDBGS0006','0','商业发货计划制单','0','SDBGS0006A','NetBill/NetBillMain.aspx?BILLID=SDBGS0006&CHECK=0','')
go
delete from LSGNZD where F_GNBH='SDBGS0006A'
go
insert into LSGNZD(F_GNBH,F_GNMC ) values('SDBGS0006A','商业发货计划制单')
go
delete from LSGNZDEX where LSGNZDEX_GNBH='SDBGS0006A'
go
insert into LSGNZDEX( LSGNZDEX_GNBH,LSGNZDEX_URL ,LSGNZDEX_XTYL, LSGNZDEX_LJBM ,LSGNZDEX_DJLS,LSGNZDEX_ICO) values('SDBGS0006A','NetBill/NetBillMain.aspx?BILLID=SDBGS0006&CHECK=0','S','YXXSHJ','YXXSHJ_LSBH','')
go
insert into SDBILLMGR(SDBILLMGR_ID,SDBILLMGR_TYPE,SDBILLMGR_NAME,SDBILLMGR_GNXH,SDBILLMGR_GNBH,SDBILLMGR_URL,SDBILLMGR_ICO) values('SDBGS0006','0','商业发货计划审批','1','SDBGS0006B','NetBill/NetBillMain.aspx?BILLID=SDBGS0006&CHECK=1','')
go
delete from LSGNZD where F_GNBH='SDBGS0006B'
go
insert into LSGNZD(F_GNBH,F_GNMC ) values('SDBGS0006B','商业发货计划审批')
go
delete from LSGNZDEX where LSGNZDEX_GNBH='SDBGS0006B'
go
insert into LSGNZDEX( LSGNZDEX_GNBH,LSGNZDEX_URL ,LSGNZDEX_XTYL, LSGNZDEX_LJBM ,LSGNZDEX_DJLS,LSGNZDEX_ICO) values('SDBGS0006B','NetBill/NetBillMain.aspx?BILLID=SDBGS0006&CHECK=1','S','YXXSHJ','YXXSHJ_LSBH','')
go
insert into SDBILLMGR(SDBILLMGR_ID,SDBILLMGR_TYPE,SDBILLMGR_NAME,SDBILLMGR_GNXH,SDBILLMGR_GNBH,SDBILLMGR_URL,SDBILLMGR_ICO) values('SDBGS0006','1','商业发货计划管理列表','4','SDBGS0006E','NetBill/SD_ListMgr/SD_List_Mgr.aspx?ListID=SDBGS0006E','')
go
delete from LSGNZD where F_GNBH='SDBGS0006E'
go
insert into LSGNZD(F_GNBH,F_GNMC ) values('SDBGS0006E','商业发货计划管理列表')
go
delete from LSGNZDEX where LSGNZDEX_GNBH='SDBGS0006E'
go
insert into LSGNZDEX( LSGNZDEX_GNBH,LSGNZDEX_URL ,LSGNZDEX_XTYL, LSGNZDEX_LJBM ,LSGNZDEX_DJLS,LSGNZDEX_ICO) values('SDBGS0006E','NetBill/SD_ListMgr/SD_List_Mgr.aspx?ListID=SDBGS0006E','S','YXXSHJ','YXXSHJ_LSBH','')
go
delete from SDSYSBUTTON where SDSYSBUTTON_ID='SDBGS0006'
go
insert into SDSYSBUTTON(SDSYSBUTTON_ID,SDSYSBUTTON_BTNID,SDSYSBUTTON_BTNNAME,SDSYSBUTTON_TITLE,SDSYSBUTTON_TYPE,SDSYSBUTTON_SYBZ,SDSYSBUTTON_POSITION,SDSYSBUTTON_ORDER,SDSYSBUTTON_ALTK,SDSYSBUTTON_CLASSNAME,SDSYSBUTTON_ZDSD,SDSYSBUTTON_JHAN,SDSYSBUTTON_SDAN,SDSYSBUTTON_SCRIPT) values('SDBGS0006','BtnS01','增加','','0','1','0', 1 ,' ','','0','','','newBill();')
go
insert into SDSYSBUTTON(SDSYSBUTTON_ID,SDSYSBUTTON_BTNID,SDSYSBUTTON_BTNNAME,SDSYSBUTTON_TITLE,SDSYSBUTTON_TYPE,SDSYSBUTTON_SYBZ,SDSYSBUTTON_POSITION,SDSYSBUTTON_ORDER,SDSYSBUTTON_ALTK,SDSYSBUTTON_CLASSNAME,SDSYSBUTTON_ZDSD,SDSYSBUTTON_JHAN,SDSYSBUTTON_SDAN,SDSYSBUTTON_SCRIPT) values('SDBGS0006','BtnS02','修改','','0','1','0', 5 ,'M','','0','','','modifyBill();')
go
insert into SDSYSBUTTON(SDSYSBUTTON_ID,SDSYSBUTTON_BTNID,SDSYSBUTTON_BTNNAME,SDSYSBUTTON_TITLE,SDSYSBUTTON_TYPE,SDSYSBUTTON_SYBZ,SDSYSBUTTON_POSITION,SDSYSBUTTON_ORDER,SDSYSBUTTON_ALTK,SDSYSBUTTON_CLASSNAME,SDSYSBUTTON_ZDSD,SDSYSBUTTON_JHAN,SDSYSBUTTON_SDAN,SDSYSBUTTON_SCRIPT) values('SDBGS0006','BtnS03','删除','','0','1','0', 10 ,'D','','0','','','deleteBill();')
go
insert into SDSYSBUTTON(SDSYSBUTTON_ID,SDSYSBUTTON_BTNID,SDSYSBUTTON_BTNNAME,SDSYSBUTTON_TITLE,SDSYSBUTTON_TYPE,SDSYSBUTTON_SYBZ,SDSYSBUTTON_POSITION,SDSYSBUTTON_ORDER,SDSYSBUTTON_ALTK,SDSYSBUTTON_CLASSNAME,SDSYSBUTTON_ZDSD,SDSYSBUTTON_JHAN,SDSYSBUTTON_SDAN,SDSYSBUTTON_SCRIPT) values('SDBGS0006','BtnAdd','新增行','','0','1','1', 10 ,' ',' ','0',' ',' ','addEmptyItem(0);')
go
insert into SDSYSBUTTON(SDSYSBUTTON_ID,SDSYSBUTTON_BTNID,SDSYSBUTTON_BTNNAME,SDSYSBUTTON_TITLE,SDSYSBUTTON_TYPE,SDSYSBUTTON_SYBZ,SDSYSBUTTON_POSITION,SDSYSBUTTON_ORDER,SDSYSBUTTON_ALTK,SDSYSBUTTON_CLASSNAME,SDSYSBUTTON_ZDSD,SDSYSBUTTON_JHAN,SDSYSBUTTON_SDAN,SDSYSBUTTON_SCRIPT) values('SDBGS0006','BtnDel','删除行','','0','1','1', 15 ,' ',' ','0',' ',' ','DeleteRowWithCheck(0);')
go
insert into SDSYSBUTTON(SDSYSBUTTON_ID,SDSYSBUTTON_BTNID,SDSYSBUTTON_BTNNAME,SDSYSBUTTON_TITLE,SDSYSBUTTON_TYPE,SDSYSBUTTON_SYBZ,SDSYSBUTTON_POSITION,SDSYSBUTTON_ORDER,SDSYSBUTTON_ALTK,SDSYSBUTTON_CLASSNAME,SDSYSBUTTON_ZDSD,SDSYSBUTTON_JHAN,SDSYSBUTTON_SDAN,SDSYSBUTTON_SCRIPT) values('SDBGS0006','BtnS04','保存','','0','1','0', 15 ,'S','','0','','','Save(''0'');')
go
insert into SDSYSBUTTON(SDSYSBUTTON_ID,SDSYSBUTTON_BTNID,SDSYSBUTTON_BTNNAME,SDSYSBUTTON_TITLE,SDSYSBUTTON_TYPE,SDSYSBUTTON_SYBZ,SDSYSBUTTON_POSITION,SDSYSBUTTON_ORDER,SDSYSBUTTON_ALTK,SDSYSBUTTON_CLASSNAME,SDSYSBUTTON_ZDSD,SDSYSBUTTON_JHAN,SDSYSBUTTON_SDAN,SDSYSBUTTON_SCRIPT) values('SDBGS0006','BtnS05','提交审批','','0','1','0', 20 ,'T','','0','','','submitbill(false);')
go
insert into SDSYSBUTTON(SDSYSBUTTON_ID,SDSYSBUTTON_BTNID,SDSYSBUTTON_BTNNAME,SDSYSBUTTON_TITLE,SDSYSBUTTON_TYPE,SDSYSBUTTON_SYBZ,SDSYSBUTTON_POSITION,SDSYSBUTTON_ORDER,SDSYSBUTTON_ALTK,SDSYSBUTTON_CLASSNAME,SDSYSBUTTON_ZDSD,SDSYSBUTTON_JHAN,SDSYSBUTTON_SDAN,SDSYSBUTTON_SCRIPT) values('SDBGS0006','BtnJY','获取数据','','0','1','1', 20 ,' ',' ','0',' ',' ',' ')
go
update SDSYSBUTTON set SDSYSBUTTON_SCRIPT='function hqsj() {
  var KH_index = format_header_getIndex("YXXSHJ_KH");
  var KH = header_data[KH_index][1];
        console.log(KH)
  var NY_index = format_header_getIndex("YXXSHJ_NY");
  var NY = header_data[NY_index];

//表体1
    var MX1_PZ_index = format_item_getIndex(0, "YXXSHJMX_WLBH"); //
    var MX1_DJ_index = format_item_getIndex(0, "YXXSHJMX_DJ"); //



  if (!KH) {
         $.MsgBox.Alert("请选择客户！");
    return;
  }

  if (!NY) {
           $.MsgBox.Alert("请选择年月！");
    return;
  }



var PZarr=new Array();


//获取字符串 
 var strXML="<ROOT><ITEM>"; 


    for(var i=0;i<g_itemData[0].length;i++){     
      if(g_itemData[0][i][MX1_PZ_index][1]){ 
       PZarr.push(g_itemData[0][i][MX1_PZ_index][0]);
        if(!g_itemData[0][i][MX1_DJ_index])
        {
            $.MsgBox.Alert("选择产品后,要填写单价，再获取数据！");
    return;
        }
        startI=i+1;   
        strXML+="<F";
        strXML+=" F_PZ=\""+g_itemData[0][i][MX1_PZ_index][1]+"\""; 
        strXML+=" F_DJ=\""+g_itemData[0][i][MX1_DJ_index]+"\"";
        strXML+="/>";   
      }     
    }  
   
if(PZarr.length==0)
{
  $.MsgBox.Alert("表体没有选择数据！");
  return;
}
debugger;
//验证产品不能重复

let PZarrSort=PZarr.slice().sort();
for(let i=0;i<PZarrSort.length-1;i++){
    if (PZarrSort[i]==PZarrSort[i+1]){
$.MsgBox.Alert("产品重复："+PZarrSort[i]);
return;
    }
}   



    var startRCount=g_itemData[0].length;

 strXML+="</ITEM></ROOT>"; 
 //var USERID=document.getElementById("txtUserID").value;
 $("#background,#progressBar").show(); 


  var sp_SQLs = "SP_DRP_SDB_FHJH_GETDJPL(@StrXML="+strXML+"#@KH="+KH+"#@NY="+NY+")";
  var response = Genersoft.NetBill.AjaxBll.GetDataSetbySPbySplit(sp_SQLs, "#",call_back);

}
//回调函数
function call_back(response) 
{ 
 $("#background,#progressBar").hide(); 

  if (response.error) {
     $.MsgBox.Alert(response.error.Message);
    return false;
  }
  var myTables = response.value;
    var len = myTables.Tables[0].Rows.length;
    var datas = myTables.Tables[0].Rows;

 if(len==0)
 {
    $.MsgBox.Alert("未返回数据！");
    return;
 }

'
where SDSYSBUTTON_ID='SDBGS0006' and SDSYSBUTTON_BTNID='BtnJY'
go
update SDSYSBUTTON set SDSYSBUTTON_SCRIPT=SDSYSBUTTON_SCRIPT + '  //字段映射类     
  function fidRelCls(tFid,oFid){     
    return {        
      ''tFid'':tFid,     
      ''oFid'':oFid     
    }     
  }  

//字段映射集合     
  var fidRels=new Array();     
  fidRels.push(fidRelCls(''YXXSHJMX_YJFHSL'',''F_YJFHSL''));//  月均发货数量 
  fidRels.push(fidRelCls(''YXXSHJMX_YJLXSL'',''F_YJLXSL''));//  月平均流向销售数量 
  fidRels.push(fidRelCls(''YXXSHJMX_SYKCSL'',''F_SYKCSL''));//  商业库存数量 
  fidRels.push(fidRelCls(''YXXSHJMX_FDBL'',''F_FDBL''));//  浮动比率 
  fidRels.push(fidRelCls(''YXXSHJMX_SYKCJE'',''F_SYKCJE''));//  商业库存金额
  fidRels.push(fidRelCls(''YXXSHJMX_JHFHSL'',''F_JHFHSL''));//  计划发货数量
  fidRels.push(fidRelCls(''YXXSHJMX_JHFHJE'',''F_JHFHJE''));//  计划发货金额
  fidRels.push(fidRelCls(''YXXSHJMX_BYYFSL'',''F_BYYFSL''));//  本月已发货数量



  //根据表体的行数循环
   for(var i=0;i<g_itemData[0].length;i++){  
   if(g_itemData[0][i][format_item_getIndex(0,"YXXSHJMX_WLBH")][1])
   {
     for(var j=0;j<myTables.Tables[0].Rows.length;j++) 
     {
       if(g_itemData[0][i][format_item_getIndex(0,"YXXSHJMX_WLBH")][1]==datas[j]["F_WLBH"])  
       {
           for(var k=0;k<fidRels.length;k++) 
            { 
                    var index=format_item_getIndex(0,fidRels[k][''tFid''])       
                    g_itemData[0][i][index]=datas[j][fidRels[k][''oFid'']];     
                 
            }    
              
       }      

     }

   }
}

  refreshAllRow(0, "1");
  isHeadModified = true;
  isModified = true;
  g_curRow[0] = 0;

}

//执行函数
hqsj();
'
where SDSYSBUTTON_ID='SDBGS0006' and SDSYSBUTTON_BTNID='BtnJY'
go
insert into SDSYSBUTTON(SDSYSBUTTON_ID,SDSYSBUTTON_BTNID,SDSYSBUTTON_BTNNAME,SDSYSBUTTON_TITLE,SDSYSBUTTON_TYPE,SDSYSBUTTON_SYBZ,SDSYSBUTTON_POSITION,SDSYSBUTTON_ORDER,SDSYSBUTTON_ALTK,SDSYSBUTTON_CLASSNAME,SDSYSBUTTON_ZDSD,SDSYSBUTTON_JHAN,SDSYSBUTTON_SDAN,SDSYSBUTTON_SCRIPT) values('SDBGS0006','BtnS06','取消提交','','0','1','0', 25 ,'U','','0','','','submitbill_undo();')
go
insert into SDSYSBUTTON(SDSYSBUTTON_ID,SDSYSBUTTON_BTNID,SDSYSBUTTON_BTNNAME,SDSYSBUTTON_TITLE,SDSYSBUTTON_TYPE,SDSYSBUTTON_SYBZ,SDSYSBUTTON_POSITION,SDSYSBUTTON_ORDER,SDSYSBUTTON_ALTK,SDSYSBUTTON_CLASSNAME,SDSYSBUTTON_ZDSD,SDSYSBUTTON_JHAN,SDSYSBUTTON_SDAN,SDSYSBUTTON_SCRIPT) values('SDBGS0006','BtnS10','查找单据','','0','1','0', 45 ,' ','','0','','','var my_Menu  = new class_Menu(null,gs_Find_Menu,100,135);')
go
insert into SDSYSBUTTON(SDSYSBUTTON_ID,SDSYSBUTTON_BTNID,SDSYSBUTTON_BTNNAME,SDSYSBUTTON_TITLE,SDSYSBUTTON_TYPE,SDSYSBUTTON_SYBZ,SDSYSBUTTON_POSITION,SDSYSBUTTON_ORDER,SDSYSBUTTON_ALTK,SDSYSBUTTON_CLASSNAME,SDSYSBUTTON_ZDSD,SDSYSBUTTON_JHAN,SDSYSBUTTON_SDAN,SDSYSBUTTON_SCRIPT) values('SDBGS0006','btnUPload','附件上传','','0','0','0', 66 ,' ',' ','0','','','G_Attachment_Add(); ')
go
insert into SDSYSBUTTON(SDSYSBUTTON_ID,SDSYSBUTTON_BTNID,SDSYSBUTTON_BTNNAME,SDSYSBUTTON_TITLE,SDSYSBUTTON_TYPE,SDSYSBUTTON_SYBZ,SDSYSBUTTON_POSITION,SDSYSBUTTON_ORDER,SDSYSBUTTON_ALTK,SDSYSBUTTON_CLASSNAME,SDSYSBUTTON_ZDSD,SDSYSBUTTON_JHAN,SDSYSBUTTON_SDAN,SDSYSBUTTON_SCRIPT) values('SDBGS0006','btnDownload','附件查看','','0','0','0', 67 ,' ',' ','0','','','G_Attachment_Look(); ')
go
insert into SDSYSBUTTON(SDSYSBUTTON_ID,SDSYSBUTTON_BTNID,SDSYSBUTTON_BTNNAME,SDSYSBUTTON_TITLE,SDSYSBUTTON_TYPE,SDSYSBUTTON_SYBZ,SDSYSBUTTON_POSITION,SDSYSBUTTON_ORDER,SDSYSBUTTON_ALTK,SDSYSBUTTON_CLASSNAME,SDSYSBUTTON_ZDSD,SDSYSBUTTON_JHAN,SDSYSBUTTON_SDAN,SDSYSBUTTON_SCRIPT) values('SDBGS0006','btnInport','数据导入','','0','0','0', 68 ,' ',' ','0','','','G_Bill_Inport();')
go
insert into SDSYSBUTTON(SDSYSBUTTON_ID,SDSYSBUTTON_BTNID,SDSYSBUTTON_BTNNAME,SDSYSBUTTON_TITLE,SDSYSBUTTON_TYPE,SDSYSBUTTON_SYBZ,SDSYSBUTTON_POSITION,SDSYSBUTTON_ORDER,SDSYSBUTTON_ALTK,SDSYSBUTTON_CLASSNAME,SDSYSBUTTON_ZDSD,SDSYSBUTTON_JHAN,SDSYSBUTTON_SDAN,SDSYSBUTTON_SCRIPT) values('SDBGS0006','BtnS21','查找','','1','1','0', 0 ,'F','','0','','','
var my_Menu  = new class_Menu(null,gs_Find_Menu,100,135);')
go
insert into SDSYSBUTTON(SDSYSBUTTON_ID,SDSYSBUTTON_BTNID,SDSYSBUTTON_BTNNAME,SDSYSBUTTON_TITLE,SDSYSBUTTON_TYPE,SDSYSBUTTON_SYBZ,SDSYSBUTTON_POSITION,SDSYSBUTTON_ORDER,SDSYSBUTTON_ALTK,SDSYSBUTTON_CLASSNAME,SDSYSBUTTON_ZDSD,SDSYSBUTTON_JHAN,SDSYSBUTTON_SDAN,SDSYSBUTTON_SCRIPT) values('SDBGS0006','BtnS22','通过','','1','1','0', 5 ,'P','','0','','','
approve(1);')
go
insert into SDSYSBUTTON(SDSYSBUTTON_ID,SDSYSBUTTON_BTNID,SDSYSBUTTON_BTNNAME,SDSYSBUTTON_TITLE,SDSYSBUTTON_TYPE,SDSYSBUTTON_SYBZ,SDSYSBUTTON_POSITION,SDSYSBUTTON_ORDER,SDSYSBUTTON_ALTK,SDSYSBUTTON_CLASSNAME,SDSYSBUTTON_ZDSD,SDSYSBUTTON_JHAN,SDSYSBUTTON_SDAN,SDSYSBUTTON_SCRIPT) values('SDBGS0006','BtnS23','否决','','1','1','0', 15 ,'N','','0','','','
approve(2);')
go
insert into SDSYSBUTTON(SDSYSBUTTON_ID,SDSYSBUTTON_BTNID,SDSYSBUTTON_BTNNAME,SDSYSBUTTON_TITLE,SDSYSBUTTON_TYPE,SDSYSBUTTON_SYBZ,SDSYSBUTTON_POSITION,SDSYSBUTTON_ORDER,SDSYSBUTTON_ALTK,SDSYSBUTTON_CLASSNAME,SDSYSBUTTON_ZDSD,SDSYSBUTTON_JHAN,SDSYSBUTTON_SDAN,SDSYSBUTTON_SCRIPT) values('SDBGS0006','BtnS24','取消','','1','1','0', 20 ,'U','','0','','','
approve(3);')
go
insert into SDSYSBUTTON(SDSYSBUTTON_ID,SDSYSBUTTON_BTNID,SDSYSBUTTON_BTNNAME,SDSYSBUTTON_TITLE,SDSYSBUTTON_TYPE,SDSYSBUTTON_SYBZ,SDSYSBUTTON_POSITION,SDSYSBUTTON_ORDER,SDSYSBUTTON_ALTK,SDSYSBUTTON_CLASSNAME,SDSYSBUTTON_ZDSD,SDSYSBUTTON_JHAN,SDSYSBUTTON_SDAN,SDSYSBUTTON_SCRIPT) values('SDBGS0006','BtnS25','审批','','1','1','0', 26 ,'O','','0','','','
var my_Approve  = new class_Menu(null,gs_Approve_Menu,130,373);')
go
insert into SDSYSBUTTON(SDSYSBUTTON_ID,SDSYSBUTTON_BTNID,SDSYSBUTTON_BTNNAME,SDSYSBUTTON_TITLE,SDSYSBUTTON_TYPE,SDSYSBUTTON_SYBZ,SDSYSBUTTON_POSITION,SDSYSBUTTON_ORDER,SDSYSBUTTON_ALTK,SDSYSBUTTON_CLASSNAME,SDSYSBUTTON_ZDSD,SDSYSBUTTON_JHAN,SDSYSBUTTON_SDAN,SDSYSBUTTON_SCRIPT) values('SDBGS0006','BtnS27','审批','','2','1','0', 130 ,' ','','0','','','
var my_Approve  = new class_Menu(null,gs_Approve_Menu,130,373);')
go
/*单据高级设置*/
delete from SDSYSBILLAD where SDSYSBILLAD_ID='SDBGS0006'
go
delete from WDSQL where WDSQL_DJBH='YXXSHJ'
go
delete from PPSPDX where PPSPDX_YWID='YXXSHJ'
go
insert into PPSPDX(PPSPDX_YWID,PPSPDX_YWMC,PPSPDX_SFXY,PPSPDX_SYS,PPSPDX_ZDTJ,PPSPDX_TSTJ,PPSPDX_DXTZ,PPSPDX_ISMSLC,PPSPDX_QXBZ) values('YXXSHJ','商业发货计划','1','SDB','0','0','0','1','')
go
delete from PPSPGS where PPSPGS_YWID='YXXSHJ'
go
insert into PPSPGS(PPSPGS_YWID,PPSPGS_GSBH, PPSPGS_GSMC, PPSPGS_GSLX, PPSPGS_GSNR,PPSPGS_HELP, PPSPGS_CODE ) values('YXXSHJ','001','$部门$','C','select YXXSHJ_BMBH from YXXSHJ where YXXSHJ_LSBH = ?','LSBMZD&K01,LSBMZD_BMBH,LSBMZD_BMMC','')
go
insert into PPSPGS(PPSPGS_YWID,PPSPGS_GSBH, PPSPGS_GSMC, PPSPGS_GSLX, PPSPGS_GSNR,PPSPGS_HELP, PPSPGS_CODE ) values('YXXSHJ','002','$单据编号$','C','select YXXSHJ_DJBH from YXXSHJ where YXXSHJ_LSBH = ?','','')
go
insert into PPSPGS(PPSPGS_YWID,PPSPGS_GSBH, PPSPGS_GSMC, PPSPGS_GSLX, PPSPGS_GSNR,PPSPGS_HELP, PPSPGS_CODE ) values('YXXSHJ','003','$导入标识$','C','select YXXSHJ_DRBS from YXXSHJ where YXXSHJ_LSBH = ?','','')
go
insert into PPSPGS(PPSPGS_YWID,PPSPGS_GSBH, PPSPGS_GSMC, PPSPGS_GSLX, PPSPGS_GSNR,PPSPGS_HELP, PPSPGS_CODE ) values('YXXSHJ','004','$销售公司$','C','select YXXSHJ_GSID from YXXSHJ where YXXSHJ_LSBH = ?','LSBZDW&YX01,LSBZDW_DWBH,LSBZDW_DWMC','')
go
insert into PPSPGS(PPSPGS_YWID,PPSPGS_GSBH, PPSPGS_GSMC, PPSPGS_GSLX, PPSPGS_GSNR,PPSPGS_HELP, PPSPGS_CODE ) values('YXXSHJ','005','$单据流水$','C','select YXXSHJ_LSBH from YXXSHJ where YXXSHJ_LSBH = ?','','')
go
insert into PPSPGS(PPSPGS_YWID,PPSPGS_GSBH, PPSPGS_GSMC, PPSPGS_GSLX, PPSPGS_GSNR,PPSPGS_HELP, PPSPGS_CODE ) values('YXXSHJ','006','$审核标志$','C','select YXXSHJ_SHBZ from YXXSHJ where YXXSHJ_LSBH = ?','','1,审批通过;0,未提交;2,审批否决;3,正在审批;4,免审')
go
insert into PPSPGS(PPSPGS_YWID,PPSPGS_GSBH, PPSPGS_GSMC, PPSPGS_GSLX, PPSPGS_GSNR,PPSPGS_HELP, PPSPGS_CODE ) values('YXXSHJ','007','$审核流程$','C','select YXXSHJ_SHLC from YXXSHJ where YXXSHJ_LSBH = ?','','')
go
insert into PPSPGS(PPSPGS_YWID,PPSPGS_GSBH, PPSPGS_GSMC, PPSPGS_GSLX, PPSPGS_GSNR,PPSPGS_HELP, PPSPGS_CODE ) values('YXXSHJ','008','$审核人$','C','select YXXSHJ_SHR from YXXSHJ where YXXSHJ_LSBH = ?','','')
go
insert into PPSPGS(PPSPGS_YWID,PPSPGS_GSBH, PPSPGS_GSMC, PPSPGS_GSLX, PPSPGS_GSNR,PPSPGS_HELP, PPSPGS_CODE ) values('YXXSHJ','009','$审核日期$','C','select YXXSHJ_SHRQ from YXXSHJ where YXXSHJ_LSBH = ?','','')
go
insert into PPSPGS(PPSPGS_YWID,PPSPGS_GSBH, PPSPGS_GSMC, PPSPGS_GSLX, PPSPGS_GSNR,PPSPGS_HELP, PPSPGS_CODE ) values('YXXSHJ','010','$审批对象$','C','select YXXSHJ_SPDX from YXXSHJ where YXXSHJ_LSBH = ?','','')
go
insert into PPSPGS(PPSPGS_YWID,PPSPGS_GSBH, PPSPGS_GSMC, PPSPGS_GSLX, PPSPGS_GSNR,PPSPGS_HELP, PPSPGS_CODE ) values('YXXSHJ','012','$制单人$','C','select YXXSHJ_ZDR from YXXSHJ where YXXSHJ_LSBH = ?','','')
go
insert into PPSPGS(PPSPGS_YWID,PPSPGS_GSBH, PPSPGS_GSMC, PPSPGS_GSLX, PPSPGS_GSNR,PPSPGS_HELP, PPSPGS_CODE ) values('YXXSHJ','013','$制单日期$','C','select YXXSHJ_ZDRQ from YXXSHJ where YXXSHJ_LSBH = ?','','')
go
delete from JSBHOBJ where JSBHOBJ_OBJID='YXXSHJ'
go
INSERT INTO JSBHOBJ (JSBHOBJ_OBJID,JSBHOBJ_OBJNAME,JSBHOBJ_SYS,JSBHOBJ_FLSX,JSBHOBJ_BHCD,JSBHOBJ_BHCOLCD,JSBHOBJ_TABLE,JSBHOBJ_BHCOL,JSBHOBJ_LSBHCOL,JSBHOBJ_SFQY) values('YXXSHJ','商业发货计划','SDE ','2','20','20','YXXSHJ','YXXSHJ_DJBH ','YXXSHJ_LSBH','1')
go
delete from JSBHRULE where JSBHRULE_OBJID='YXXSHJ'
go
INSERT INTO JSBHRULE (JSBHRULE_OBJID,JSBHRULE_SEQ,JSBHRULE_SXH,JSBHRULE_LYLB,JSBHRULE_COL,JSBHRULE_RQLM,JSBHRULE_GDZF,JSBHRULE_DCD,JSBHRULE_SFFLYJ, JSBHRULE_BQZF ) values('YXXSHJ','1','1','Z','YXXSHJ_ZDRQ','','','8','1',' ')
go
INSERT INTO JSBHRULE (JSBHRULE_OBJID,JSBHRULE_SEQ,JSBHRULE_SXH,JSBHRULE_LYLB,JSBHRULE_COL,JSBHRULE_RQLM,JSBHRULE_GDZF,JSBHRULE_DCD,JSBHRULE_SFFLYJ, JSBHRULE_BQZF ) values('YXXSHJ','2','2','L','','','','4','0',' ')
go
DELETE FROM YXGN WHERE YXGN_BH='YXXSHJ'
go
insert into YXGN(YXGN_BH,YXGN_MC,YXGN_ZXT,YXGN_LX,YXGN_BZ) values('YXXSHJ','商业发货计划','SD','0','表名')
go
DELETE FROM LSSJB WHERE LSSJB_LJBM='YXXSHJ'
go
INSERT INTO LSSJB (LSSJB_XTBH,LSSJB_LJBM,LSSJB_BSM,LSSJB_FLSX,LSSJB_DYGS,LSSJB_SJBM,LSSJB_FLTJ,LSSJB_GLTJ,LSSJB_GLGX,LSSJB_SORT) VALUES('SDB','YXXSHJ','商业发货计划','2',' ','YXXSHJ,YXXSHJMX','YXXSHJ_JHLX=''1''','YXXSHJ_LSBH=YXXSHJMX_LSBH','单据流水@YXXSHJ_LSBH@,单据流水@YXXSHJMX_LSBH@','YXXSHJ_LSBH#YXXSHJMX_LSBH')
go
DELETE FROM LSSJBEX WHERE LSSJBEX_LJBM='YXXSHJ'
go
INSERT INTO LSSJBEX (LSSJBEX_LJBM,LSSJBEX_FXBM,LSSJBEX_FXMC,LSSJBEX_SJBM,LSSJBEX_LMWZ,LSSJBEX_GLTJ,LSSJBEX_ZB,LSSJBEX_ZBGLZD,LSSJBEX_CBGLZD,LSSJBEX_SORT) VALUES('YXXSHJ','YXXSHJ','商业发货计划','YXXSHJ','0',' ',' ',' ',' ','YXXSHJ_LSBH')
go
delete from LSBLM where LSBLM_LJBM='YXXSHJ' and LSBLM_XH not like 'Z%'
go
insert into LSBLM (LSBLM_XH,LSBLM_LJBM,LSBLM_DYLM,LSBLM_SJLM,LSBLM_LYBM,LSBLM_GLTJ,LSBLM_LMWZ,LSBLM_LMSM,LSBLM_LMLX,LSBLM_LMCD,LSBLM_XSCD,LSBLM_DYXZ,LSBLM_SFXS,LSBLM_YHMC,LSBLM_DXLB,LSBLM_SORT,LSBLM_CODE,LSBLM_GLLM,LSBLM_GLBM,LSBLM_GLGX,LSBLM_DYWZ,LSBLM_SFBB) values ('001','YXXSHJ','@YXXSHJ_DRBS@','YXXSHJ_DRBS','YXXSHJ','','0','导入标识','C',36,15,'1','1','导入标识','','','',' ',' ',' ','0','1')
go
insert into LSBLM (LSBLM_XH,LSBLM_LJBM,LSBLM_DYLM,LSBLM_SJLM,LSBLM_LYBM,LSBLM_GLTJ,LSBLM_LMWZ,LSBLM_LMSM,LSBLM_LMLX,LSBLM_LMCD,LSBLM_XSCD,LSBLM_DYXZ,LSBLM_SFXS,LSBLM_YHMC,LSBLM_DXLB,LSBLM_SORT,LSBLM_CODE,LSBLM_GLLM,LSBLM_GLBM,LSBLM_GLGX,LSBLM_DYWZ,LSBLM_SFBB) values ('002','YXXSHJ','@YXXSHJ_LSBH@','YXXSHJ_LSBH','YXXSHJ','','0','单据流水','C',36,15,'1','1','单据流水','','','',' ',' ',' ','0','1')
go
insert into LSBLM (LSBLM_XH,LSBLM_LJBM,LSBLM_DYLM,LSBLM_SJLM,LSBLM_LYBM,LSBLM_GLTJ,LSBLM_LMWZ,LSBLM_LMSM,LSBLM_LMLX,LSBLM_LMCD,LSBLM_XSCD,LSBLM_DYXZ,LSBLM_SFXS,LSBLM_YHMC,LSBLM_DXLB,LSBLM_SORT,LSBLM_CODE,LSBLM_GLLM,LSBLM_GLBM,LSBLM_GLGX,LSBLM_DYWZ,LSBLM_SFBB) values ('003','YXXSHJ','@YXXSHJ_ZDRID@','YXXSHJ_ZDRID','YXXSHJ','','0','制单人编号','C',40,0,'1','1','制单人编号','','','',' ',' ',' ','0','1')
go
insert into LSBLM (LSBLM_XH,LSBLM_LJBM,LSBLM_DYLM,LSBLM_SJLM,LSBLM_LYBM,LSBLM_GLTJ,LSBLM_LMWZ,LSBLM_LMSM,LSBLM_LMLX,LSBLM_LMCD,LSBLM_XSCD,LSBLM_DYXZ,LSBLM_SFXS,LSBLM_YHMC,LSBLM_DXLB,LSBLM_SORT,LSBLM_CODE,LSBLM_GLLM,LSBLM_GLBM,LSBLM_GLGX,LSBLM_DYWZ,LSBLM_SFBB) values ('004','YXXSHJ','@YXXSHJ_ZDRQ@','YXXSHJ_ZDRQ','YXXSHJ','','0','制单日期','D',8,15,'1','1','制单日期','','','',' ',' ',' ','0','1')
go
insert into LSBLM (LSBLM_XH,LSBLM_LJBM,LSBLM_DYLM,LSBLM_SJLM,LSBLM_LYBM,LSBLM_GLTJ,LSBLM_LMWZ,LSBLM_LMSM,LSBLM_LMLX,LSBLM_LMCD,LSBLM_XSCD,LSBLM_DYXZ,LSBLM_SFXS,LSBLM_YHMC,LSBLM_DXLB,LSBLM_SORT,LSBLM_CODE,LSBLM_GLLM,LSBLM_GLBM,LSBLM_GLGX,LSBLM_DYWZ,LSBLM_SFBB) values ('005','YXXSHJ','@YXXSHJ_DJBH@','YXXSHJ_DJBH','YXXSHJ','','0','单据编号','C',36,15,'1','1','单据编号','','','',' ',' ',' ','0','1')
go
insert into LSBLM (LSBLM_XH,LSBLM_LJBM,LSBLM_DYLM,LSBLM_SJLM,LSBLM_LYBM,LSBLM_GLTJ,LSBLM_LMWZ,LSBLM_LMSM,LSBLM_LMLX,LSBLM_LMCD,LSBLM_XSCD,LSBLM_DYXZ,LSBLM_SFXS,LSBLM_YHMC,LSBLM_DXLB,LSBLM_SORT,LSBLM_CODE,LSBLM_GLLM,LSBLM_GLBM,LSBLM_GLGX,LSBLM_DYWZ,LSBLM_SFBB) values ('006','YXXSHJ','@YXXSHJ_SYB@','YXXSHJ_SYB','YXXSHJ','','0','事业部','C',40,15,'1','1','事业部','','','',' ',' ',' ','0','1')
go
insert into LSBLM (LSBLM_XH,LSBLM_LJBM,LSBLM_DYLM,LSBLM_SJLM,LSBLM_LYBM,LSBLM_GLTJ,LSBLM_LMWZ,LSBLM_LMSM,LSBLM_LMLX,LSBLM_LMCD,LSBLM_XSCD,LSBLM_DYXZ,LSBLM_SFXS,LSBLM_YHMC,LSBLM_DXLB,LSBLM_SORT,LSBLM_CODE,LSBLM_GLLM,LSBLM_GLBM,LSBLM_GLGX,LSBLM_DYWZ,LSBLM_SFBB) values ('007','YXXSHJ','@YXXSHJ_SYB_MC@','YXSYB_SYBMC','YXXSHJ,YXSYB','YXXSHJ_SYB=YXSYB_NM','0','事业部名称','C',200,15,'1','1','事业部名称','','','','YXXSHJ_SYB','YXSYB','YXXSHJ_SYB=YXSYB_NM','0','0')
go
insert into LSBLM (LSBLM_XH,LSBLM_LJBM,LSBLM_DYLM,LSBLM_SJLM,LSBLM_LYBM,LSBLM_GLTJ,LSBLM_LMWZ,LSBLM_LMSM,LSBLM_LMLX,LSBLM_LMCD,LSBLM_XSCD,LSBLM_DYXZ,LSBLM_SFXS,LSBLM_YHMC,LSBLM_DXLB,LSBLM_SORT,LSBLM_CODE,LSBLM_GLLM,LSBLM_GLBM,LSBLM_GLGX,LSBLM_DYWZ,LSBLM_SFBB) values ('008','YXXSHJ','@YXXSHJ_DQ@','YXXSHJ_DQ','YXXSHJ','','0','大区','C',40,15,'1','1','大区','','','',' ',' ',' ','0','1')
go
insert into LSBLM (LSBLM_XH,LSBLM_LJBM,LSBLM_DYLM,LSBLM_SJLM,LSBLM_LYBM,LSBLM_GLTJ,LSBLM_LMWZ,LSBLM_LMSM,LSBLM_LMLX,LSBLM_LMCD,LSBLM_XSCD,LSBLM_DYXZ,LSBLM_SFXS,LSBLM_YHMC,LSBLM_DXLB,LSBLM_SORT,LSBLM_CODE,LSBLM_GLLM,LSBLM_GLBM,LSBLM_GLGX,LSBLM_DYWZ,LSBLM_SFBB) values ('009','YXXSHJ','@YXXSHJ_DQ_MC@','YXPQZD_PQMC','YXXSHJ,YXPQZD','YXXSHJ_DQ=YXPQZD_NM','0','大区名称','C',200,15,'1','1','大区名称','','','','YXXSHJ_DQ','YXPQZD','YXXSHJ_DQ=YXPQZD_NM','0','0')
go
insert into LSBLM (LSBLM_XH,LSBLM_LJBM,LSBLM_DYLM,LSBLM_SJLM,LSBLM_LYBM,LSBLM_GLTJ,LSBLM_LMWZ,LSBLM_LMSM,LSBLM_LMLX,LSBLM_LMCD,LSBLM_XSCD,LSBLM_DYXZ,LSBLM_SFXS,LSBLM_YHMC,LSBLM_DXLB,LSBLM_SORT,LSBLM_CODE,LSBLM_GLLM,LSBLM_GLBM,LSBLM_GLGX,LSBLM_DYWZ,LSBLM_SFBB) values ('010','YXXSHJ','@YXXSHJ_BMBH@','YXXSHJ_BMBH','YXXSHJ','','0','部门','C',40,15,'1','1','部门','','','',' ',' ',' ','0','1')
go
insert into LSBLM (LSBLM_XH,LSBLM_LJBM,LSBLM_DYLM,LSBLM_SJLM,LSBLM_LYBM,LSBLM_GLTJ,LSBLM_LMWZ,LSBLM_LMSM,LSBLM_LMLX,LSBLM_LMCD,LSBLM_XSCD,LSBLM_DYXZ,LSBLM_SFXS,LSBLM_YHMC,LSBLM_DXLB,LSBLM_SORT,LSBLM_CODE,LSBLM_GLLM,LSBLM_GLBM,LSBLM_GLGX,LSBLM_DYWZ,LSBLM_SFBB) values ('011','YXXSHJ','@YXXSHJ_BMBH_MC@','YXBMZD_BMMC','YXXSHJ,YXBMZD','YXXSHJ_BMBH=YXBMZD_NM','0','部门名称','C',200,15,'1','1','部门名称','','','','YXXSHJ_BMBH','YXBMZD','YXXSHJ_BMBH=YXBMZD_NM','0','0')
go
insert into LSBLM (LSBLM_XH,LSBLM_LJBM,LSBLM_DYLM,LSBLM_SJLM,LSBLM_LYBM,LSBLM_GLTJ,LSBLM_LMWZ,LSBLM_LMSM,LSBLM_LMLX,LSBLM_LMCD,LSBLM_XSCD,LSBLM_DYXZ,LSBLM_SFXS,LSBLM_YHMC,LSBLM_DXLB,LSBLM_SORT,LSBLM_CODE,LSBLM_GLLM,LSBLM_GLBM,LSBLM_GLGX,LSBLM_DYWZ,LSBLM_SFBB) values ('012','YXXSHJ','@YXXSHJ_YWY@','YXXSHJ_YWY','YXXSHJ','','0','业务员','C',40,15,'1','1','业务员','','','',' ',' ',' ','0','1')
go
insert into LSBLM (LSBLM_XH,LSBLM_LJBM,LSBLM_DYLM,LSBLM_SJLM,LSBLM_LYBM,LSBLM_GLTJ,LSBLM_LMWZ,LSBLM_LMSM,LSBLM_LMLX,LSBLM_LMCD,LSBLM_XSCD,LSBLM_DYXZ,LSBLM_SFXS,LSBLM_YHMC,LSBLM_DXLB,LSBLM_SORT,LSBLM_CODE,LSBLM_GLLM,LSBLM_GLBM,LSBLM_GLGX,LSBLM_DYWZ,LSBLM_SFBB) values ('013','YXXSHJ','@YXXSHJ_YWY_MC@','YXRYZD_RYXM','YXXSHJ,YXRYZD','YXXSHJ_YWY=YXRYZD_NM','0','业务员名称','C',200,15,'1','1','业务员名称','','','','YXXSHJ_YWY','YXRYZD','YXXSHJ_YWY=YXRYZD_NM','0','0')
go
insert into LSBLM (LSBLM_XH,LSBLM_LJBM,LSBLM_DYLM,LSBLM_SJLM,LSBLM_LYBM,LSBLM_GLTJ,LSBLM_LMWZ,LSBLM_LMSM,LSBLM_LMLX,LSBLM_LMCD,LSBLM_XSCD,LSBLM_DYXZ,LSBLM_SFXS,LSBLM_YHMC,LSBLM_DXLB,LSBLM_SORT,LSBLM_CODE,LSBLM_GLLM,LSBLM_GLBM,LSBLM_GLGX,LSBLM_DYWZ,LSBLM_SFBB) values ('014','YXXSHJ','@YXXSHJ_NY@','YXXSHJ_NY','YXXSHJ','','0','年月','C',6,15,'1','1','年月','','','',' ',' ',' ','0','1')
go
insert into LSBLM (LSBLM_XH,LSBLM_LJBM,LSBLM_DYLM,LSBLM_SJLM,LSBLM_LYBM,LSBLM_GLTJ,LSBLM_LMWZ,LSBLM_LMSM,LSBLM_LMLX,LSBLM_LMCD,LSBLM_XSCD,LSBLM_DYXZ,LSBLM_SFXS,LSBLM_YHMC,LSBLM_DXLB,LSBLM_SORT,LSBLM_CODE,LSBLM_GLLM,LSBLM_GLBM,LSBLM_GLGX,LSBLM_DYWZ,LSBLM_SFBB) values ('015','YXXSHJ','@YXXSHJ_KH@','YXXSHJ_KH','YXXSHJ','','0','客户','C',40,15,'1','1','客户','','','',' ',' ',' ','0','1')
go
insert into LSBLM (LSBLM_XH,LSBLM_LJBM,LSBLM_DYLM,LSBLM_SJLM,LSBLM_LYBM,LSBLM_GLTJ,LSBLM_LMWZ,LSBLM_LMSM,LSBLM_LMLX,LSBLM_LMCD,LSBLM_XSCD,LSBLM_DYXZ,LSBLM_SFXS,LSBLM_YHMC,LSBLM_DXLB,LSBLM_SORT,LSBLM_CODE,LSBLM_GLLM,LSBLM_GLBM,LSBLM_GLGX,LSBLM_DYWZ,LSBLM_SFBB) values ('016','YXXSHJ','@YXXSHJ_KH_MC@','YXKHZD_KHMC','YXXSHJ,YXKHZD','YXXSHJ_KH=YXKHZD_NM','0','客户名称','C',200,15,'1','1','客户名称','','','','YXXSHJ_KH','YXKHZD','YXXSHJ_KH=YXKHZD_NM','0','0')
go
insert into LSBLM (LSBLM_XH,LSBLM_LJBM,LSBLM_DYLM,LSBLM_SJLM,LSBLM_LYBM,LSBLM_GLTJ,LSBLM_LMWZ,LSBLM_LMSM,LSBLM_LMLX,LSBLM_LMCD,LSBLM_XSCD,LSBLM_DYXZ,LSBLM_SFXS,LSBLM_YHMC,LSBLM_DXLB,LSBLM_SORT,LSBLM_CODE,LSBLM_GLLM,LSBLM_GLBM,LSBLM_GLGX,LSBLM_DYWZ,LSBLM_SFBB) values ('017','YXXSHJ','@YXXSHJ_CQQK@','YXXSHJ_CQQK','YXXSHJ','','0','超期欠款数','2',20,15,'1','1','超期欠款数','','','',' ',' ',' ','0','1')
go
insert into LSBLM (LSBLM_XH,LSBLM_LJBM,LSBLM_DYLM,LSBLM_SJLM,LSBLM_LYBM,LSBLM_GLTJ,LSBLM_LMWZ,LSBLM_LMSM,LSBLM_LMLX,LSBLM_LMCD,LSBLM_XSCD,LSBLM_DYXZ,LSBLM_SFXS,LSBLM_YHMC,LSBLM_DXLB,LSBLM_SORT,LSBLM_CODE,LSBLM_GLLM,LSBLM_GLBM,LSBLM_GLGX,LSBLM_DYWZ,LSBLM_SFBB) values ('018','YXXSHJ','@YXXSHJ_ZQK@','YXXSHJ_ZQK','YXXSHJ','','0','总欠款数','2',20,15,'1','1','总欠款数','','','',' ',' ',' ','0','1')
go
insert into LSBLM (LSBLM_XH,LSBLM_LJBM,LSBLM_DYLM,LSBLM_SJLM,LSBLM_LYBM,LSBLM_GLTJ,LSBLM_LMWZ,LSBLM_LMSM,LSBLM_LMLX,LSBLM_LMCD,LSBLM_XSCD,LSBLM_DYXZ,LSBLM_SFXS,LSBLM_YHMC,LSBLM_DXLB,LSBLM_SORT,LSBLM_CODE,LSBLM_GLLM,LSBLM_GLBM,LSBLM_GLGX,LSBLM_DYWZ,LSBLM_SFBB) values ('019','YXXSHJ','@YXXSHJ_HKJH@','YXXSHJ_HKJH','YXXSHJ','','0','回款计划','2',20,15,'1','1','回款计划','','','',' ',' ',' ','0','1')
go
insert into LSBLM (LSBLM_XH,LSBLM_LJBM,LSBLM_DYLM,LSBLM_SJLM,LSBLM_LYBM,LSBLM_GLTJ,LSBLM_LMWZ,LSBLM_LMSM,LSBLM_LMLX,LSBLM_LMCD,LSBLM_XSCD,LSBLM_DYXZ,LSBLM_SFXS,LSBLM_YHMC,LSBLM_DXLB,LSBLM_SORT,LSBLM_CODE,LSBLM_GLLM,LSBLM_GLBM,LSBLM_GLGX,LSBLM_DYWZ,LSBLM_SFBB) values ('020','YXXSHJ','@YXXSHJ_JHLX@','YXXSHJ_JHLX','YXXSHJ','','0','类型','C',200,15,'1','1','类型','','','1,正常;2,调整',' ',' ',' ','0','1')
go
insert into LSBLM (LSBLM_XH,LSBLM_LJBM,LSBLM_DYLM,LSBLM_SJLM,LSBLM_LYBM,LSBLM_GLTJ,LSBLM_LMWZ,LSBLM_LMSM,LSBLM_LMLX,LSBLM_LMCD,LSBLM_XSCD,LSBLM_DYXZ,LSBLM_SFXS,LSBLM_YHMC,LSBLM_DXLB,LSBLM_SORT,LSBLM_CODE,LSBLM_GLLM,LSBLM_GLBM,LSBLM_GLGX,LSBLM_DYWZ,LSBLM_SFBB) values ('021','YXXSHJ','@YXXSHJ_ZT@','YXXSHJ_ZT','YXXSHJ','','0','状态','C',200,15,'1','1','状态','','','0,待填报;1,已填报',' ',' ',' ','0','1')
go
insert into LSBLM (LSBLM_XH,LSBLM_LJBM,LSBLM_DYLM,LSBLM_SJLM,LSBLM_LYBM,LSBLM_GLTJ,LSBLM_LMWZ,LSBLM_LMSM,LSBLM_LMLX,LSBLM_LMCD,LSBLM_XSCD,LSBLM_DYXZ,LSBLM_SFXS,LSBLM_YHMC,LSBLM_DXLB,LSBLM_SORT,LSBLM_CODE,LSBLM_GLLM,LSBLM_GLBM,LSBLM_GLGX,LSBLM_DYWZ,LSBLM_SFBB) values ('022','YXXSHJ','@YXXSHJ_DEMO@','YXXSHJ_DEMO','YXXSHJ','','0','备注','C',200,15,'1','1','备注','','','',' ',' ',' ','0','1')
go
insert into LSBLM (LSBLM_XH,LSBLM_LJBM,LSBLM_DYLM,LSBLM_SJLM,LSBLM_LYBM,LSBLM_GLTJ,LSBLM_LMWZ,LSBLM_LMSM,LSBLM_LMLX,LSBLM_LMCD,LSBLM_XSCD,LSBLM_DYXZ,LSBLM_SFXS,LSBLM_YHMC,LSBLM_DXLB,LSBLM_SORT,LSBLM_CODE,LSBLM_GLLM,LSBLM_GLBM,LSBLM_GLGX,LSBLM_DYWZ,LSBLM_SFBB) values ('023','YXXSHJ','@YXXSHJ_ZDR@','YXXSHJ_ZDR','YXXSHJ','','0','制单人','C',20,15,'1','1','制单人','','','',' ',' ',' ','0','1')
go
insert into LSBLM (LSBLM_XH,LSBLM_LJBM,LSBLM_DYLM,LSBLM_SJLM,LSBLM_LYBM,LSBLM_GLTJ,LSBLM_LMWZ,LSBLM_LMSM,LSBLM_LMLX,LSBLM_LMCD,LSBLM_XSCD,LSBLM_DYXZ,LSBLM_SFXS,LSBLM_YHMC,LSBLM_DXLB,LSBLM_SORT,LSBLM_CODE,LSBLM_GLLM,LSBLM_GLBM,LSBLM_GLGX,LSBLM_DYWZ,LSBLM_SFBB) values ('024','YXXSHJ','@YXXSHJ_SHRQ@','YXXSHJ_SHRQ','YXXSHJ','','0','审核日期','C',200,15,'1','1','审核日期','','','',' ',' ',' ','0','1')
go
insert into LSBLM (LSBLM_XH,LSBLM_LJBM,LSBLM_DYLM,LSBLM_SJLM,LSBLM_LYBM,LSBLM_GLTJ,LSBLM_LMWZ,LSBLM_LMSM,LSBLM_LMLX,LSBLM_LMCD,LSBLM_XSCD,LSBLM_DYXZ,LSBLM_SFXS,LSBLM_YHMC,LSBLM_DXLB,LSBLM_SORT,LSBLM_CODE,LSBLM_GLLM,LSBLM_GLBM,LSBLM_GLGX,LSBLM_DYWZ,LSBLM_SFBB) values ('025','YXXSHJ','@YXXSHJ_SHBZ@','YXXSHJ_SHBZ','YXXSHJ','','0','审核标志','C',200,15,'1','1','审核标志','','','1,审批通过;0,未提交;2,审批否决;3,正在审批;4,免审',' ',' ',' ','0','1')
go
insert into LSBLM (LSBLM_XH,LSBLM_LJBM,LSBLM_DYLM,LSBLM_SJLM,LSBLM_LYBM,LSBLM_GLTJ,LSBLM_LMWZ,LSBLM_LMSM,LSBLM_LMLX,LSBLM_LMCD,LSBLM_XSCD,LSBLM_DYXZ,LSBLM_SFXS,LSBLM_YHMC,LSBLM_DXLB,LSBLM_SORT,LSBLM_CODE,LSBLM_GLLM,LSBLM_GLBM,LSBLM_GLGX,LSBLM_DYWZ,LSBLM_SFBB) values ('026','YXXSHJ','@YXXSHJ_SHR@','YXXSHJ_SHR','YXXSHJ','','0','审核人','C',200,15,'1','1','审核人','','','',' ',' ',' ','0','1')
go
insert into LSBLM (LSBLM_XH,LSBLM_LJBM,LSBLM_DYLM,LSBLM_SJLM,LSBLM_LYBM,LSBLM_GLTJ,LSBLM_LMWZ,LSBLM_LMSM,LSBLM_LMLX,LSBLM_LMCD,LSBLM_XSCD,LSBLM_DYXZ,LSBLM_SFXS,LSBLM_YHMC,LSBLM_DXLB,LSBLM_SORT,LSBLM_CODE,LSBLM_GLLM,LSBLM_GLBM,LSBLM_GLGX,LSBLM_DYWZ,LSBLM_SFBB) values ('027','YXXSHJ','@YXXSHJ_SPDX@','YXXSHJ_SPDX','YXXSHJ','','0','审批对象','C',40,0,'1','1','审批对象','','','',' ',' ',' ','0','1')
go
insert into LSBLM (LSBLM_XH,LSBLM_LJBM,LSBLM_DYLM,LSBLM_SJLM,LSBLM_LYBM,LSBLM_GLTJ,LSBLM_LMWZ,LSBLM_LMSM,LSBLM_LMLX,LSBLM_LMCD,LSBLM_XSCD,LSBLM_DYXZ,LSBLM_SFXS,LSBLM_YHMC,LSBLM_DXLB,LSBLM_SORT,LSBLM_CODE,LSBLM_GLLM,LSBLM_GLBM,LSBLM_GLGX,LSBLM_DYWZ,LSBLM_SFBB) values ('028','YXXSHJ','@YXXSHJ_SHLC@','YXXSHJ_SHLC','YXXSHJ','','0','审核流程','C',4,15,'1','1','审核流程','','','',' ',' ',' ','0','1')
go
insert into LSBLM (LSBLM_XH,LSBLM_LJBM,LSBLM_DYLM,LSBLM_SJLM,LSBLM_LYBM,LSBLM_GLTJ,LSBLM_LMWZ,LSBLM_LMSM,LSBLM_LMLX,LSBLM_LMCD,LSBLM_XSCD,LSBLM_DYXZ,LSBLM_SFXS,LSBLM_YHMC,LSBLM_DXLB,LSBLM_SORT,LSBLM_CODE,LSBLM_GLLM,LSBLM_GLBM,LSBLM_GLGX,LSBLM_DYWZ,LSBLM_SFBB) values ('029','YXXSHJ','@YXXSHJ_GSID@','YXXSHJ_GSID','YXXSHJ','','0','销售公司','C',40,15,'1','1','销售公司','','','',' ',' ',' ','0','1')
go
insert into LSBLM (LSBLM_XH,LSBLM_LJBM,LSBLM_DYLM,LSBLM_SJLM,LSBLM_LYBM,LSBLM_GLTJ,LSBLM_LMWZ,LSBLM_LMSM,LSBLM_LMLX,LSBLM_LMCD,LSBLM_XSCD,LSBLM_DYXZ,LSBLM_SFXS,LSBLM_YHMC,LSBLM_DXLB,LSBLM_SORT,LSBLM_CODE,LSBLM_GLLM,LSBLM_GLBM,LSBLM_GLGX,LSBLM_DYWZ,LSBLM_SFBB) values ('030','YXXSHJ','@YXXSHJ_GSID_MC@','LSBZDW_DWMC','YXXSHJ,LSBZDW','YXXSHJ_GSID=LSBZDW_DWBH','0','销售公司名称','C',200,15,'1','1','销售公司名称','','','','YXXSHJ_GSID','LSBZDW','YXXSHJ_GSID=LSBZDW_DWBH','0','0')
go
insert into LSBLM (LSBLM_XH,LSBLM_LJBM,LSBLM_DYLM,LSBLM_SJLM,LSBLM_LYBM,LSBLM_GLTJ,LSBLM_LMWZ,LSBLM_LMSM,LSBLM_LMLX,LSBLM_LMCD,LSBLM_XSCD,LSBLM_DYXZ,LSBLM_SFXS,LSBLM_YHMC,LSBLM_DXLB,LSBLM_SORT,LSBLM_CODE,LSBLM_GLLM,LSBLM_GLBM,LSBLM_GLGX,LSBLM_DYWZ,LSBLM_SFBB) values ('031','YXXSHJ','@YXXSHJMX_FLBH@','YXXSHJMX_FLBH','YXXSHJ,YXXSHJMX','YXXSHJ_LSBH=YXXSHJMX_LSBH','1','分录流水','C',20,15,'1','1','分录流水','','','',' ',' ',' ','1','1')
go
insert into LSBLM (LSBLM_XH,LSBLM_LJBM,LSBLM_DYLM,LSBLM_SJLM,LSBLM_LYBM,LSBLM_GLTJ,LSBLM_LMWZ,LSBLM_LMSM,LSBLM_LMLX,LSBLM_LMCD,LSBLM_XSCD,LSBLM_DYXZ,LSBLM_SFXS,LSBLM_YHMC,LSBLM_DXLB,LSBLM_SORT,LSBLM_CODE,LSBLM_GLLM,LSBLM_GLBM,LSBLM_GLGX,LSBLM_DYWZ,LSBLM_SFBB) values ('032','YXXSHJ','@YXXSHJMX_LSBH@','YXXSHJMX_LSBH','YXXSHJ,YXXSHJMX','YXXSHJ_LSBH=YXXSHJMX_LSBH','1','单据流水','C',36,15,'1','1','单据流水','','','',' ',' ',' ','1','1')
go
insert into LSBLM (LSBLM_XH,LSBLM_LJBM,LSBLM_DYLM,LSBLM_SJLM,LSBLM_LYBM,LSBLM_GLTJ,LSBLM_LMWZ,LSBLM_LMSM,LSBLM_LMLX,LSBLM_LMCD,LSBLM_XSCD,LSBLM_DYXZ,LSBLM_SFXS,LSBLM_YHMC,LSBLM_DXLB,LSBLM_SORT,LSBLM_CODE,LSBLM_GLLM,LSBLM_GLBM,LSBLM_GLGX,LSBLM_DYWZ,LSBLM_SFBB) values ('033','YXXSHJ','@YXXSHJMX_WLBH@','YXXSHJMX_WLBH','YXXSHJ,YXXSHJMX','YXXSHJ_LSBH=YXXSHJMX_LSBH','1','产品','C',40,15,'1','1','产品','','','',' ',' ',' ','1','1')
go
insert into LSBLM (LSBLM_XH,LSBLM_LJBM,LSBLM_DYLM,LSBLM_SJLM,LSBLM_LYBM,LSBLM_GLTJ,LSBLM_LMWZ,LSBLM_LMSM,LSBLM_LMLX,LSBLM_LMCD,LSBLM_XSCD,LSBLM_DYXZ,LSBLM_SFXS,LSBLM_YHMC,LSBLM_DXLB,LSBLM_SORT,LSBLM_CODE,LSBLM_GLLM,LSBLM_GLBM,LSBLM_GLGX,LSBLM_DYWZ,LSBLM_SFBB) values ('034','YXXSHJ','@YXXSHJMX_WLBH_MC@','YXWLZD_SPM','YXXSHJ,YXXSHJMX,VW_HT_YXWLZD', 'YXXSHJ_LSBH=YXXSHJMX_LSBH and YXXSHJMX_WLBH=YXWLZD_NM','1','产品名称','C',200,15,'1','1','产品名称','','','','YXXSHJMX_WLBH','VW_HT_YXWLZD','YXXSHJMX_WLBH=YXWLZD_NM','1','0')
go
insert into LSBLM (LSBLM_XH,LSBLM_LJBM,LSBLM_DYLM,LSBLM_SJLM,LSBLM_LYBM,LSBLM_GLTJ,LSBLM_LMWZ,LSBLM_LMSM,LSBLM_LMLX,LSBLM_LMCD,LSBLM_XSCD,LSBLM_DYXZ,LSBLM_SFXS,LSBLM_YHMC,LSBLM_DXLB,LSBLM_SORT,LSBLM_CODE,LSBLM_GLLM,LSBLM_GLBM,LSBLM_GLGX,LSBLM_DYWZ,LSBLM_SFBB) values ('035','YXXSHJ','@YXXSHJMX_GGXH@','YXXSHJMX_GGXH','YXXSHJ,YXXSHJMX','YXXSHJ_LSBH=YXXSHJMX_LSBH','1','规格型号','C',40,15,'1','1','规格型号','','','',' ',' ',' ','1','1')
go
insert into LSBLM (LSBLM_XH,LSBLM_LJBM,LSBLM_DYLM,LSBLM_SJLM,LSBLM_LYBM,LSBLM_GLTJ,LSBLM_LMWZ,LSBLM_LMSM,LSBLM_LMLX,LSBLM_LMCD,LSBLM_XSCD,LSBLM_DYXZ,LSBLM_SFXS,LSBLM_YHMC,LSBLM_DXLB,LSBLM_SORT,LSBLM_CODE,LSBLM_GLLM,LSBLM_GLBM,LSBLM_GLGX,LSBLM_DYWZ,LSBLM_SFBB) values ('036','YXXSHJ','@YXXSHJMX_JLDW@','YXXSHJMX_JLDW','YXXSHJ,YXXSHJMX','YXXSHJ_LSBH=YXXSHJMX_LSBH','1','计量单位','C',20,15,'1','1','计量单位','','','',' ',' ',' ','1','1')
go
insert into LSBLM (LSBLM_XH,LSBLM_LJBM,LSBLM_DYLM,LSBLM_SJLM,LSBLM_LYBM,LSBLM_GLTJ,LSBLM_LMWZ,LSBLM_LMSM,LSBLM_LMLX,LSBLM_LMCD,LSBLM_XSCD,LSBLM_DYXZ,LSBLM_SFXS,LSBLM_YHMC,LSBLM_DXLB,LSBLM_SORT,LSBLM_CODE,LSBLM_GLLM,LSBLM_GLBM,LSBLM_GLGX,LSBLM_DYWZ,LSBLM_SFBB) values ('037','YXXSHJ','@YXXSHJMX_JLDW_MC@','ERPJLDW_MC','YXXSHJ,YXXSHJMX,VW_ERPJLDW', 'YXXSHJ_LSBH=YXXSHJMX_LSBH and YXXSHJMX_JLDW=ERPJLDW_NM','1','计量单位名称','C',200,15,'1','1','计量单位名称','','','','YXXSHJMX_JLDW','VW_ERPJLDW','YXXSHJMX_JLDW=ERPJLDW_NM','1','0')
go
insert into LSBLM (LSBLM_XH,LSBLM_LJBM,LSBLM_DYLM,LSBLM_SJLM,LSBLM_LYBM,LSBLM_GLTJ,LSBLM_LMWZ,LSBLM_LMSM,LSBLM_LMLX,LSBLM_LMCD,LSBLM_XSCD,LSBLM_DYXZ,LSBLM_SFXS,LSBLM_YHMC,LSBLM_DXLB,LSBLM_SORT,LSBLM_CODE,LSBLM_GLLM,LSBLM_GLBM,LSBLM_GLGX,LSBLM_DYWZ,LSBLM_SFBB) values ('038','YXXSHJ','@YXXSHJMX_DJ@','YXXSHJMX_DJ','YXXSHJ,YXXSHJMX','YXXSHJ_LSBH=YXXSHJMX_LSBH','1','单价','1',200,15,'1','1','单价','','',' ',' ',' ',' ','1','1')
go
insert into LSBLM (LSBLM_XH,LSBLM_LJBM,LSBLM_DYLM,LSBLM_SJLM,LSBLM_LYBM,LSBLM_GLTJ,LSBLM_LMWZ,LSBLM_LMSM,LSBLM_LMLX,LSBLM_LMCD,LSBLM_XSCD,LSBLM_DYXZ,LSBLM_SFXS,LSBLM_YHMC,LSBLM_DXLB,LSBLM_SORT,LSBLM_CODE,LSBLM_GLLM,LSBLM_GLBM,LSBLM_GLGX,LSBLM_DYWZ,LSBLM_SFBB) values ('039','YXXSHJ','@YXXSHJMX_YJFHSL@','YXXSHJMX_YJFHSL','YXXSHJ,YXXSHJMX','YXXSHJ_LSBH=YXXSHJMX_LSBH','1','月平均发货数量','1',200,15,'1','1','月平均发货数量','','',' ',' ',' ',' ','1','1')
go
insert into LSBLM (LSBLM_XH,LSBLM_LJBM,LSBLM_DYLM,LSBLM_SJLM,LSBLM_LYBM,LSBLM_GLTJ,LSBLM_LMWZ,LSBLM_LMSM,LSBLM_LMLX,LSBLM_LMCD,LSBLM_XSCD,LSBLM_DYXZ,LSBLM_SFXS,LSBLM_YHMC,LSBLM_DXLB,LSBLM_SORT,LSBLM_CODE,LSBLM_GLLM,LSBLM_GLBM,LSBLM_GLGX,LSBLM_DYWZ,LSBLM_SFBB) values ('040','YXXSHJ','@YXXSHJMX_YJLXSL@','YXXSHJMX_YJLXSL','YXXSHJ,YXXSHJMX','YXXSHJ_LSBH=YXXSHJMX_LSBH','1','月平均流向销售数量','1',200,15,'1','1','月平均流向销售数量','','',' ',' ',' ',' ','1','1')
go
insert into LSBLM (LSBLM_XH,LSBLM_LJBM,LSBLM_DYLM,LSBLM_SJLM,LSBLM_LYBM,LSBLM_GLTJ,LSBLM_LMWZ,LSBLM_LMSM,LSBLM_LMLX,LSBLM_LMCD,LSBLM_XSCD,LSBLM_DYXZ,LSBLM_SFXS,LSBLM_YHMC,LSBLM_DXLB,LSBLM_SORT,LSBLM_CODE,LSBLM_GLLM,LSBLM_GLBM,LSBLM_GLGX,LSBLM_DYWZ,LSBLM_SFBB) values ('041','YXXSHJ','@YXXSHJMX_SYKCSL@','YXXSHJMX_SYKCSL','YXXSHJ,YXXSHJMX','YXXSHJ_LSBH=YXXSHJMX_LSBH','1','商业库存数量','1',200,15,'1','1','商业库存数量','','',' ',' ',' ',' ','1','1')
go
insert into LSBLM (LSBLM_XH,LSBLM_LJBM,LSBLM_DYLM,LSBLM_SJLM,LSBLM_LYBM,LSBLM_GLTJ,LSBLM_LMWZ,LSBLM_LMSM,LSBLM_LMLX,LSBLM_LMCD,LSBLM_XSCD,LSBLM_DYXZ,LSBLM_SFXS,LSBLM_YHMC,LSBLM_DXLB,LSBLM_SORT,LSBLM_CODE,LSBLM_GLLM,LSBLM_GLBM,LSBLM_GLGX,LSBLM_DYWZ,LSBLM_SFBB) values ('042','YXXSHJ','@YXXSHJMX_SYKCJE@','YXXSHJMX_SYKCJE','YXXSHJ,YXXSHJMX','YXXSHJ_LSBH=YXXSHJMX_LSBH','1','商业库存金额','1',200,15,'1','1','商业库存金额','','',' ',' ',' ',' ','1','1')
go
insert into LSBLM (LSBLM_XH,LSBLM_LJBM,LSBLM_DYLM,LSBLM_SJLM,LSBLM_LYBM,LSBLM_GLTJ,LSBLM_LMWZ,LSBLM_LMSM,LSBLM_LMLX,LSBLM_LMCD,LSBLM_XSCD,LSBLM_DYXZ,LSBLM_SFXS,LSBLM_YHMC,LSBLM_DXLB,LSBLM_SORT,LSBLM_CODE,LSBLM_GLLM,LSBLM_GLBM,LSBLM_GLGX,LSBLM_DYWZ,LSBLM_SFBB) values ('043','YXXSHJ','@YXXSHJMX_FDBL@','YXXSHJMX_FDBL','YXXSHJ,YXXSHJMX','YXXSHJ_LSBH=YXXSHJMX_LSBH','1','浮动比率','2',20,15,'1','1','浮动比率','','','',' ',' ',' ','1','1')
go
insert into LSBLM (LSBLM_XH,LSBLM_LJBM,LSBLM_DYLM,LSBLM_SJLM,LSBLM_LYBM,LSBLM_GLTJ,LSBLM_LMWZ,LSBLM_LMSM,LSBLM_LMLX,LSBLM_LMCD,LSBLM_XSCD,LSBLM_DYXZ,LSBLM_SFXS,LSBLM_YHMC,LSBLM_DXLB,LSBLM_SORT,LSBLM_CODE,LSBLM_GLLM,LSBLM_GLBM,LSBLM_GLGX,LSBLM_DYWZ,LSBLM_SFBB) values ('044','YXXSHJ','@YXXSHJMX_JHFHSL@','YXXSHJMX_JHFHSL','YXXSHJ,YXXSHJMX','YXXSHJ_LSBH=YXXSHJMX_LSBH','1','计划发货数量','1',200,15,'1','1','计划发货数量','','',' ',' ',' ',' ','1','1')
go
insert into LSBLM (LSBLM_XH,LSBLM_LJBM,LSBLM_DYLM,LSBLM_SJLM,LSBLM_LYBM,LSBLM_GLTJ,LSBLM_LMWZ,LSBLM_LMSM,LSBLM_LMLX,LSBLM_LMCD,LSBLM_XSCD,LSBLM_DYXZ,LSBLM_SFXS,LSBLM_YHMC,LSBLM_DXLB,LSBLM_SORT,LSBLM_CODE,LSBLM_GLLM,LSBLM_GLBM,LSBLM_GLGX,LSBLM_DYWZ,LSBLM_SFBB) values ('045','YXXSHJ','@YXXSHJMX_JHFHJE@','YXXSHJMX_JHFHJE','YXXSHJ,YXXSHJMX','YXXSHJ_LSBH=YXXSHJMX_LSBH','1','计划发货金额','1',200,15,'1','1','计划发货金额','','',' ',' ',' ',' ','1','1')
go
insert into LSBLM (LSBLM_XH,LSBLM_LJBM,LSBLM_DYLM,LSBLM_SJLM,LSBLM_LYBM,LSBLM_GLTJ,LSBLM_LMWZ,LSBLM_LMSM,LSBLM_LMLX,LSBLM_LMCD,LSBLM_XSCD,LSBLM_DYXZ,LSBLM_SFXS,LSBLM_YHMC,LSBLM_DXLB,LSBLM_SORT,LSBLM_CODE,LSBLM_GLLM,LSBLM_GLBM,LSBLM_GLGX,LSBLM_DYWZ,LSBLM_SFBB) values ('046','YXXSHJ','@YXXSHJMX_ZJLSM@','YXXSHJMX_ZJLSM','YXXSHJ,YXXSHJMX','YXXSHJ_LSBH=YXXSHJMX_LSBH','1','增加量说明','C',200,15,'1','1','增加量说明','','',' ',' ',' ',' ','1','1')
go
go
insert into LSBLM (LSBLM_XH,LSBLM_LJBM,LSBLM_DYLM,LSBLM_SJLM,LSBLM_LYBM,LSBLM_GLTJ,LSBLM_LMWZ,LSBLM_LMSM,LSBLM_LMLX,LSBLM_LMCD,LSBLM_XSCD,LSBLM_DYXZ,LSBLM_SFXS,LSBLM_YHMC,LSBLM_DXLB,LSBLM_SORT,LSBLM_CODE,LSBLM_GLLM,LSBLM_GLBM,LSBLM_GLGX,LSBLM_DYWZ,LSBLM_SFBB) values ('047','YXXSHJ','@YXXSHJMX_BYYFSL@','YXXSHJMX_BYYFSL','YXXSHJ,YXXSHJMX','YXXSHJ_LSBH=YXXSHJMX_LSBH','1','本月已发货数量','1',200,15,'1','1','本月已发货数量','','',' ',' ',' ',' ','1','1')
go
insert into LSBLM (LSBLM_XH,LSBLM_LJBM,LSBLM_DYLM,LSBLM_SJLM,LSBLM_LYBM,LSBLM_GLTJ,LSBLM_LMWZ,LSBLM_LMSM,LSBLM_LMLX,LSBLM_LMCD,LSBLM_XSCD,LSBLM_DYXZ,LSBLM_SFXS,LSBLM_YHMC,LSBLM_DXLB,LSBLM_SORT,LSBLM_CODE,LSBLM_GLLM,LSBLM_GLBM,LSBLM_GLGX,LSBLM_DYWZ,LSBLM_SFBB) values ('048','YXXSHJ','@YXXSHJMX_JH1@','YXXSHJMX_JH1','YXXSHJ,YXXSHJMX','YXXSHJ_LSBH=YXXSHJMX_LSBH','1','第一月计划量','2',40,15,'1','1','第一月计划量','','','',' ',' ',' ','1','1')
go
insert into LSBLM (LSBLM_XH,LSBLM_LJBM,LSBLM_DYLM,LSBLM_SJLM,LSBLM_LYBM,LSBLM_GLTJ,LSBLM_LMWZ,LSBLM_LMSM,LSBLM_LMLX,LSBLM_LMCD,LSBLM_XSCD,LSBLM_DYXZ,LSBLM_SFXS,LSBLM_YHMC,LSBLM_DXLB,LSBLM_SORT,LSBLM_CODE,LSBLM_GLLM,LSBLM_GLBM,LSBLM_GLGX,LSBLM_DYWZ,LSBLM_SFBB) values ('049','YXXSHJ','@YXXSHJMX_SHJH1@','YXXSHJMX_SHJH1','YXXSHJ,YXXSHJMX','YXXSHJ_LSBH=YXXSHJMX_LSBH','1','第一月审核量','2',40,0,'1','1','第一月审核量','','','',' ',' ',' ','1','1')
go
insert into LSBLM (LSBLM_XH,LSBLM_LJBM,LSBLM_DYLM,LSBLM_SJLM,LSBLM_LYBM,LSBLM_GLTJ,LSBLM_LMWZ,LSBLM_LMSM,LSBLM_LMLX,LSBLM_LMCD,LSBLM_XSCD,LSBLM_DYXZ,LSBLM_SFXS,LSBLM_YHMC,LSBLM_DXLB,LSBLM_SORT,LSBLM_CODE,LSBLM_GLLM,LSBLM_GLBM,LSBLM_GLGX,LSBLM_DYWZ,LSBLM_SFBB) values ('050','YXXSHJ','@YXXSHJMX_JH2@','YXXSHJMX_JH2','YXXSHJ,YXXSHJMX','YXXSHJ_LSBH=YXXSHJMX_LSBH','1','第二月计划量','2',40,15,'1','1','第二月计划量','','','',' ',' ',' ','1','1')
go
insert into LSBLM (LSBLM_XH,LSBLM_LJBM,LSBLM_DYLM,LSBLM_SJLM,LSBLM_LYBM,LSBLM_GLTJ,LSBLM_LMWZ,LSBLM_LMSM,LSBLM_LMLX,LSBLM_LMCD,LSBLM_XSCD,LSBLM_DYXZ,LSBLM_SFXS,LSBLM_YHMC,LSBLM_DXLB,LSBLM_SORT,LSBLM_CODE,LSBLM_GLLM,LSBLM_GLBM,LSBLM_GLGX,LSBLM_DYWZ,LSBLM_SFBB) values ('051','YXXSHJ','@YXXSHJMX_SHJH2@','YXXSHJMX_SHJH2','YXXSHJ,YXXSHJMX','YXXSHJ_LSBH=YXXSHJMX_LSBH','1','第二月审核量','2',40,0,'1','1','第二月审核量','','','',' ',' ',' ','1','1')
go
insert into LSBLM (LSBLM_XH,LSBLM_LJBM,LSBLM_DYLM,LSBLM_SJLM,LSBLM_LYBM,LSBLM_GLTJ,LSBLM_LMWZ,LSBLM_LMSM,LSBLM_LMLX,LSBLM_LMCD,LSBLM_XSCD,LSBLM_DYXZ,LSBLM_SFXS,LSBLM_YHMC,LSBLM_DXLB,LSBLM_SORT,LSBLM_CODE,LSBLM_GLLM,LSBLM_GLBM,LSBLM_GLGX,LSBLM_DYWZ,LSBLM_SFBB) values ('052','YXXSHJ','@YXXSHJMX_JH3@','YXXSHJMX_JH3','YXXSHJ,YXXSHJMX','YXXSHJ_LSBH=YXXSHJMX_LSBH','1','第三月计划量','2',40,15,'1','1','第三月计划量','','','',' ',' ',' ','1','1')
go
insert into LSBLM (LSBLM_XH,LSBLM_LJBM,LSBLM_DYLM,LSBLM_SJLM,LSBLM_LYBM,LSBLM_GLTJ,LSBLM_LMWZ,LSBLM_LMSM,LSBLM_LMLX,LSBLM_LMCD,LSBLM_XSCD,LSBLM_DYXZ,LSBLM_SFXS,LSBLM_YHMC,LSBLM_DXLB,LSBLM_SORT,LSBLM_CODE,LSBLM_GLLM,LSBLM_GLBM,LSBLM_GLGX,LSBLM_DYWZ,LSBLM_SFBB) values ('053','YXXSHJ','@YXXSHJMX_SHJH3@','YXXSHJMX_SHJH3','YXXSHJ,YXXSHJMX','YXXSHJ_LSBH=YXXSHJMX_LSBH','1','第三月审核量','2',40,0,'1','1','第三月审核量','','','',' ',' ',' ','1','1')
go
insert into LSBLM (LSBLM_XH,LSBLM_LJBM,LSBLM_DYLM,LSBLM_SJLM,LSBLM_LYBM,LSBLM_GLTJ,LSBLM_LMWZ,LSBLM_LMSM,LSBLM_LMLX,LSBLM_LMCD,LSBLM_XSCD,LSBLM_DYXZ,LSBLM_SFXS,LSBLM_YHMC,LSBLM_DXLB,LSBLM_SORT,LSBLM_CODE,LSBLM_GLLM,LSBLM_GLBM,LSBLM_GLGX,LSBLM_DYWZ,LSBLM_SFBB) values ('054','YXXSHJ','@YXXSHJMX_JH4@','YXXSHJMX_JH4','YXXSHJ,YXXSHJMX','YXXSHJ_LSBH=YXXSHJMX_LSBH','1','第四月计划量','2',40,15,'1','1','第四月计划量','','','',' ',' ',' ','1','1')
go
insert into LSBLM (LSBLM_XH,LSBLM_LJBM,LSBLM_DYLM,LSBLM_SJLM,LSBLM_LYBM,LSBLM_GLTJ,LSBLM_LMWZ,LSBLM_LMSM,LSBLM_LMLX,LSBLM_LMCD,LSBLM_XSCD,LSBLM_DYXZ,LSBLM_SFXS,LSBLM_YHMC,LSBLM_DXLB,LSBLM_SORT,LSBLM_CODE,LSBLM_GLLM,LSBLM_GLBM,LSBLM_GLGX,LSBLM_DYWZ,LSBLM_SFBB) values ('055','YXXSHJ','@YXXSHJMX_SHJH4@','YXXSHJMX_SHJH4','YXXSHJ,YXXSHJMX','YXXSHJ_LSBH=YXXSHJMX_LSBH','1','第四月审核量','2',40,0,'1','1','第四月审核量','','','',' ',' ',' ','1','1')
go
insert into LSBLM (LSBLM_XH,LSBLM_LJBM,LSBLM_DYLM,LSBLM_SJLM,LSBLM_LYBM,LSBLM_GLTJ,LSBLM_LMWZ,LSBLM_LMSM,LSBLM_LMLX,LSBLM_LMCD,LSBLM_XSCD,LSBLM_DYXZ,LSBLM_SFXS,LSBLM_YHMC,LSBLM_DXLB,LSBLM_SORT,LSBLM_CODE,LSBLM_GLLM,LSBLM_GLBM,LSBLM_GLGX,LSBLM_DYWZ,LSBLM_SFBB) values ('056','YXXSHJ','@YXXSHJMX_JH5@','YXXSHJMX_JH5','YXXSHJ,YXXSHJMX','YXXSHJ_LSBH=YXXSHJMX_LSBH','1','第五月计划量','2',40,15,'1','1','第五月计划量','','','',' ',' ',' ','1','1')
go
insert into LSBLM (LSBLM_XH,LSBLM_LJBM,LSBLM_DYLM,LSBLM_SJLM,LSBLM_LYBM,LSBLM_GLTJ,LSBLM_LMWZ,LSBLM_LMSM,LSBLM_LMLX,LSBLM_LMCD,LSBLM_XSCD,LSBLM_DYXZ,LSBLM_SFXS,LSBLM_YHMC,LSBLM_DXLB,LSBLM_SORT,LSBLM_CODE,LSBLM_GLLM,LSBLM_GLBM,LSBLM_GLGX,LSBLM_DYWZ,LSBLM_SFBB) values ('057','YXXSHJ','@YXXSHJMX_SHJH5@','YXXSHJMX_SHJH5','YXXSHJ,YXXSHJMX','YXXSHJ_LSBH=YXXSHJMX_LSBH','1','第五月审核量','2',40,0,'1','1','第五月审核量','','','',' ',' ',' ','1','1')
go
insert into LSBLM (LSBLM_XH,LSBLM_LJBM,LSBLM_DYLM,LSBLM_SJLM,LSBLM_LYBM,LSBLM_GLTJ,LSBLM_LMWZ,LSBLM_LMSM,LSBLM_LMLX,LSBLM_LMCD,LSBLM_XSCD,LSBLM_DYXZ,LSBLM_SFXS,LSBLM_YHMC,LSBLM_DXLB,LSBLM_SORT,LSBLM_CODE,LSBLM_GLLM,LSBLM_GLBM,LSBLM_GLGX,LSBLM_DYWZ,LSBLM_SFBB) values ('058','YXXSHJ','@YXXSHJMX_JH6@','YXXSHJMX_JH6','YXXSHJ,YXXSHJMX','YXXSHJ_LSBH=YXXSHJMX_LSBH','1','第六月计划量','2',40,15,'1','1','第六月计划量','','','',' ',' ',' ','1','1')
go
insert into LSBLM (LSBLM_XH,LSBLM_LJBM,LSBLM_DYLM,LSBLM_SJLM,LSBLM_LYBM,LSBLM_GLTJ,LSBLM_LMWZ,LSBLM_LMSM,LSBLM_LMLX,LSBLM_LMCD,LSBLM_XSCD,LSBLM_DYXZ,LSBLM_SFXS,LSBLM_YHMC,LSBLM_DXLB,LSBLM_SORT,LSBLM_CODE,LSBLM_GLLM,LSBLM_GLBM,LSBLM_GLGX,LSBLM_DYWZ,LSBLM_SFBB) values ('059','YXXSHJ','@YXXSHJMX_SHJH6@','YXXSHJMX_SHJH6','YXXSHJ,YXXSHJMX','YXXSHJ_LSBH=YXXSHJMX_LSBH','1','第六月审核量','2',40,0,'1','1','第六月审核量','','','',' ',' ',' ','1','1')
go
insert into LSBLM (LSBLM_XH,LSBLM_LJBM,LSBLM_DYLM,LSBLM_SJLM,LSBLM_LYBM,LSBLM_GLTJ,LSBLM_LMWZ,LSBLM_LMSM,LSBLM_LMLX,LSBLM_LMCD,LSBLM_XSCD,LSBLM_DYXZ,LSBLM_SFXS,LSBLM_YHMC,LSBLM_DXLB,LSBLM_SORT,LSBLM_CODE,LSBLM_GLLM,LSBLM_GLBM,LSBLM_GLGX,LSBLM_DYWZ,LSBLM_SFBB) values ('060','YXXSHJ','@YXXSHJMX_JH7@','YXXSHJMX_JH7','YXXSHJ,YXXSHJMX','YXXSHJ_LSBH=YXXSHJMX_LSBH','1','第7月计划量','2',40,15,'1','1','第7月计划量','','','',' ',' ',' ','1','1')
go
insert into LSBLM (LSBLM_XH,LSBLM_LJBM,LSBLM_DYLM,LSBLM_SJLM,LSBLM_LYBM,LSBLM_GLTJ,LSBLM_LMWZ,LSBLM_LMSM,LSBLM_LMLX,LSBLM_LMCD,LSBLM_XSCD,LSBLM_DYXZ,LSBLM_SFXS,LSBLM_YHMC,LSBLM_DXLB,LSBLM_SORT,LSBLM_CODE,LSBLM_GLLM,LSBLM_GLBM,LSBLM_GLGX,LSBLM_DYWZ,LSBLM_SFBB) values ('061','YXXSHJ','@YXXSHJMX_SHJH7@','YXXSHJMX_SHJH7','YXXSHJ,YXXSHJMX','YXXSHJ_LSBH=YXXSHJMX_LSBH','1','第7月审核量','2',40,0,'1','1','第7月审核量','','','',' ',' ',' ','1','1')
go
insert into LSBLM (LSBLM_XH,LSBLM_LJBM,LSBLM_DYLM,LSBLM_SJLM,LSBLM_LYBM,LSBLM_GLTJ,LSBLM_LMWZ,LSBLM_LMSM,LSBLM_LMLX,LSBLM_LMCD,LSBLM_XSCD,LSBLM_DYXZ,LSBLM_SFXS,LSBLM_YHMC,LSBLM_DXLB,LSBLM_SORT,LSBLM_CODE,LSBLM_GLLM,LSBLM_GLBM,LSBLM_GLGX,LSBLM_DYWZ,LSBLM_SFBB) values ('062','YXXSHJ','@YXXSHJMX_JH8@','YXXSHJMX_JH8','YXXSHJ,YXXSHJMX','YXXSHJ_LSBH=YXXSHJMX_LSBH','1','第8月计划量','2',40,15,'1','1','第8月计划量','','','',' ',' ',' ','1','1')
go
insert into LSBLM (LSBLM_XH,LSBLM_LJBM,LSBLM_DYLM,LSBLM_SJLM,LSBLM_LYBM,LSBLM_GLTJ,LSBLM_LMWZ,LSBLM_LMSM,LSBLM_LMLX,LSBLM_LMCD,LSBLM_XSCD,LSBLM_DYXZ,LSBLM_SFXS,LSBLM_YHMC,LSBLM_DXLB,LSBLM_SORT,LSBLM_CODE,LSBLM_GLLM,LSBLM_GLBM,LSBLM_GLGX,LSBLM_DYWZ,LSBLM_SFBB) values ('063','YXXSHJ','@YXXSHJMX_SHJH8@','YXXSHJMX_SHJH8','YXXSHJ,YXXSHJMX','YXXSHJ_LSBH=YXXSHJMX_LSBH','1','第8月审核量','2',40,0,'1','1','第8月审核量','','','',' ',' ',' ','1','1')
go
insert into LSBLM (LSBLM_XH,LSBLM_LJBM,LSBLM_DYLM,LSBLM_SJLM,LSBLM_LYBM,LSBLM_GLTJ,LSBLM_LMWZ,LSBLM_LMSM,LSBLM_LMLX,LSBLM_LMCD,LSBLM_XSCD,LSBLM_DYXZ,LSBLM_SFXS,LSBLM_YHMC,LSBLM_DXLB,LSBLM_SORT,LSBLM_CODE,LSBLM_GLLM,LSBLM_GLBM,LSBLM_GLGX,LSBLM_DYWZ,LSBLM_SFBB) values ('064','YXXSHJ','@YXXSHJMX_JH9@','YXXSHJMX_JH9','YXXSHJ,YXXSHJMX','YXXSHJ_LSBH=YXXSHJMX_LSBH','1','第9月计划量','2',40,15,'1','1','第9月计划量','','','',' ',' ',' ','1','1')
go
insert into LSBLM (LSBLM_XH,LSBLM_LJBM,LSBLM_DYLM,LSBLM_SJLM,LSBLM_LYBM,LSBLM_GLTJ,LSBLM_LMWZ,LSBLM_LMSM,LSBLM_LMLX,LSBLM_LMCD,LSBLM_XSCD,LSBLM_DYXZ,LSBLM_SFXS,LSBLM_YHMC,LSBLM_DXLB,LSBLM_SORT,LSBLM_CODE,LSBLM_GLLM,LSBLM_GLBM,LSBLM_GLGX,LSBLM_DYWZ,LSBLM_SFBB) values ('065','YXXSHJ','@YXXSHJMX_SHJH9@','YXXSHJMX_SHJH9','YXXSHJ,YXXSHJMX','YXXSHJ_LSBH=YXXSHJMX_LSBH','1','第9月审核量','2',40,0,'1','1','第9月审核量','','','',' ',' ',' ','1','1')
go
insert into LSBLM (LSBLM_XH,LSBLM_LJBM,LSBLM_DYLM,LSBLM_SJLM,LSBLM_LYBM,LSBLM_GLTJ,LSBLM_LMWZ,LSBLM_LMSM,LSBLM_LMLX,LSBLM_LMCD,LSBLM_XSCD,LSBLM_DYXZ,LSBLM_SFXS,LSBLM_YHMC,LSBLM_DXLB,LSBLM_SORT,LSBLM_CODE,LSBLM_GLLM,LSBLM_GLBM,LSBLM_GLGX,LSBLM_DYWZ,LSBLM_SFBB) values ('066','YXXSHJ','@YXXSHJMX_JH10@','YXXSHJMX_JH10','YXXSHJ,YXXSHJMX','YXXSHJ_LSBH=YXXSHJMX_LSBH','1','第10月计划量','2',40,15,'1','1','第10月计划量','','','',' ',' ',' ','1','1')
go
insert into LSBLM (LSBLM_XH,LSBLM_LJBM,LSBLM_DYLM,LSBLM_SJLM,LSBLM_LYBM,LSBLM_GLTJ,LSBLM_LMWZ,LSBLM_LMSM,LSBLM_LMLX,LSBLM_LMCD,LSBLM_XSCD,LSBLM_DYXZ,LSBLM_SFXS,LSBLM_YHMC,LSBLM_DXLB,LSBLM_SORT,LSBLM_CODE,LSBLM_GLLM,LSBLM_GLBM,LSBLM_GLGX,LSBLM_DYWZ,LSBLM_SFBB) values ('067','YXXSHJ','@YXXSHJMX_SHJH10@','YXXSHJMX_SHJH10','YXXSHJ,YXXSHJMX','YXXSHJ_LSBH=YXXSHJMX_LSBH','1','第10月审核量','2',40,0,'1','1','第10月审核量','','','',' ',' ',' ','1','1')
go
insert into LSBLM (LSBLM_XH,LSBLM_LJBM,LSBLM_DYLM,LSBLM_SJLM,LSBLM_LYBM,LSBLM_GLTJ,LSBLM_LMWZ,LSBLM_LMSM,LSBLM_LMLX,LSBLM_LMCD,LSBLM_XSCD,LSBLM_DYXZ,LSBLM_SFXS,LSBLM_YHMC,LSBLM_DXLB,LSBLM_SORT,LSBLM_CODE,LSBLM_GLLM,LSBLM_GLBM,LSBLM_GLGX,LSBLM_DYWZ,LSBLM_SFBB) values ('068','YXXSHJ','@YXXSHJMX_JH11@','YXXSHJMX_JH11','YXXSHJ,YXXSHJMX','YXXSHJ_LSBH=YXXSHJMX_LSBH','1','第11月计划量','2',40,15,'1','1','第11月计划量','','','',' ',' ',' ','1','1')
go
insert into LSBLM (LSBLM_XH,LSBLM_LJBM,LSBLM_DYLM,LSBLM_SJLM,LSBLM_LYBM,LSBLM_GLTJ,LSBLM_LMWZ,LSBLM_LMSM,LSBLM_LMLX,LSBLM_LMCD,LSBLM_XSCD,LSBLM_DYXZ,LSBLM_SFXS,LSBLM_YHMC,LSBLM_DXLB,LSBLM_SORT,LSBLM_CODE,LSBLM_GLLM,LSBLM_GLBM,LSBLM_GLGX,LSBLM_DYWZ,LSBLM_SFBB) values ('069','YXXSHJ','@YXXSHJMX_SHJH11@','YXXSHJMX_SHJH11','YXXSHJ,YXXSHJMX','YXXSHJ_LSBH=YXXSHJMX_LSBH','1','第11月审核量','2',40,0,'1','1','第11月审核量','','','',' ',' ',' ','1','1')
go
insert into LSBLM (LSBLM_XH,LSBLM_LJBM,LSBLM_DYLM,LSBLM_SJLM,LSBLM_LYBM,LSBLM_GLTJ,LSBLM_LMWZ,LSBLM_LMSM,LSBLM_LMLX,LSBLM_LMCD,LSBLM_XSCD,LSBLM_DYXZ,LSBLM_SFXS,LSBLM_YHMC,LSBLM_DXLB,LSBLM_SORT,LSBLM_CODE,LSBLM_GLLM,LSBLM_GLBM,LSBLM_GLGX,LSBLM_DYWZ,LSBLM_SFBB) values ('070','YXXSHJ','@YXXSHJMX_JH12@','YXXSHJMX_JH12','YXXSHJ,YXXSHJMX','YXXSHJ_LSBH=YXXSHJMX_LSBH','1','第12月计划量','2',40,15,'1','1','第12月计划量','','','',' ',' ',' ','1','1')
go
insert into LSBLM (LSBLM_XH,LSBLM_LJBM,LSBLM_DYLM,LSBLM_SJLM,LSBLM_LYBM,LSBLM_GLTJ,LSBLM_LMWZ,LSBLM_LMSM,LSBLM_LMLX,LSBLM_LMCD,LSBLM_XSCD,LSBLM_DYXZ,LSBLM_SFXS,LSBLM_YHMC,LSBLM_DXLB,LSBLM_SORT,LSBLM_CODE,LSBLM_GLLM,LSBLM_GLBM,LSBLM_GLGX,LSBLM_DYWZ,LSBLM_SFBB) values ('071','YXXSHJ','@YXXSHJMX_SHJH12@','YXXSHJMX_SHJH12','YXXSHJ,YXXSHJMX','YXXSHJ_LSBH=YXXSHJMX_LSBH','1','第12月审核量','2',40,0,'1','1','第12月审核量','','','',' ',' ',' ','1','1')
go
insert into LSBLM (LSBLM_XH,LSBLM_LJBM,LSBLM_DYLM,LSBLM_SJLM,LSBLM_LYBM,LSBLM_GLTJ,LSBLM_LMWZ,LSBLM_LMSM,LSBLM_LMLX,LSBLM_LMCD,LSBLM_XSCD,LSBLM_DYXZ,LSBLM_SFXS,LSBLM_YHMC,LSBLM_DXLB,LSBLM_SORT,LSBLM_CODE,LSBLM_GLLM,LSBLM_GLBM,LSBLM_GLGX,LSBLM_DYWZ,LSBLM_SFBB) values ('072','YXXSHJ','@YXXSHJMX_DEMO@','YXXSHJMX_DEMO','YXXSHJ,YXXSHJMX','YXXSHJ_LSBH=YXXSHJMX_LSBH','1','备注','C',200,15,'1','1','备注','','','',' ',' ',' ','1','1')
go
delete from LSSTRU where F_TABN='YXXSHJ'
go
delete from LSSTRU where F_TABN='YXXSHJ_I1'
go





















/*SDBQL3007单据信息 */
/*20191108 16:12:08*/
Create table YXTHSQ(
YXTHSQ_DRBS varchar(36) null /*导入标识*/,
YXTHSQ_LSBH varchar(36) null /*单据流水*/,
YXTHSQ_GSID varchar(40) null /*核算单位*/,
YXTHSQ_DJBH varchar(36) null /*单据编号*/,
YXTHSQ_BMBH varchar(40) null /*制单部门*/,
YXTHSQ_THLX varchar(40) null /*退货类型*/,
YXTHSQ_KH varchar(40) null /*客户*/,
YXTHSQ_SQR varchar(40) null /*申请人*/,
YXTHSQ_THYY varchar(255) null /*退货原因*/,
YXTHSQ_HDMD varchar(40) null /*活动目的*/,
YXTHSQ_HYXS varchar(40) null /*会议形式*/,
YXTHSQ_C1 varchar(100) null /*字符1*/,
YXTHSQ_ZDR varchar(20) null /*制单人*/,
YXTHSQ_ZDRID varchar(40) null /*制单人ID*/,
YXTHSQ_C2 varchar(100) null /*字符2*/,
YXTHSQ_SHRQ varchar(200) null /*审核日期*/,
YXTHSQ_SHBZ char(1) null /*审核标志*/,
YXTHSQ_C3 varchar(100) null /*字符3*/,
YXTHSQ_C4 varchar(100) null /*字符4*/,
YXTHSQ_SPDX varchar(40) null /*审批对象*/,
YXTHSQ_SHR varchar(200) null /*审核人*/,
YXTHSQ_SHLC varchar(4) null /*审核流程*/,
YXTHSQ_C5 varchar(100) null /*字符5*/,
YXTHSQ_ZDRQ varchar(8) null /*制单日期*/,
YXTHSQ_U1 float null /*数值1*/,
YXTHSQ_U2 float null /*数值2*/,
YXTHSQ_U3 float null /*数值3*/,
YXTHSQ_ZDRID varchar(128) null)
go

CREATE UNIQUE INDEX YXTHSQ on YXTHSQ(YXTHSQ_LSBH)
go
Create table YXTHSQMX(
YXTHSQMX_FLBH varchar(40) null /*分录编号*/,
YXTHSQMX_LSBH varchar(40) null /*流水编号*/,
YXTHSQMX_XSZZ varchar(40) null /*销售组织*/,
YXTHSQMX_FHRQ varchar(8) null /*发货日期*/,
YXTHSQMX_CRMDD varchar(40) null /*CRM订单号*/,
YXTHSQMX_SAPTD varchar(40) null /*SAP提货单号*/,
YXTHSQMX_SAPDD varchar(40) null /*SAP订单号*/,
YXTHSQMX_QDLX varchar(40) null /*渠道类型*/,
YXTHSQMX_QY varchar(40) null /*区域*/,
YXTHSQMX_CRMBM varchar(40) null /*CRM部门*/,
YXTHSQMX_CP varchar(40) null /*产品*/,
YXTHSQMX_TYM varchar(100) null /*通用名*/,
YXTHSQMX_GG varchar(40) null /*规格*/,
YXTHSQMX_JLDW varchar(40) null /*计量单位*/,
YXTHSQMX_FHSL float null /*发货数量*/,
YXTHSQMX_PH varchar(40) null /*批号*/,
YXTHSQMX_SYSL float null /*已退数量*/,
YXTHSQMX_KYSL float null /*可退数量*/,
YXTHSQMX_THSL float null /*本次退货数量*/,
YXTHSQMX_SFTH char(1) null /*是否退货*/,
YXTHSQMX_SAPTHD varchar(40) null /*SAP退货单号*/,
YXTHSQMX_SAPFP varchar(40) null /*SAP系统发票号*/,
YXTHSQMX_GUID varchar(40) null /*ERPFH的唯一标识*/)
go

CREATE UNIQUE INDEX YXTHSQMX on YXTHSQMX(YXTHSQMX_LSBH,YXTHSQMX_FLBH)
go
/*以下是表修正语句*/
alter table YXTHSQ add YXTHSQ_DRBS varchar(36) null
go
alter table YXTHSQ add YXTHSQ_LSBH varchar(36) null
go
alter table YXTHSQ add YXTHSQ_GSID varchar(40) null
go
alter table YXTHSQ add YXTHSQ_DJBH varchar(36) null
go
alter table YXTHSQ add YXTHSQ_BMBH varchar(40) null
go
alter table YXTHSQ add YXTHSQ_THLX varchar(40) null
go
alter table YXTHSQ add YXTHSQ_KH varchar(40) null
go
alter table YXTHSQ add YXTHSQ_SQR varchar(40) null
go
alter table YXTHSQ add YXTHSQ_THYY varchar(255) null
go
alter table YXTHSQ add YXTHSQ_HDMD varchar(40) null
go
alter table YXTHSQ add YXTHSQ_HYXS varchar(40) null
go
alter table YXTHSQ add YXTHSQ_C1 varchar(100) null
go
alter table YXTHSQ add YXTHSQ_ZDR varchar(20) null
go
alter table YXTHSQ add YXTHSQ_ZDRID varchar(40) null
go
alter table YXTHSQ add YXTHSQ_C2 varchar(100) null
go
alter table YXTHSQ add YXTHSQ_SHRQ varchar(200) null
go
alter table YXTHSQ add YXTHSQ_SHBZ char(1) null
go
alter table YXTHSQ add YXTHSQ_C3 varchar(100) null
go
alter table YXTHSQ add YXTHSQ_C4 varchar(100) null
go
alter table YXTHSQ add YXTHSQ_SPDX varchar(40) null
go
alter table YXTHSQ add YXTHSQ_SHR varchar(200) null
go
alter table YXTHSQ add YXTHSQ_SHLC varchar(4) null
go
alter table YXTHSQ add YXTHSQ_C5 varchar(100) null
go
alter table YXTHSQ add YXTHSQ_ZDRQ varchar(8) null
go
alter table YXTHSQ add YXTHSQ_U1 float null
go
alter table YXTHSQ add YXTHSQ_U2 float null
go
alter table YXTHSQ add YXTHSQ_U3 float null
go
alter table YXTHSQ add YXTHSQ_ZDRID varchar(128) null
go
/*以下是字段修正SQL需要分数据库配置或项目化迁移使用*/
alter table YXTHSQ ALTER COLUMN YXTHSQ_DRBS varchar(36) null
go
alter table YXTHSQ ALTER COLUMN YXTHSQ_LSBH varchar(36) null
go
alter table YXTHSQ ALTER COLUMN YXTHSQ_GSID varchar(40) null
go
alter table YXTHSQ ALTER COLUMN YXTHSQ_DJBH varchar(36) null
go
alter table YXTHSQ ALTER COLUMN YXTHSQ_BMBH varchar(40) null
go
alter table YXTHSQ ALTER COLUMN YXTHSQ_THLX varchar(40) null
go
alter table YXTHSQ ALTER COLUMN YXTHSQ_KH varchar(40) null
go
alter table YXTHSQ ALTER COLUMN YXTHSQ_SQR varchar(40) null
go
alter table YXTHSQ ALTER COLUMN YXTHSQ_THYY varchar(255) null
go
alter table YXTHSQ ALTER COLUMN YXTHSQ_HDMD varchar(40) null
go
alter table YXTHSQ ALTER COLUMN YXTHSQ_HYXS varchar(40) null
go
alter table YXTHSQ ALTER COLUMN YXTHSQ_C1 varchar(100) null
go
alter table YXTHSQ ALTER COLUMN YXTHSQ_ZDR varchar(20) null
go
alter table YXTHSQ ALTER COLUMN YXTHSQ_ZDRID varchar(40) null
go
alter table YXTHSQ ALTER COLUMN YXTHSQ_C2 varchar(100) null
go
alter table YXTHSQ ALTER COLUMN YXTHSQ_SHRQ varchar(200) null
go
alter table YXTHSQ ALTER COLUMN YXTHSQ_C3 varchar(100) null
go
alter table YXTHSQ ALTER COLUMN YXTHSQ_C4 varchar(100) null
go
alter table YXTHSQ ALTER COLUMN YXTHSQ_SPDX varchar(40) null
go
alter table YXTHSQ ALTER COLUMN YXTHSQ_SHR varchar(200) null
go
alter table YXTHSQ ALTER COLUMN YXTHSQ_SHLC varchar(4) null
go
alter table YXTHSQ ALTER COLUMN YXTHSQ_C5 varchar(100) null
go
alter table YXTHSQ ALTER COLUMN YXTHSQ_ZDRQ varchar(8) null
go
alter table YXTHSQMX add YXTHSQMX_FLBH varchar(40) null
go
alter table YXTHSQMX add YXTHSQMX_LSBH varchar(40) null
go
alter table YXTHSQMX add YXTHSQMX_XSZZ varchar(40) null
go
alter table YXTHSQMX add YXTHSQMX_FHRQ varchar(8) null
go
alter table YXTHSQMX add YXTHSQMX_CRMDD varchar(40) null
go
alter table YXTHSQMX add YXTHSQMX_SAPTD varchar(40) null
go
alter table YXTHSQMX add YXTHSQMX_SAPDD varchar(40) null
go
alter table YXTHSQMX add YXTHSQMX_QDLX varchar(40) null
go
alter table YXTHSQMX add YXTHSQMX_QY varchar(40) null
go
alter table YXTHSQMX add YXTHSQMX_CRMBM varchar(40) null
go
alter table YXTHSQMX add YXTHSQMX_CP varchar(40) null
go
alter table YXTHSQMX add YXTHSQMX_TYM varchar(100) null
go
alter table YXTHSQMX add YXTHSQMX_GG varchar(40) null
go
alter table YXTHSQMX add YXTHSQMX_JLDW varchar(40) null
go
alter table YXTHSQMX add YXTHSQMX_FHSL float null
go
alter table YXTHSQMX add YXTHSQMX_PH varchar(40) null
go
alter table YXTHSQMX add YXTHSQMX_SYSL float null
go
alter table YXTHSQMX add YXTHSQMX_KYSL float null
go
alter table YXTHSQMX add YXTHSQMX_THSL float null
go
alter table YXTHSQMX add YXTHSQMX_SFTH char(1) null
go
alter table YXTHSQMX add YXTHSQMX_SAPTHD varchar(40) null
go
alter table YXTHSQMX add YXTHSQMX_SAPFP varchar(40) null
go
alter table YXTHSQMX add YXTHSQMX_GUID varchar(40) null
go
/*以下是字段修正SQL需要分数据库配置或项目化迁移使用*/
alter table YXTHSQMX ALTER COLUMN YXTHSQMX_FLBH varchar(40) null
go
alter table YXTHSQMX ALTER COLUMN YXTHSQMX_LSBH varchar(40) null
go
alter table YXTHSQMX ALTER COLUMN YXTHSQMX_XSZZ varchar(40) null
go
alter table YXTHSQMX ALTER COLUMN YXTHSQMX_FHRQ varchar(8) null
go
alter table YXTHSQMX ALTER COLUMN YXTHSQMX_CRMDD varchar(40) null
go
alter table YXTHSQMX ALTER COLUMN YXTHSQMX_SAPTD varchar(40) null
go
alter table YXTHSQMX ALTER COLUMN YXTHSQMX_SAPDD varchar(40) null
go
alter table YXTHSQMX ALTER COLUMN YXTHSQMX_QDLX varchar(40) null
go
alter table YXTHSQMX ALTER COLUMN YXTHSQMX_QY varchar(40) null
go
alter table YXTHSQMX ALTER COLUMN YXTHSQMX_CRMBM varchar(40) null
go
alter table YXTHSQMX ALTER COLUMN YXTHSQMX_CP varchar(40) null
go
alter table YXTHSQMX ALTER COLUMN YXTHSQMX_TYM varchar(100) null
go
alter table YXTHSQMX ALTER COLUMN YXTHSQMX_GG varchar(40) null
go
alter table YXTHSQMX ALTER COLUMN YXTHSQMX_JLDW varchar(40) null
go
alter table YXTHSQMX ALTER COLUMN YXTHSQMX_PH varchar(40) null
go
alter table YXTHSQMX ALTER COLUMN YXTHSQMX_SAPTHD varchar(40) null
go
alter table YXTHSQMX ALTER COLUMN YXTHSQMX_SAPFP varchar(40) null
go
alter table YXTHSQMX ALTER COLUMN YXTHSQMX_GUID varchar(40) null
go

go
delete from SDSYSBILL where SDSYSBILL_ID='SDBQL3007'
go
insert into SDSYSBILL(SDSYSBILL_MKBS,SDSYSBILL_ID,SDSYSBILL_MBMC,SDSYSBILL_DYLX,SDSYSBILL_OTMODI,SDSYSBILL_LASTOPEN,SDSYSBILL_BZ,SDSYSBILL_LJBM,SDSYSBILL_SPDX,SDSYSBILL_MTABTITLE,SDSYSBILL_ITABTITLE,SDSYSBILL_MTABCOUNT,SDSYSBILL_ITABCOUNT,SDSYSBILL_FLHS,SDSYSBILL_ISLINELAYOUT,SDSYSBILL_MLSZD,SDSYSBILL_MTABLE,SDSYSBILL_CTABLE,SDSYSBILL_SHRZD,SDSYSBILL_SHBZZD,SDSYSBILL_SHLCZD,SDSYSBILL_ZDRZD,SDSYSBILL_BMZD,SDSYSBILL_ILSZD,SDSYSBILL_IFLZD,SDSYSBILL_QXBZ,SDSYSBILL_ZDRQZD,SDSYSBILL_BFEXECUT,SDSYSBILL_AFEXECUT,SDSYSBILL_DJBHZD,SDSYSBILL_QUERYEXECUT,SDSYSBILL_TYPE,SDSYSBILL_DJRQ,SDSYSBILL_DRBSZD,SDSYSBILL_DREXECUT,SDSYSBILL_SQL,SDSYSBILL_DRBFEXECUT,SDSYSBILL_LSFF,SDSYSBILL_FLKZ,SDSYSBILL_QXKZ,SDSYSBILL_ORDERSTR,SDSYSBILL_ZDQXKZ ,SDSYSBILL_AFDELEXECUT,SDSYSBILL_APPROVEEXECUT,SDSYSBILL_UNAPPROVEEXECUT,SDSYSBILL_OSQL,SDSYSBILL_IORDER ,SDSYSBILL_DRBHFS,SDSYSBILL_DRAFEXECUT,SDSYSBILL_APPDOEXECUT,SDSYSBILL_DWZD,SDSYSBILL_SPDXZD,SDSYSBILL_SHOWLOG,SDSYSBILL_SHOWVERY,SDSYSBILL_CJR,SDSYSBILL_CJRSJ,SDSYSBILL_XGR,SDSYSBILL_XGRSJ) values('MKT','SDBQL3007','退货申请','S','0','0','','YXTHSQ','YXTHSQ','基本信息','明细信息', 1 , 1 ,'5','0','YXTHSQ_LSBH','YXTHSQ','YXTHSQMX','YXTHSQ_SHR','YXTHSQ_SHBZ','YXTHSQ_SHLC','YXTHSQ_ZDR','YXTHSQ_BMBH','YXTHSQMX_LSBH','YXTHSQMX_FLBH','[GSSJQX] YXTHSQ_BMBH,YX_SJQX,YX_SJQXZD,YXSJBMQX[/GSSJQX]','YXTHSQ_ZDRQ','','SP_SD_THSQ_AFTERSAVE','YXTHSQ_DJBH','','0','YXTHSQ_ZDRQ','YXTHSQ_DRBS','','','','GUID','0','','','0','','','','','','0','','','YXTHSQ_GSID','YXTHSQ_SPDX','0','0','YXTHSQ_ZDRID','','','')
go
update SDSYSBILL set SDSYSBILL_SKEY='/nZaOUDW/lKxhhaMGhRXNg==' where SDSYSBILL_ID='SDBQL3007'
go
delete from SDSYSBILLJS where SDSYSBILLJS_ID='SDBQL3007'
go
delete from SDSYSFIELD where SDSYSFIELD_ID='SDBQL3007'
go
insert into SDSYSFIELD(SDSYSFIELD_ID,SDSYSFIELD_LMMC,SDSYSFIELD_LMZT,SDSYSFIELD_LMBM,SDSYSFIELD_TITLE,SDSYSFIELD_TABLE,SDSYSFIELD_SFBZ,SDSYSFIELD_KZBZ,SDSYSFIELD_SFSPXM,SDSYSFIELD_BZBM,SDSYSFIELD_BZBH,SDSYSFIELD_BZTJ,SDSYSFIELD_SFBT,SDSYSFIELD_XSXH,SDSYSFIELD_GLBM,SDSYSFIELD_BHZD,SDSYSFIELD_NMZD,SDSYSFIELD_MCZD,SDSYSFIELD_SQL,SDSYSFIELD_WIDTH,SDSYSFIELD_SPJD,SDSYSFIELD_TABID,SDSYSFIELD_TYPE,SDSYSFIELD_COLSPAN,SDSYSFIELD_ROWSPAN,SDSYSFIELD_LENGTH,SDSYSFIELD_DEFAULT,SDSYSFIELD_LIST,SDSYSFIELD_PRECISION,SDSYSFIELD_FIELDTYPE,SDSYSFIELD_READONLY,SDSYSFIELD_LISTFLAG,SDSYSFIELD_LOCALESTRING,SDSYSFIELD_ZDQXBH,SDSYSFIELD_DXLB,SDSYSFIELD_DRBZ,SDSYSFIELD_DRBT,SDSYSFIELD_DRXH,SDSYSFIELD_LBXH,SDSYSFIELD_ISFILTER,SDSYSFIELD_FILTERDISP,SDSYSFIELD_NEWLINE,SDSYSFIELD_NEWLINESHOW,SDSYSFIELD_NEWLINETITLE,SDSYSFIELD_GUID,SDSYSFIELD_LINKDO,SDSYSFIELD_SETSQL,SDSYSFIELD_MIN,SDSYSFIELD_MAX,SDSYSFIELD_FJMAX,SDSYSFIELD_FJEXT) values('SDBQL3007','YXTHSQ_DRBS','0','导入标识','','YXTHSQ','0','0','0','','',' ','0','0010','','','','',' ', 15 ,'','M1','0', 1 , 1 , 36 ,'','', 2 ,'0','0','0','0','','','0','0', 0 , 0 ,'0','','0','1','','','','','','',0,'')
go
insert into SDSYSFIELD(SDSYSFIELD_ID,SDSYSFIELD_LMMC,SDSYSFIELD_LMZT,SDSYSFIELD_LMBM,SDSYSFIELD_TITLE,SDSYSFIELD_TABLE,SDSYSFIELD_SFBZ,SDSYSFIELD_KZBZ,SDSYSFIELD_SFSPXM,SDSYSFIELD_BZBM,SDSYSFIELD_BZBH,SDSYSFIELD_BZTJ,SDSYSFIELD_SFBT,SDSYSFIELD_XSXH,SDSYSFIELD_GLBM,SDSYSFIELD_BHZD,SDSYSFIELD_NMZD,SDSYSFIELD_MCZD,SDSYSFIELD_SQL,SDSYSFIELD_WIDTH,SDSYSFIELD_SPJD,SDSYSFIELD_TABID,SDSYSFIELD_TYPE,SDSYSFIELD_COLSPAN,SDSYSFIELD_ROWSPAN,SDSYSFIELD_LENGTH,SDSYSFIELD_DEFAULT,SDSYSFIELD_LIST,SDSYSFIELD_PRECISION,SDSYSFIELD_FIELDTYPE,SDSYSFIELD_READONLY,SDSYSFIELD_LISTFLAG,SDSYSFIELD_LOCALESTRING,SDSYSFIELD_ZDQXBH,SDSYSFIELD_DXLB,SDSYSFIELD_DRBZ,SDSYSFIELD_DRBT,SDSYSFIELD_DRXH,SDSYSFIELD_LBXH,SDSYSFIELD_ISFILTER,SDSYSFIELD_FILTERDISP,SDSYSFIELD_NEWLINE,SDSYSFIELD_NEWLINESHOW,SDSYSFIELD_NEWLINETITLE,SDSYSFIELD_GUID,SDSYSFIELD_LINKDO,SDSYSFIELD_SETSQL,SDSYSFIELD_MIN,SDSYSFIELD_MAX,SDSYSFIELD_FJMAX,SDSYSFIELD_FJEXT) values('SDBQL3007','YXTHSQ_LSBH','0','单据流水','','YXTHSQ','0','0','0','','',' ','0','0020','','','','',' ', 15 ,'','M1','0', 1 , 1 , 36 ,'','', 2 ,'1','0','0','0','','','0','0', 0 , 0 ,'0','','0','1','','','','','','',0,'')
go
insert into SDSYSFIELD(SDSYSFIELD_ID,SDSYSFIELD_LMMC,SDSYSFIELD_LMZT,SDSYSFIELD_LMBM,SDSYSFIELD_TITLE,SDSYSFIELD_TABLE,SDSYSFIELD_SFBZ,SDSYSFIELD_KZBZ,SDSYSFIELD_SFSPXM,SDSYSFIELD_BZBM,SDSYSFIELD_BZBH,SDSYSFIELD_BZTJ,SDSYSFIELD_SFBT,SDSYSFIELD_XSXH,SDSYSFIELD_GLBM,SDSYSFIELD_BHZD,SDSYSFIELD_NMZD,SDSYSFIELD_MCZD,SDSYSFIELD_SQL,SDSYSFIELD_WIDTH,SDSYSFIELD_SPJD,SDSYSFIELD_TABID,SDSYSFIELD_TYPE,SDSYSFIELD_COLSPAN,SDSYSFIELD_ROWSPAN,SDSYSFIELD_LENGTH,SDSYSFIELD_DEFAULT,SDSYSFIELD_LIST,SDSYSFIELD_PRECISION,SDSYSFIELD_FIELDTYPE,SDSYSFIELD_READONLY,SDSYSFIELD_LISTFLAG,SDSYSFIELD_LOCALESTRING,SDSYSFIELD_ZDQXBH,SDSYSFIELD_DXLB,SDSYSFIELD_DRBZ,SDSYSFIELD_DRBT,SDSYSFIELD_DRXH,SDSYSFIELD_LBXH,SDSYSFIELD_ISFILTER,SDSYSFIELD_FILTERDISP,SDSYSFIELD_NEWLINE,SDSYSFIELD_NEWLINESHOW,SDSYSFIELD_NEWLINETITLE,SDSYSFIELD_GUID,SDSYSFIELD_LINKDO,SDSYSFIELD_SETSQL,SDSYSFIELD_MIN,SDSYSFIELD_MAX,SDSYSFIELD_FJMAX,SDSYSFIELD_FJEXT) values('SDBQL3007','YXTHSQ_GSID','1','核算单位','','YXTHSQ','0','0','0','LSBZDW','YX01',' ','1','0030','LSBZDW','LSBZDW_DWBH','','LSBZDW_DWMC',' ', 15 ,'','M1','0', 1 , 1 , 40 ,'@GSDWBH@','', 2 ,'0','0','1','0','','','1','1', 54 , 54 ,'1','','0','1','','','','','','',0,'')
go
insert into SDSYSFIELD(SDSYSFIELD_ID,SDSYSFIELD_LMMC,SDSYSFIELD_LMZT,SDSYSFIELD_LMBM,SDSYSFIELD_TITLE,SDSYSFIELD_TABLE,SDSYSFIELD_SFBZ,SDSYSFIELD_KZBZ,SDSYSFIELD_SFSPXM,SDSYSFIELD_BZBM,SDSYSFIELD_BZBH,SDSYSFIELD_BZTJ,SDSYSFIELD_SFBT,SDSYSFIELD_XSXH,SDSYSFIELD_GLBM,SDSYSFIELD_BHZD,SDSYSFIELD_NMZD,SDSYSFIELD_MCZD,SDSYSFIELD_SQL,SDSYSFIELD_WIDTH,SDSYSFIELD_SPJD,SDSYSFIELD_TABID,SDSYSFIELD_TYPE,SDSYSFIELD_COLSPAN,SDSYSFIELD_ROWSPAN,SDSYSFIELD_LENGTH,SDSYSFIELD_DEFAULT,SDSYSFIELD_LIST,SDSYSFIELD_PRECISION,SDSYSFIELD_FIELDTYPE,SDSYSFIELD_READONLY,SDSYSFIELD_LISTFLAG,SDSYSFIELD_LOCALESTRING,SDSYSFIELD_ZDQXBH,SDSYSFIELD_DXLB,SDSYSFIELD_DRBZ,SDSYSFIELD_DRBT,SDSYSFIELD_DRXH,SDSYSFIELD_LBXH,SDSYSFIELD_ISFILTER,SDSYSFIELD_FILTERDISP,SDSYSFIELD_NEWLINE,SDSYSFIELD_NEWLINESHOW,SDSYSFIELD_NEWLINETITLE,SDSYSFIELD_GUID,SDSYSFIELD_LINKDO,SDSYSFIELD_SETSQL,SDSYSFIELD_MIN,SDSYSFIELD_MAX,SDSYSFIELD_FJMAX,SDSYSFIELD_FJEXT) values('SDBQL3007','YXTHSQ_DJBH','1','单据编号','','YXTHSQ','0','0','0','','',' ','1','0040','','','','',' ', 15 ,'','M1','0', 1 , 1 , 36 ,'','', 2 ,'2','0','1','0','','','0','0', 3 , 3 ,'1','','0','1','','','','','','',0,'')
go
insert into SDSYSFIELD(SDSYSFIELD_ID,SDSYSFIELD_LMMC,SDSYSFIELD_LMZT,SDSYSFIELD_LMBM,SDSYSFIELD_TITLE,SDSYSFIELD_TABLE,SDSYSFIELD_SFBZ,SDSYSFIELD_KZBZ,SDSYSFIELD_SFSPXM,SDSYSFIELD_BZBM,SDSYSFIELD_BZBH,SDSYSFIELD_BZTJ,SDSYSFIELD_SFBT,SDSYSFIELD_XSXH,SDSYSFIELD_GLBM,SDSYSFIELD_BHZD,SDSYSFIELD_NMZD,SDSYSFIELD_MCZD,SDSYSFIELD_SQL,SDSYSFIELD_WIDTH,SDSYSFIELD_SPJD,SDSYSFIELD_TABID,SDSYSFIELD_TYPE,SDSYSFIELD_COLSPAN,SDSYSFIELD_ROWSPAN,SDSYSFIELD_LENGTH,SDSYSFIELD_DEFAULT,SDSYSFIELD_LIST,SDSYSFIELD_PRECISION,SDSYSFIELD_FIELDTYPE,SDSYSFIELD_READONLY,SDSYSFIELD_LISTFLAG,SDSYSFIELD_LOCALESTRING,SDSYSFIELD_ZDQXBH,SDSYSFIELD_DXLB,SDSYSFIELD_DRBZ,SDSYSFIELD_DRBT,SDSYSFIELD_DRXH,SDSYSFIELD_LBXH,SDSYSFIELD_ISFILTER,SDSYSFIELD_FILTERDISP,SDSYSFIELD_NEWLINE,SDSYSFIELD_NEWLINESHOW,SDSYSFIELD_NEWLINETITLE,SDSYSFIELD_GUID,SDSYSFIELD_LINKDO,SDSYSFIELD_SETSQL,SDSYSFIELD_MIN,SDSYSFIELD_MAX,SDSYSFIELD_FJMAX,SDSYSFIELD_FJEXT) values('SDBQL3007','YXTHSQ_BMBH','1','制单部门','','YXTHSQ','0','0','0','YXBMZD','YX1',' YXBMZD_SYBZ = ''1'' [GSSJQX] AND YXBMZD_NM,YX_SJQX,YX_SJQXZD,YXSJBMQX[/GSSJQX]','1','0050','YXBMZD BM1','BM1.YXBMZD_BMBH','BM1.YXBMZD_NM','BM1.YXBMZD_BMMC',' ', 15 ,'','M1','0', 1 , 1 , 40 ,'','', 2 ,'5','0','0','0','','','1','1', 2 , 2 ,'1','','0','1','','','','','','',0,'')
go
insert into SDSYSFIELD(SDSYSFIELD_ID,SDSYSFIELD_LMMC,SDSYSFIELD_LMZT,SDSYSFIELD_LMBM,SDSYSFIELD_TITLE,SDSYSFIELD_TABLE,SDSYSFIELD_SFBZ,SDSYSFIELD_KZBZ,SDSYSFIELD_SFSPXM,SDSYSFIELD_BZBM,SDSYSFIELD_BZBH,SDSYSFIELD_BZTJ,SDSYSFIELD_SFBT,SDSYSFIELD_XSXH,SDSYSFIELD_GLBM,SDSYSFIELD_BHZD,SDSYSFIELD_NMZD,SDSYSFIELD_MCZD,SDSYSFIELD_SQL,SDSYSFIELD_WIDTH,SDSYSFIELD_SPJD,SDSYSFIELD_TABID,SDSYSFIELD_TYPE,SDSYSFIELD_COLSPAN,SDSYSFIELD_ROWSPAN,SDSYSFIELD_LENGTH,SDSYSFIELD_DEFAULT,SDSYSFIELD_LIST,SDSYSFIELD_PRECISION,SDSYSFIELD_FIELDTYPE,SDSYSFIELD_READONLY,SDSYSFIELD_LISTFLAG,SDSYSFIELD_LOCALESTRING,SDSYSFIELD_ZDQXBH,SDSYSFIELD_DXLB,SDSYSFIELD_DRBZ,SDSYSFIELD_DRBT,SDSYSFIELD_DRXH,SDSYSFIELD_LBXH,SDSYSFIELD_ISFILTER,SDSYSFIELD_FILTERDISP,SDSYSFIELD_NEWLINE,SDSYSFIELD_NEWLINESHOW,SDSYSFIELD_NEWLINETITLE,SDSYSFIELD_GUID,SDSYSFIELD_LINKDO,SDSYSFIELD_SETSQL,SDSYSFIELD_MIN,SDSYSFIELD_MAX,SDSYSFIELD_FJMAX,SDSYSFIELD_FJEXT) values('SDBQL3007','YXTHSQ_THLX','1','退货类型','','YXTHSQ','0','0','0','YXTHLX','YX1',' ','0','0060','YXTHLX','YXTHLX_BH','YXTHLX_NM','YXTHLX_MC',' ', 15 ,'','M1','0', 1 , 1 , 40 ,'','', 2 ,'0','0','0','0','','','0','0', 13 , 2 ,'0','','0','1','','','','','','',0,'')
go
insert into SDSYSFIELD(SDSYSFIELD_ID,SDSYSFIELD_LMMC,SDSYSFIELD_LMZT,SDSYSFIELD_LMBM,SDSYSFIELD_TITLE,SDSYSFIELD_TABLE,SDSYSFIELD_SFBZ,SDSYSFIELD_KZBZ,SDSYSFIELD_SFSPXM,SDSYSFIELD_BZBM,SDSYSFIELD_BZBH,SDSYSFIELD_BZTJ,SDSYSFIELD_SFBT,SDSYSFIELD_XSXH,SDSYSFIELD_GLBM,SDSYSFIELD_BHZD,SDSYSFIELD_NMZD,SDSYSFIELD_MCZD,SDSYSFIELD_SQL,SDSYSFIELD_WIDTH,SDSYSFIELD_SPJD,SDSYSFIELD_TABID,SDSYSFIELD_TYPE,SDSYSFIELD_COLSPAN,SDSYSFIELD_ROWSPAN,SDSYSFIELD_LENGTH,SDSYSFIELD_DEFAULT,SDSYSFIELD_LIST,SDSYSFIELD_PRECISION,SDSYSFIELD_FIELDTYPE,SDSYSFIELD_READONLY,SDSYSFIELD_LISTFLAG,SDSYSFIELD_LOCALESTRING,SDSYSFIELD_ZDQXBH,SDSYSFIELD_DXLB,SDSYSFIELD_DRBZ,SDSYSFIELD_DRBT,SDSYSFIELD_DRXH,SDSYSFIELD_LBXH,SDSYSFIELD_ISFILTER,SDSYSFIELD_FILTERDISP,SDSYSFIELD_NEWLINE,SDSYSFIELD_NEWLINESHOW,SDSYSFIELD_NEWLINETITLE,SDSYSFIELD_GUID,SDSYSFIELD_LINKDO,SDSYSFIELD_SETSQL,SDSYSFIELD_MIN,SDSYSFIELD_MAX,SDSYSFIELD_FJMAX,SDSYSFIELD_FJEXT) values('SDBQL3007','YXTHSQ_KH','1','客户','','YXTHSQ','0','0','0','YXKHZD','YX1','','1','0070','YXKHZD','YXKHZD_KHBH','YXKHZD_NM','YXKHZD_KHMC','', 15 ,'','M1','0', 1 , 1 , 40 ,'','', 2 ,'0','0','0','0','','','0','0', 13 , 2 ,'0','','0','1','',' ','','','','',0,'')
go
insert into SDSYSFIELD(SDSYSFIELD_ID,SDSYSFIELD_LMMC,SDSYSFIELD_LMZT,SDSYSFIELD_LMBM,SDSYSFIELD_TITLE,SDSYSFIELD_TABLE,SDSYSFIELD_SFBZ,SDSYSFIELD_KZBZ,SDSYSFIELD_SFSPXM,SDSYSFIELD_BZBM,SDSYSFIELD_BZBH,SDSYSFIELD_BZTJ,SDSYSFIELD_SFBT,SDSYSFIELD_XSXH,SDSYSFIELD_GLBM,SDSYSFIELD_BHZD,SDSYSFIELD_NMZD,SDSYSFIELD_MCZD,SDSYSFIELD_SQL,SDSYSFIELD_WIDTH,SDSYSFIELD_SPJD,SDSYSFIELD_TABID,SDSYSFIELD_TYPE,SDSYSFIELD_COLSPAN,SDSYSFIELD_ROWSPAN,SDSYSFIELD_LENGTH,SDSYSFIELD_DEFAULT,SDSYSFIELD_LIST,SDSYSFIELD_PRECISION,SDSYSFIELD_FIELDTYPE,SDSYSFIELD_READONLY,SDSYSFIELD_LISTFLAG,SDSYSFIELD_LOCALESTRING,SDSYSFIELD_ZDQXBH,SDSYSFIELD_DXLB,SDSYSFIELD_DRBZ,SDSYSFIELD_DRBT,SDSYSFIELD_DRXH,SDSYSFIELD_LBXH,SDSYSFIELD_ISFILTER,SDSYSFIELD_FILTERDISP,SDSYSFIELD_NEWLINE,SDSYSFIELD_NEWLINESHOW,SDSYSFIELD_NEWLINETITLE,SDSYSFIELD_GUID,SDSYSFIELD_LINKDO,SDSYSFIELD_SETSQL,SDSYSFIELD_MIN,SDSYSFIELD_MAX,SDSYSFIELD_FJMAX,SDSYSFIELD_FJEXT) values('SDBQL3007','YXTHSQ_SQR','1','申请人','','YXTHSQ','0','0','0','YXRYZD','YX1',' ','0','0080','YXRYZD','YXRYZD_RYBH','YXRYZD_NM','YXRYZD_RYXM',' ', 15 ,'','M1','0', 1 , 1 , 40 ,' ',' ', 2 ,'0','0','0','0','','','0','0', 13 , 2 ,'0','','0','1','','','','','','',0,'')
go
insert into SDSYSFIELD(SDSYSFIELD_ID,SDSYSFIELD_LMMC,SDSYSFIELD_LMZT,SDSYSFIELD_LMBM,SDSYSFIELD_TITLE,SDSYSFIELD_TABLE,SDSYSFIELD_SFBZ,SDSYSFIELD_KZBZ,SDSYSFIELD_SFSPXM,SDSYSFIELD_BZBM,SDSYSFIELD_BZBH,SDSYSFIELD_BZTJ,SDSYSFIELD_SFBT,SDSYSFIELD_XSXH,SDSYSFIELD_GLBM,SDSYSFIELD_BHZD,SDSYSFIELD_NMZD,SDSYSFIELD_MCZD,SDSYSFIELD_SQL,SDSYSFIELD_WIDTH,SDSYSFIELD_SPJD,SDSYSFIELD_TABID,SDSYSFIELD_TYPE,SDSYSFIELD_COLSPAN,SDSYSFIELD_ROWSPAN,SDSYSFIELD_LENGTH,SDSYSFIELD_DEFAULT,SDSYSFIELD_LIST,SDSYSFIELD_PRECISION,SDSYSFIELD_FIELDTYPE,SDSYSFIELD_READONLY,SDSYSFIELD_LISTFLAG,SDSYSFIELD_LOCALESTRING,SDSYSFIELD_ZDQXBH,SDSYSFIELD_DXLB,SDSYSFIELD_DRBZ,SDSYSFIELD_DRBT,SDSYSFIELD_DRXH,SDSYSFIELD_LBXH,SDSYSFIELD_ISFILTER,SDSYSFIELD_FILTERDISP,SDSYSFIELD_NEWLINE,SDSYSFIELD_NEWLINESHOW,SDSYSFIELD_NEWLINETITLE,SDSYSFIELD_GUID,SDSYSFIELD_LINKDO,SDSYSFIELD_SETSQL,SDSYSFIELD_MIN,SDSYSFIELD_MAX,SDSYSFIELD_FJMAX,SDSYSFIELD_FJEXT) values('SDBQL3007','YXTHSQ_THYY','1','退货原因','','YXTHSQ','0','0','0','','',' ','0','0090','','','','',' ', 15 ,'','M1','0', 7 , 1 , 255 ,'','', 2 ,'0','0','0','0','','','0','0', 13 , 2 ,'0','','0','1','','','','','','',0,'')
go
insert into SDSYSFIELD(SDSYSFIELD_ID,SDSYSFIELD_LMMC,SDSYSFIELD_LMZT,SDSYSFIELD_LMBM,SDSYSFIELD_TITLE,SDSYSFIELD_TABLE,SDSYSFIELD_SFBZ,SDSYSFIELD_KZBZ,SDSYSFIELD_SFSPXM,SDSYSFIELD_BZBM,SDSYSFIELD_BZBH,SDSYSFIELD_BZTJ,SDSYSFIELD_SFBT,SDSYSFIELD_XSXH,SDSYSFIELD_GLBM,SDSYSFIELD_BHZD,SDSYSFIELD_NMZD,SDSYSFIELD_MCZD,SDSYSFIELD_SQL,SDSYSFIELD_WIDTH,SDSYSFIELD_SPJD,SDSYSFIELD_TABID,SDSYSFIELD_TYPE,SDSYSFIELD_COLSPAN,SDSYSFIELD_ROWSPAN,SDSYSFIELD_LENGTH,SDSYSFIELD_DEFAULT,SDSYSFIELD_LIST,SDSYSFIELD_PRECISION,SDSYSFIELD_FIELDTYPE,SDSYSFIELD_READONLY,SDSYSFIELD_LISTFLAG,SDSYSFIELD_LOCALESTRING,SDSYSFIELD_ZDQXBH,SDSYSFIELD_DXLB,SDSYSFIELD_DRBZ,SDSYSFIELD_DRBT,SDSYSFIELD_DRXH,SDSYSFIELD_LBXH,SDSYSFIELD_ISFILTER,SDSYSFIELD_FILTERDISP,SDSYSFIELD_NEWLINE,SDSYSFIELD_NEWLINESHOW,SDSYSFIELD_NEWLINETITLE,SDSYSFIELD_GUID,SDSYSFIELD_LINKDO,SDSYSFIELD_SETSQL,SDSYSFIELD_MIN,SDSYSFIELD_MAX,SDSYSFIELD_FJMAX,SDSYSFIELD_FJEXT) values('SDBQL3007','YXTHSQ_HDMD','0','活动目的','','YXTHSQ',' ','0',' ','YXHDMD','YX1','','0','0100','YXHDMD','YXHDMD_BH','YXHDMD_NM','YXHDMD_MC','', 12 ,'','M1','0', 0 , 0 , 40 ,' ',' ', 0 ,'0','0',' ','','','','0','0', 0 , 0 ,'1','',' ','1','',' ','','','','',0,'')
go
insert into SDSYSFIELD(SDSYSFIELD_ID,SDSYSFIELD_LMMC,SDSYSFIELD_LMZT,SDSYSFIELD_LMBM,SDSYSFIELD_TITLE,SDSYSFIELD_TABLE,SDSYSFIELD_SFBZ,SDSYSFIELD_KZBZ,SDSYSFIELD_SFSPXM,SDSYSFIELD_BZBM,SDSYSFIELD_BZBH,SDSYSFIELD_BZTJ,SDSYSFIELD_SFBT,SDSYSFIELD_XSXH,SDSYSFIELD_GLBM,SDSYSFIELD_BHZD,SDSYSFIELD_NMZD,SDSYSFIELD_MCZD,SDSYSFIELD_SQL,SDSYSFIELD_WIDTH,SDSYSFIELD_SPJD,SDSYSFIELD_TABID,SDSYSFIELD_TYPE,SDSYSFIELD_COLSPAN,SDSYSFIELD_ROWSPAN,SDSYSFIELD_LENGTH,SDSYSFIELD_DEFAULT,SDSYSFIELD_LIST,SDSYSFIELD_PRECISION,SDSYSFIELD_FIELDTYPE,SDSYSFIELD_READONLY,SDSYSFIELD_LISTFLAG,SDSYSFIELD_LOCALESTRING,SDSYSFIELD_ZDQXBH,SDSYSFIELD_DXLB,SDSYSFIELD_DRBZ,SDSYSFIELD_DRBT,SDSYSFIELD_DRXH,SDSYSFIELD_LBXH,SDSYSFIELD_ISFILTER,SDSYSFIELD_FILTERDISP,SDSYSFIELD_NEWLINE,SDSYSFIELD_NEWLINESHOW,SDSYSFIELD_NEWLINETITLE,SDSYSFIELD_GUID,SDSYSFIELD_LINKDO,SDSYSFIELD_SETSQL,SDSYSFIELD_MIN,SDSYSFIELD_MAX,SDSYSFIELD_FJMAX,SDSYSFIELD_FJEXT) values('SDBQL3007','YXTHSQ_HYXS','0','会议形式','','YXTHSQ',' ','0',' ','YXHYXS','YX1','','0','0110','YXHYXS','YXHYXS_BH','YXHYXS_NM','YXHYXS_MC','', 12 ,'','M1','0', 0 , 0 , 40 ,' ',' ', 0 ,'0','0',' ','','','','0','0', 0 , 0 ,'1','',' ','1','',' ','','','','',0,'')
go
insert into SDSYSFIELD(SDSYSFIELD_ID,SDSYSFIELD_LMMC,SDSYSFIELD_LMZT,SDSYSFIELD_LMBM,SDSYSFIELD_TITLE,SDSYSFIELD_TABLE,SDSYSFIELD_SFBZ,SDSYSFIELD_KZBZ,SDSYSFIELD_SFSPXM,SDSYSFIELD_BZBM,SDSYSFIELD_BZBH,SDSYSFIELD_BZTJ,SDSYSFIELD_SFBT,SDSYSFIELD_XSXH,SDSYSFIELD_GLBM,SDSYSFIELD_BHZD,SDSYSFIELD_NMZD,SDSYSFIELD_MCZD,SDSYSFIELD_SQL,SDSYSFIELD_WIDTH,SDSYSFIELD_SPJD,SDSYSFIELD_TABID,SDSYSFIELD_TYPE,SDSYSFIELD_COLSPAN,SDSYSFIELD_ROWSPAN,SDSYSFIELD_LENGTH,SDSYSFIELD_DEFAULT,SDSYSFIELD_LIST,SDSYSFIELD_PRECISION,SDSYSFIELD_FIELDTYPE,SDSYSFIELD_READONLY,SDSYSFIELD_LISTFLAG,SDSYSFIELD_LOCALESTRING,SDSYSFIELD_ZDQXBH,SDSYSFIELD_DXLB,SDSYSFIELD_DRBZ,SDSYSFIELD_DRBT,SDSYSFIELD_DRXH,SDSYSFIELD_LBXH,SDSYSFIELD_ISFILTER,SDSYSFIELD_FILTERDISP,SDSYSFIELD_NEWLINE,SDSYSFIELD_NEWLINESHOW,SDSYSFIELD_NEWLINETITLE,SDSYSFIELD_GUID,SDSYSFIELD_LINKDO,SDSYSFIELD_SETSQL,SDSYSFIELD_MIN,SDSYSFIELD_MAX,SDSYSFIELD_FJMAX,SDSYSFIELD_FJEXT) values('SDBQL3007','YXTHSQ_C1','0','字符1','','YXTHSQ','0','0','0','','','','0','0120','','','','','', 15 ,'','M1','0', 1 , 1 , 100 ,'','', 2 ,'0','0','0','0','','','0','0', 13 , 2 ,'0','','1','1','','','','','','',0,'')
go
insert into SDSYSFIELD(SDSYSFIELD_ID,SDSYSFIELD_LMMC,SDSYSFIELD_LMZT,SDSYSFIELD_LMBM,SDSYSFIELD_TITLE,SDSYSFIELD_TABLE,SDSYSFIELD_SFBZ,SDSYSFIELD_KZBZ,SDSYSFIELD_SFSPXM,SDSYSFIELD_BZBM,SDSYSFIELD_BZBH,SDSYSFIELD_BZTJ,SDSYSFIELD_SFBT,SDSYSFIELD_XSXH,SDSYSFIELD_GLBM,SDSYSFIELD_BHZD,SDSYSFIELD_NMZD,SDSYSFIELD_MCZD,SDSYSFIELD_SQL,SDSYSFIELD_WIDTH,SDSYSFIELD_SPJD,SDSYSFIELD_TABID,SDSYSFIELD_TYPE,SDSYSFIELD_COLSPAN,SDSYSFIELD_ROWSPAN,SDSYSFIELD_LENGTH,SDSYSFIELD_DEFAULT,SDSYSFIELD_LIST,SDSYSFIELD_PRECISION,SDSYSFIELD_FIELDTYPE,SDSYSFIELD_READONLY,SDSYSFIELD_LISTFLAG,SDSYSFIELD_LOCALESTRING,SDSYSFIELD_ZDQXBH,SDSYSFIELD_DXLB,SDSYSFIELD_DRBZ,SDSYSFIELD_DRBT,SDSYSFIELD_DRXH,SDSYSFIELD_LBXH,SDSYSFIELD_ISFILTER,SDSYSFIELD_FILTERDISP,SDSYSFIELD_NEWLINE,SDSYSFIELD_NEWLINESHOW,SDSYSFIELD_NEWLINETITLE,SDSYSFIELD_GUID,SDSYSFIELD_LINKDO,SDSYSFIELD_SETSQL,SDSYSFIELD_MIN,SDSYSFIELD_MAX,SDSYSFIELD_FJMAX,SDSYSFIELD_FJEXT) values('SDBQL3007','YXTHSQ_C2','0','字符2','','YXTHSQ','0','0','0','','','','0','0130','','','','','', 15 ,'','M1','0', 1 , 1 , 100 ,'','', 2 ,'0','0','0','0','','','0','0', 13 , 2 ,'0','','0','1','','','','','','',0,'')
go
insert into SDSYSFIELD(SDSYSFIELD_ID,SDSYSFIELD_LMMC,SDSYSFIELD_LMZT,SDSYSFIELD_LMBM,SDSYSFIELD_TITLE,SDSYSFIELD_TABLE,SDSYSFIELD_SFBZ,SDSYSFIELD_KZBZ,SDSYSFIELD_SFSPXM,SDSYSFIELD_BZBM,SDSYSFIELD_BZBH,SDSYSFIELD_BZTJ,SDSYSFIELD_SFBT,SDSYSFIELD_XSXH,SDSYSFIELD_GLBM,SDSYSFIELD_BHZD,SDSYSFIELD_NMZD,SDSYSFIELD_MCZD,SDSYSFIELD_SQL,SDSYSFIELD_WIDTH,SDSYSFIELD_SPJD,SDSYSFIELD_TABID,SDSYSFIELD_TYPE,SDSYSFIELD_COLSPAN,SDSYSFIELD_ROWSPAN,SDSYSFIELD_LENGTH,SDSYSFIELD_DEFAULT,SDSYSFIELD_LIST,SDSYSFIELD_PRECISION,SDSYSFIELD_FIELDTYPE,SDSYSFIELD_READONLY,SDSYSFIELD_LISTFLAG,SDSYSFIELD_LOCALESTRING,SDSYSFIELD_ZDQXBH,SDSYSFIELD_DXLB,SDSYSFIELD_DRBZ,SDSYSFIELD_DRBT,SDSYSFIELD_DRXH,SDSYSFIELD_LBXH,SDSYSFIELD_ISFILTER,SDSYSFIELD_FILTERDISP,SDSYSFIELD_NEWLINE,SDSYSFIELD_NEWLINESHOW,SDSYSFIELD_NEWLINETITLE,SDSYSFIELD_GUID,SDSYSFIELD_LINKDO,SDSYSFIELD_SETSQL,SDSYSFIELD_MIN,SDSYSFIELD_MAX,SDSYSFIELD_FJMAX,SDSYSFIELD_FJEXT) values('SDBQL3007','YXTHSQ_C3','0','字符3','','YXTHSQ','0','0','0','','','','0','0140','','','','','', 15 ,'','M1','0', 1 , 1 , 100 ,'','', 2 ,'0','0','0','0','','','0','0', 13 , 2 ,'0','','0','1','','','','','','',0,'')
go
insert into SDSYSFIELD(SDSYSFIELD_ID,SDSYSFIELD_LMMC,SDSYSFIELD_LMZT,SDSYSFIELD_LMBM,SDSYSFIELD_TITLE,SDSYSFIELD_TABLE,SDSYSFIELD_SFBZ,SDSYSFIELD_KZBZ,SDSYSFIELD_SFSPXM,SDSYSFIELD_BZBM,SDSYSFIELD_BZBH,SDSYSFIELD_BZTJ,SDSYSFIELD_SFBT,SDSYSFIELD_XSXH,SDSYSFIELD_GLBM,SDSYSFIELD_BHZD,SDSYSFIELD_NMZD,SDSYSFIELD_MCZD,SDSYSFIELD_SQL,SDSYSFIELD_WIDTH,SDSYSFIELD_SPJD,SDSYSFIELD_TABID,SDSYSFIELD_TYPE,SDSYSFIELD_COLSPAN,SDSYSFIELD_ROWSPAN,SDSYSFIELD_LENGTH,SDSYSFIELD_DEFAULT,SDSYSFIELD_LIST,SDSYSFIELD_PRECISION,SDSYSFIELD_FIELDTYPE,SDSYSFIELD_READONLY,SDSYSFIELD_LISTFLAG,SDSYSFIELD_LOCALESTRING,SDSYSFIELD_ZDQXBH,SDSYSFIELD_DXLB,SDSYSFIELD_DRBZ,SDSYSFIELD_DRBT,SDSYSFIELD_DRXH,SDSYSFIELD_LBXH,SDSYSFIELD_ISFILTER,SDSYSFIELD_FILTERDISP,SDSYSFIELD_NEWLINE,SDSYSFIELD_NEWLINESHOW,SDSYSFIELD_NEWLINETITLE,SDSYSFIELD_GUID,SDSYSFIELD_LINKDO,SDSYSFIELD_SETSQL,SDSYSFIELD_MIN,SDSYSFIELD_MAX,SDSYSFIELD_FJMAX,SDSYSFIELD_FJEXT) values('SDBQL3007','YXTHSQ_C4','0','字符4','','YXTHSQ','0','0','0','','','','0','0150','','','','','', 15 ,'','M1','0', 1 , 1 , 100 ,'','', 2 ,'0','0','0','0','','','0','0', 13 , 2 ,'0','','0','1','','','','','','',0,'')
go
insert into SDSYSFIELD(SDSYSFIELD_ID,SDSYSFIELD_LMMC,SDSYSFIELD_LMZT,SDSYSFIELD_LMBM,SDSYSFIELD_TITLE,SDSYSFIELD_TABLE,SDSYSFIELD_SFBZ,SDSYSFIELD_KZBZ,SDSYSFIELD_SFSPXM,SDSYSFIELD_BZBM,SDSYSFIELD_BZBH,SDSYSFIELD_BZTJ,SDSYSFIELD_SFBT,SDSYSFIELD_XSXH,SDSYSFIELD_GLBM,SDSYSFIELD_BHZD,SDSYSFIELD_NMZD,SDSYSFIELD_MCZD,SDSYSFIELD_SQL,SDSYSFIELD_WIDTH,SDSYSFIELD_SPJD,SDSYSFIELD_TABID,SDSYSFIELD_TYPE,SDSYSFIELD_COLSPAN,SDSYSFIELD_ROWSPAN,SDSYSFIELD_LENGTH,SDSYSFIELD_DEFAULT,SDSYSFIELD_LIST,SDSYSFIELD_PRECISION,SDSYSFIELD_FIELDTYPE,SDSYSFIELD_READONLY,SDSYSFIELD_LISTFLAG,SDSYSFIELD_LOCALESTRING,SDSYSFIELD_ZDQXBH,SDSYSFIELD_DXLB,SDSYSFIELD_DRBZ,SDSYSFIELD_DRBT,SDSYSFIELD_DRXH,SDSYSFIELD_LBXH,SDSYSFIELD_ISFILTER,SDSYSFIELD_FILTERDISP,SDSYSFIELD_NEWLINE,SDSYSFIELD_NEWLINESHOW,SDSYSFIELD_NEWLINETITLE,SDSYSFIELD_GUID,SDSYSFIELD_LINKDO,SDSYSFIELD_SETSQL,SDSYSFIELD_MIN,SDSYSFIELD_MAX,SDSYSFIELD_FJMAX,SDSYSFIELD_FJEXT) values('SDBQL3007','YXTHSQ_C5','0','字符5','','YXTHSQ','0','0','0','','',' ','0','0160','','','','',' ', 15 ,'','M1','0', 1 , 1 , 100 ,'','', 2 ,'0','0','0','0','','','0','0', 13 , 2 ,'0','','0','1','','','','','','',0,'')
go
insert into SDSYSFIELD(SDSYSFIELD_ID,SDSYSFIELD_LMMC,SDSYSFIELD_LMZT,SDSYSFIELD_LMBM,SDSYSFIELD_TITLE,SDSYSFIELD_TABLE,SDSYSFIELD_SFBZ,SDSYSFIELD_KZBZ,SDSYSFIELD_SFSPXM,SDSYSFIELD_BZBM,SDSYSFIELD_BZBH,SDSYSFIELD_BZTJ,SDSYSFIELD_SFBT,SDSYSFIELD_XSXH,SDSYSFIELD_GLBM,SDSYSFIELD_BHZD,SDSYSFIELD_NMZD,SDSYSFIELD_MCZD,SDSYSFIELD_SQL,SDSYSFIELD_WIDTH,SDSYSFIELD_SPJD,SDSYSFIELD_TABID,SDSYSFIELD_TYPE,SDSYSFIELD_COLSPAN,SDSYSFIELD_ROWSPAN,SDSYSFIELD_LENGTH,SDSYSFIELD_DEFAULT,SDSYSFIELD_LIST,SDSYSFIELD_PRECISION,SDSYSFIELD_FIELDTYPE,SDSYSFIELD_READONLY,SDSYSFIELD_LISTFLAG,SDSYSFIELD_LOCALESTRING,SDSYSFIELD_ZDQXBH,SDSYSFIELD_DXLB,SDSYSFIELD_DRBZ,SDSYSFIELD_DRBT,SDSYSFIELD_DRXH,SDSYSFIELD_LBXH,SDSYSFIELD_ISFILTER,SDSYSFIELD_FILTERDISP,SDSYSFIELD_NEWLINE,SDSYSFIELD_NEWLINESHOW,SDSYSFIELD_NEWLINETITLE,SDSYSFIELD_GUID,SDSYSFIELD_LINKDO,SDSYSFIELD_SETSQL,SDSYSFIELD_MIN,SDSYSFIELD_MAX,SDSYSFIELD_FJMAX,SDSYSFIELD_FJEXT) values('SDBQL3007','YXTHSQ_U1','0','数值1','','YXTHSQ','0','4','0','','','','0','0170','','','','','', 15 ,'','M1','1', 1 , 1 , 20 ,'','', 2 ,'0','0','0','0','','','0','0', 13 , 2 ,'0','','0','1','','','','','','',0,'')
go
insert into SDSYSFIELD(SDSYSFIELD_ID,SDSYSFIELD_LMMC,SDSYSFIELD_LMZT,SDSYSFIELD_LMBM,SDSYSFIELD_TITLE,SDSYSFIELD_TABLE,SDSYSFIELD_SFBZ,SDSYSFIELD_KZBZ,SDSYSFIELD_SFSPXM,SDSYSFIELD_BZBM,SDSYSFIELD_BZBH,SDSYSFIELD_BZTJ,SDSYSFIELD_SFBT,SDSYSFIELD_XSXH,SDSYSFIELD_GLBM,SDSYSFIELD_BHZD,SDSYSFIELD_NMZD,SDSYSFIELD_MCZD,SDSYSFIELD_SQL,SDSYSFIELD_WIDTH,SDSYSFIELD_SPJD,SDSYSFIELD_TABID,SDSYSFIELD_TYPE,SDSYSFIELD_COLSPAN,SDSYSFIELD_ROWSPAN,SDSYSFIELD_LENGTH,SDSYSFIELD_DEFAULT,SDSYSFIELD_LIST,SDSYSFIELD_PRECISION,SDSYSFIELD_FIELDTYPE,SDSYSFIELD_READONLY,SDSYSFIELD_LISTFLAG,SDSYSFIELD_LOCALESTRING,SDSYSFIELD_ZDQXBH,SDSYSFIELD_DXLB,SDSYSFIELD_DRBZ,SDSYSFIELD_DRBT,SDSYSFIELD_DRXH,SDSYSFIELD_LBXH,SDSYSFIELD_ISFILTER,SDSYSFIELD_FILTERDISP,SDSYSFIELD_NEWLINE,SDSYSFIELD_NEWLINESHOW,SDSYSFIELD_NEWLINETITLE,SDSYSFIELD_GUID,SDSYSFIELD_LINKDO,SDSYSFIELD_SETSQL,SDSYSFIELD_MIN,SDSYSFIELD_MAX,SDSYSFIELD_FJMAX,SDSYSFIELD_FJEXT) values('SDBQL3007','YXTHSQ_U2','0','数值2','','YXTHSQ','0','4','0','','',' ','0','0180','','','','',' ', 15 ,'','M1','1', 1 , 1 , 20 ,'','', 2 ,'0','0','0','0','','','0','0', 13 , 2 ,'0','','0','1','','','','','','',0,'')
go
insert into SDSYSFIELD(SDSYSFIELD_ID,SDSYSFIELD_LMMC,SDSYSFIELD_LMZT,SDSYSFIELD_LMBM,SDSYSFIELD_TITLE,SDSYSFIELD_TABLE,SDSYSFIELD_SFBZ,SDSYSFIELD_KZBZ,SDSYSFIELD_SFSPXM,SDSYSFIELD_BZBM,SDSYSFIELD_BZBH,SDSYSFIELD_BZTJ,SDSYSFIELD_SFBT,SDSYSFIELD_XSXH,SDSYSFIELD_GLBM,SDSYSFIELD_BHZD,SDSYSFIELD_NMZD,SDSYSFIELD_MCZD,SDSYSFIELD_SQL,SDSYSFIELD_WIDTH,SDSYSFIELD_SPJD,SDSYSFIELD_TABID,SDSYSFIELD_TYPE,SDSYSFIELD_COLSPAN,SDSYSFIELD_ROWSPAN,SDSYSFIELD_LENGTH,SDSYSFIELD_DEFAULT,SDSYSFIELD_LIST,SDSYSFIELD_PRECISION,SDSYSFIELD_FIELDTYPE,SDSYSFIELD_READONLY,SDSYSFIELD_LISTFLAG,SDSYSFIELD_LOCALESTRING,SDSYSFIELD_ZDQXBH,SDSYSFIELD_DXLB,SDSYSFIELD_DRBZ,SDSYSFIELD_DRBT,SDSYSFIELD_DRXH,SDSYSFIELD_LBXH,SDSYSFIELD_ISFILTER,SDSYSFIELD_FILTERDISP,SDSYSFIELD_NEWLINE,SDSYSFIELD_NEWLINESHOW,SDSYSFIELD_NEWLINETITLE,SDSYSFIELD_GUID,SDSYSFIELD_LINKDO,SDSYSFIELD_SETSQL,SDSYSFIELD_MIN,SDSYSFIELD_MAX,SDSYSFIELD_FJMAX,SDSYSFIELD_FJEXT) values('SDBQL3007','YXTHSQ_U3','0','数值3','','YXTHSQ','0','4','0','','',' ','0','0190','','','','',' ', 15 ,'','M1','1', 1 , 1 , 20 ,'','', 2 ,'0','0','0','0','','','0','0', 13 , 2 ,'0','','0','1','','','','','','',0,'')
go
insert into SDSYSFIELD(SDSYSFIELD_ID,SDSYSFIELD_LMMC,SDSYSFIELD_LMZT,SDSYSFIELD_LMBM,SDSYSFIELD_TITLE,SDSYSFIELD_TABLE,SDSYSFIELD_SFBZ,SDSYSFIELD_KZBZ,SDSYSFIELD_SFSPXM,SDSYSFIELD_BZBM,SDSYSFIELD_BZBH,SDSYSFIELD_BZTJ,SDSYSFIELD_SFBT,SDSYSFIELD_XSXH,SDSYSFIELD_GLBM,SDSYSFIELD_BHZD,SDSYSFIELD_NMZD,SDSYSFIELD_MCZD,SDSYSFIELD_SQL,SDSYSFIELD_WIDTH,SDSYSFIELD_SPJD,SDSYSFIELD_TABID,SDSYSFIELD_TYPE,SDSYSFIELD_COLSPAN,SDSYSFIELD_ROWSPAN,SDSYSFIELD_LENGTH,SDSYSFIELD_DEFAULT,SDSYSFIELD_LIST,SDSYSFIELD_PRECISION,SDSYSFIELD_FIELDTYPE,SDSYSFIELD_READONLY,SDSYSFIELD_LISTFLAG,SDSYSFIELD_LOCALESTRING,SDSYSFIELD_ZDQXBH,SDSYSFIELD_DXLB,SDSYSFIELD_DRBZ,SDSYSFIELD_DRBT,SDSYSFIELD_DRXH,SDSYSFIELD_LBXH,SDSYSFIELD_ISFILTER,SDSYSFIELD_FILTERDISP,SDSYSFIELD_NEWLINE,SDSYSFIELD_NEWLINESHOW,SDSYSFIELD_NEWLINETITLE,SDSYSFIELD_GUID,SDSYSFIELD_LINKDO,SDSYSFIELD_SETSQL,SDSYSFIELD_MIN,SDSYSFIELD_MAX,SDSYSFIELD_FJMAX,SDSYSFIELD_FJEXT) values('SDBQL3007','YXTHSQ_ZDR','1','制单人','','YXTHSQ','0','0','0','','',' ','1','0200','','','','',' ', 15 ,'','MB','0', 1 , 1 , 20 ,'@UserName@','', 2 ,'9','0','0','0','','','0','0', 51 , 51 ,'1','','0','1','','','','','','',0,'')
go
insert into SDSYSFIELD(SDSYSFIELD_ID,SDSYSFIELD_LMMC,SDSYSFIELD_LMZT,SDSYSFIELD_LMBM,SDSYSFIELD_TITLE,SDSYSFIELD_TABLE,SDSYSFIELD_SFBZ,SDSYSFIELD_KZBZ,SDSYSFIELD_SFSPXM,SDSYSFIELD_BZBM,SDSYSFIELD_BZBH,SDSYSFIELD_BZTJ,SDSYSFIELD_SFBT,SDSYSFIELD_XSXH,SDSYSFIELD_GLBM,SDSYSFIELD_BHZD,SDSYSFIELD_NMZD,SDSYSFIELD_MCZD,SDSYSFIELD_SQL,SDSYSFIELD_WIDTH,SDSYSFIELD_SPJD,SDSYSFIELD_TABID,SDSYSFIELD_TYPE,SDSYSFIELD_COLSPAN,SDSYSFIELD_ROWSPAN,SDSYSFIELD_LENGTH,SDSYSFIELD_DEFAULT,SDSYSFIELD_LIST,SDSYSFIELD_PRECISION,SDSYSFIELD_FIELDTYPE,SDSYSFIELD_READONLY,SDSYSFIELD_LISTFLAG,SDSYSFIELD_LOCALESTRING,SDSYSFIELD_ZDQXBH,SDSYSFIELD_DXLB,SDSYSFIELD_DRBZ,SDSYSFIELD_DRBT,SDSYSFIELD_DRXH,SDSYSFIELD_LBXH,SDSYSFIELD_ISFILTER,SDSYSFIELD_FILTERDISP,SDSYSFIELD_NEWLINE,SDSYSFIELD_NEWLINESHOW,SDSYSFIELD_NEWLINETITLE,SDSYSFIELD_GUID,SDSYSFIELD_LINKDO,SDSYSFIELD_SETSQL,SDSYSFIELD_MIN,SDSYSFIELD_MAX,SDSYSFIELD_FJMAX,SDSYSFIELD_FJEXT) values('SDBQL3007','YXTHSQ_ZDRID','1','制单人ID','','YXTHSQ','0','0','0','','',' ','0','0210','','','','',' ', 0 ,'','MB','0', 1 , 1 , 40 ,'@UserID@','', 2 ,'0','0','0','0','','','0','0', 51 , 51 ,'0','','0','1','','','','','','',0,'')
go
insert into SDSYSFIELD(SDSYSFIELD_ID,SDSYSFIELD_LMMC,SDSYSFIELD_LMZT,SDSYSFIELD_LMBM,SDSYSFIELD_TITLE,SDSYSFIELD_TABLE,SDSYSFIELD_SFBZ,SDSYSFIELD_KZBZ,SDSYSFIELD_SFSPXM,SDSYSFIELD_BZBM,SDSYSFIELD_BZBH,SDSYSFIELD_BZTJ,SDSYSFIELD_SFBT,SDSYSFIELD_XSXH,SDSYSFIELD_GLBM,SDSYSFIELD_BHZD,SDSYSFIELD_NMZD,SDSYSFIELD_MCZD,SDSYSFIELD_SQL,SDSYSFIELD_WIDTH,SDSYSFIELD_SPJD,SDSYSFIELD_TABID,SDSYSFIELD_TYPE,SDSYSFIELD_COLSPAN,SDSYSFIELD_ROWSPAN,SDSYSFIELD_LENGTH,SDSYSFIELD_DEFAULT,SDSYSFIELD_LIST,SDSYSFIELD_PRECISION,SDSYSFIELD_FIELDTYPE,SDSYSFIELD_READONLY,SDSYSFIELD_LISTFLAG,SDSYSFIELD_LOCALESTRING,SDSYSFIELD_ZDQXBH,SDSYSFIELD_DXLB,SDSYSFIELD_DRBZ,SDSYSFIELD_DRBT,SDSYSFIELD_DRXH,SDSYSFIELD_LBXH,SDSYSFIELD_ISFILTER,SDSYSFIELD_FILTERDISP,SDSYSFIELD_NEWLINE,SDSYSFIELD_NEWLINESHOW,SDSYSFIELD_NEWLINETITLE,SDSYSFIELD_GUID,SDSYSFIELD_LINKDO,SDSYSFIELD_SETSQL,SDSYSFIELD_MIN,SDSYSFIELD_MAX,SDSYSFIELD_FJMAX,SDSYSFIELD_FJEXT) values('SDBQL3007','YXTHSQ_SHRQ','1','审核日期','','YXTHSQ','0','1','0','','',' ','1','0220','','','','',' ', 15 ,'','MB','0', 1 , 1 , 200 ,'','', 2 ,'8','0','0','0','','','0','0', 52 , 52 ,'0','','0','1','','','','','','',0,'')
go
insert into SDSYSFIELD(SDSYSFIELD_ID,SDSYSFIELD_LMMC,SDSYSFIELD_LMZT,SDSYSFIELD_LMBM,SDSYSFIELD_TITLE,SDSYSFIELD_TABLE,SDSYSFIELD_SFBZ,SDSYSFIELD_KZBZ,SDSYSFIELD_SFSPXM,SDSYSFIELD_BZBM,SDSYSFIELD_BZBH,SDSYSFIELD_BZTJ,SDSYSFIELD_SFBT,SDSYSFIELD_XSXH,SDSYSFIELD_GLBM,SDSYSFIELD_BHZD,SDSYSFIELD_NMZD,SDSYSFIELD_MCZD,SDSYSFIELD_SQL,SDSYSFIELD_WIDTH,SDSYSFIELD_SPJD,SDSYSFIELD_TABID,SDSYSFIELD_TYPE,SDSYSFIELD_COLSPAN,SDSYSFIELD_ROWSPAN,SDSYSFIELD_LENGTH,SDSYSFIELD_DEFAULT,SDSYSFIELD_LIST,SDSYSFIELD_PRECISION,SDSYSFIELD_FIELDTYPE,SDSYSFIELD_READONLY,SDSYSFIELD_LISTFLAG,SDSYSFIELD_LOCALESTRING,SDSYSFIELD_ZDQXBH,SDSYSFIELD_DXLB,SDSYSFIELD_DRBZ,SDSYSFIELD_DRBT,SDSYSFIELD_DRXH,SDSYSFIELD_LBXH,SDSYSFIELD_ISFILTER,SDSYSFIELD_FILTERDISP,SDSYSFIELD_NEWLINE,SDSYSFIELD_NEWLINESHOW,SDSYSFIELD_NEWLINETITLE,SDSYSFIELD_GUID,SDSYSFIELD_LINKDO,SDSYSFIELD_SETSQL,SDSYSFIELD_MIN,SDSYSFIELD_MAX,SDSYSFIELD_FJMAX,SDSYSFIELD_FJEXT) values('SDBQL3007','YXTHSQ_SHBZ','1','审核标志','','YXTHSQ','0','0','0',' ',' ',' ','1','0230',' ',' ',' ',' ',' ', 15 ,'','MB','0', 1 , 1 , 1 ,'0','1,审批通过;0,未提交;2,审批否决;3,正在审批;4,免审', 2 ,'6','0','0','0','','','0','0', 53 , 53 ,'0','','0','1','','','','','','',0,'')
go
insert into SDSYSFIELD(SDSYSFIELD_ID,SDSYSFIELD_LMMC,SDSYSFIELD_LMZT,SDSYSFIELD_LMBM,SDSYSFIELD_TITLE,SDSYSFIELD_TABLE,SDSYSFIELD_SFBZ,SDSYSFIELD_KZBZ,SDSYSFIELD_SFSPXM,SDSYSFIELD_BZBM,SDSYSFIELD_BZBH,SDSYSFIELD_BZTJ,SDSYSFIELD_SFBT,SDSYSFIELD_XSXH,SDSYSFIELD_GLBM,SDSYSFIELD_BHZD,SDSYSFIELD_NMZD,SDSYSFIELD_MCZD,SDSYSFIELD_SQL,SDSYSFIELD_WIDTH,SDSYSFIELD_SPJD,SDSYSFIELD_TABID,SDSYSFIELD_TYPE,SDSYSFIELD_COLSPAN,SDSYSFIELD_ROWSPAN,SDSYSFIELD_LENGTH,SDSYSFIELD_DEFAULT,SDSYSFIELD_LIST,SDSYSFIELD_PRECISION,SDSYSFIELD_FIELDTYPE,SDSYSFIELD_READONLY,SDSYSFIELD_LISTFLAG,SDSYSFIELD_LOCALESTRING,SDSYSFIELD_ZDQXBH,SDSYSFIELD_DXLB,SDSYSFIELD_DRBZ,SDSYSFIELD_DRBT,SDSYSFIELD_DRXH,SDSYSFIELD_LBXH,SDSYSFIELD_ISFILTER,SDSYSFIELD_FILTERDISP,SDSYSFIELD_NEWLINE,SDSYSFIELD_NEWLINESHOW,SDSYSFIELD_NEWLINETITLE,SDSYSFIELD_GUID,SDSYSFIELD_LINKDO,SDSYSFIELD_SETSQL,SDSYSFIELD_MIN,SDSYSFIELD_MAX,SDSYSFIELD_FJMAX,SDSYSFIELD_FJEXT) values('SDBQL3007','YXTHSQ_SHR','1','审核人','','YXTHSQ','0','0','0','','',' ','1','0240','','','','',' ', 15 ,'','MB','0', 1 , 1 , 200 ,'','', 2 ,'7','0','0','0','','','0','0', 54 , 54 ,'0','','0','1','','','','','','',0,'')
go
insert into SDSYSFIELD(SDSYSFIELD_ID,SDSYSFIELD_LMMC,SDSYSFIELD_LMZT,SDSYSFIELD_LMBM,SDSYSFIELD_TITLE,SDSYSFIELD_TABLE,SDSYSFIELD_SFBZ,SDSYSFIELD_KZBZ,SDSYSFIELD_SFSPXM,SDSYSFIELD_BZBM,SDSYSFIELD_BZBH,SDSYSFIELD_BZTJ,SDSYSFIELD_SFBT,SDSYSFIELD_XSXH,SDSYSFIELD_GLBM,SDSYSFIELD_BHZD,SDSYSFIELD_NMZD,SDSYSFIELD_MCZD,SDSYSFIELD_SQL,SDSYSFIELD_WIDTH,SDSYSFIELD_SPJD,SDSYSFIELD_TABID,SDSYSFIELD_TYPE,SDSYSFIELD_COLSPAN,SDSYSFIELD_ROWSPAN,SDSYSFIELD_LENGTH,SDSYSFIELD_DEFAULT,SDSYSFIELD_LIST,SDSYSFIELD_PRECISION,SDSYSFIELD_FIELDTYPE,SDSYSFIELD_READONLY,SDSYSFIELD_LISTFLAG,SDSYSFIELD_LOCALESTRING,SDSYSFIELD_ZDQXBH,SDSYSFIELD_DXLB,SDSYSFIELD_DRBZ,SDSYSFIELD_DRBT,SDSYSFIELD_DRXH,SDSYSFIELD_LBXH,SDSYSFIELD_ISFILTER,SDSYSFIELD_FILTERDISP,SDSYSFIELD_NEWLINE,SDSYSFIELD_NEWLINESHOW,SDSYSFIELD_NEWLINETITLE,SDSYSFIELD_GUID,SDSYSFIELD_LINKDO,SDSYSFIELD_SETSQL,SDSYSFIELD_MIN,SDSYSFIELD_MAX,SDSYSFIELD_FJMAX,SDSYSFIELD_FJEXT) values('SDBQL3007','YXTHSQ_SPDX','1','审批对象','','YXTHSQ','0','0','0',' ',' ',' ','1','0250',' ',' ',' ',' ',' ', 0 ,'','MB','0', 1 , 1 , 40 ,' ',' ', 2 ,'0','0','0','0','','','0','0', 54 , 54 ,'0','','0','1','','','','','','',0,'')
go
insert into SDSYSFIELD(SDSYSFIELD_ID,SDSYSFIELD_LMMC,SDSYSFIELD_LMZT,SDSYSFIELD_LMBM,SDSYSFIELD_TITLE,SDSYSFIELD_TABLE,SDSYSFIELD_SFBZ,SDSYSFIELD_KZBZ,SDSYSFIELD_SFSPXM,SDSYSFIELD_BZBM,SDSYSFIELD_BZBH,SDSYSFIELD_BZTJ,SDSYSFIELD_SFBT,SDSYSFIELD_XSXH,SDSYSFIELD_GLBM,SDSYSFIELD_BHZD,SDSYSFIELD_NMZD,SDSYSFIELD_MCZD,SDSYSFIELD_SQL,SDSYSFIELD_WIDTH,SDSYSFIELD_SPJD,SDSYSFIELD_TABID,SDSYSFIELD_TYPE,SDSYSFIELD_COLSPAN,SDSYSFIELD_ROWSPAN,SDSYSFIELD_LENGTH,SDSYSFIELD_DEFAULT,SDSYSFIELD_LIST,SDSYSFIELD_PRECISION,SDSYSFIELD_FIELDTYPE,SDSYSFIELD_READONLY,SDSYSFIELD_LISTFLAG,SDSYSFIELD_LOCALESTRING,SDSYSFIELD_ZDQXBH,SDSYSFIELD_DXLB,SDSYSFIELD_DRBZ,SDSYSFIELD_DRBT,SDSYSFIELD_DRXH,SDSYSFIELD_LBXH,SDSYSFIELD_ISFILTER,SDSYSFIELD_FILTERDISP,SDSYSFIELD_NEWLINE,SDSYSFIELD_NEWLINESHOW,SDSYSFIELD_NEWLINETITLE,SDSYSFIELD_GUID,SDSYSFIELD_LINKDO,SDSYSFIELD_SETSQL,SDSYSFIELD_MIN,SDSYSFIELD_MAX,SDSYSFIELD_FJMAX,SDSYSFIELD_FJEXT) values('SDBQL3007','YXTHSQ_SHLC','0','审核流程','','YXTHSQ','0','0','0','','',' ','0','0260','','','','',' ', 15 ,'','MB','0', 1 , 1 , 4 ,'','', 2 ,'0','0','0','0','','','0','0', 55 , 55 ,'0','','0','1','','','','','','',0,'')
go
insert into SDSYSFIELD(SDSYSFIELD_ID,SDSYSFIELD_LMMC,SDSYSFIELD_LMZT,SDSYSFIELD_LMBM,SDSYSFIELD_TITLE,SDSYSFIELD_TABLE,SDSYSFIELD_SFBZ,SDSYSFIELD_KZBZ,SDSYSFIELD_SFSPXM,SDSYSFIELD_BZBM,SDSYSFIELD_BZBH,SDSYSFIELD_BZTJ,SDSYSFIELD_SFBT,SDSYSFIELD_XSXH,SDSYSFIELD_GLBM,SDSYSFIELD_BHZD,SDSYSFIELD_NMZD,SDSYSFIELD_MCZD,SDSYSFIELD_SQL,SDSYSFIELD_WIDTH,SDSYSFIELD_SPJD,SDSYSFIELD_TABID,SDSYSFIELD_TYPE,SDSYSFIELD_COLSPAN,SDSYSFIELD_ROWSPAN,SDSYSFIELD_LENGTH,SDSYSFIELD_DEFAULT,SDSYSFIELD_LIST,SDSYSFIELD_PRECISION,SDSYSFIELD_FIELDTYPE,SDSYSFIELD_READONLY,SDSYSFIELD_LISTFLAG,SDSYSFIELD_LOCALESTRING,SDSYSFIELD_ZDQXBH,SDSYSFIELD_DXLB,SDSYSFIELD_DRBZ,SDSYSFIELD_DRBT,SDSYSFIELD_DRXH,SDSYSFIELD_LBXH,SDSYSFIELD_ISFILTER,SDSYSFIELD_FILTERDISP,SDSYSFIELD_NEWLINE,SDSYSFIELD_NEWLINESHOW,SDSYSFIELD_NEWLINETITLE,SDSYSFIELD_GUID,SDSYSFIELD_LINKDO,SDSYSFIELD_SETSQL,SDSYSFIELD_MIN,SDSYSFIELD_MAX,SDSYSFIELD_FJMAX,SDSYSFIELD_FJEXT) values('SDBQL3007','YXTHSQ_ZDRQ','1','制单日期','','YXTHSQ','0','1','0','','',' ','1','0270','','','','',' ', 15 ,'','MB','0', 1 , 1 , 8 ,'YYYYMMDD','', 2 ,'3','0','0','0','','','0','0', 1 , 1 ,'0','','0','1','','','','','','',0,'')
go
insert into SDSYSFIELD(SDSYSFIELD_ID,SDSYSFIELD_LMMC,SDSYSFIELD_LMZT,SDSYSFIELD_LMBM,SDSYSFIELD_TITLE,SDSYSFIELD_TABLE,SDSYSFIELD_SFBZ,SDSYSFIELD_KZBZ,SDSYSFIELD_SFSPXM,SDSYSFIELD_BZBM,SDSYSFIELD_BZBH,SDSYSFIELD_BZTJ,SDSYSFIELD_SFBT,SDSYSFIELD_XSXH,SDSYSFIELD_GLBM,SDSYSFIELD_BHZD,SDSYSFIELD_NMZD,SDSYSFIELD_MCZD,SDSYSFIELD_SQL,SDSYSFIELD_WIDTH,SDSYSFIELD_SPJD,SDSYSFIELD_TABID,SDSYSFIELD_TYPE,SDSYSFIELD_COLSPAN,SDSYSFIELD_ROWSPAN,SDSYSFIELD_LENGTH,SDSYSFIELD_DEFAULT,SDSYSFIELD_LIST,SDSYSFIELD_PRECISION,SDSYSFIELD_FIELDTYPE,SDSYSFIELD_READONLY,SDSYSFIELD_LISTFLAG,SDSYSFIELD_LOCALESTRING,SDSYSFIELD_ZDQXBH,SDSYSFIELD_DXLB,SDSYSFIELD_DRBZ,SDSYSFIELD_DRBT,SDSYSFIELD_DRXH,SDSYSFIELD_LBXH,SDSYSFIELD_ISFILTER,SDSYSFIELD_FILTERDISP,SDSYSFIELD_NEWLINE,SDSYSFIELD_NEWLINESHOW,SDSYSFIELD_NEWLINETITLE,SDSYSFIELD_GUID,SDSYSFIELD_LINKDO,SDSYSFIELD_SETSQL,SDSYSFIELD_MIN,SDSYSFIELD_MAX,SDSYSFIELD_FJMAX,SDSYSFIELD_FJEXT) values('SDBQL3007','YXTHSQMX_FLBH','0','分录编号','','YXTHSQMX','0','0','0','','',' ','0','0280','','','','',' ', 15 ,'','I1','0', 1 , 1 , 40 ,'','', 2 ,'0','0','0','0','','','0','0', 1 , 1 ,'0','','0','1','','','','','','',0,'')
go
insert into SDSYSFIELD(SDSYSFIELD_ID,SDSYSFIELD_LMMC,SDSYSFIELD_LMZT,SDSYSFIELD_LMBM,SDSYSFIELD_TITLE,SDSYSFIELD_TABLE,SDSYSFIELD_SFBZ,SDSYSFIELD_KZBZ,SDSYSFIELD_SFSPXM,SDSYSFIELD_BZBM,SDSYSFIELD_BZBH,SDSYSFIELD_BZTJ,SDSYSFIELD_SFBT,SDSYSFIELD_XSXH,SDSYSFIELD_GLBM,SDSYSFIELD_BHZD,SDSYSFIELD_NMZD,SDSYSFIELD_MCZD,SDSYSFIELD_SQL,SDSYSFIELD_WIDTH,SDSYSFIELD_SPJD,SDSYSFIELD_TABID,SDSYSFIELD_TYPE,SDSYSFIELD_COLSPAN,SDSYSFIELD_ROWSPAN,SDSYSFIELD_LENGTH,SDSYSFIELD_DEFAULT,SDSYSFIELD_LIST,SDSYSFIELD_PRECISION,SDSYSFIELD_FIELDTYPE,SDSYSFIELD_READONLY,SDSYSFIELD_LISTFLAG,SDSYSFIELD_LOCALESTRING,SDSYSFIELD_ZDQXBH,SDSYSFIELD_DXLB,SDSYSFIELD_DRBZ,SDSYSFIELD_DRBT,SDSYSFIELD_DRXH,SDSYSFIELD_LBXH,SDSYSFIELD_ISFILTER,SDSYSFIELD_FILTERDISP,SDSYSFIELD_NEWLINE,SDSYSFIELD_NEWLINESHOW,SDSYSFIELD_NEWLINETITLE,SDSYSFIELD_GUID,SDSYSFIELD_LINKDO,SDSYSFIELD_SETSQL,SDSYSFIELD_MIN,SDSYSFIELD_MAX,SDSYSFIELD_FJMAX,SDSYSFIELD_FJEXT) values('SDBQL3007','YXTHSQMX_LSBH','0','流水编号','','YXTHSQMX','0','0','0','','',' ','0','0290','','','','',' ', 15 ,'','I1','0', 1 , 1 , 40 ,'','', 2 ,'0','0','0','0','','','0','0', 1 , 1 ,'0','','0','1','','','','','','',0,'')
go
insert into SDSYSFIELD(SDSYSFIELD_ID,SDSYSFIELD_LMMC,SDSYSFIELD_LMZT,SDSYSFIELD_LMBM,SDSYSFIELD_TITLE,SDSYSFIELD_TABLE,SDSYSFIELD_SFBZ,SDSYSFIELD_KZBZ,SDSYSFIELD_SFSPXM,SDSYSFIELD_BZBM,SDSYSFIELD_BZBH,SDSYSFIELD_BZTJ,SDSYSFIELD_SFBT,SDSYSFIELD_XSXH,SDSYSFIELD_GLBM,SDSYSFIELD_BHZD,SDSYSFIELD_NMZD,SDSYSFIELD_MCZD,SDSYSFIELD_SQL,SDSYSFIELD_WIDTH,SDSYSFIELD_SPJD,SDSYSFIELD_TABID,SDSYSFIELD_TYPE,SDSYSFIELD_COLSPAN,SDSYSFIELD_ROWSPAN,SDSYSFIELD_LENGTH,SDSYSFIELD_DEFAULT,SDSYSFIELD_LIST,SDSYSFIELD_PRECISION,SDSYSFIELD_FIELDTYPE,SDSYSFIELD_READONLY,SDSYSFIELD_LISTFLAG,SDSYSFIELD_LOCALESTRING,SDSYSFIELD_ZDQXBH,SDSYSFIELD_DXLB,SDSYSFIELD_DRBZ,SDSYSFIELD_DRBT,SDSYSFIELD_DRXH,SDSYSFIELD_LBXH,SDSYSFIELD_ISFILTER,SDSYSFIELD_FILTERDISP,SDSYSFIELD_NEWLINE,SDSYSFIELD_NEWLINESHOW,SDSYSFIELD_NEWLINETITLE,SDSYSFIELD_GUID,SDSYSFIELD_LINKDO,SDSYSFIELD_SETSQL,SDSYSFIELD_MIN,SDSYSFIELD_MAX,SDSYSFIELD_FJMAX,SDSYSFIELD_FJEXT) values('SDBQL3007','YXTHSQMX_XSZZ','1','销售组织','','YXTHSQMX','0','0','0','LSBZDW','YX01','','0','0300','LSBZDW','LSBZDW_DWBH','','LSBZDW_DWMC','', 10 ,'','I1','0', 1 , 1 , 40 ,'','', 2 ,'0','0','0','0','','','0','0', 1 , 1 ,'0','','0','1','',' ','','','','',0,'')
go
insert into SDSYSFIELD(SDSYSFIELD_ID,SDSYSFIELD_LMMC,SDSYSFIELD_LMZT,SDSYSFIELD_LMBM,SDSYSFIELD_TITLE,SDSYSFIELD_TABLE,SDSYSFIELD_SFBZ,SDSYSFIELD_KZBZ,SDSYSFIELD_SFSPXM,SDSYSFIELD_BZBM,SDSYSFIELD_BZBH,SDSYSFIELD_BZTJ,SDSYSFIELD_SFBT,SDSYSFIELD_XSXH,SDSYSFIELD_GLBM,SDSYSFIELD_BHZD,SDSYSFIELD_NMZD,SDSYSFIELD_MCZD,SDSYSFIELD_SQL,SDSYSFIELD_WIDTH,SDSYSFIELD_SPJD,SDSYSFIELD_TABID,SDSYSFIELD_TYPE,SDSYSFIELD_COLSPAN,SDSYSFIELD_ROWSPAN,SDSYSFIELD_LENGTH,SDSYSFIELD_DEFAULT,SDSYSFIELD_LIST,SDSYSFIELD_PRECISION,SDSYSFIELD_FIELDTYPE,SDSYSFIELD_READONLY,SDSYSFIELD_LISTFLAG,SDSYSFIELD_LOCALESTRING,SDSYSFIELD_ZDQXBH,SDSYSFIELD_DXLB,SDSYSFIELD_DRBZ,SDSYSFIELD_DRBT,SDSYSFIELD_DRXH,SDSYSFIELD_LBXH,SDSYSFIELD_ISFILTER,SDSYSFIELD_FILTERDISP,SDSYSFIELD_NEWLINE,SDSYSFIELD_NEWLINESHOW,SDSYSFIELD_NEWLINETITLE,SDSYSFIELD_GUID,SDSYSFIELD_LINKDO,SDSYSFIELD_SETSQL,SDSYSFIELD_MIN,SDSYSFIELD_MAX,SDSYSFIELD_FJMAX,SDSYSFIELD_FJEXT) values('SDBQL3007','YXTHSQMX_FHRQ','1','发货日期','','YXTHSQMX','0','1','0','','',' ','0','0310','','','','',' ', 10 ,'','I1','0', 1 , 1 , 8 ,'','', 2 ,'0','0','0','0','','','0','0', 1 , 1 ,'0','','0','1','','','','','','',0,'')
go
insert into SDSYSFIELD(SDSYSFIELD_ID,SDSYSFIELD_LMMC,SDSYSFIELD_LMZT,SDSYSFIELD_LMBM,SDSYSFIELD_TITLE,SDSYSFIELD_TABLE,SDSYSFIELD_SFBZ,SDSYSFIELD_KZBZ,SDSYSFIELD_SFSPXM,SDSYSFIELD_BZBM,SDSYSFIELD_BZBH,SDSYSFIELD_BZTJ,SDSYSFIELD_SFBT,SDSYSFIELD_XSXH,SDSYSFIELD_GLBM,SDSYSFIELD_BHZD,SDSYSFIELD_NMZD,SDSYSFIELD_MCZD,SDSYSFIELD_SQL,SDSYSFIELD_WIDTH,SDSYSFIELD_SPJD,SDSYSFIELD_TABID,SDSYSFIELD_TYPE,SDSYSFIELD_COLSPAN,SDSYSFIELD_ROWSPAN,SDSYSFIELD_LENGTH,SDSYSFIELD_DEFAULT,SDSYSFIELD_LIST,SDSYSFIELD_PRECISION,SDSYSFIELD_FIELDTYPE,SDSYSFIELD_READONLY,SDSYSFIELD_LISTFLAG,SDSYSFIELD_LOCALESTRING,SDSYSFIELD_ZDQXBH,SDSYSFIELD_DXLB,SDSYSFIELD_DRBZ,SDSYSFIELD_DRBT,SDSYSFIELD_DRXH,SDSYSFIELD_LBXH,SDSYSFIELD_ISFILTER,SDSYSFIELD_FILTERDISP,SDSYSFIELD_NEWLINE,SDSYSFIELD_NEWLINESHOW,SDSYSFIELD_NEWLINETITLE,SDSYSFIELD_GUID,SDSYSFIELD_LINKDO,SDSYSFIELD_SETSQL,SDSYSFIELD_MIN,SDSYSFIELD_MAX,SDSYSFIELD_FJMAX,SDSYSFIELD_FJEXT) values('SDBQL3007','YXTHSQMX_CRMDD','1','CRM订单号','','YXTHSQMX','0','0','0','','',' ','0','0320','','','','',' ', 10 ,'','I1','0', 1 , 1 , 40 ,'','', 2 ,'0','0','0','0','','','0','0', 1 , 1 ,'0','','0','1','','','','','','',0,'')
go
insert into SDSYSFIELD(SDSYSFIELD_ID,SDSYSFIELD_LMMC,SDSYSFIELD_LMZT,SDSYSFIELD_LMBM,SDSYSFIELD_TITLE,SDSYSFIELD_TABLE,SDSYSFIELD_SFBZ,SDSYSFIELD_KZBZ,SDSYSFIELD_SFSPXM,SDSYSFIELD_BZBM,SDSYSFIELD_BZBH,SDSYSFIELD_BZTJ,SDSYSFIELD_SFBT,SDSYSFIELD_XSXH,SDSYSFIELD_GLBM,SDSYSFIELD_BHZD,SDSYSFIELD_NMZD,SDSYSFIELD_MCZD,SDSYSFIELD_SQL,SDSYSFIELD_WIDTH,SDSYSFIELD_SPJD,SDSYSFIELD_TABID,SDSYSFIELD_TYPE,SDSYSFIELD_COLSPAN,SDSYSFIELD_ROWSPAN,SDSYSFIELD_LENGTH,SDSYSFIELD_DEFAULT,SDSYSFIELD_LIST,SDSYSFIELD_PRECISION,SDSYSFIELD_FIELDTYPE,SDSYSFIELD_READONLY,SDSYSFIELD_LISTFLAG,SDSYSFIELD_LOCALESTRING,SDSYSFIELD_ZDQXBH,SDSYSFIELD_DXLB,SDSYSFIELD_DRBZ,SDSYSFIELD_DRBT,SDSYSFIELD_DRXH,SDSYSFIELD_LBXH,SDSYSFIELD_ISFILTER,SDSYSFIELD_FILTERDISP,SDSYSFIELD_NEWLINE,SDSYSFIELD_NEWLINESHOW,SDSYSFIELD_NEWLINETITLE,SDSYSFIELD_GUID,SDSYSFIELD_LINKDO,SDSYSFIELD_SETSQL,SDSYSFIELD_MIN,SDSYSFIELD_MAX,SDSYSFIELD_FJMAX,SDSYSFIELD_FJEXT) values('SDBQL3007','YXTHSQMX_SAPTD','1','SAP提货单号','','YXTHSQMX','0','0','0','','',' ','0','0330','','','','',' ', 10 ,'','I1','0', 1 , 1 , 40 ,'','', 2 ,'0','0','0','0','','','0','0', 1 , 1 ,'0','','0','1','','','','','','',0,'')
go
insert into SDSYSFIELD(SDSYSFIELD_ID,SDSYSFIELD_LMMC,SDSYSFIELD_LMZT,SDSYSFIELD_LMBM,SDSYSFIELD_TITLE,SDSYSFIELD_TABLE,SDSYSFIELD_SFBZ,SDSYSFIELD_KZBZ,SDSYSFIELD_SFSPXM,SDSYSFIELD_BZBM,SDSYSFIELD_BZBH,SDSYSFIELD_BZTJ,SDSYSFIELD_SFBT,SDSYSFIELD_XSXH,SDSYSFIELD_GLBM,SDSYSFIELD_BHZD,SDSYSFIELD_NMZD,SDSYSFIELD_MCZD,SDSYSFIELD_SQL,SDSYSFIELD_WIDTH,SDSYSFIELD_SPJD,SDSYSFIELD_TABID,SDSYSFIELD_TYPE,SDSYSFIELD_COLSPAN,SDSYSFIELD_ROWSPAN,SDSYSFIELD_LENGTH,SDSYSFIELD_DEFAULT,SDSYSFIELD_LIST,SDSYSFIELD_PRECISION,SDSYSFIELD_FIELDTYPE,SDSYSFIELD_READONLY,SDSYSFIELD_LISTFLAG,SDSYSFIELD_LOCALESTRING,SDSYSFIELD_ZDQXBH,SDSYSFIELD_DXLB,SDSYSFIELD_DRBZ,SDSYSFIELD_DRBT,SDSYSFIELD_DRXH,SDSYSFIELD_LBXH,SDSYSFIELD_ISFILTER,SDSYSFIELD_FILTERDISP,SDSYSFIELD_NEWLINE,SDSYSFIELD_NEWLINESHOW,SDSYSFIELD_NEWLINETITLE,SDSYSFIELD_GUID,SDSYSFIELD_LINKDO,SDSYSFIELD_SETSQL,SDSYSFIELD_MIN,SDSYSFIELD_MAX,SDSYSFIELD_FJMAX,SDSYSFIELD_FJEXT) values('SDBQL3007','YXTHSQMX_SAPDD','1','SAP订单号','','YXTHSQMX','0','0','0','','',' ','0','0340','','','','',' ', 10 ,'','I1','0', 1 , 1 , 40 ,'','', 2 ,'0','0','0','0','','','0','0', 1 , 1 ,'0','','0','1','','','','','','',0,'')
go
insert into SDSYSFIELD(SDSYSFIELD_ID,SDSYSFIELD_LMMC,SDSYSFIELD_LMZT,SDSYSFIELD_LMBM,SDSYSFIELD_TITLE,SDSYSFIELD_TABLE,SDSYSFIELD_SFBZ,SDSYSFIELD_KZBZ,SDSYSFIELD_SFSPXM,SDSYSFIELD_BZBM,SDSYSFIELD_BZBH,SDSYSFIELD_BZTJ,SDSYSFIELD_SFBT,SDSYSFIELD_XSXH,SDSYSFIELD_GLBM,SDSYSFIELD_BHZD,SDSYSFIELD_NMZD,SDSYSFIELD_MCZD,SDSYSFIELD_SQL,SDSYSFIELD_WIDTH,SDSYSFIELD_SPJD,SDSYSFIELD_TABID,SDSYSFIELD_TYPE,SDSYSFIELD_COLSPAN,SDSYSFIELD_ROWSPAN,SDSYSFIELD_LENGTH,SDSYSFIELD_DEFAULT,SDSYSFIELD_LIST,SDSYSFIELD_PRECISION,SDSYSFIELD_FIELDTYPE,SDSYSFIELD_READONLY,SDSYSFIELD_LISTFLAG,SDSYSFIELD_LOCALESTRING,SDSYSFIELD_ZDQXBH,SDSYSFIELD_DXLB,SDSYSFIELD_DRBZ,SDSYSFIELD_DRBT,SDSYSFIELD_DRXH,SDSYSFIELD_LBXH,SDSYSFIELD_ISFILTER,SDSYSFIELD_FILTERDISP,SDSYSFIELD_NEWLINE,SDSYSFIELD_NEWLINESHOW,SDSYSFIELD_NEWLINETITLE,SDSYSFIELD_GUID,SDSYSFIELD_LINKDO,SDSYSFIELD_SETSQL,SDSYSFIELD_MIN,SDSYSFIELD_MAX,SDSYSFIELD_FJMAX,SDSYSFIELD_FJEXT) values('SDBQL3007','YXTHSQMX_QDLX','1','渠道类型','','YXTHSQMX','0','0','0','YXDDYWLX','YX1',' ','0','0350','YXDDYWLX','YXDDYWLX_BH','YXDDYWLX_NM','YXDDYWLX_MC',' ', 10 ,'','I1','0', 1 , 1 , 40 ,'','', 2 ,'0','0','0','0','','','0','0', 1 , 1 ,'0','','0','1','','','','','','',0,'')
go
insert into SDSYSFIELD(SDSYSFIELD_ID,SDSYSFIELD_LMMC,SDSYSFIELD_LMZT,SDSYSFIELD_LMBM,SDSYSFIELD_TITLE,SDSYSFIELD_TABLE,SDSYSFIELD_SFBZ,SDSYSFIELD_KZBZ,SDSYSFIELD_SFSPXM,SDSYSFIELD_BZBM,SDSYSFIELD_BZBH,SDSYSFIELD_BZTJ,SDSYSFIELD_SFBT,SDSYSFIELD_XSXH,SDSYSFIELD_GLBM,SDSYSFIELD_BHZD,SDSYSFIELD_NMZD,SDSYSFIELD_MCZD,SDSYSFIELD_SQL,SDSYSFIELD_WIDTH,SDSYSFIELD_SPJD,SDSYSFIELD_TABID,SDSYSFIELD_TYPE,SDSYSFIELD_COLSPAN,SDSYSFIELD_ROWSPAN,SDSYSFIELD_LENGTH,SDSYSFIELD_DEFAULT,SDSYSFIELD_LIST,SDSYSFIELD_PRECISION,SDSYSFIELD_FIELDTYPE,SDSYSFIELD_READONLY,SDSYSFIELD_LISTFLAG,SDSYSFIELD_LOCALESTRING,SDSYSFIELD_ZDQXBH,SDSYSFIELD_DXLB,SDSYSFIELD_DRBZ,SDSYSFIELD_DRBT,SDSYSFIELD_DRXH,SDSYSFIELD_LBXH,SDSYSFIELD_ISFILTER,SDSYSFIELD_FILTERDISP,SDSYSFIELD_NEWLINE,SDSYSFIELD_NEWLINESHOW,SDSYSFIELD_NEWLINETITLE,SDSYSFIELD_GUID,SDSYSFIELD_LINKDO,SDSYSFIELD_SETSQL,SDSYSFIELD_MIN,SDSYSFIELD_MAX,SDSYSFIELD_FJMAX,SDSYSFIELD_FJEXT) values('SDBQL3007','YXTHSQMX_QY','1','区域','','YXTHSQMX','0','0','0','YXXSQY','YX1',' ','0','0360','YXXSQY','YXXSQY_BH','','YXXSQY_MC',' ', 10 ,'','I1','0', 1 , 1 , 40 ,'','', 2 ,'0','0','0','0','','','0','0', 1 , 1 ,'0','','0','1','','','','','','',0,'')
go
insert into SDSYSFIELD(SDSYSFIELD_ID,SDSYSFIELD_LMMC,SDSYSFIELD_LMZT,SDSYSFIELD_LMBM,SDSYSFIELD_TITLE,SDSYSFIELD_TABLE,SDSYSFIELD_SFBZ,SDSYSFIELD_KZBZ,SDSYSFIELD_SFSPXM,SDSYSFIELD_BZBM,SDSYSFIELD_BZBH,SDSYSFIELD_BZTJ,SDSYSFIELD_SFBT,SDSYSFIELD_XSXH,SDSYSFIELD_GLBM,SDSYSFIELD_BHZD,SDSYSFIELD_NMZD,SDSYSFIELD_MCZD,SDSYSFIELD_SQL,SDSYSFIELD_WIDTH,SDSYSFIELD_SPJD,SDSYSFIELD_TABID,SDSYSFIELD_TYPE,SDSYSFIELD_COLSPAN,SDSYSFIELD_ROWSPAN,SDSYSFIELD_LENGTH,SDSYSFIELD_DEFAULT,SDSYSFIELD_LIST,SDSYSFIELD_PRECISION,SDSYSFIELD_FIELDTYPE,SDSYSFIELD_READONLY,SDSYSFIELD_LISTFLAG,SDSYSFIELD_LOCALESTRING,SDSYSFIELD_ZDQXBH,SDSYSFIELD_DXLB,SDSYSFIELD_DRBZ,SDSYSFIELD_DRBT,SDSYSFIELD_DRXH,SDSYSFIELD_LBXH,SDSYSFIELD_ISFILTER,SDSYSFIELD_FILTERDISP,SDSYSFIELD_NEWLINE,SDSYSFIELD_NEWLINESHOW,SDSYSFIELD_NEWLINETITLE,SDSYSFIELD_GUID,SDSYSFIELD_LINKDO,SDSYSFIELD_SETSQL,SDSYSFIELD_MIN,SDSYSFIELD_MAX,SDSYSFIELD_FJMAX,SDSYSFIELD_FJEXT) values('SDBQL3007','YXTHSQMX_CRMBM','1','CRM部门','','YXTHSQMX','0','0','0','YXBMZD','YX1',' ','0','0370','YXBMZD BM2','BM2.YXBMZD_BMBH','BM2.YXBMZD_NM','BM2.YXBMZD_BMMC',' ', 10 ,'','I1','0', 1 , 1 , 40 ,'','', 2 ,'0','0','0','0','','','0','0', 1 , 1 ,'0','','0','1','','','','','','',0,'')
go
insert into SDSYSFIELD(SDSYSFIELD_ID,SDSYSFIELD_LMMC,SDSYSFIELD_LMZT,SDSYSFIELD_LMBM,SDSYSFIELD_TITLE,SDSYSFIELD_TABLE,SDSYSFIELD_SFBZ,SDSYSFIELD_KZBZ,SDSYSFIELD_SFSPXM,SDSYSFIELD_BZBM,SDSYSFIELD_BZBH,SDSYSFIELD_BZTJ,SDSYSFIELD_SFBT,SDSYSFIELD_XSXH,SDSYSFIELD_GLBM,SDSYSFIELD_BHZD,SDSYSFIELD_NMZD,SDSYSFIELD_MCZD,SDSYSFIELD_SQL,SDSYSFIELD_WIDTH,SDSYSFIELD_SPJD,SDSYSFIELD_TABID,SDSYSFIELD_TYPE,SDSYSFIELD_COLSPAN,SDSYSFIELD_ROWSPAN,SDSYSFIELD_LENGTH,SDSYSFIELD_DEFAULT,SDSYSFIELD_LIST,SDSYSFIELD_PRECISION,SDSYSFIELD_FIELDTYPE,SDSYSFIELD_READONLY,SDSYSFIELD_LISTFLAG,SDSYSFIELD_LOCALESTRING,SDSYSFIELD_ZDQXBH,SDSYSFIELD_DXLB,SDSYSFIELD_DRBZ,SDSYSFIELD_DRBT,SDSYSFIELD_DRXH,SDSYSFIELD_LBXH,SDSYSFIELD_ISFILTER,SDSYSFIELD_FILTERDISP,SDSYSFIELD_NEWLINE,SDSYSFIELD_NEWLINESHOW,SDSYSFIELD_NEWLINETITLE,SDSYSFIELD_GUID,SDSYSFIELD_LINKDO,SDSYSFIELD_SETSQL,SDSYSFIELD_MIN,SDSYSFIELD_MAX,SDSYSFIELD_FJMAX,SDSYSFIELD_FJEXT) values('SDBQL3007','YXTHSQMX_CP','1','产品','','YXTHSQMX','0','0','0','YXWLZD','001',' ','0','0380','YXWLZD','YXWLZD_WLBH','YXWLZD_NM','YXWLZD_C06',' ', 10 ,'','I1','0', 1 , 1 , 40 ,'','', 2 ,'0','0','0','0','','','0','0', 1 , 1 ,'0','','0','1','','','','','','',0,'')
go
insert into SDSYSFIELD(SDSYSFIELD_ID,SDSYSFIELD_LMMC,SDSYSFIELD_LMZT,SDSYSFIELD_LMBM,SDSYSFIELD_TITLE,SDSYSFIELD_TABLE,SDSYSFIELD_SFBZ,SDSYSFIELD_KZBZ,SDSYSFIELD_SFSPXM,SDSYSFIELD_BZBM,SDSYSFIELD_BZBH,SDSYSFIELD_BZTJ,SDSYSFIELD_SFBT,SDSYSFIELD_XSXH,SDSYSFIELD_GLBM,SDSYSFIELD_BHZD,SDSYSFIELD_NMZD,SDSYSFIELD_MCZD,SDSYSFIELD_SQL,SDSYSFIELD_WIDTH,SDSYSFIELD_SPJD,SDSYSFIELD_TABID,SDSYSFIELD_TYPE,SDSYSFIELD_COLSPAN,SDSYSFIELD_ROWSPAN,SDSYSFIELD_LENGTH,SDSYSFIELD_DEFAULT,SDSYSFIELD_LIST,SDSYSFIELD_PRECISION,SDSYSFIELD_FIELDTYPE,SDSYSFIELD_READONLY,SDSYSFIELD_LISTFLAG,SDSYSFIELD_LOCALESTRING,SDSYSFIELD_ZDQXBH,SDSYSFIELD_DXLB,SDSYSFIELD_DRBZ,SDSYSFIELD_DRBT,SDSYSFIELD_DRXH,SDSYSFIELD_LBXH,SDSYSFIELD_ISFILTER,SDSYSFIELD_FILTERDISP,SDSYSFIELD_NEWLINE,SDSYSFIELD_NEWLINESHOW,SDSYSFIELD_NEWLINETITLE,SDSYSFIELD_GUID,SDSYSFIELD_LINKDO,SDSYSFIELD_SETSQL,SDSYSFIELD_MIN,SDSYSFIELD_MAX,SDSYSFIELD_FJMAX,SDSYSFIELD_FJEXT) values('SDBQL3007','YXTHSQMX_TYM','1','通用名','','YXTHSQMX','0','0','0','','',' ','0','0390','','','','','select YXWLZD_TYM from YXWLZD WHERE YXWLZD_NM=@YXTHSQMX_CP@', 10 ,'','I1','0', 1 , 1 , 100 ,'','', 2 ,'0','0','0','0','','','0','0', 1 , 1 ,'0','','0','1','','','','','','',0,'')
go
insert into SDSYSFIELD(SDSYSFIELD_ID,SDSYSFIELD_LMMC,SDSYSFIELD_LMZT,SDSYSFIELD_LMBM,SDSYSFIELD_TITLE,SDSYSFIELD_TABLE,SDSYSFIELD_SFBZ,SDSYSFIELD_KZBZ,SDSYSFIELD_SFSPXM,SDSYSFIELD_BZBM,SDSYSFIELD_BZBH,SDSYSFIELD_BZTJ,SDSYSFIELD_SFBT,SDSYSFIELD_XSXH,SDSYSFIELD_GLBM,SDSYSFIELD_BHZD,SDSYSFIELD_NMZD,SDSYSFIELD_MCZD,SDSYSFIELD_SQL,SDSYSFIELD_WIDTH,SDSYSFIELD_SPJD,SDSYSFIELD_TABID,SDSYSFIELD_TYPE,SDSYSFIELD_COLSPAN,SDSYSFIELD_ROWSPAN,SDSYSFIELD_LENGTH,SDSYSFIELD_DEFAULT,SDSYSFIELD_LIST,SDSYSFIELD_PRECISION,SDSYSFIELD_FIELDTYPE,SDSYSFIELD_READONLY,SDSYSFIELD_LISTFLAG,SDSYSFIELD_LOCALESTRING,SDSYSFIELD_ZDQXBH,SDSYSFIELD_DXLB,SDSYSFIELD_DRBZ,SDSYSFIELD_DRBT,SDSYSFIELD_DRXH,SDSYSFIELD_LBXH,SDSYSFIELD_ISFILTER,SDSYSFIELD_FILTERDISP,SDSYSFIELD_NEWLINE,SDSYSFIELD_NEWLINESHOW,SDSYSFIELD_NEWLINETITLE,SDSYSFIELD_GUID,SDSYSFIELD_LINKDO,SDSYSFIELD_SETSQL,SDSYSFIELD_MIN,SDSYSFIELD_MAX,SDSYSFIELD_FJMAX,SDSYSFIELD_FJEXT) values('SDBQL3007','YXTHSQMX_GG','1','规格','','YXTHSQMX','0','0','0','','',' ','0','0400','','','','','select YXWLZD_GGXH from YXWLZD WHERE YXWLZD_NM=@YXTHSQMX_CP@', 10 ,'','I1','0', 1 , 1 , 40 ,'','', 2 ,'0','0','0','0','','','0','0', 1 , 1 ,'0','','0','1','','','','','','',0,'')
go
insert into SDSYSFIELD(SDSYSFIELD_ID,SDSYSFIELD_LMMC,SDSYSFIELD_LMZT,SDSYSFIELD_LMBM,SDSYSFIELD_TITLE,SDSYSFIELD_TABLE,SDSYSFIELD_SFBZ,SDSYSFIELD_KZBZ,SDSYSFIELD_SFSPXM,SDSYSFIELD_BZBM,SDSYSFIELD_BZBH,SDSYSFIELD_BZTJ,SDSYSFIELD_SFBT,SDSYSFIELD_XSXH,SDSYSFIELD_GLBM,SDSYSFIELD_BHZD,SDSYSFIELD_NMZD,SDSYSFIELD_MCZD,SDSYSFIELD_SQL,SDSYSFIELD_WIDTH,SDSYSFIELD_SPJD,SDSYSFIELD_TABID,SDSYSFIELD_TYPE,SDSYSFIELD_COLSPAN,SDSYSFIELD_ROWSPAN,SDSYSFIELD_LENGTH,SDSYSFIELD_DEFAULT,SDSYSFIELD_LIST,SDSYSFIELD_PRECISION,SDSYSFIELD_FIELDTYPE,SDSYSFIELD_READONLY,SDSYSFIELD_LISTFLAG,SDSYSFIELD_LOCALESTRING,SDSYSFIELD_ZDQXBH,SDSYSFIELD_DXLB,SDSYSFIELD_DRBZ,SDSYSFIELD_DRBT,SDSYSFIELD_DRXH,SDSYSFIELD_LBXH,SDSYSFIELD_ISFILTER,SDSYSFIELD_FILTERDISP,SDSYSFIELD_NEWLINE,SDSYSFIELD_NEWLINESHOW,SDSYSFIELD_NEWLINETITLE,SDSYSFIELD_GUID,SDSYSFIELD_LINKDO,SDSYSFIELD_SETSQL,SDSYSFIELD_MIN,SDSYSFIELD_MAX,SDSYSFIELD_FJMAX,SDSYSFIELD_FJEXT) values('SDBQL3007','YXTHSQMX_JLDW','1','计量单位','','YXTHSQMX','0','0','0','VW_ERPJLDW','YX1',' ','0','0410','VW_ERPJLDW','ERPJLDW_BH','ERPJLDW_NM','ERPJLDW_MC','select YXWLZD_JLDW from YXWLZD WHERE YXWLZD_NM=@YXTHSQMX_CP@', 10 ,'','I1','0', 1 , 1 , 40 ,'','', 2 ,'0','0','0','0','','','0','0', 1 , 1 ,'0','','0','1','','','','','','',0,'')
go
insert into SDSYSFIELD(SDSYSFIELD_ID,SDSYSFIELD_LMMC,SDSYSFIELD_LMZT,SDSYSFIELD_LMBM,SDSYSFIELD_TITLE,SDSYSFIELD_TABLE,SDSYSFIELD_SFBZ,SDSYSFIELD_KZBZ,SDSYSFIELD_SFSPXM,SDSYSFIELD_BZBM,SDSYSFIELD_BZBH,SDSYSFIELD_BZTJ,SDSYSFIELD_SFBT,SDSYSFIELD_XSXH,SDSYSFIELD_GLBM,SDSYSFIELD_BHZD,SDSYSFIELD_NMZD,SDSYSFIELD_MCZD,SDSYSFIELD_SQL,SDSYSFIELD_WIDTH,SDSYSFIELD_SPJD,SDSYSFIELD_TABID,SDSYSFIELD_TYPE,SDSYSFIELD_COLSPAN,SDSYSFIELD_ROWSPAN,SDSYSFIELD_LENGTH,SDSYSFIELD_DEFAULT,SDSYSFIELD_LIST,SDSYSFIELD_PRECISION,SDSYSFIELD_FIELDTYPE,SDSYSFIELD_READONLY,SDSYSFIELD_LISTFLAG,SDSYSFIELD_LOCALESTRING,SDSYSFIELD_ZDQXBH,SDSYSFIELD_DXLB,SDSYSFIELD_DRBZ,SDSYSFIELD_DRBT,SDSYSFIELD_DRXH,SDSYSFIELD_LBXH,SDSYSFIELD_ISFILTER,SDSYSFIELD_FILTERDISP,SDSYSFIELD_NEWLINE,SDSYSFIELD_NEWLINESHOW,SDSYSFIELD_NEWLINETITLE,SDSYSFIELD_GUID,SDSYSFIELD_LINKDO,SDSYSFIELD_SETSQL,SDSYSFIELD_MIN,SDSYSFIELD_MAX,SDSYSFIELD_FJMAX,SDSYSFIELD_FJEXT) values('SDBQL3007','YXTHSQMX_FHSL','1','发货数量','','YXTHSQMX','0','3','0','','',' ','0','0420','','','','',' ', 10 ,'','I1','1', 1 , 1 , 20 ,'','', 2 ,'0','0','0','0','','','0','0', 1 , 1 ,'0','','0','1','','','','','','',0,'')
go
insert into SDSYSFIELD(SDSYSFIELD_ID,SDSYSFIELD_LMMC,SDSYSFIELD_LMZT,SDSYSFIELD_LMBM,SDSYSFIELD_TITLE,SDSYSFIELD_TABLE,SDSYSFIELD_SFBZ,SDSYSFIELD_KZBZ,SDSYSFIELD_SFSPXM,SDSYSFIELD_BZBM,SDSYSFIELD_BZBH,SDSYSFIELD_BZTJ,SDSYSFIELD_SFBT,SDSYSFIELD_XSXH,SDSYSFIELD_GLBM,SDSYSFIELD_BHZD,SDSYSFIELD_NMZD,SDSYSFIELD_MCZD,SDSYSFIELD_SQL,SDSYSFIELD_WIDTH,SDSYSFIELD_SPJD,SDSYSFIELD_TABID,SDSYSFIELD_TYPE,SDSYSFIELD_COLSPAN,SDSYSFIELD_ROWSPAN,SDSYSFIELD_LENGTH,SDSYSFIELD_DEFAULT,SDSYSFIELD_LIST,SDSYSFIELD_PRECISION,SDSYSFIELD_FIELDTYPE,SDSYSFIELD_READONLY,SDSYSFIELD_LISTFLAG,SDSYSFIELD_LOCALESTRING,SDSYSFIELD_ZDQXBH,SDSYSFIELD_DXLB,SDSYSFIELD_DRBZ,SDSYSFIELD_DRBT,SDSYSFIELD_DRXH,SDSYSFIELD_LBXH,SDSYSFIELD_ISFILTER,SDSYSFIELD_FILTERDISP,SDSYSFIELD_NEWLINE,SDSYSFIELD_NEWLINESHOW,SDSYSFIELD_NEWLINETITLE,SDSYSFIELD_GUID,SDSYSFIELD_LINKDO,SDSYSFIELD_SETSQL,SDSYSFIELD_MIN,SDSYSFIELD_MAX,SDSYSFIELD_FJMAX,SDSYSFIELD_FJEXT) values('SDBQL3007','YXTHSQMX_PH','1','批号','','YXTHSQMX','0','0','0','','',' ','0','0430','','','','',' ', 10 ,'','I1','0', 1 , 1 , 40 ,'','', 2 ,'0','0','0','0','','','0','0', 1 , 1 ,'0','','0','1','','','','','','',0,'')
go
insert into SDSYSFIELD(SDSYSFIELD_ID,SDSYSFIELD_LMMC,SDSYSFIELD_LMZT,SDSYSFIELD_LMBM,SDSYSFIELD_TITLE,SDSYSFIELD_TABLE,SDSYSFIELD_SFBZ,SDSYSFIELD_KZBZ,SDSYSFIELD_SFSPXM,SDSYSFIELD_BZBM,SDSYSFIELD_BZBH,SDSYSFIELD_BZTJ,SDSYSFIELD_SFBT,SDSYSFIELD_XSXH,SDSYSFIELD_GLBM,SDSYSFIELD_BHZD,SDSYSFIELD_NMZD,SDSYSFIELD_MCZD,SDSYSFIELD_SQL,SDSYSFIELD_WIDTH,SDSYSFIELD_SPJD,SDSYSFIELD_TABID,SDSYSFIELD_TYPE,SDSYSFIELD_COLSPAN,SDSYSFIELD_ROWSPAN,SDSYSFIELD_LENGTH,SDSYSFIELD_DEFAULT,SDSYSFIELD_LIST,SDSYSFIELD_PRECISION,SDSYSFIELD_FIELDTYPE,SDSYSFIELD_READONLY,SDSYSFIELD_LISTFLAG,SDSYSFIELD_LOCALESTRING,SDSYSFIELD_ZDQXBH,SDSYSFIELD_DXLB,SDSYSFIELD_DRBZ,SDSYSFIELD_DRBT,SDSYSFIELD_DRXH,SDSYSFIELD_LBXH,SDSYSFIELD_ISFILTER,SDSYSFIELD_FILTERDISP,SDSYSFIELD_NEWLINE,SDSYSFIELD_NEWLINESHOW,SDSYSFIELD_NEWLINETITLE,SDSYSFIELD_GUID,SDSYSFIELD_LINKDO,SDSYSFIELD_SETSQL,SDSYSFIELD_MIN,SDSYSFIELD_MAX,SDSYSFIELD_FJMAX,SDSYSFIELD_FJEXT) values('SDBQL3007','YXTHSQMX_SYSL','1','已退数量','','YXTHSQMX',' ','4',' ','','','','0','0440','','','','','', 12 ,'','I1','1', 0 , 0 , 40 ,'','', 0 ,'0','1',' ','','','','0','0', 0 , 0 ,'1','',' ','1','',' ','','','','',0,'')
go
insert into SDSYSFIELD(SDSYSFIELD_ID,SDSYSFIELD_LMMC,SDSYSFIELD_LMZT,SDSYSFIELD_LMBM,SDSYSFIELD_TITLE,SDSYSFIELD_TABLE,SDSYSFIELD_SFBZ,SDSYSFIELD_KZBZ,SDSYSFIELD_SFSPXM,SDSYSFIELD_BZBM,SDSYSFIELD_BZBH,SDSYSFIELD_BZTJ,SDSYSFIELD_SFBT,SDSYSFIELD_XSXH,SDSYSFIELD_GLBM,SDSYSFIELD_BHZD,SDSYSFIELD_NMZD,SDSYSFIELD_MCZD,SDSYSFIELD_SQL,SDSYSFIELD_WIDTH,SDSYSFIELD_SPJD,SDSYSFIELD_TABID,SDSYSFIELD_TYPE,SDSYSFIELD_COLSPAN,SDSYSFIELD_ROWSPAN,SDSYSFIELD_LENGTH,SDSYSFIELD_DEFAULT,SDSYSFIELD_LIST,SDSYSFIELD_PRECISION,SDSYSFIELD_FIELDTYPE,SDSYSFIELD_READONLY,SDSYSFIELD_LISTFLAG,SDSYSFIELD_LOCALESTRING,SDSYSFIELD_ZDQXBH,SDSYSFIELD_DXLB,SDSYSFIELD_DRBZ,SDSYSFIELD_DRBT,SDSYSFIELD_DRXH,SDSYSFIELD_LBXH,SDSYSFIELD_ISFILTER,SDSYSFIELD_FILTERDISP,SDSYSFIELD_NEWLINE,SDSYSFIELD_NEWLINESHOW,SDSYSFIELD_NEWLINETITLE,SDSYSFIELD_GUID,SDSYSFIELD_LINKDO,SDSYSFIELD_SETSQL,SDSYSFIELD_MIN,SDSYSFIELD_MAX,SDSYSFIELD_FJMAX,SDSYSFIELD_FJEXT) values('SDBQL3007','YXTHSQMX_KYSL','1','可退数量','','YXTHSQMX',' ','4',' ','','','','0','0450','','','','','', 12 ,'','I1','1', 0 , 0 , 40 ,'','', 0 ,'0','1',' ','','','','0','0', 0 , 0 ,'1','',' ','1','',' ','','','','',0,'')
go
insert into SDSYSFIELD(SDSYSFIELD_ID,SDSYSFIELD_LMMC,SDSYSFIELD_LMZT,SDSYSFIELD_LMBM,SDSYSFIELD_TITLE,SDSYSFIELD_TABLE,SDSYSFIELD_SFBZ,SDSYSFIELD_KZBZ,SDSYSFIELD_SFSPXM,SDSYSFIELD_BZBM,SDSYSFIELD_BZBH,SDSYSFIELD_BZTJ,SDSYSFIELD_SFBT,SDSYSFIELD_XSXH,SDSYSFIELD_GLBM,SDSYSFIELD_BHZD,SDSYSFIELD_NMZD,SDSYSFIELD_MCZD,SDSYSFIELD_SQL,SDSYSFIELD_WIDTH,SDSYSFIELD_SPJD,SDSYSFIELD_TABID,SDSYSFIELD_TYPE,SDSYSFIELD_COLSPAN,SDSYSFIELD_ROWSPAN,SDSYSFIELD_LENGTH,SDSYSFIELD_DEFAULT,SDSYSFIELD_LIST,SDSYSFIELD_PRECISION,SDSYSFIELD_FIELDTYPE,SDSYSFIELD_READONLY,SDSYSFIELD_LISTFLAG,SDSYSFIELD_LOCALESTRING,SDSYSFIELD_ZDQXBH,SDSYSFIELD_DXLB,SDSYSFIELD_DRBZ,SDSYSFIELD_DRBT,SDSYSFIELD_DRXH,SDSYSFIELD_LBXH,SDSYSFIELD_ISFILTER,SDSYSFIELD_FILTERDISP,SDSYSFIELD_NEWLINE,SDSYSFIELD_NEWLINESHOW,SDSYSFIELD_NEWLINETITLE,SDSYSFIELD_GUID,SDSYSFIELD_LINKDO,SDSYSFIELD_SETSQL,SDSYSFIELD_MIN,SDSYSFIELD_MAX,SDSYSFIELD_FJMAX,SDSYSFIELD_FJEXT) values('SDBQL3007','YXTHSQMX_THSL','1','本次退货数量','','YXTHSQMX','0','2','0',' ',' ',' ','0','0460',' ',' ',' ',' ',' ', 10 ,'','I1','1', 1 , 1 , 20 ,' ',' ', 2 ,'0','0','0','0','','','0','0', 1 , 1 ,'0','','0','1','','','','','','',0,'')
go
insert into SDSYSFIELD(SDSYSFIELD_ID,SDSYSFIELD_LMMC,SDSYSFIELD_LMZT,SDSYSFIELD_LMBM,SDSYSFIELD_TITLE,SDSYSFIELD_TABLE,SDSYSFIELD_SFBZ,SDSYSFIELD_KZBZ,SDSYSFIELD_SFSPXM,SDSYSFIELD_BZBM,SDSYSFIELD_BZBH,SDSYSFIELD_BZTJ,SDSYSFIELD_SFBT,SDSYSFIELD_XSXH,SDSYSFIELD_GLBM,SDSYSFIELD_BHZD,SDSYSFIELD_NMZD,SDSYSFIELD_MCZD,SDSYSFIELD_SQL,SDSYSFIELD_WIDTH,SDSYSFIELD_SPJD,SDSYSFIELD_TABID,SDSYSFIELD_TYPE,SDSYSFIELD_COLSPAN,SDSYSFIELD_ROWSPAN,SDSYSFIELD_LENGTH,SDSYSFIELD_DEFAULT,SDSYSFIELD_LIST,SDSYSFIELD_PRECISION,SDSYSFIELD_FIELDTYPE,SDSYSFIELD_READONLY,SDSYSFIELD_LISTFLAG,SDSYSFIELD_LOCALESTRING,SDSYSFIELD_ZDQXBH,SDSYSFIELD_DXLB,SDSYSFIELD_DRBZ,SDSYSFIELD_DRBT,SDSYSFIELD_DRXH,SDSYSFIELD_LBXH,SDSYSFIELD_ISFILTER,SDSYSFIELD_FILTERDISP,SDSYSFIELD_NEWLINE,SDSYSFIELD_NEWLINESHOW,SDSYSFIELD_NEWLINETITLE,SDSYSFIELD_GUID,SDSYSFIELD_LINKDO,SDSYSFIELD_SETSQL,SDSYSFIELD_MIN,SDSYSFIELD_MAX,SDSYSFIELD_FJMAX,SDSYSFIELD_FJEXT) values('SDBQL3007','YXTHSQMX_SFTH','1','是否退货','','YXTHSQMX','0','0','0','','',' ','0','0470','','','','',' ', 10 ,'','I1','0', 1 , 1 , 1 ,'','1,是;0,否', 2 ,'0','0','0','0','','','0','0', 1 , 1 ,'0','','0','1','','','','','','',0,'')
go
insert into SDSYSFIELD(SDSYSFIELD_ID,SDSYSFIELD_LMMC,SDSYSFIELD_LMZT,SDSYSFIELD_LMBM,SDSYSFIELD_TITLE,SDSYSFIELD_TABLE,SDSYSFIELD_SFBZ,SDSYSFIELD_KZBZ,SDSYSFIELD_SFSPXM,SDSYSFIELD_BZBM,SDSYSFIELD_BZBH,SDSYSFIELD_BZTJ,SDSYSFIELD_SFBT,SDSYSFIELD_XSXH,SDSYSFIELD_GLBM,SDSYSFIELD_BHZD,SDSYSFIELD_NMZD,SDSYSFIELD_MCZD,SDSYSFIELD_SQL,SDSYSFIELD_WIDTH,SDSYSFIELD_SPJD,SDSYSFIELD_TABID,SDSYSFIELD_TYPE,SDSYSFIELD_COLSPAN,SDSYSFIELD_ROWSPAN,SDSYSFIELD_LENGTH,SDSYSFIELD_DEFAULT,SDSYSFIELD_LIST,SDSYSFIELD_PRECISION,SDSYSFIELD_FIELDTYPE,SDSYSFIELD_READONLY,SDSYSFIELD_LISTFLAG,SDSYSFIELD_LOCALESTRING,SDSYSFIELD_ZDQXBH,SDSYSFIELD_DXLB,SDSYSFIELD_DRBZ,SDSYSFIELD_DRBT,SDSYSFIELD_DRXH,SDSYSFIELD_LBXH,SDSYSFIELD_ISFILTER,SDSYSFIELD_FILTERDISP,SDSYSFIELD_NEWLINE,SDSYSFIELD_NEWLINESHOW,SDSYSFIELD_NEWLINETITLE,SDSYSFIELD_GUID,SDSYSFIELD_LINKDO,SDSYSFIELD_SETSQL,SDSYSFIELD_MIN,SDSYSFIELD_MAX,SDSYSFIELD_FJMAX,SDSYSFIELD_FJEXT) values('SDBQL3007','YXTHSQMX_SAPTHD','1','SAP退货单号','','YXTHSQMX','0','0','0','','',' ','0','0480','','','','',' ', 10 ,'','I1','0', 1 , 1 , 40 ,'','', 2 ,'0','0','0','0','','','0','0', 1 , 1 ,'0','','0','1','','','','','','',0,'')
go
insert into SDSYSFIELD(SDSYSFIELD_ID,SDSYSFIELD_LMMC,SDSYSFIELD_LMZT,SDSYSFIELD_LMBM,SDSYSFIELD_TITLE,SDSYSFIELD_TABLE,SDSYSFIELD_SFBZ,SDSYSFIELD_KZBZ,SDSYSFIELD_SFSPXM,SDSYSFIELD_BZBM,SDSYSFIELD_BZBH,SDSYSFIELD_BZTJ,SDSYSFIELD_SFBT,SDSYSFIELD_XSXH,SDSYSFIELD_GLBM,SDSYSFIELD_BHZD,SDSYSFIELD_NMZD,SDSYSFIELD_MCZD,SDSYSFIELD_SQL,SDSYSFIELD_WIDTH,SDSYSFIELD_SPJD,SDSYSFIELD_TABID,SDSYSFIELD_TYPE,SDSYSFIELD_COLSPAN,SDSYSFIELD_ROWSPAN,SDSYSFIELD_LENGTH,SDSYSFIELD_DEFAULT,SDSYSFIELD_LIST,SDSYSFIELD_PRECISION,SDSYSFIELD_FIELDTYPE,SDSYSFIELD_READONLY,SDSYSFIELD_LISTFLAG,SDSYSFIELD_LOCALESTRING,SDSYSFIELD_ZDQXBH,SDSYSFIELD_DXLB,SDSYSFIELD_DRBZ,SDSYSFIELD_DRBT,SDSYSFIELD_DRXH,SDSYSFIELD_LBXH,SDSYSFIELD_ISFILTER,SDSYSFIELD_FILTERDISP,SDSYSFIELD_NEWLINE,SDSYSFIELD_NEWLINESHOW,SDSYSFIELD_NEWLINETITLE,SDSYSFIELD_GUID,SDSYSFIELD_LINKDO,SDSYSFIELD_SETSQL,SDSYSFIELD_MIN,SDSYSFIELD_MAX,SDSYSFIELD_FJMAX,SDSYSFIELD_FJEXT) values('SDBQL3007','YXTHSQMX_SAPFP','1','SAP系统发票号','','YXTHSQMX','0','0','0',' ',' ',' ','0','0490',' ',' ',' ',' ',' ', 10 ,'','I1','0', 1 , 1 , 40 ,' ',' ', 2 ,'0','0','0','0','','','0','0', 1 , 1 ,'0','','0','1','','','','','','',0,'')
go
insert into SDSYSFIELD(SDSYSFIELD_ID,SDSYSFIELD_LMMC,SDSYSFIELD_LMZT,SDSYSFIELD_LMBM,SDSYSFIELD_TITLE,SDSYSFIELD_TABLE,SDSYSFIELD_SFBZ,SDSYSFIELD_KZBZ,SDSYSFIELD_SFSPXM,SDSYSFIELD_BZBM,SDSYSFIELD_BZBH,SDSYSFIELD_BZTJ,SDSYSFIELD_SFBT,SDSYSFIELD_XSXH,SDSYSFIELD_GLBM,SDSYSFIELD_BHZD,SDSYSFIELD_NMZD,SDSYSFIELD_MCZD,SDSYSFIELD_SQL,SDSYSFIELD_WIDTH,SDSYSFIELD_SPJD,SDSYSFIELD_TABID,SDSYSFIELD_TYPE,SDSYSFIELD_COLSPAN,SDSYSFIELD_ROWSPAN,SDSYSFIELD_LENGTH,SDSYSFIELD_DEFAULT,SDSYSFIELD_LIST,SDSYSFIELD_PRECISION,SDSYSFIELD_FIELDTYPE,SDSYSFIELD_READONLY,SDSYSFIELD_LISTFLAG,SDSYSFIELD_LOCALESTRING,SDSYSFIELD_ZDQXBH,SDSYSFIELD_DXLB,SDSYSFIELD_DRBZ,SDSYSFIELD_DRBT,SDSYSFIELD_DRXH,SDSYSFIELD_LBXH,SDSYSFIELD_ISFILTER,SDSYSFIELD_FILTERDISP,SDSYSFIELD_NEWLINE,SDSYSFIELD_NEWLINESHOW,SDSYSFIELD_NEWLINETITLE,SDSYSFIELD_GUID,SDSYSFIELD_LINKDO,SDSYSFIELD_SETSQL,SDSYSFIELD_MIN,SDSYSFIELD_MAX,SDSYSFIELD_FJMAX,SDSYSFIELD_FJEXT) values('SDBQL3007','YXTHSQMX_GUID','1','ERPFH的唯一标识','','YXTHSQMX','','0','',' ',' ','','0','0500',' ',' ',' ',' ','', 0 ,'','I1','0', 1, 1, 40 ,' ',' ', 2,'0','0','','','','','0','0', 100, 100,'1','','','1','','','','','','',0,'')
go
delete from SDBILLMGR where SDBILLMGR_ID='SDBQL3007'
go
insert into SDBILLMGR(SDBILLMGR_ID,SDBILLMGR_TYPE,SDBILLMGR_NAME,SDBILLMGR_GNXH,SDBILLMGR_GNBH,SDBILLMGR_URL,SDBILLMGR_ICO) values('SDBQL3007','0','退货申请制单','0','SDBQL3007A','NetBill/NetBillMain.aspx?BILLID=SDBQL3007&CHECK=0','')
go
delete from LSGNZD where F_GNBH='SDBQL3007A'
go
insert into LSGNZD(F_GNBH,F_GNMC ) values('SDBQL3007A','退货申请制单')
go
delete from LSGNZDEX where LSGNZDEX_GNBH='SDBQL3007A'
go
insert into LSGNZDEX( LSGNZDEX_GNBH,LSGNZDEX_URL ,LSGNZDEX_XTYL, LSGNZDEX_LJBM ,LSGNZDEX_DJLS,LSGNZDEX_ICO) values('SDBQL3007A','NetBill/NetBillMain.aspx?BILLID=SDBQL3007&CHECK=0','S','YXTHSQ','YXTHSQ_LSBH','')
go
insert into SDBILLMGR(SDBILLMGR_ID,SDBILLMGR_TYPE,SDBILLMGR_NAME,SDBILLMGR_GNXH,SDBILLMGR_GNBH,SDBILLMGR_URL,SDBILLMGR_ICO) values('SDBQL3007','0','退货申请审批','1','SDBQL3007B','NetBill/NetBillMain.aspx?BILLID=SDBQL3007&CHECK=1','')
go
delete from LSGNZD where F_GNBH='SDBQL3007B'
go
insert into LSGNZD(F_GNBH,F_GNMC ) values('SDBQL3007B','退货申请审批')
go
delete from LSGNZDEX where LSGNZDEX_GNBH='SDBQL3007B'
go
insert into LSGNZDEX( LSGNZDEX_GNBH,LSGNZDEX_URL ,LSGNZDEX_XTYL, LSGNZDEX_LJBM ,LSGNZDEX_DJLS,LSGNZDEX_ICO) values('SDBQL3007B','NetBill/NetBillMain.aspx?BILLID=SDBQL3007&CHECK=1','S','YXTHSQ','YXTHSQ_LSBH','')
go
insert into SDBILLMGR(SDBILLMGR_ID,SDBILLMGR_TYPE,SDBILLMGR_NAME,SDBILLMGR_GNXH,SDBILLMGR_GNBH,SDBILLMGR_URL,SDBILLMGR_ICO) values('SDBQL3007','0','退货申请查询','2','SDBQL3007C','NetBill/NetBillQuery.aspx?BILLID=SDBQL3007','')
go
delete from LSGNZD where F_GNBH='SDBQL3007C'
go
insert into LSGNZD(F_GNBH,F_GNMC ) values('SDBQL3007C','退货申请查询')
go
delete from LSGNZDEX where LSGNZDEX_GNBH='SDBQL3007C'
go
insert into LSGNZDEX( LSGNZDEX_GNBH,LSGNZDEX_URL ,LSGNZDEX_XTYL, LSGNZDEX_LJBM ,LSGNZDEX_DJLS,LSGNZDEX_ICO) values('SDBQL3007C','NetBill/NetBillQuery.aspx?BILLID=SDBQL3007','S','YXTHSQ','YXTHSQ_LSBH','')
go
insert into SDBILLMGR(SDBILLMGR_ID,SDBILLMGR_TYPE,SDBILLMGR_NAME,SDBILLMGR_GNXH,SDBILLMGR_GNBH,SDBILLMGR_URL,SDBILLMGR_ICO) values('SDBQL3007','0','退货申请统计','3','SDBQL3007D','NetBill/NetBillOLAP.aspx?BILLID=SDBQL3007','')
go
delete from LSGNZD where F_GNBH='SDBQL3007D'
go
insert into LSGNZD(F_GNBH,F_GNMC ) values('SDBQL3007D','退货申请统计')
go
delete from LSGNZDEX where LSGNZDEX_GNBH='SDBQL3007D'
go
insert into LSGNZDEX( LSGNZDEX_GNBH,LSGNZDEX_URL ,LSGNZDEX_XTYL, LSGNZDEX_LJBM ,LSGNZDEX_DJLS,LSGNZDEX_ICO) values('SDBQL3007D','NetBill/NetBillOLAP.aspx?BILLID=SDBQL3007','S','YXTHSQ','YXTHSQ_LSBH','')
go
insert into SDBILLMGR(SDBILLMGR_ID,SDBILLMGR_TYPE,SDBILLMGR_NAME,SDBILLMGR_GNXH,SDBILLMGR_GNBH,SDBILLMGR_URL,SDBILLMGR_ICO) values('SDBQL3007','1','退货申请管理','4','SDBQL3007E','NetBill/SD_ListMgr/SD_List_Mgr.aspx?ListID=SDBQL3007E','')
go
delete from LSGNZD where F_GNBH='SDBQL3007E'
go
insert into LSGNZD(F_GNBH,F_GNMC ) values('SDBQL3007E','退货申请管理')
go
delete from LSGNZDEX where LSGNZDEX_GNBH='SDBQL3007E'
go
insert into LSGNZDEX( LSGNZDEX_GNBH,LSGNZDEX_URL ,LSGNZDEX_XTYL, LSGNZDEX_LJBM ,LSGNZDEX_DJLS,LSGNZDEX_ICO) values('SDBQL3007E','NetBill/SD_ListMgr/SD_List_Mgr.aspx?ListID=SDBQL3007E','S','YXTHSQ','YXTHSQ_LSBH','')
go
delete from SDSYSBUTTON where SDSYSBUTTON_ID='SDBQL3007'
go
insert into SDSYSBUTTON(SDSYSBUTTON_ID,SDSYSBUTTON_BTNID,SDSYSBUTTON_BTNNAME,SDSYSBUTTON_TITLE,SDSYSBUTTON_TYPE,SDSYSBUTTON_SYBZ,SDSYSBUTTON_POSITION,SDSYSBUTTON_ORDER,SDSYSBUTTON_ALTK,SDSYSBUTTON_CLASSNAME,SDSYSBUTTON_ZDSD,SDSYSBUTTON_JHAN,SDSYSBUTTON_SDAN,SDSYSBUTTON_SCRIPT) values('SDBQL3007','BtnS01','增加','','0','1','0', 1 ,'A','','0','','','
 
newBill();')
go
insert into SDSYSBUTTON(SDSYSBUTTON_ID,SDSYSBUTTON_BTNID,SDSYSBUTTON_BTNNAME,SDSYSBUTTON_TITLE,SDSYSBUTTON_TYPE,SDSYSBUTTON_SYBZ,SDSYSBUTTON_POSITION,SDSYSBUTTON_ORDER,SDSYSBUTTON_ALTK,SDSYSBUTTON_CLASSNAME,SDSYSBUTTON_ZDSD,SDSYSBUTTON_JHAN,SDSYSBUTTON_SDAN,SDSYSBUTTON_SCRIPT) values('SDBQL3007','BtnUAdd','选择发货单','','0','1','1', 1 ,' ',' ','0',' ',' ',' ')
go
update SDSYSBUTTON set SDSYSBUTTON_SCRIPT='//=================     
// 功能：退货申请单参照     
// 作者：chenhl
// 日期：20191022     
//=================     
if(header_state == 0){      
  return;      
}      



var KH_index = format_header_getIndex("YXTHSQ_KH");
var KH= header_data[KH_index][1];
if (!KH) {
  $.MsgBox.Alert("请选择客户！");
  return;
}



var asp_href = "SD_ListMgr/SD_List_Mgr.aspx?ListID=SDAYS2002_CZ&KH="+KH;      
$.MsgBox.showDialog({     
         title:"选择发货单",//弹窗标题，不传为空     
         width:800, //弹窗宽度，不传为600     
         height:500,// 弹窗高度,不传为400     
         href:asp_href, //弹窗连接URL，iframe方式     
         html:'''',//内嵌 html ，如果href不传或为空，则会将html参数内容附加到痰喘内容处     
         fullscreen:true,// 默认是否全屏     
         callback:function(data){ //回调方法，参数为子页面调用回调时传入，只支持一个参数可为对象、数组等。     
            retData(data); //单据赋值逻辑，可将原来的赋值逻辑放到一个函数中。     
         }     
});




function retData(datas){   
  if(!datas){//放弃选择      
    return;      
  }      
  var curItem=CurentItem;     
  CurentItem=1;     
  //DeleteAllRow();//删除全部行     
  CurentItem=curItem;     
  //字段映射类     
  function fidRelCls(isHeader,isRef,tFid,oFid){     
    return {     
      ''isHeader'':isHeader,     
      ''isRef'':isRef,     
      ''tFid'':tFid,     
      ''oFid'':oFid     
    }     
  }     
debugger;
  //字段映射集合     
  var fidRels=new Array();     
  fidRels.push(fidRelCls(0,0,''YXTHSQMX_GUID'',''YXERPFH_ID''));//SAP的行唯一标识    
 fidRels.push(fidRelCls(0,1,''YXTHSQMX_XSZZ'',''GSID''));//销售组织
  fidRels.push(fidRelCls(0,0,''YXTHSQMX_FHRQ'',''YXERPFH_YWRQ''));//发货日期
  fidRels.push(fidRelCls(0,0,''YXTHSQMX_CRMDD'',''YXERPFH_CRMDDH'')); //CRM订单号    
  fidRels.push(fidRelCls(0,0,''YXTHSQMX_SAPTD'',''YXERPFH_ERPFHDH'')); //SAP提货单号     
  fidRels.push(fidRelCls(0,0,''YXTHSQMX_SAPDD'',''YXERPFH_ERPDDH'')); //SAP订单       
   fidRels.push(fidRelCls(0,1,''YXTHSQMX_QDLX'',''YXERPFH_QDLXBH'')); //渠道类型    
   fidRels.push(fidRelCls(0,1,''YXTHSQMX_QY'',''YXERPFH_YXBSC''));    //区域
  fidRels.push(fidRelCls(0,1,''YXTHSQMX_CRMBM'',''YXERPFH_YXBSC''));    //CRM部门
  fidRels.push(fidRelCls(0,1,''YXT'
where SDSYSBUTTON_ID='SDBQL3007' and SDSYSBUTTON_BTNID='BtnUAdd'
go
update SDSYSBUTTON set SDSYSBUTTON_SCRIPT=SDSYSBUTTON_SCRIPT + 'HSQMX_CP'',''YXERPFH_YXCPBH''));    //CRM产品
 fidRels.push(fidRelCls(0,0,''YXTHSQMX_TYM'',''YXWLZD_TYM''));    //通用名 
  fidRels.push(fidRelCls(0,0,''YXTHSQMX_GG'',''YXWLZD_GGXH''));    //规格
  fidRels.push(fidRelCls(0,1,''YXTHSQMX_JLDW'',''ERPJLDW''));    //计量单位
  fidRels.push(fidRelCls(0,0,''YXTHSQMX_SYSL'',''F_SYSL''));    //使用数量
  fidRels.push(fidRelCls(0,0,''YXTHSQMX_KYSL'',''F_KYSL''));    //可用数量
  fidRels.push(fidRelCls(0,0,''YXTHSQMX_FHSL'',''YXERPFH_SL''));    //发货数量
  fidRels.push(fidRelCls(0,0,''YXTHSQMX_PH'',''YXERPFH_PH''));    //批号
 fidRels.push(fidRelCls(0,0,''YXTHSQMX_SAPTHD'',''YXERPFH_SAPTHDH''));    //SAP退货单号
 fidRels.push(fidRelCls(0,0,''YXTHSQMX_SAPFP'',''YXERPFH_SAPFPH''));    //SAP系统发票号

     
  try{     
    //处理表头     
    for(var i=0;i<fidRels.length;i++){     
      if(fidRels[i][''isHeader'']){     
        if(!fidRels[i][''isRef'']){     
          header_data[format_header_getIndex(fidRels[i][''tFid''])]=datas[0][fidRels[i][''oFid'']];     
        }     
        else{     
          header_data[format_header_getIndex(fidRels[i][''tFid''])][1]=datas[0][fidRels[i][''oFid'']];     
          header_data[format_header_getIndex(fidRels[i][''tFid''])][2]=datas[0][fidRels[i][''oFid'']+''_BH''];     
          header_data[format_header_getIndex(fidRels[i][''tFid''])][0]=datas[0][fidRels[i][''oFid'']+''_MC''];     
        }     
      }     
    }     
    //处理表体     
    //先看现在有几行     
  //debugger     
    var startI=0;     
    for(var i=0;i<g_itemData[0].length;i++){     
      if(g_itemData[0][i][format_item_getIndex(0,''YXTHSQMX_GUID'')]){     
        startI=i+1;     
      }     
    }     
    var startRCount=g_itemData[0].length;     
  var k=0;     
    for(var z=0;z<datas.length;z++){     
    //判断重复的就不带过来了     
debugger
    var xyIndex=format_item_getIndex(0,''YXTHSQMX_GUID'')     
    var flIndex=format_item_getIndex(0,''YXTHSQMX_GUID'')     
    var flag=1;     
    for(var i=0;i<g_itemData[0].length;i++){     
      if(g_itemData[0][i][xyIndex]===datas[z][''YXERPFH_ID'']&&g_itemData[0][i][flIndex]==='
where SDSYSBUTTON_ID='SDBQL3007' and SDSYSBUTTON_BTNID='BtnUAdd'
go
update SDSYSBUTTON set SDSYSBUTTON_SCRIPT=SDSYSBUTTON_SCRIPT + 'datas[z][''YXERPFH_ID''])     
      flag=0;     
    }     
    if(!flag) continue;     
      if(k+startI>=startRCount)     
        addEmptyItem(0);     
      for(var i=0;i<fidRels.length;i++){     
        if(!fidRels[i][''isHeader'']){     
          var index=format_item_getIndex(0,fidRels[i][''tFid''])     
          if(!fidRels[i][''isRef'']){     
            g_itemData[0][k+startI][index]=datas[z][fidRels[i][''oFid'']];     
                 
          }     
          else{     
            g_itemData[0][k+startI][index][1]=datas[z][fidRels[i][''oFid'']];     
            g_itemData[0][k+startI][index][2]=datas[z][fidRels[i][''oFid'']+''_BH''];     
            g_itemData[0][k+startI][index][0]=datas[z][fidRels[i][''oFid'']+''_MC''];   
           //ItemsetValue(0,k+startI,index,datas[z][fidRels[i][''oFid'']],"",false);     
          }     
        }     
      }     
    k++;     
    }     
    //refreshHeader();      
    refreshAllRow(0, "1");      
  //setReadOnly();     
  }catch(err){     
    alert(err);     
    return false;     
  }     
}         
    '
where SDSYSBUTTON_ID='SDBQL3007' and SDSYSBUTTON_BTNID='BtnUAdd'
go
insert into SDSYSBUTTON(SDSYSBUTTON_ID,SDSYSBUTTON_BTNID,SDSYSBUTTON_BTNNAME,SDSYSBUTTON_TITLE,SDSYSBUTTON_TYPE,SDSYSBUTTON_SYBZ,SDSYSBUTTON_POSITION,SDSYSBUTTON_ORDER,SDSYSBUTTON_ALTK,SDSYSBUTTON_CLASSNAME,SDSYSBUTTON_ZDSD,SDSYSBUTTON_JHAN,SDSYSBUTTON_SDAN,SDSYSBUTTON_SCRIPT) values('SDBQL3007','BtnUDel','删除行','','0','1','1', 2 ,' ',' ','0',' ',' ','DeleteRowWithCheck(0)')
go
insert into SDSYSBUTTON(SDSYSBUTTON_ID,SDSYSBUTTON_BTNID,SDSYSBUTTON_BTNNAME,SDSYSBUTTON_TITLE,SDSYSBUTTON_TYPE,SDSYSBUTTON_SYBZ,SDSYSBUTTON_POSITION,SDSYSBUTTON_ORDER,SDSYSBUTTON_ALTK,SDSYSBUTTON_CLASSNAME,SDSYSBUTTON_ZDSD,SDSYSBUTTON_JHAN,SDSYSBUTTON_SDAN,SDSYSBUTTON_SCRIPT) values('SDBQL3007','BtnS02','修改','','0','1','0', 5 ,'M','','0','','','
 
modifyBill();')
go
insert into SDSYSBUTTON(SDSYSBUTTON_ID,SDSYSBUTTON_BTNID,SDSYSBUTTON_BTNNAME,SDSYSBUTTON_TITLE,SDSYSBUTTON_TYPE,SDSYSBUTTON_SYBZ,SDSYSBUTTON_POSITION,SDSYSBUTTON_ORDER,SDSYSBUTTON_ALTK,SDSYSBUTTON_CLASSNAME,SDSYSBUTTON_ZDSD,SDSYSBUTTON_JHAN,SDSYSBUTTON_SDAN,SDSYSBUTTON_SCRIPT) values('SDBQL3007','BtnS03','删除','','0','1','0', 10 ,'D','','0','','','
 
deleteBill();')
go
insert into SDSYSBUTTON(SDSYSBUTTON_ID,SDSYSBUTTON_BTNID,SDSYSBUTTON_BTNNAME,SDSYSBUTTON_TITLE,SDSYSBUTTON_TYPE,SDSYSBUTTON_SYBZ,SDSYSBUTTON_POSITION,SDSYSBUTTON_ORDER,SDSYSBUTTON_ALTK,SDSYSBUTTON_CLASSNAME,SDSYSBUTTON_ZDSD,SDSYSBUTTON_JHAN,SDSYSBUTTON_SDAN,SDSYSBUTTON_SCRIPT) values('SDBQL3007','BtnS04','保存','','0','1','0', 15 ,'S','','0','','','
 
Save(''0'');')
go
insert into SDSYSBUTTON(SDSYSBUTTON_ID,SDSYSBUTTON_BTNID,SDSYSBUTTON_BTNNAME,SDSYSBUTTON_TITLE,SDSYSBUTTON_TYPE,SDSYSBUTTON_SYBZ,SDSYSBUTTON_POSITION,SDSYSBUTTON_ORDER,SDSYSBUTTON_ALTK,SDSYSBUTTON_CLASSNAME,SDSYSBUTTON_ZDSD,SDSYSBUTTON_JHAN,SDSYSBUTTON_SDAN,SDSYSBUTTON_SCRIPT) values('SDBQL3007','BtnS05','提交审批','','0','1','0', 20 ,'T','','0','','','
  
submitbill(false);')
go
insert into SDSYSBUTTON(SDSYSBUTTON_ID,SDSYSBUTTON_BTNID,SDSYSBUTTON_BTNNAME,SDSYSBUTTON_TITLE,SDSYSBUTTON_TYPE,SDSYSBUTTON_SYBZ,SDSYSBUTTON_POSITION,SDSYSBUTTON_ORDER,SDSYSBUTTON_ALTK,SDSYSBUTTON_CLASSNAME,SDSYSBUTTON_ZDSD,SDSYSBUTTON_JHAN,SDSYSBUTTON_SDAN,SDSYSBUTTON_SCRIPT) values('SDBQL3007','BtnS06','取消提交','','0','1','0', 25 ,'U','','0','','','
  
submitbill_undo();')
go
insert into SDSYSBUTTON(SDSYSBUTTON_ID,SDSYSBUTTON_BTNID,SDSYSBUTTON_BTNNAME,SDSYSBUTTON_TITLE,SDSYSBUTTON_TYPE,SDSYSBUTTON_SYBZ,SDSYSBUTTON_POSITION,SDSYSBUTTON_ORDER,SDSYSBUTTON_ALTK,SDSYSBUTTON_CLASSNAME,SDSYSBUTTON_ZDSD,SDSYSBUTTON_JHAN,SDSYSBUTTON_SDAN,SDSYSBUTTON_SCRIPT) values('SDBQL3007','BtnS10','查找','','0','1','0', 45 ,' ','','0','','','
  
var my_Menu  = new class_Menu(null,gs_Find_Menu,100,135);')
go
insert into SDSYSBUTTON(SDSYSBUTTON_ID,SDSYSBUTTON_BTNID,SDSYSBUTTON_BTNNAME,SDSYSBUTTON_TITLE,SDSYSBUTTON_TYPE,SDSYSBUTTON_SYBZ,SDSYSBUTTON_POSITION,SDSYSBUTTON_ORDER,SDSYSBUTTON_ALTK,SDSYSBUTTON_CLASSNAME,SDSYSBUTTON_ZDSD,SDSYSBUTTON_JHAN,SDSYSBUTTON_SDAN,SDSYSBUTTON_SCRIPT) values('SDBQL3007','BtnS28','数据导入','','0','0','0', 135 ,' ',' ','0',' ',' ','
 
if(checkModify()==false)    
 return ;    
window.open("TeledataInport.aspx?BILLID=SDBQL3007","_BLANK","");')
go
insert into SDSYSBUTTON(SDSYSBUTTON_ID,SDSYSBUTTON_BTNID,SDSYSBUTTON_BTNNAME,SDSYSBUTTON_TITLE,SDSYSBUTTON_TYPE,SDSYSBUTTON_SYBZ,SDSYSBUTTON_POSITION,SDSYSBUTTON_ORDER,SDSYSBUTTON_ALTK,SDSYSBUTTON_CLASSNAME,SDSYSBUTTON_ZDSD,SDSYSBUTTON_JHAN,SDSYSBUTTON_SDAN,SDSYSBUTTON_SCRIPT) values('SDBQL3007','BtnSP','审批流','','0','1','0', 136 ,'0',' ','0',' ',' ','
AReult();')
go
insert into SDSYSBUTTON(SDSYSBUTTON_ID,SDSYSBUTTON_BTNID,SDSYSBUTTON_BTNNAME,SDSYSBUTTON_TITLE,SDSYSBUTTON_TYPE,SDSYSBUTTON_SYBZ,SDSYSBUTTON_POSITION,SDSYSBUTTON_ORDER,SDSYSBUTTON_ALTK,SDSYSBUTTON_CLASSNAME,SDSYSBUTTON_ZDSD,SDSYSBUTTON_JHAN,SDSYSBUTTON_SDAN,SDSYSBUTTON_SCRIPT) values('SDBQL3007','BtnS21','查找','','1','1','0', 0 ,'F','','0','','','
   
var my_Menu  = new class_Menu(null,gs_Find_Menu,100,135);')
go
insert into SDSYSBUTTON(SDSYSBUTTON_ID,SDSYSBUTTON_BTNID,SDSYSBUTTON_BTNNAME,SDSYSBUTTON_TITLE,SDSYSBUTTON_TYPE,SDSYSBUTTON_SYBZ,SDSYSBUTTON_POSITION,SDSYSBUTTON_ORDER,SDSYSBUTTON_ALTK,SDSYSBUTTON_CLASSNAME,SDSYSBUTTON_ZDSD,SDSYSBUTTON_JHAN,SDSYSBUTTON_SDAN,SDSYSBUTTON_SCRIPT) values('SDBQL3007','BtnS22','通过','','1','1','0', 5 ,'P','','0','','','
   
approve(1);')
go
insert into SDSYSBUTTON(SDSYSBUTTON_ID,SDSYSBUTTON_BTNID,SDSYSBUTTON_BTNNAME,SDSYSBUTTON_TITLE,SDSYSBUTTON_TYPE,SDSYSBUTTON_SYBZ,SDSYSBUTTON_POSITION,SDSYSBUTTON_ORDER,SDSYSBUTTON_ALTK,SDSYSBUTTON_CLASSNAME,SDSYSBUTTON_ZDSD,SDSYSBUTTON_JHAN,SDSYSBUTTON_SDAN,SDSYSBUTTON_SCRIPT) values('SDBQL3007','BtnS23','否决','','1','1','0', 15 ,'N','','0','','','
  
approve(2);')
go
insert into SDSYSBUTTON(SDSYSBUTTON_ID,SDSYSBUTTON_BTNID,SDSYSBUTTON_BTNNAME,SDSYSBUTTON_TITLE,SDSYSBUTTON_TYPE,SDSYSBUTTON_SYBZ,SDSYSBUTTON_POSITION,SDSYSBUTTON_ORDER,SDSYSBUTTON_ALTK,SDSYSBUTTON_CLASSNAME,SDSYSBUTTON_ZDSD,SDSYSBUTTON_JHAN,SDSYSBUTTON_SDAN,SDSYSBUTTON_SCRIPT) values('SDBQL3007','BtnS24','取消','','1','1','0', 20 ,'U','','0','','','
  
approve(3);')
go
insert into SDSYSBUTTON(SDSYSBUTTON_ID,SDSYSBUTTON_BTNID,SDSYSBUTTON_BTNNAME,SDSYSBUTTON_TITLE,SDSYSBUTTON_TYPE,SDSYSBUTTON_SYBZ,SDSYSBUTTON_POSITION,SDSYSBUTTON_ORDER,SDSYSBUTTON_ALTK,SDSYSBUTTON_CLASSNAME,SDSYSBUTTON_ZDSD,SDSYSBUTTON_JHAN,SDSYSBUTTON_SDAN,SDSYSBUTTON_SCRIPT) values('SDBQL3007','BtnS25','审批','','1','1','0', 26 ,'O','','0','','','
    
var my_Approve  = new class_Menu(null,gs_Approve_Menu,100,373);')
go
insert into SDSYSBUTTON(SDSYSBUTTON_ID,SDSYSBUTTON_BTNID,SDSYSBUTTON_BTNNAME,SDSYSBUTTON_TITLE,SDSYSBUTTON_TYPE,SDSYSBUTTON_SYBZ,SDSYSBUTTON_POSITION,SDSYSBUTTON_ORDER,SDSYSBUTTON_ALTK,SDSYSBUTTON_CLASSNAME,SDSYSBUTTON_ZDSD,SDSYSBUTTON_JHAN,SDSYSBUTTON_SDAN,SDSYSBUTTON_SCRIPT) values('SDBQL3007','BtnS27','审批','','2','1','0', 130 ,' ','','0','','','
    
var my_Approve  = new class_Menu(null,gs_Approve_Menu,100,373);')
go
/*单据高级设置*/
delete from SDSYSBILLAD where SDSYSBILLAD_ID='SDBQL3007'
go
delete from WDSQL where WDSQL_DJBH='YXTHSQ'
go
delete from PPSPDX where PPSPDX_YWID='YXTHSQ'
go
insert into PPSPDX(PPSPDX_YWID,PPSPDX_YWMC,PPSPDX_SFXY,PPSPDX_SYS,PPSPDX_ZDTJ,PPSPDX_TSTJ,PPSPDX_DXTZ,PPSPDX_ISMSLC,PPSPDX_QXBZ) values('YXTHSQ','退货申请','1','MKT','0','0','0','1','')
go
delete from PPSPGS where PPSPGS_YWID='YXTHSQ'
go
insert into PPSPGS(PPSPGS_YWID,PPSPGS_GSBH, PPSPGS_GSMC, PPSPGS_GSLX, PPSPGS_GSNR,PPSPGS_HELP, PPSPGS_CODE ) values('YXTHSQ','001','$制单部门$','C','select YXTHSQ_BMBH from YXTHSQ where YXTHSQ_LSBH=?','YXBMZD&YX1,YXBMZD_BMBH,YXBMZD_BMMC','')
go
insert into PPSPGS(PPSPGS_YWID,PPSPGS_GSBH, PPSPGS_GSMC, PPSPGS_GSLX, PPSPGS_GSNR,PPSPGS_HELP, PPSPGS_CODE ) values('YXTHSQ','002','$字符1$','C','select YXTHSQ_C1 from YXTHSQ where YXTHSQ_LSBH=?',' ','')
go
insert into PPSPGS(PPSPGS_YWID,PPSPGS_GSBH, PPSPGS_GSMC, PPSPGS_GSLX, PPSPGS_GSNR,PPSPGS_HELP, PPSPGS_CODE ) values('YXTHSQ','003','$字符2$','C','select YXTHSQ_C2 from YXTHSQ where YXTHSQ_LSBH=?',' ','')
go
insert into PPSPGS(PPSPGS_YWID,PPSPGS_GSBH, PPSPGS_GSMC, PPSPGS_GSLX, PPSPGS_GSNR,PPSPGS_HELP, PPSPGS_CODE ) values('YXTHSQ','004','$字符3$','C','select YXTHSQ_C3 from YXTHSQ where YXTHSQ_LSBH=?',' ','')
go
insert into PPSPGS(PPSPGS_YWID,PPSPGS_GSBH, PPSPGS_GSMC, PPSPGS_GSLX, PPSPGS_GSNR,PPSPGS_HELP, PPSPGS_CODE ) values('YXTHSQ','005','$字符4$','C','select YXTHSQ_C4 from YXTHSQ where YXTHSQ_LSBH=?',' ','')
go
insert into PPSPGS(PPSPGS_YWID,PPSPGS_GSBH, PPSPGS_GSMC, PPSPGS_GSLX, PPSPGS_GSNR,PPSPGS_HELP, PPSPGS_CODE ) values('YXTHSQ','006','$字符5$','C','select YXTHSQ_C5 from YXTHSQ where YXTHSQ_LSBH=?',' ','')
go
insert into PPSPGS(PPSPGS_YWID,PPSPGS_GSBH, PPSPGS_GSMC, PPSPGS_GSLX, PPSPGS_GSNR,PPSPGS_HELP, PPSPGS_CODE ) values('YXTHSQ','007','$单据编号$','C','select YXTHSQ_DJBH from YXTHSQ where YXTHSQ_LSBH=?',' ','')
go
insert into PPSPGS(PPSPGS_YWID,PPSPGS_GSBH, PPSPGS_GSMC, PPSPGS_GSLX, PPSPGS_GSNR,PPSPGS_HELP, PPSPGS_CODE ) values('YXTHSQ','008','$导入标识$','C','select YXTHSQ_DRBS from YXTHSQ where YXTHSQ_LSBH=?',' ','')
go
insert into PPSPGS(PPSPGS_YWID,PPSPGS_GSBH, PPSPGS_GSMC, PPSPGS_GSLX, PPSPGS_GSNR,PPSPGS_HELP, PPSPGS_CODE ) values('YXTHSQ','009','$核算单位$','C','select YXTHSQ_GSID from YXTHSQ where YXTHSQ_LSBH=?','LSBZDW&YX01,LSBZDW_DWBH,LSBZDW_DWMC','')
go
insert into PPSPGS(PPSPGS_YWID,PPSPGS_GSBH, PPSPGS_GSMC, PPSPGS_GSLX, PPSPGS_GSNR,PPSPGS_HELP, PPSPGS_CODE ) values('YXTHSQ','010','$活动目的$','C','select YXTHSQ_HDMD from YXTHSQ where YXTHSQ_LSBH=?','YXHDMD&YX1,YXHDMD_BH,YXHDMD_MC','')
go
insert into PPSPGS(PPSPGS_YWID,PPSPGS_GSBH, PPSPGS_GSMC, PPSPGS_GSLX, PPSPGS_GSNR,PPSPGS_HELP, PPSPGS_CODE ) values('YXTHSQ','011','$会议形式$','C','select YXTHSQ_HYXS from YXTHSQ where YXTHSQ_LSBH=?','YXHYXS&YX1,YXHYXS_BH,YXHYXS_MC','')
go
insert into PPSPGS(PPSPGS_YWID,PPSPGS_GSBH, PPSPGS_GSMC, PPSPGS_GSLX, PPSPGS_GSNR,PPSPGS_HELP, PPSPGS_CODE ) values('YXTHSQ','012','$客户$','C','select YXTHSQ_KH from YXTHSQ where YXTHSQ_LSBH=?','YXKHZD&YX1,YXKHZD_KHBH,YXKHZD_KHMC','')
go
insert into PPSPGS(PPSPGS_YWID,PPSPGS_GSBH, PPSPGS_GSMC, PPSPGS_GSLX, PPSPGS_GSNR,PPSPGS_HELP, PPSPGS_CODE ) values('YXTHSQ','013','$单据流水$','C','select YXTHSQ_LSBH from YXTHSQ where YXTHSQ_LSBH=?',' ','')
go
insert into PPSPGS(PPSPGS_YWID,PPSPGS_GSBH, PPSPGS_GSMC, PPSPGS_GSLX, PPSPGS_GSNR,PPSPGS_HELP, PPSPGS_CODE ) values('YXTHSQ','014','$审核标志$','C','select YXTHSQ_SHBZ from YXTHSQ where YXTHSQ_LSBH=?',' ','1,审批通过;0,未提交;2,审批否决;3,正在审批;4,免审')
go
insert into PPSPGS(PPSPGS_YWID,PPSPGS_GSBH, PPSPGS_GSMC, PPSPGS_GSLX, PPSPGS_GSNR,PPSPGS_HELP, PPSPGS_CODE ) values('YXTHSQ','015','$审核流程$','C','select YXTHSQ_SHLC from YXTHSQ where YXTHSQ_LSBH=?',' ','')
go
insert into PPSPGS(PPSPGS_YWID,PPSPGS_GSBH, PPSPGS_GSMC, PPSPGS_GSLX, PPSPGS_GSNR,PPSPGS_HELP, PPSPGS_CODE ) values('YXTHSQ','016','$审核人$','C','select YXTHSQ_SHR from YXTHSQ where YXTHSQ_LSBH=?',' ','')
go
insert into PPSPGS(PPSPGS_YWID,PPSPGS_GSBH, PPSPGS_GSMC, PPSPGS_GSLX, PPSPGS_GSNR,PPSPGS_HELP, PPSPGS_CODE ) values('YXTHSQ','017','$审核日期$','C','select YXTHSQ_SHRQ from YXTHSQ where YXTHSQ_LSBH=?',' ','')
go
insert into PPSPGS(PPSPGS_YWID,PPSPGS_GSBH, PPSPGS_GSMC, PPSPGS_GSLX, PPSPGS_GSNR,PPSPGS_HELP, PPSPGS_CODE ) values('YXTHSQ','018','$审批对象$','C','select YXTHSQ_SPDX from YXTHSQ where YXTHSQ_LSBH=?',' ','')
go
insert into PPSPGS(PPSPGS_YWID,PPSPGS_GSBH, PPSPGS_GSMC, PPSPGS_GSLX, PPSPGS_GSNR,PPSPGS_HELP, PPSPGS_CODE ) values('YXTHSQ','019','$申请人$','C','select YXTHSQ_SQR from YXTHSQ where YXTHSQ_LSBH=?','YXRYZD&YX1,YXRYZD_RYBH,YXRYZD_RYXM','')
go
insert into PPSPGS(PPSPGS_YWID,PPSPGS_GSBH, PPSPGS_GSMC, PPSPGS_GSLX, PPSPGS_GSNR,PPSPGS_HELP, PPSPGS_CODE ) values('YXTHSQ','020','$退货类型$','C','select YXTHSQ_THLX from YXTHSQ where YXTHSQ_LSBH=?','YXTHLX&YX1,YXTHLX_BH,YXTHLX_MC','')
go
insert into PPSPGS(PPSPGS_YWID,PPSPGS_GSBH, PPSPGS_GSMC, PPSPGS_GSLX, PPSPGS_GSNR,PPSPGS_HELP, PPSPGS_CODE ) values('YXTHSQ','021','$退货原因$','C','select YXTHSQ_THYY from YXTHSQ where YXTHSQ_LSBH=?',' ','')
go
insert into PPSPGS(PPSPGS_YWID,PPSPGS_GSBH, PPSPGS_GSMC, PPSPGS_GSLX, PPSPGS_GSNR,PPSPGS_HELP, PPSPGS_CODE ) values('YXTHSQ','022','$数值1$','N','select YXTHSQ_U1 from YXTHSQ where YXTHSQ_LSBH=?',' ','')
go
insert into PPSPGS(PPSPGS_YWID,PPSPGS_GSBH, PPSPGS_GSMC, PPSPGS_GSLX, PPSPGS_GSNR,PPSPGS_HELP, PPSPGS_CODE ) values('YXTHSQ','023','$数值2$','N','select YXTHSQ_U2 from YXTHSQ where YXTHSQ_LSBH=?',' ','')
go
insert into PPSPGS(PPSPGS_YWID,PPSPGS_GSBH, PPSPGS_GSMC, PPSPGS_GSLX, PPSPGS_GSNR,PPSPGS_HELP, PPSPGS_CODE ) values('YXTHSQ','024','$数值3$','N','select YXTHSQ_U3 from YXTHSQ where YXTHSQ_LSBH=?',' ','')
go
insert into PPSPGS(PPSPGS_YWID,PPSPGS_GSBH, PPSPGS_GSMC, PPSPGS_GSLX, PPSPGS_GSNR,PPSPGS_HELP, PPSPGS_CODE ) values('YXTHSQ','025','$制单人$','C','select YXTHSQ_ZDR from YXTHSQ where YXTHSQ_LSBH=?',' ','')
go
insert into PPSPGS(PPSPGS_YWID,PPSPGS_GSBH, PPSPGS_GSMC, PPSPGS_GSLX, PPSPGS_GSNR,PPSPGS_HELP, PPSPGS_CODE ) values('YXTHSQ','026','$制单人ID$','C','select YXTHSQ_ZDRID from YXTHSQ where YXTHSQ_LSBH=?',' ','')
go
insert into PPSPGS(PPSPGS_YWID,PPSPGS_GSBH, PPSPGS_GSMC, PPSPGS_GSLX, PPSPGS_GSNR,PPSPGS_HELP, PPSPGS_CODE ) values('YXTHSQ','027','$制单日期$','C','select YXTHSQ_ZDRQ from YXTHSQ where YXTHSQ_LSBH=?',' ','')
go
delete from JSBHOBJ where JSBHOBJ_OBJID='YXTHSQ'
go
INSERT INTO JSBHOBJ (JSBHOBJ_OBJID,JSBHOBJ_OBJNAME,JSBHOBJ_SYS,JSBHOBJ_FLSX,JSBHOBJ_BHCD,JSBHOBJ_BHCOLCD,JSBHOBJ_TABLE,JSBHOBJ_BHCOL,JSBHOBJ_LSBHCOL,JSBHOBJ_SFQY) values('YXTHSQ','费用余额初始','SDE ','2','20','20','YXTHSQ','YXTHSQ_DJBH ','YXTHSQ_LSBH','1')
go
delete from JSBHRULE where JSBHRULE_OBJID='YXTHSQ'
go
INSERT INTO JSBHRULE (JSBHRULE_OBJID,JSBHRULE_SEQ,JSBHRULE_SXH,JSBHRULE_LYLB,JSBHRULE_COL,JSBHRULE_RQLM,JSBHRULE_GDZF,JSBHRULE_DCD,JSBHRULE_SFFLYJ, JSBHRULE_BQZF ) values('YXTHSQ','1','1','Z','YXTHSQ_ZDRQ','','','8','1',' ')
go
INSERT INTO JSBHRULE (JSBHRULE_OBJID,JSBHRULE_SEQ,JSBHRULE_SXH,JSBHRULE_LYLB,JSBHRULE_COL,JSBHRULE_RQLM,JSBHRULE_GDZF,JSBHRULE_DCD,JSBHRULE_SFFLYJ, JSBHRULE_BQZF ) values('YXTHSQ','2','2','L','','','','4','0',' ')
go
DELETE FROM YXGN WHERE YXGN_BH='YXTHSQ'
go
insert into YXGN(YXGN_BH,YXGN_MC,YXGN_ZXT,YXGN_LX,YXGN_BZ) values('YXTHSQ','退货申请','SD','0','表名')
go
DELETE FROM LSSJB WHERE LSSJB_LJBM='YXTHSQ'
go
INSERT INTO LSSJB (LSSJB_XTBH,LSSJB_LJBM,LSSJB_BSM,LSSJB_FLSX,LSSJB_DYGS,LSSJB_SJBM,LSSJB_FLTJ,LSSJB_GLTJ,LSSJB_GLGX,LSSJB_SORT) VALUES('MKT','YXTHSQ','退货申请','2',' ','YXTHSQ,YXTHSQMX','','YXTHSQ_LSBH=YXTHSQMX_LSBH','单据流水@YXTHSQ_LSBH@,流水编号@YXTHSQMX_LSBH@','YXTHSQ_LSBH#YXTHSQMX_LSBH')
go
DELETE FROM LSSJBEX WHERE LSSJBEX_LJBM='YXTHSQ'
go
INSERT INTO LSSJBEX (LSSJBEX_LJBM,LSSJBEX_FXBM,LSSJBEX_FXMC,LSSJBEX_SJBM,LSSJBEX_LMWZ,LSSJBEX_GLTJ,LSSJBEX_ZB,LSSJBEX_ZBGLZD,LSSJBEX_CBGLZD,LSSJBEX_SORT) VALUES('YXTHSQ','YXTHSQ','退货申请','YXTHSQ','0',' ',' ',' ',' ','YXTHSQ_LSBH')
go
delete from LSBLM where LSBLM_LJBM='YXTHSQ' and LSBLM_XH not like 'Z%'
go
insert into LSBLM (LSBLM_XH,LSBLM_LJBM,LSBLM_DYLM,LSBLM_SJLM,LSBLM_LYBM,LSBLM_GLTJ,LSBLM_LMWZ,LSBLM_LMSM,LSBLM_LMLX,LSBLM_LMCD,LSBLM_XSCD,LSBLM_DYXZ,LSBLM_SFXS,LSBLM_YHMC,LSBLM_DXLB,LSBLM_SORT,LSBLM_CODE,LSBLM_GLLM,LSBLM_GLBM,LSBLM_GLGX,LSBLM_DYWZ,LSBLM_SFBB) values ('001','YXTHSQ','@YXTHSQ_DRBS@','YXTHSQ_DRBS','YXTHSQ','','0','导入标识','C',36,15,'1','1','导入标识','','','',' ',' ',' ','0','1')
go
insert into LSBLM (LSBLM_XH,LSBLM_LJBM,LSBLM_DYLM,LSBLM_SJLM,LSBLM_LYBM,LSBLM_GLTJ,LSBLM_LMWZ,LSBLM_LMSM,LSBLM_LMLX,LSBLM_LMCD,LSBLM_XSCD,LSBLM_DYXZ,LSBLM_SFXS,LSBLM_YHMC,LSBLM_DXLB,LSBLM_SORT,LSBLM_CODE,LSBLM_GLLM,LSBLM_GLBM,LSBLM_GLGX,LSBLM_DYWZ,LSBLM_SFBB) values ('002','YXTHSQ','@YXTHSQ_LSBH@','YXTHSQ_LSBH','YXTHSQ','','0','单据流水','C',36,15,'1','1','单据流水','','','',' ',' ',' ','0','1')
go
insert into LSBLM (LSBLM_XH,LSBLM_LJBM,LSBLM_DYLM,LSBLM_SJLM,LSBLM_LYBM,LSBLM_GLTJ,LSBLM_LMWZ,LSBLM_LMSM,LSBLM_LMLX,LSBLM_LMCD,LSBLM_XSCD,LSBLM_DYXZ,LSBLM_SFXS,LSBLM_YHMC,LSBLM_DXLB,LSBLM_SORT,LSBLM_CODE,LSBLM_GLLM,LSBLM_GLBM,LSBLM_GLGX,LSBLM_DYWZ,LSBLM_SFBB) values ('003','YXTHSQ','@YXTHSQ_GSID@','YXTHSQ_GSID','YXTHSQ','','0','核算单位','C',40,15,'1','1','核算单位','','','',' ',' ',' ','0','1')
go
insert into LSBLM (LSBLM_XH,LSBLM_LJBM,LSBLM_DYLM,LSBLM_SJLM,LSBLM_LYBM,LSBLM_GLTJ,LSBLM_LMWZ,LSBLM_LMSM,LSBLM_LMLX,LSBLM_LMCD,LSBLM_XSCD,LSBLM_DYXZ,LSBLM_SFXS,LSBLM_YHMC,LSBLM_DXLB,LSBLM_SORT,LSBLM_CODE,LSBLM_GLLM,LSBLM_GLBM,LSBLM_GLGX,LSBLM_DYWZ,LSBLM_SFBB) values ('004','YXTHSQ','@YXTHSQ_GSID_MC@','LSBZDW_DWMC','YXTHSQ,LSBZDW','YXTHSQ_GSID=LSBZDW_DWBH','0','核算单位名称','C',200,15,'1','1','核算单位名称','','','','YXTHSQ_GSID','LSBZDW','YXTHSQ_GSID=LSBZDW_DWBH','0','0')
go
insert into LSBLM (LSBLM_XH,LSBLM_LJBM,LSBLM_DYLM,LSBLM_SJLM,LSBLM_LYBM,LSBLM_GLTJ,LSBLM_LMWZ,LSBLM_LMSM,LSBLM_LMLX,LSBLM_LMCD,LSBLM_XSCD,LSBLM_DYXZ,LSBLM_SFXS,LSBLM_YHMC,LSBLM_DXLB,LSBLM_SORT,LSBLM_CODE,LSBLM_GLLM,LSBLM_GLBM,LSBLM_GLGX,LSBLM_DYWZ,LSBLM_SFBB) values ('005','YXTHSQ','@YXTHSQ_DJBH@','YXTHSQ_DJBH','YXTHSQ','','0','单据编号','C',36,15,'1','1','单据编号','','','',' ',' ',' ','0','1')
go
insert into LSBLM (LSBLM_XH,LSBLM_LJBM,LSBLM_DYLM,LSBLM_SJLM,LSBLM_LYBM,LSBLM_GLTJ,LSBLM_LMWZ,LSBLM_LMSM,LSBLM_LMLX,LSBLM_LMCD,LSBLM_XSCD,LSBLM_DYXZ,LSBLM_SFXS,LSBLM_YHMC,LSBLM_DXLB,LSBLM_SORT,LSBLM_CODE,LSBLM_GLLM,LSBLM_GLBM,LSBLM_GLGX,LSBLM_DYWZ,LSBLM_SFBB) values ('006','YXTHSQ','@YXTHSQ_BMBH@','YXTHSQ_BMBH','YXTHSQ','','0','制单部门','C',40,15,'1','1','制单部门','','','',' ',' ',' ','0','1')
go
insert into LSBLM (LSBLM_XH,LSBLM_LJBM,LSBLM_DYLM,LSBLM_SJLM,LSBLM_LYBM,LSBLM_GLTJ,LSBLM_LMWZ,LSBLM_LMSM,LSBLM_LMLX,LSBLM_LMCD,LSBLM_XSCD,LSBLM_DYXZ,LSBLM_SFXS,LSBLM_YHMC,LSBLM_DXLB,LSBLM_SORT,LSBLM_CODE,LSBLM_GLLM,LSBLM_GLBM,LSBLM_GLGX,LSBLM_DYWZ,LSBLM_SFBB) values ('007','YXTHSQ','@YXTHSQ_BMBH_MC@','YXBMZD_BMMC','YXTHSQ,YXBMZD','YXTHSQ_BMBH=YXBMZD_NM','0','制单部门名称','C',200,15,'1','1','制单部门名称','','','','YXTHSQ_BMBH','YXBMZD','YXTHSQ_BMBH=YXBMZD_NM','0','0')
go
insert into LSBLM (LSBLM_XH,LSBLM_LJBM,LSBLM_DYLM,LSBLM_SJLM,LSBLM_LYBM,LSBLM_GLTJ,LSBLM_LMWZ,LSBLM_LMSM,LSBLM_LMLX,LSBLM_LMCD,LSBLM_XSCD,LSBLM_DYXZ,LSBLM_SFXS,LSBLM_YHMC,LSBLM_DXLB,LSBLM_SORT,LSBLM_CODE,LSBLM_GLLM,LSBLM_GLBM,LSBLM_GLGX,LSBLM_DYWZ,LSBLM_SFBB) values ('008','YXTHSQ','@YXTHSQ_THLX@','YXTHSQ_THLX','YXTHSQ','','0','退货类型','C',40,15,'1','1','退货类型','','','',' ',' ',' ','0','1')
go
insert into LSBLM (LSBLM_XH,LSBLM_LJBM,LSBLM_DYLM,LSBLM_SJLM,LSBLM_LYBM,LSBLM_GLTJ,LSBLM_LMWZ,LSBLM_LMSM,LSBLM_LMLX,LSBLM_LMCD,LSBLM_XSCD,LSBLM_DYXZ,LSBLM_SFXS,LSBLM_YHMC,LSBLM_DXLB,LSBLM_SORT,LSBLM_CODE,LSBLM_GLLM,LSBLM_GLBM,LSBLM_GLGX,LSBLM_DYWZ,LSBLM_SFBB) values ('009','YXTHSQ','@YXTHSQ_THLX_MC@','YXTHLX_MC','YXTHSQ,YXTHLX','YXTHSQ_THLX=YXTHLX_NM','0','退货类型名称','C',200,15,'1','1','退货类型名称','','','','YXTHSQ_THLX','YXTHLX','YXTHSQ_THLX=YXTHLX_NM','0','0')
go
insert into LSBLM (LSBLM_XH,LSBLM_LJBM,LSBLM_DYLM,LSBLM_SJLM,LSBLM_LYBM,LSBLM_GLTJ,LSBLM_LMWZ,LSBLM_LMSM,LSBLM_LMLX,LSBLM_LMCD,LSBLM_XSCD,LSBLM_DYXZ,LSBLM_SFXS,LSBLM_YHMC,LSBLM_DXLB,LSBLM_SORT,LSBLM_CODE,LSBLM_GLLM,LSBLM_GLBM,LSBLM_GLGX,LSBLM_DYWZ,LSBLM_SFBB) values ('010','YXTHSQ','@YXTHSQ_KH@','YXTHSQ_KH','YXTHSQ','','0','客户','C',40,15,'1','1','客户','','','',' ',' ',' ','0','1')
go
insert into LSBLM (LSBLM_XH,LSBLM_LJBM,LSBLM_DYLM,LSBLM_SJLM,LSBLM_LYBM,LSBLM_GLTJ,LSBLM_LMWZ,LSBLM_LMSM,LSBLM_LMLX,LSBLM_LMCD,LSBLM_XSCD,LSBLM_DYXZ,LSBLM_SFXS,LSBLM_YHMC,LSBLM_DXLB,LSBLM_SORT,LSBLM_CODE,LSBLM_GLLM,LSBLM_GLBM,LSBLM_GLGX,LSBLM_DYWZ,LSBLM_SFBB) values ('011','YXTHSQ','@YXTHSQ_KH_MC@','YXKHZD_KHMC','YXTHSQ,YXKHZD','YXTHSQ_KH=YXKHZD_NM','0','客户名称','C',200,15,'1','1','客户名称','','','','YXTHSQ_KH','YXKHZD','YXTHSQ_KH=YXKHZD_NM','0','0')
go
insert into LSBLM (LSBLM_XH,LSBLM_LJBM,LSBLM_DYLM,LSBLM_SJLM,LSBLM_LYBM,LSBLM_GLTJ,LSBLM_LMWZ,LSBLM_LMSM,LSBLM_LMLX,LSBLM_LMCD,LSBLM_XSCD,LSBLM_DYXZ,LSBLM_SFXS,LSBLM_YHMC,LSBLM_DXLB,LSBLM_SORT,LSBLM_CODE,LSBLM_GLLM,LSBLM_GLBM,LSBLM_GLGX,LSBLM_DYWZ,LSBLM_SFBB) values ('012','YXTHSQ','@YXTHSQ_SQR@','YXTHSQ_SQR','YXTHSQ','','0','申请人','C',200,15,'1','1','申请人','','',' ',' ',' ',' ','0','1')
go
insert into LSBLM (LSBLM_XH,LSBLM_LJBM,LSBLM_DYLM,LSBLM_SJLM,LSBLM_LYBM,LSBLM_GLTJ,LSBLM_LMWZ,LSBLM_LMSM,LSBLM_LMLX,LSBLM_LMCD,LSBLM_XSCD,LSBLM_DYXZ,LSBLM_SFXS,LSBLM_YHMC,LSBLM_DXLB,LSBLM_SORT,LSBLM_CODE,LSBLM_GLLM,LSBLM_GLBM,LSBLM_GLGX,LSBLM_DYWZ,LSBLM_SFBB) values ('013','YXTHSQ','@YXTHSQ_SQR_MC@','YXRYZD_RYXM','YXTHSQ,YXRYZD','YXTHSQ_SQR=YXRYZD_NM','0','申请人名称','C',200,15,'1','1','申请人名称','','','','YXTHSQ_SQR','YXRYZD','YXTHSQ_SQR=YXRYZD_NM','0','0')
go
insert into LSBLM (LSBLM_XH,LSBLM_LJBM,LSBLM_DYLM,LSBLM_SJLM,LSBLM_LYBM,LSBLM_GLTJ,LSBLM_LMWZ,LSBLM_LMSM,LSBLM_LMLX,LSBLM_LMCD,LSBLM_XSCD,LSBLM_DYXZ,LSBLM_SFXS,LSBLM_YHMC,LSBLM_DXLB,LSBLM_SORT,LSBLM_CODE,LSBLM_GLLM,LSBLM_GLBM,LSBLM_GLGX,LSBLM_DYWZ,LSBLM_SFBB) values ('014','YXTHSQ','@YXTHSQ_THYY@','YXTHSQ_THYY','YXTHSQ','','0','退货原因','C',255,15,'1','1','退货原因','','','',' ',' ',' ','0','1')
go
insert into LSBLM (LSBLM_XH,LSBLM_LJBM,LSBLM_DYLM,LSBLM_SJLM,LSBLM_LYBM,LSBLM_GLTJ,LSBLM_LMWZ,LSBLM_LMSM,LSBLM_LMLX,LSBLM_LMCD,LSBLM_XSCD,LSBLM_DYXZ,LSBLM_SFXS,LSBLM_YHMC,LSBLM_DXLB,LSBLM_SORT,LSBLM_CODE,LSBLM_GLLM,LSBLM_GLBM,LSBLM_GLGX,LSBLM_DYWZ,LSBLM_SFBB) values ('015','YXTHSQ','@YXTHSQ_HDMD@','YXTHSQ_HDMD','YXTHSQ','','0','活动目的','C',200,12,'1','1','活动目的','','',' ',' ',' ',' ','0','1')
go
insert into LSBLM (LSBLM_XH,LSBLM_LJBM,LSBLM_DYLM,LSBLM_SJLM,LSBLM_LYBM,LSBLM_GLTJ,LSBLM_LMWZ,LSBLM_LMSM,LSBLM_LMLX,LSBLM_LMCD,LSBLM_XSCD,LSBLM_DYXZ,LSBLM_SFXS,LSBLM_YHMC,LSBLM_DXLB,LSBLM_SORT,LSBLM_CODE,LSBLM_GLLM,LSBLM_GLBM,LSBLM_GLGX,LSBLM_DYWZ,LSBLM_SFBB) values ('016','YXTHSQ','@YXTHSQ_HDMD_MC@','YXHDMD_MC','YXTHSQ,YXHDMD','YXTHSQ_HDMD=YXHDMD_NM','0','活动目的名称','C',200,15,'1','1','活动目的名称','','','','YXTHSQ_HDMD','YXHDMD','YXTHSQ_HDMD=YXHDMD_NM','0','0')
go
insert into LSBLM (LSBLM_XH,LSBLM_LJBM,LSBLM_DYLM,LSBLM_SJLM,LSBLM_LYBM,LSBLM_GLTJ,LSBLM_LMWZ,LSBLM_LMSM,LSBLM_LMLX,LSBLM_LMCD,LSBLM_XSCD,LSBLM_DYXZ,LSBLM_SFXS,LSBLM_YHMC,LSBLM_DXLB,LSBLM_SORT,LSBLM_CODE,LSBLM_GLLM,LSBLM_GLBM,LSBLM_GLGX,LSBLM_DYWZ,LSBLM_SFBB) values ('017','YXTHSQ','@YXTHSQ_HYXS@','YXTHSQ_HYXS','YXTHSQ','','0','会议形式','C',200,12,'1','1','会议形式','','',' ',' ',' ',' ','0','1')
go
insert into LSBLM (LSBLM_XH,LSBLM_LJBM,LSBLM_DYLM,LSBLM_SJLM,LSBLM_LYBM,LSBLM_GLTJ,LSBLM_LMWZ,LSBLM_LMSM,LSBLM_LMLX,LSBLM_LMCD,LSBLM_XSCD,LSBLM_DYXZ,LSBLM_SFXS,LSBLM_YHMC,LSBLM_DXLB,LSBLM_SORT,LSBLM_CODE,LSBLM_GLLM,LSBLM_GLBM,LSBLM_GLGX,LSBLM_DYWZ,LSBLM_SFBB) values ('018','YXTHSQ','@YXTHSQ_HYXS_MC@','YXHYXS_MC','YXTHSQ,YXHYXS','YXTHSQ_HYXS=YXHYXS_NM','0','会议形式名称','C',200,15,'1','1','会议形式名称','','','','YXTHSQ_HYXS','YXHYXS','YXTHSQ_HYXS=YXHYXS_NM','0','0')
go
insert into LSBLM (LSBLM_XH,LSBLM_LJBM,LSBLM_DYLM,LSBLM_SJLM,LSBLM_LYBM,LSBLM_GLTJ,LSBLM_LMWZ,LSBLM_LMSM,LSBLM_LMLX,LSBLM_LMCD,LSBLM_XSCD,LSBLM_DYXZ,LSBLM_SFXS,LSBLM_YHMC,LSBLM_DXLB,LSBLM_SORT,LSBLM_CODE,LSBLM_GLLM,LSBLM_GLBM,LSBLM_GLGX,LSBLM_DYWZ,LSBLM_SFBB) values ('019','YXTHSQ','@YXTHSQ_C1@','YXTHSQ_C1','YXTHSQ','','0','字符1','C',100,15,'1','1','字符1','','','',' ',' ',' ','0','1')
go
insert into LSBLM (LSBLM_XH,LSBLM_LJBM,LSBLM_DYLM,LSBLM_SJLM,LSBLM_LYBM,LSBLM_GLTJ,LSBLM_LMWZ,LSBLM_LMSM,LSBLM_LMLX,LSBLM_LMCD,LSBLM_XSCD,LSBLM_DYXZ,LSBLM_SFXS,LSBLM_YHMC,LSBLM_DXLB,LSBLM_SORT,LSBLM_CODE,LSBLM_GLLM,LSBLM_GLBM,LSBLM_GLGX,LSBLM_DYWZ,LSBLM_SFBB) values ('020','YXTHSQ','@YXTHSQ_C2@','YXTHSQ_C2','YXTHSQ','','0','字符2','C',100,15,'1','1','字符2','','','',' ',' ',' ','0','1')
go
insert into LSBLM (LSBLM_XH,LSBLM_LJBM,LSBLM_DYLM,LSBLM_SJLM,LSBLM_LYBM,LSBLM_GLTJ,LSBLM_LMWZ,LSBLM_LMSM,LSBLM_LMLX,LSBLM_LMCD,LSBLM_XSCD,LSBLM_DYXZ,LSBLM_SFXS,LSBLM_YHMC,LSBLM_DXLB,LSBLM_SORT,LSBLM_CODE,LSBLM_GLLM,LSBLM_GLBM,LSBLM_GLGX,LSBLM_DYWZ,LSBLM_SFBB) values ('021','YXTHSQ','@YXTHSQ_C3@','YXTHSQ_C3','YXTHSQ','','0','字符3','C',100,15,'1','1','字符3','','','',' ',' ',' ','0','1')
go
insert into LSBLM (LSBLM_XH,LSBLM_LJBM,LSBLM_DYLM,LSBLM_SJLM,LSBLM_LYBM,LSBLM_GLTJ,LSBLM_LMWZ,LSBLM_LMSM,LSBLM_LMLX,LSBLM_LMCD,LSBLM_XSCD,LSBLM_DYXZ,LSBLM_SFXS,LSBLM_YHMC,LSBLM_DXLB,LSBLM_SORT,LSBLM_CODE,LSBLM_GLLM,LSBLM_GLBM,LSBLM_GLGX,LSBLM_DYWZ,LSBLM_SFBB) values ('022','YXTHSQ','@YXTHSQ_C4@','YXTHSQ_C4','YXTHSQ','','0','字符4','C',100,15,'1','1','字符4','','','',' ',' ',' ','0','1')
go
insert into LSBLM (LSBLM_XH,LSBLM_LJBM,LSBLM_DYLM,LSBLM_SJLM,LSBLM_LYBM,LSBLM_GLTJ,LSBLM_LMWZ,LSBLM_LMSM,LSBLM_LMLX,LSBLM_LMCD,LSBLM_XSCD,LSBLM_DYXZ,LSBLM_SFXS,LSBLM_YHMC,LSBLM_DXLB,LSBLM_SORT,LSBLM_CODE,LSBLM_GLLM,LSBLM_GLBM,LSBLM_GLGX,LSBLM_DYWZ,LSBLM_SFBB) values ('023','YXTHSQ','@YXTHSQ_C5@','YXTHSQ_C5','YXTHSQ','','0','字符5','C',100,15,'1','1','字符5','','','',' ',' ',' ','0','1')
go
insert into LSBLM (LSBLM_XH,LSBLM_LJBM,LSBLM_DYLM,LSBLM_SJLM,LSBLM_LYBM,LSBLM_GLTJ,LSBLM_LMWZ,LSBLM_LMSM,LSBLM_LMLX,LSBLM_LMCD,LSBLM_XSCD,LSBLM_DYXZ,LSBLM_SFXS,LSBLM_YHMC,LSBLM_DXLB,LSBLM_SORT,LSBLM_CODE,LSBLM_GLLM,LSBLM_GLBM,LSBLM_GLGX,LSBLM_DYWZ,LSBLM_SFBB) values ('024','YXTHSQ','@YXTHSQ_U1@','YXTHSQ_U1','YXTHSQ','','0','数值1','1',20,15,'1','1','数值1','','','',' ',' ',' ','0','1')
go
insert into LSBLM (LSBLM_XH,LSBLM_LJBM,LSBLM_DYLM,LSBLM_SJLM,LSBLM_LYBM,LSBLM_GLTJ,LSBLM_LMWZ,LSBLM_LMSM,LSBLM_LMLX,LSBLM_LMCD,LSBLM_XSCD,LSBLM_DYXZ,LSBLM_SFXS,LSBLM_YHMC,LSBLM_DXLB,LSBLM_SORT,LSBLM_CODE,LSBLM_GLLM,LSBLM_GLBM,LSBLM_GLGX,LSBLM_DYWZ,LSBLM_SFBB) values ('025','YXTHSQ','@YXTHSQ_U2@','YXTHSQ_U2','YXTHSQ','','0','数值2','1',20,15,'1','1','数值2','','','',' ',' ',' ','0','1')
go
insert into LSBLM (LSBLM_XH,LSBLM_LJBM,LSBLM_DYLM,LSBLM_SJLM,LSBLM_LYBM,LSBLM_GLTJ,LSBLM_LMWZ,LSBLM_LMSM,LSBLM_LMLX,LSBLM_LMCD,LSBLM_XSCD,LSBLM_DYXZ,LSBLM_SFXS,LSBLM_YHMC,LSBLM_DXLB,LSBLM_SORT,LSBLM_CODE,LSBLM_GLLM,LSBLM_GLBM,LSBLM_GLGX,LSBLM_DYWZ,LSBLM_SFBB) values ('026','YXTHSQ','@YXTHSQ_U3@','YXTHSQ_U3','YXTHSQ','','0','数值3','1',20,15,'1','1','数值3','','','',' ',' ',' ','0','1')
go
insert into LSBLM (LSBLM_XH,LSBLM_LJBM,LSBLM_DYLM,LSBLM_SJLM,LSBLM_LYBM,LSBLM_GLTJ,LSBLM_LMWZ,LSBLM_LMSM,LSBLM_LMLX,LSBLM_LMCD,LSBLM_XSCD,LSBLM_DYXZ,LSBLM_SFXS,LSBLM_YHMC,LSBLM_DXLB,LSBLM_SORT,LSBLM_CODE,LSBLM_GLLM,LSBLM_GLBM,LSBLM_GLGX,LSBLM_DYWZ,LSBLM_SFBB) values ('027','YXTHSQ','@YXTHSQ_ZDR@','YXTHSQ_ZDR','YXTHSQ','','0','制单人','C',20,15,'1','1','制单人','','','',' ',' ',' ','0','1')
go
insert into LSBLM (LSBLM_XH,LSBLM_LJBM,LSBLM_DYLM,LSBLM_SJLM,LSBLM_LYBM,LSBLM_GLTJ,LSBLM_LMWZ,LSBLM_LMSM,LSBLM_LMLX,LSBLM_LMCD,LSBLM_XSCD,LSBLM_DYXZ,LSBLM_SFXS,LSBLM_YHMC,LSBLM_DXLB,LSBLM_SORT,LSBLM_CODE,LSBLM_GLLM,LSBLM_GLBM,LSBLM_GLGX,LSBLM_DYWZ,LSBLM_SFBB) values ('028','YXTHSQ','@YXTHSQ_ZDRID@','YXTHSQ_ZDRID','YXTHSQ','','0','制单人ID','C',40,0,'1','1','制单人ID','','','',' ',' ',' ','0','1')
go
insert into LSBLM (LSBLM_XH,LSBLM_LJBM,LSBLM_DYLM,LSBLM_SJLM,LSBLM_LYBM,LSBLM_GLTJ,LSBLM_LMWZ,LSBLM_LMSM,LSBLM_LMLX,LSBLM_LMCD,LSBLM_XSCD,LSBLM_DYXZ,LSBLM_SFXS,LSBLM_YHMC,LSBLM_DXLB,LSBLM_SORT,LSBLM_CODE,LSBLM_GLLM,LSBLM_GLBM,LSBLM_GLGX,LSBLM_DYWZ,LSBLM_SFBB) values ('029','YXTHSQ','@YXTHSQ_SHRQ@','YXTHSQ_SHRQ','YXTHSQ','','0','审核日期','D',200,15,'1','1','审核日期','','','',' ',' ',' ','0','1')
go
insert into LSBLM (LSBLM_XH,LSBLM_LJBM,LSBLM_DYLM,LSBLM_SJLM,LSBLM_LYBM,LSBLM_GLTJ,LSBLM_LMWZ,LSBLM_LMSM,LSBLM_LMLX,LSBLM_LMCD,LSBLM_XSCD,LSBLM_DYXZ,LSBLM_SFXS,LSBLM_YHMC,LSBLM_DXLB,LSBLM_SORT,LSBLM_CODE,LSBLM_GLLM,LSBLM_GLBM,LSBLM_GLGX,LSBLM_DYWZ,LSBLM_SFBB) values ('030','YXTHSQ','@YXTHSQ_SHBZ@','YXTHSQ_SHBZ','YXTHSQ','','0','审核标志','C',200,15,'1','1','审核标志','','','1,审批通过;0,未提交;2,审批否决;3,正在审批;4,免审',' ',' ',' ','0','1')
go
insert into LSBLM (LSBLM_XH,LSBLM_LJBM,LSBLM_DYLM,LSBLM_SJLM,LSBLM_LYBM,LSBLM_GLTJ,LSBLM_LMWZ,LSBLM_LMSM,LSBLM_LMLX,LSBLM_LMCD,LSBLM_XSCD,LSBLM_DYXZ,LSBLM_SFXS,LSBLM_YHMC,LSBLM_DXLB,LSBLM_SORT,LSBLM_CODE,LSBLM_GLLM,LSBLM_GLBM,LSBLM_GLGX,LSBLM_DYWZ,LSBLM_SFBB) values ('031','YXTHSQ','@YXTHSQ_SPDX@','YXTHSQ_SPDX','YXTHSQ','','0','审批对象','C',200,0,'1','1','审批对象','','',' ',' ',' ',' ','0','1')
go
insert into LSBLM (LSBLM_XH,LSBLM_LJBM,LSBLM_DYLM,LSBLM_SJLM,LSBLM_LYBM,LSBLM_GLTJ,LSBLM_LMWZ,LSBLM_LMSM,LSBLM_LMLX,LSBLM_LMCD,LSBLM_XSCD,LSBLM_DYXZ,LSBLM_SFXS,LSBLM_YHMC,LSBLM_DXLB,LSBLM_SORT,LSBLM_CODE,LSBLM_GLLM,LSBLM_GLBM,LSBLM_GLGX,LSBLM_DYWZ,LSBLM_SFBB) values ('032','YXTHSQ','@YXTHSQ_SHR@','YXTHSQ_SHR','YXTHSQ','','0','审核人','C',200,15,'1','1','审核人','','','',' ',' ',' ','0','1')
go
insert into LSBLM (LSBLM_XH,LSBLM_LJBM,LSBLM_DYLM,LSBLM_SJLM,LSBLM_LYBM,LSBLM_GLTJ,LSBLM_LMWZ,LSBLM_LMSM,LSBLM_LMLX,LSBLM_LMCD,LSBLM_XSCD,LSBLM_DYXZ,LSBLM_SFXS,LSBLM_YHMC,LSBLM_DXLB,LSBLM_SORT,LSBLM_CODE,LSBLM_GLLM,LSBLM_GLBM,LSBLM_GLGX,LSBLM_DYWZ,LSBLM_SFBB) values ('033','YXTHSQ','@YXTHSQ_SHLC@','YXTHSQ_SHLC','YXTHSQ','','0','审核流程','C',4,15,'1','1','审核流程','','','',' ',' ',' ','0','1')
go
insert into LSBLM (LSBLM_XH,LSBLM_LJBM,LSBLM_DYLM,LSBLM_SJLM,LSBLM_LYBM,LSBLM_GLTJ,LSBLM_LMWZ,LSBLM_LMSM,LSBLM_LMLX,LSBLM_LMCD,LSBLM_XSCD,LSBLM_DYXZ,LSBLM_SFXS,LSBLM_YHMC,LSBLM_DXLB,LSBLM_SORT,LSBLM_CODE,LSBLM_GLLM,LSBLM_GLBM,LSBLM_GLGX,LSBLM_DYWZ,LSBLM_SFBB) values ('034','YXTHSQ','@YXTHSQ_ZDRQ@','YXTHSQ_ZDRQ','YXTHSQ','','0','制单日期','D',8,15,'1','1','制单日期','','','',' ',' ',' ','0','1')
go
insert into LSBLM (LSBLM_XH,LSBLM_LJBM,LSBLM_DYLM,LSBLM_SJLM,LSBLM_LYBM,LSBLM_GLTJ,LSBLM_LMWZ,LSBLM_LMSM,LSBLM_LMLX,LSBLM_LMCD,LSBLM_XSCD,LSBLM_DYXZ,LSBLM_SFXS,LSBLM_YHMC,LSBLM_DXLB,LSBLM_SORT,LSBLM_CODE,LSBLM_GLLM,LSBLM_GLBM,LSBLM_GLGX,LSBLM_DYWZ,LSBLM_SFBB) values ('035','YXTHSQ','@YXTHSQMX_FLBH@','YXTHSQMX_FLBH','YXTHSQ,YXTHSQMX','YXTHSQ_LSBH=YXTHSQMX_LSBH','1','分录编号','C',40,15,'1','1','分录编号','','','',' ',' ',' ','1','1')
go
insert into LSBLM (LSBLM_XH,LSBLM_LJBM,LSBLM_DYLM,LSBLM_SJLM,LSBLM_LYBM,LSBLM_GLTJ,LSBLM_LMWZ,LSBLM_LMSM,LSBLM_LMLX,LSBLM_LMCD,LSBLM_XSCD,LSBLM_DYXZ,LSBLM_SFXS,LSBLM_YHMC,LSBLM_DXLB,LSBLM_SORT,LSBLM_CODE,LSBLM_GLLM,LSBLM_GLBM,LSBLM_GLGX,LSBLM_DYWZ,LSBLM_SFBB) values ('036','YXTHSQ','@YXTHSQMX_LSBH@','YXTHSQMX_LSBH','YXTHSQ,YXTHSQMX','YXTHSQ_LSBH=YXTHSQMX_LSBH','1','流水编号','C',40,15,'1','1','流水编号','','','',' ',' ',' ','1','1')
go
insert into LSBLM (LSBLM_XH,LSBLM_LJBM,LSBLM_DYLM,LSBLM_SJLM,LSBLM_LYBM,LSBLM_GLTJ,LSBLM_LMWZ,LSBLM_LMSM,LSBLM_LMLX,LSBLM_LMCD,LSBLM_XSCD,LSBLM_DYXZ,LSBLM_SFXS,LSBLM_YHMC,LSBLM_DXLB,LSBLM_SORT,LSBLM_CODE,LSBLM_GLLM,LSBLM_GLBM,LSBLM_GLGX,LSBLM_DYWZ,LSBLM_SFBB) values ('037','YXTHSQ','@YXTHSQMX_XSZZ@','YXTHSQMX_XSZZ','YXTHSQ,YXTHSQMX','YXTHSQ_LSBH=YXTHSQMX_LSBH','1','销售组织','C',40,10,'1','1','销售组织','','','',' ',' ',' ','1','1')
go
insert into LSBLM (LSBLM_XH,LSBLM_LJBM,LSBLM_DYLM,LSBLM_SJLM,LSBLM_LYBM,LSBLM_GLTJ,LSBLM_LMWZ,LSBLM_LMSM,LSBLM_LMLX,LSBLM_LMCD,LSBLM_XSCD,LSBLM_DYXZ,LSBLM_SFXS,LSBLM_YHMC,LSBLM_DXLB,LSBLM_SORT,LSBLM_CODE,LSBLM_GLLM,LSBLM_GLBM,LSBLM_GLGX,LSBLM_DYWZ,LSBLM_SFBB) values ('038','YXTHSQ','@YXTHSQMX_XSZZ_MC@','LSBZDW_DWMC','YXTHSQ,YXTHSQMX,LSBZDW', 'YXTHSQ_LSBH=YXTHSQMX_LSBH and YXTHSQMX_XSZZ=LSBZDW_DWBH','1','销售组织名称','C',200,15,'1','1','销售组织名称','','','','YXTHSQMX_XSZZ','LSBZDW','YXTHSQMX_XSZZ=LSBZDW_DWBH','1','0')
go
insert into LSBLM (LSBLM_XH,LSBLM_LJBM,LSBLM_DYLM,LSBLM_SJLM,LSBLM_LYBM,LSBLM_GLTJ,LSBLM_LMWZ,LSBLM_LMSM,LSBLM_LMLX,LSBLM_LMCD,LSBLM_XSCD,LSBLM_DYXZ,LSBLM_SFXS,LSBLM_YHMC,LSBLM_DXLB,LSBLM_SORT,LSBLM_CODE,LSBLM_GLLM,LSBLM_GLBM,LSBLM_GLGX,LSBLM_DYWZ,LSBLM_SFBB) values ('039','YXTHSQ','@YXTHSQMX_FHRQ@','YXTHSQMX_FHRQ','YXTHSQ,YXTHSQMX','YXTHSQ_LSBH=YXTHSQMX_LSBH','1','发货日期','D',8,10,'1','1','发货日期','','','',' ',' ',' ','1','1')
go
insert into LSBLM (LSBLM_XH,LSBLM_LJBM,LSBLM_DYLM,LSBLM_SJLM,LSBLM_LYBM,LSBLM_GLTJ,LSBLM_LMWZ,LSBLM_LMSM,LSBLM_LMLX,LSBLM_LMCD,LSBLM_XSCD,LSBLM_DYXZ,LSBLM_SFXS,LSBLM_YHMC,LSBLM_DXLB,LSBLM_SORT,LSBLM_CODE,LSBLM_GLLM,LSBLM_GLBM,LSBLM_GLGX,LSBLM_DYWZ,LSBLM_SFBB) values ('040','YXTHSQ','@YXTHSQMX_CRMDD@','YXTHSQMX_CRMDD','YXTHSQ,YXTHSQMX','YXTHSQ_LSBH=YXTHSQMX_LSBH','1','CRM订单号','C',40,10,'1','1','CRM订单号','','','',' ',' ',' ','1','1')
go
insert into LSBLM (LSBLM_XH,LSBLM_LJBM,LSBLM_DYLM,LSBLM_SJLM,LSBLM_LYBM,LSBLM_GLTJ,LSBLM_LMWZ,LSBLM_LMSM,LSBLM_LMLX,LSBLM_LMCD,LSBLM_XSCD,LSBLM_DYXZ,LSBLM_SFXS,LSBLM_YHMC,LSBLM_DXLB,LSBLM_SORT,LSBLM_CODE,LSBLM_GLLM,LSBLM_GLBM,LSBLM_GLGX,LSBLM_DYWZ,LSBLM_SFBB) values ('041','YXTHSQ','@YXTHSQMX_SAPTD@','YXTHSQMX_SAPTD','YXTHSQ,YXTHSQMX','YXTHSQ_LSBH=YXTHSQMX_LSBH','1','SAP提货单号','C',40,10,'1','1','SAP提货单号','','','',' ',' ',' ','1','1')
go
insert into LSBLM (LSBLM_XH,LSBLM_LJBM,LSBLM_DYLM,LSBLM_SJLM,LSBLM_LYBM,LSBLM_GLTJ,LSBLM_LMWZ,LSBLM_LMSM,LSBLM_LMLX,LSBLM_LMCD,LSBLM_XSCD,LSBLM_DYXZ,LSBLM_SFXS,LSBLM_YHMC,LSBLM_DXLB,LSBLM_SORT,LSBLM_CODE,LSBLM_GLLM,LSBLM_GLBM,LSBLM_GLGX,LSBLM_DYWZ,LSBLM_SFBB) values ('042','YXTHSQ','@YXTHSQMX_SAPDD@','YXTHSQMX_SAPDD','YXTHSQ,YXTHSQMX','YXTHSQ_LSBH=YXTHSQMX_LSBH','1','SAP订单号','C',40,10,'1','1','SAP订单号','','','',' ',' ',' ','1','1')
go
insert into LSBLM (LSBLM_XH,LSBLM_LJBM,LSBLM_DYLM,LSBLM_SJLM,LSBLM_LYBM,LSBLM_GLTJ,LSBLM_LMWZ,LSBLM_LMSM,LSBLM_LMLX,LSBLM_LMCD,LSBLM_XSCD,LSBLM_DYXZ,LSBLM_SFXS,LSBLM_YHMC,LSBLM_DXLB,LSBLM_SORT,LSBLM_CODE,LSBLM_GLLM,LSBLM_GLBM,LSBLM_GLGX,LSBLM_DYWZ,LSBLM_SFBB) values ('043','YXTHSQ','@YXTHSQMX_QDLX@','YXTHSQMX_QDLX','YXTHSQ,YXTHSQMX','YXTHSQ_LSBH=YXTHSQMX_LSBH','1','渠道类型','C',40,10,'1','1','渠道类型','','','',' ',' ',' ','1','1')
go
insert into LSBLM (LSBLM_XH,LSBLM_LJBM,LSBLM_DYLM,LSBLM_SJLM,LSBLM_LYBM,LSBLM_GLTJ,LSBLM_LMWZ,LSBLM_LMSM,LSBLM_LMLX,LSBLM_LMCD,LSBLM_XSCD,LSBLM_DYXZ,LSBLM_SFXS,LSBLM_YHMC,LSBLM_DXLB,LSBLM_SORT,LSBLM_CODE,LSBLM_GLLM,LSBLM_GLBM,LSBLM_GLGX,LSBLM_DYWZ,LSBLM_SFBB) values ('044','YXTHSQ','@YXTHSQMX_QDLX_MC@','YXDDYWLX_MC','YXTHSQ,YXTHSQMX,YXDDYWLX', 'YXTHSQ_LSBH=YXTHSQMX_LSBH and YXTHSQMX_QDLX=YXDDYWLX_NM','1','渠道类型名称','C',200,15,'1','1','渠道类型名称','','','','YXTHSQMX_QDLX','YXDDYWLX','YXTHSQMX_QDLX=YXDDYWLX_NM','1','0')
go
insert into LSBLM (LSBLM_XH,LSBLM_LJBM,LSBLM_DYLM,LSBLM_SJLM,LSBLM_LYBM,LSBLM_GLTJ,LSBLM_LMWZ,LSBLM_LMSM,LSBLM_LMLX,LSBLM_LMCD,LSBLM_XSCD,LSBLM_DYXZ,LSBLM_SFXS,LSBLM_YHMC,LSBLM_DXLB,LSBLM_SORT,LSBLM_CODE,LSBLM_GLLM,LSBLM_GLBM,LSBLM_GLGX,LSBLM_DYWZ,LSBLM_SFBB) values ('045','YXTHSQ','@YXTHSQMX_QY@','YXTHSQMX_QY','YXTHSQ,YXTHSQMX','YXTHSQ_LSBH=YXTHSQMX_LSBH','1','区域','C',40,10,'1','1','区域','','','',' ',' ',' ','1','1')
go
insert into LSBLM (LSBLM_XH,LSBLM_LJBM,LSBLM_DYLM,LSBLM_SJLM,LSBLM_LYBM,LSBLM_GLTJ,LSBLM_LMWZ,LSBLM_LMSM,LSBLM_LMLX,LSBLM_LMCD,LSBLM_XSCD,LSBLM_DYXZ,LSBLM_SFXS,LSBLM_YHMC,LSBLM_DXLB,LSBLM_SORT,LSBLM_CODE,LSBLM_GLLM,LSBLM_GLBM,LSBLM_GLGX,LSBLM_DYWZ,LSBLM_SFBB) values ('046','YXTHSQ','@YXTHSQMX_QY_MC@','YXXSQY_MC','YXTHSQ,YXTHSQMX,YXXSQY', 'YXTHSQ_LSBH=YXTHSQMX_LSBH and YXTHSQMX_QY=YXXSQY_BH','1','区域名称','C',200,15,'1','1','区域名称','','','','YXTHSQMX_QY','YXXSQY','YXTHSQMX_QY=YXXSQY_BH','1','0')
go
insert into LSBLM (LSBLM_XH,LSBLM_LJBM,LSBLM_DYLM,LSBLM_SJLM,LSBLM_LYBM,LSBLM_GLTJ,LSBLM_LMWZ,LSBLM_LMSM,LSBLM_LMLX,LSBLM_LMCD,LSBLM_XSCD,LSBLM_DYXZ,LSBLM_SFXS,LSBLM_YHMC,LSBLM_DXLB,LSBLM_SORT,LSBLM_CODE,LSBLM_GLLM,LSBLM_GLBM,LSBLM_GLGX,LSBLM_DYWZ,LSBLM_SFBB) values ('047','YXTHSQ','@YXTHSQMX_CRMBM@','YXTHSQMX_CRMBM','YXTHSQ,YXTHSQMX','YXTHSQ_LSBH=YXTHSQMX_LSBH','1','CRM部门','C',40,10,'1','1','CRM部门','','','',' ',' ',' ','1','1')
go
insert into LSBLM (LSBLM_XH,LSBLM_LJBM,LSBLM_DYLM,LSBLM_SJLM,LSBLM_LYBM,LSBLM_GLTJ,LSBLM_LMWZ,LSBLM_LMSM,LSBLM_LMLX,LSBLM_LMCD,LSBLM_XSCD,LSBLM_DYXZ,LSBLM_SFXS,LSBLM_YHMC,LSBLM_DXLB,LSBLM_SORT,LSBLM_CODE,LSBLM_GLLM,LSBLM_GLBM,LSBLM_GLGX,LSBLM_DYWZ,LSBLM_SFBB) values ('048','YXTHSQ','@YXTHSQMX_CRMBM_MC@','YXBMZD_BMMC','YXTHSQ,YXTHSQMX,YXBMZD', 'YXTHSQ_LSBH=YXTHSQMX_LSBH and YXTHSQMX_CRMBM=YXBMZD_NM','1','CRM部门名称','C',200,15,'1','1','CRM部门名称','','','','YXTHSQMX_CRMBM','YXBMZD','YXTHSQMX_CRMBM=YXBMZD_NM','1','0')
go
insert into LSBLM (LSBLM_XH,LSBLM_LJBM,LSBLM_DYLM,LSBLM_SJLM,LSBLM_LYBM,LSBLM_GLTJ,LSBLM_LMWZ,LSBLM_LMSM,LSBLM_LMLX,LSBLM_LMCD,LSBLM_XSCD,LSBLM_DYXZ,LSBLM_SFXS,LSBLM_YHMC,LSBLM_DXLB,LSBLM_SORT,LSBLM_CODE,LSBLM_GLLM,LSBLM_GLBM,LSBLM_GLGX,LSBLM_DYWZ,LSBLM_SFBB) values ('049','YXTHSQ','@YXTHSQMX_CP@','YXTHSQMX_CP','YXTHSQ,YXTHSQMX','YXTHSQ_LSBH=YXTHSQMX_LSBH','1','产品','C',40,10,'1','1','产品','','','',' ',' ',' ','1','1')
go
insert into LSBLM (LSBLM_XH,LSBLM_LJBM,LSBLM_DYLM,LSBLM_SJLM,LSBLM_LYBM,LSBLM_GLTJ,LSBLM_LMWZ,LSBLM_LMSM,LSBLM_LMLX,LSBLM_LMCD,LSBLM_XSCD,LSBLM_DYXZ,LSBLM_SFXS,LSBLM_YHMC,LSBLM_DXLB,LSBLM_SORT,LSBLM_CODE,LSBLM_GLLM,LSBLM_GLBM,LSBLM_GLGX,LSBLM_DYWZ,LSBLM_SFBB) values ('050','YXTHSQ','@YXTHSQMX_CP_MC@','YXWLZD_C06','YXTHSQ,YXTHSQMX,YXWLZD', 'YXTHSQ_LSBH=YXTHSQMX_LSBH and YXTHSQMX_CP=YXWLZD_NM','1','产品名称','C',200,15,'1','1','产品名称','','','','YXTHSQMX_CP','YXWLZD','YXTHSQMX_CP=YXWLZD_NM','1','0')
go
insert into LSBLM (LSBLM_XH,LSBLM_LJBM,LSBLM_DYLM,LSBLM_SJLM,LSBLM_LYBM,LSBLM_GLTJ,LSBLM_LMWZ,LSBLM_LMSM,LSBLM_LMLX,LSBLM_LMCD,LSBLM_XSCD,LSBLM_DYXZ,LSBLM_SFXS,LSBLM_YHMC,LSBLM_DXLB,LSBLM_SORT,LSBLM_CODE,LSBLM_GLLM,LSBLM_GLBM,LSBLM_GLGX,LSBLM_DYWZ,LSBLM_SFBB) values ('051','YXTHSQ','@YXTHSQMX_CP_GGXH@','YXWLZD_GGXH','YXTHSQ,YXTHSQMX,YXWLZD', 'YXTHSQ_LSBH=YXTHSQMX_LSBH and YXTHSQMX_CP=YXWLZD_NM','1','产品规格','C',200,15,'1','1','产品规格','','','','YXTHSQMX_CP','YXWLZD','YXTHSQMX_CP=YXWLZD_NM','1','0')
go
insert into LSBLM (LSBLM_XH,LSBLM_LJBM,LSBLM_DYLM,LSBLM_SJLM,LSBLM_LYBM,LSBLM_GLTJ,LSBLM_LMWZ,LSBLM_LMSM,LSBLM_LMLX,LSBLM_LMCD,LSBLM_XSCD,LSBLM_DYXZ,LSBLM_SFXS,LSBLM_YHMC,LSBLM_DXLB,LSBLM_SORT,LSBLM_CODE,LSBLM_GLLM,LSBLM_GLBM,LSBLM_GLGX,LSBLM_DYWZ,LSBLM_SFBB) values ('052','YXTHSQ','@YXTHSQMX_TYM@','YXTHSQMX_TYM','YXTHSQ,YXTHSQMX','YXTHSQ_LSBH=YXTHSQMX_LSBH','1','通用名','C',100,10,'1','1','通用名','','','',' ',' ',' ','1','1')
go
insert into LSBLM (LSBLM_XH,LSBLM_LJBM,LSBLM_DYLM,LSBLM_SJLM,LSBLM_LYBM,LSBLM_GLTJ,LSBLM_LMWZ,LSBLM_LMSM,LSBLM_LMLX,LSBLM_LMCD,LSBLM_XSCD,LSBLM_DYXZ,LSBLM_SFXS,LSBLM_YHMC,LSBLM_DXLB,LSBLM_SORT,LSBLM_CODE,LSBLM_GLLM,LSBLM_GLBM,LSBLM_GLGX,LSBLM_DYWZ,LSBLM_SFBB) values ('053','YXTHSQ','@YXTHSQMX_GG@','YXTHSQMX_GG','YXTHSQ,YXTHSQMX','YXTHSQ_LSBH=YXTHSQMX_LSBH','1','规格','C',40,10,'1','1','规格','','','',' ',' ',' ','1','1')
go
insert into LSBLM (LSBLM_XH,LSBLM_LJBM,LSBLM_DYLM,LSBLM_SJLM,LSBLM_LYBM,LSBLM_GLTJ,LSBLM_LMWZ,LSBLM_LMSM,LSBLM_LMLX,LSBLM_LMCD,LSBLM_XSCD,LSBLM_DYXZ,LSBLM_SFXS,LSBLM_YHMC,LSBLM_DXLB,LSBLM_SORT,LSBLM_CODE,LSBLM_GLLM,LSBLM_GLBM,LSBLM_GLGX,LSBLM_DYWZ,LSBLM_SFBB) values ('054','YXTHSQ','@YXTHSQMX_JLDW@','YXTHSQMX_JLDW','YXTHSQ,YXTHSQMX','YXTHSQ_LSBH=YXTHSQMX_LSBH','1','计量单位','C',40,10,'1','1','计量单位','','','',' ',' ',' ','1','1')
go
insert into LSBLM (LSBLM_XH,LSBLM_LJBM,LSBLM_DYLM,LSBLM_SJLM,LSBLM_LYBM,LSBLM_GLTJ,LSBLM_LMWZ,LSBLM_LMSM,LSBLM_LMLX,LSBLM_LMCD,LSBLM_XSCD,LSBLM_DYXZ,LSBLM_SFXS,LSBLM_YHMC,LSBLM_DXLB,LSBLM_SORT,LSBLM_CODE,LSBLM_GLLM,LSBLM_GLBM,LSBLM_GLGX,LSBLM_DYWZ,LSBLM_SFBB) values ('055','YXTHSQ','@YXTHSQMX_JLDW_MC@','ERPJLDW_MC','YXTHSQ,YXTHSQMX,VW_ERPJLDW', 'YXTHSQ_LSBH=YXTHSQMX_LSBH and YXTHSQMX_JLDW=ERPJLDW_NM','1','计量单位名称','C',200,15,'1','1','计量单位名称','','','','YXTHSQMX_JLDW','VW_ERPJLDW','YXTHSQMX_JLDW=ERPJLDW_NM','1','0')
go
insert into LSBLM (LSBLM_XH,LSBLM_LJBM,LSBLM_DYLM,LSBLM_SJLM,LSBLM_LYBM,LSBLM_GLTJ,LSBLM_LMWZ,LSBLM_LMSM,LSBLM_LMLX,LSBLM_LMCD,LSBLM_XSCD,LSBLM_DYXZ,LSBLM_SFXS,LSBLM_YHMC,LSBLM_DXLB,LSBLM_SORT,LSBLM_CODE,LSBLM_GLLM,LSBLM_GLBM,LSBLM_GLGX,LSBLM_DYWZ,LSBLM_SFBB) values ('056','YXTHSQ','@YXTHSQMX_FHSL@','YXTHSQMX_FHSL','YXTHSQ,YXTHSQMX','YXTHSQ_LSBH=YXTHSQMX_LSBH','1','发货数量','2',20,10,'1','1','发货数量','','','',' ',' ',' ','1','1')
go
insert into LSBLM (LSBLM_XH,LSBLM_LJBM,LSBLM_DYLM,LSBLM_SJLM,LSBLM_LYBM,LSBLM_GLTJ,LSBLM_LMWZ,LSBLM_LMSM,LSBLM_LMLX,LSBLM_LMCD,LSBLM_XSCD,LSBLM_DYXZ,LSBLM_SFXS,LSBLM_YHMC,LSBLM_DXLB,LSBLM_SORT,LSBLM_CODE,LSBLM_GLLM,LSBLM_GLBM,LSBLM_GLGX,LSBLM_DYWZ,LSBLM_SFBB) values ('057','YXTHSQ','@YXTHSQMX_PH@','YXTHSQMX_PH','YXTHSQ,YXTHSQMX','YXTHSQ_LSBH=YXTHSQMX_LSBH','1','批号','C',40,10,'1','1','批号','','','',' ',' ',' ','1','1')
go
insert into LSBLM (LSBLM_XH,LSBLM_LJBM,LSBLM_DYLM,LSBLM_SJLM,LSBLM_LYBM,LSBLM_GLTJ,LSBLM_LMWZ,LSBLM_LMSM,LSBLM_LMLX,LSBLM_LMCD,LSBLM_XSCD,LSBLM_DYXZ,LSBLM_SFXS,LSBLM_YHMC,LSBLM_DXLB,LSBLM_SORT,LSBLM_CODE,LSBLM_GLLM,LSBLM_GLBM,LSBLM_GLGX,LSBLM_DYWZ,LSBLM_SFBB) values ('058','YXTHSQ','@YXTHSQMX_SYSL@','YXTHSQMX_SYSL','YXTHSQ,YXTHSQMX','YXTHSQ_LSBH=YXTHSQMX_LSBH','1','已退数量','1',40,12,'1','1','已退数量','','','',' ',' ',' ','1','1')
go
insert into LSBLM (LSBLM_XH,LSBLM_LJBM,LSBLM_DYLM,LSBLM_SJLM,LSBLM_LYBM,LSBLM_GLTJ,LSBLM_LMWZ,LSBLM_LMSM,LSBLM_LMLX,LSBLM_LMCD,LSBLM_XSCD,LSBLM_DYXZ,LSBLM_SFXS,LSBLM_YHMC,LSBLM_DXLB,LSBLM_SORT,LSBLM_CODE,LSBLM_GLLM,LSBLM_GLBM,LSBLM_GLGX,LSBLM_DYWZ,LSBLM_SFBB) values ('059','YXTHSQ','@YXTHSQMX_KYSL@','YXTHSQMX_KYSL','YXTHSQ,YXTHSQMX','YXTHSQ_LSBH=YXTHSQMX_LSBH','1','可退数量','1',40,12,'1','1','可退数量','','','',' ',' ',' ','1','1')
go
insert into LSBLM (LSBLM_XH,LSBLM_LJBM,LSBLM_DYLM,LSBLM_SJLM,LSBLM_LYBM,LSBLM_GLTJ,LSBLM_LMWZ,LSBLM_LMSM,LSBLM_LMLX,LSBLM_LMCD,LSBLM_XSCD,LSBLM_DYXZ,LSBLM_SFXS,LSBLM_YHMC,LSBLM_DXLB,LSBLM_SORT,LSBLM_CODE,LSBLM_GLLM,LSBLM_GLBM,LSBLM_GLGX,LSBLM_DYWZ,LSBLM_SFBB) values ('060','YXTHSQ','@YXTHSQMX_THSL@','YXTHSQMX_THSL','YXTHSQ,YXTHSQMX','YXTHSQ_LSBH=YXTHSQMX_LSBH','1','本次退货数量','2',200,10,'1','1','本次退货数量','','',' ',' ',' ',' ','1','1')
go
insert into LSBLM (LSBLM_XH,LSBLM_LJBM,LSBLM_DYLM,LSBLM_SJLM,LSBLM_LYBM,LSBLM_GLTJ,LSBLM_LMWZ,LSBLM_LMSM,LSBLM_LMLX,LSBLM_LMCD,LSBLM_XSCD,LSBLM_DYXZ,LSBLM_SFXS,LSBLM_YHMC,LSBLM_DXLB,LSBLM_SORT,LSBLM_CODE,LSBLM_GLLM,LSBLM_GLBM,LSBLM_GLGX,LSBLM_DYWZ,LSBLM_SFBB) values ('061','YXTHSQ','@YXTHSQMX_SFTH@','YXTHSQMX_SFTH','YXTHSQ,YXTHSQMX','YXTHSQ_LSBH=YXTHSQMX_LSBH','1','是否退货','C',200,10,'1','1','是否退货','','','1,是;0,否',' ',' ',' ','1','1')
go
insert into LSBLM (LSBLM_XH,LSBLM_LJBM,LSBLM_DYLM,LSBLM_SJLM,LSBLM_LYBM,LSBLM_GLTJ,LSBLM_LMWZ,LSBLM_LMSM,LSBLM_LMLX,LSBLM_LMCD,LSBLM_XSCD,LSBLM_DYXZ,LSBLM_SFXS,LSBLM_YHMC,LSBLM_DXLB,LSBLM_SORT,LSBLM_CODE,LSBLM_GLLM,LSBLM_GLBM,LSBLM_GLGX,LSBLM_DYWZ,LSBLM_SFBB) values ('062','YXTHSQ','@YXTHSQMX_SAPTHD@','YXTHSQMX_SAPTHD','YXTHSQ,YXTHSQMX','YXTHSQ_LSBH=YXTHSQMX_LSBH','1','SAP退货单号','C',40,10,'1','1','SAP退货单号','','','',' ',' ',' ','1','1')
go
insert into LSBLM (LSBLM_XH,LSBLM_LJBM,LSBLM_DYLM,LSBLM_SJLM,LSBLM_LYBM,LSBLM_GLTJ,LSBLM_LMWZ,LSBLM_LMSM,LSBLM_LMLX,LSBLM_LMCD,LSBLM_XSCD,LSBLM_DYXZ,LSBLM_SFXS,LSBLM_YHMC,LSBLM_DXLB,LSBLM_SORT,LSBLM_CODE,LSBLM_GLLM,LSBLM_GLBM,LSBLM_GLGX,LSBLM_DYWZ,LSBLM_SFBB) values ('063','YXTHSQ','@YXTHSQMX_SAPFP@','YXTHSQMX_SAPFP','YXTHSQ,YXTHSQMX','YXTHSQ_LSBH=YXTHSQMX_LSBH','1','SAP系统发票号','C',200,10,'1','1','SAP系统发票号','','',' ',' ',' ',' ','1','1')
go
insert into LSBLM (LSBLM_XH,LSBLM_LJBM,LSBLM_DYLM,LSBLM_SJLM,LSBLM_LYBM,LSBLM_GLTJ,LSBLM_LMWZ,LSBLM_LMSM,LSBLM_LMLX,LSBLM_LMCD,LSBLM_XSCD,LSBLM_DYXZ,LSBLM_SFXS,LSBLM_YHMC,LSBLM_DXLB,LSBLM_SORT,LSBLM_CODE,LSBLM_GLLM,LSBLM_GLBM,LSBLM_GLGX,LSBLM_DYWZ,LSBLM_SFBB) values ('064','YXTHSQ','@YXTHSQMX_GUID@','YXTHSQMX_GUID','YXTHSQ,YXTHSQMX','YXTHSQ_LSBH=YXTHSQMX_LSBH','1','ERPFH的唯一标识','C',200,0,'1','1','ERPFH的唯一标识','','',' ',' ',' ',' ','1','1')
go
delete from LSSTRU where F_TABN='YXTHSQ'
go
delete from LSSTRU where F_TABN='YXTHSQ_I1'
go
insert into LSSTRU(F_TABN,F_COLN,F_COLA,F_DISP,F_TYPE,F_CXBZ,F_HELP,F_CODE,LSSTRU_LYBM,LSSTRU_LYTJ) values('YXTHSQ','YXTHSQ_GSID','核算单位','001','C','','LSBZDW&YX01,LSBZDW_DWBH,LSBZDW_DWMC','','','')
go
insert into LSSTRU(F_TABN,F_COLN,F_COLA,F_DISP,F_TYPE,F_CXBZ,F_HELP,F_CODE,LSSTRU_LYBM,LSSTRU_LYTJ) values('YXTHSQ','YXTHSQ_DJBH','单据编号','002','C','','','','','')
go
insert into LSSTRU(F_TABN,F_COLN,F_COLA,F_DISP,F_TYPE,F_CXBZ,F_HELP,F_CODE,LSSTRU_LYBM,LSSTRU_LYTJ) values('YXTHSQ','YXTHSQ_BMBH','制单部门','003','C','','YXBMZD&YX1,YXBMZD_BMBH,YXBMZD_BMMC','','','')
go
insert into LSSTRU(F_TABN,F_COLN,F_COLA,F_DISP,F_TYPE,F_CXBZ,F_HELP,F_CODE,LSSTRU_LYBM,LSSTRU_LYTJ) values('YXTHSQ','YXTHSQ_HDMD','活动目的','004','C','','YXHDMD&YX1,YXHDMD_BH,YXHDMD_MC','','','')
go
insert into LSSTRU(F_TABN,F_COLN,F_COLA,F_DISP,F_TYPE,F_CXBZ,F_HELP,F_CODE,LSSTRU_LYBM,LSSTRU_LYTJ) values('YXTHSQ','YXTHSQ_HYXS','会议形式','005','C','','YXHYXS&YX1,YXHYXS_BH,YXHYXS_MC','','','')
go
insert into LSSTRU(F_TABN,F_COLN,F_COLA,F_DISP,F_TYPE,F_CXBZ,F_HELP,F_CODE,LSSTRU_LYBM,LSSTRU_LYTJ) values('YXTHSQ','YXTHSQ_ZDR','制单人','006','C','','','','','')
go
insert into LSSTRU(F_TABN,F_COLN,F_COLA,F_DISP,F_TYPE,F_CXBZ,F_HELP,F_CODE,LSSTRU_LYBM,LSSTRU_LYTJ) values('YXTHSQ_I1','YXTHSQMX_GUID','ERPFH的唯一标识','001','C','',' & ,,','','YXTHSQMX','YXTHSQ_LSBH=YXTHSQMX_LSBH')
go
insert into LSSTRU(F_TABN,F_COLN,F_COLA,F_DISP,F_TYPE,F_CXBZ,F_HELP,F_CODE,LSSTRU_LYBM,LSSTRU_LYTJ) values('YXTHSQ_I1','YXTHSQMX_SYSL','已退数量','002','N','','','','YXTHSQMX','YXTHSQ_LSBH=YXTHSQMX_LSBH')
go
insert into LSSTRU(F_TABN,F_COLN,F_COLA,F_DISP,F_TYPE,F_CXBZ,F_HELP,F_CODE,LSSTRU_LYBM,LSSTRU_LYTJ) values('YXTHSQ_I1','YXTHSQMX_KYSL','可退数量','003','N','','','','YXTHSQMX','YXTHSQ_LSBH=YXTHSQMX_LSBH')
go



/*SDFQL3002单据信息 */
/*20191108 16:15:22*/
Create table YXJJBC(
YXJJBC_DRBS varchar(36) null /*导入标识*/,
YXJJBC_LSBH varchar(36) null /*单据流水*/,
YXJJBC_GSID varchar(40) null /*核算单位*/,
YXJJBC_DJBH varchar(36) null /*单据编号*/,
YXJJBC_BMBH varchar(40) null /*区域*/,
YXJJBC_SYBBH varchar(40) null /*事业部*/,
YXJJBC_PQBH varchar(40) null /*大区*/,
YXJJBC_KHBH varchar(40) null /*商业客户*/,
YXJJBC_SQR varchar(40) null /*申请人*/,
YXJJBC_ZRFS char(1) null /*折让方式*/,
YXJJBC_SQJE float null /*申报金额*/,
YXJJBC_SHJE float null /*审核金额*/,
YXJJBC_BZ varchar(100) null /*特殊情况备注*/,
YXJJBC_C1 varchar(100) null /*字符1*/,
YXJJBC_ZDR varchar(20) null /*制单人*/,
YXJJBC_ZDRID varchar(40) null /*制单人ID*/,
YXJJBC_C2 varchar(100) null /*字符2*/,
YXJJBC_SHRQ varchar(200) null /*审核日期*/,
YXJJBC_C3 varchar(100) null /*字符3*/,
YXJJBC_SHBZ char(1) null /*审核标志*/,
YXJJBC_C4 varchar(100) null /*字符4*/,
YXJJBC_SPDX varchar(40) null /*审批对象*/,
YXJJBC_SHR varchar(200) null /*审核人*/,
YXJJBC_SHLC varchar(4) null /*审核流程*/,
YXJJBC_C5 varchar(100) null /*字符5*/,
YXJJBC_ZDRQ varchar(8) null /*制单日期*/,
YXJJBC_U1 float null /*数值1*/,
YXJJBC_U2 float null /*数值2*/,
YXJJBC_U3 float null /*数值3*/,
YXJJBC_ZDRID varchar(128) null)
go

CREATE UNIQUE INDEX YXJJBC on YXJJBC(YXJJBC_LSBH)
go
Create table YXJJBCHZ(
YXJJBCHZ_FLBH varchar(40) null /*分录编号*/,
YXJJBCHZ_LSBH varchar(40) null /*流水编号*/,
YXJJBCHZ_GSID varchar(40) null /*销售公司*/,
YXJJBCHZ_QDLX varchar(40) null /*渠道类型*/,
YXJJBCHZ_BMBH varchar(40) null /*区域*/,
YXJJBCHZ_JE float null /*金额*/,
YXJJBCHZ_FPSL float null /*发票税率*/,
YXJJBCHZ_KCLX char(1) null /*库存类型*/,
YXJJBCHZ_SYB varchar(40) null /*事业部*/,
YXJJBCHZ_BZ varchar(100) null /*备注*/)
go

CREATE UNIQUE INDEX YXJJBCHZ on YXJJBCHZ(YXJJBCHZ_LSBH,YXJJBCHZ_FLBH)
go
Create table YXJJBCMX(
YXJJBCMX_FLBH varchar(40) null /*分录编号*/,
YXJJBCMX_LSBH varchar(40) null /*流水编号*/,
YXJJBCMX_GSID varchar(40) null /*销售公司*/,
YXJJBCMX_GUID varchar(40) null /*唯一标识*/,
YXJJBCMX_QDLX varchar(40) null /*渠道类型*/,
YXJJBCMX_BMBH varchar(40) null /*区域*/,
YXJJBCMX_CRMDDRQ varchar(8) null /*CRM订单日期*/,
YXJJBCMX_SAPTDH varchar(40) null /*SAP提单号*/,
YXJJBCMX_JSKPH varchar(40) null /*金税开票号*/,
YXJJBCMX_PC varchar(40) null /*批次*/,
YXJJBCMX_WLBH varchar(40) null /*产品*/,
YXJJBCMX_GG varchar(100) null /*规格*/,
YXJJBCMX_JLDW varchar(40) null /*计量单位*/,
YXJJBCMX_CKSL float null /*出库数量*/,
YXJJBCMX_XSDJ float null /*销售单价*/,
YXJJBCMX_ZKDJ float null /*折扣后单价*/,
YXJJBCMX_FPSL float null /*发票税率*/,
YXJJBCMX_JJLX varchar(40) null /*降价类型*/,
YXJJBCMX_YFHKL float null /*原发货扣率*/,
YXJJBCMX_YZBJ float null /*原中标价*/,
YXJJBCMX_YFHJ float null /*原发货价*/,
YXJJBCMX_XZBJ float null /*现中标价*/,
YXJJBCMX_XFHJ float null /*现发货价*/,
YXJJBCMX_BCCH float null /*补差差价*/,
YXJJBCMX_KCLX char(1) null /*库存类型*/,
YXJJBCMX_MINSL float null /*历史最小数量*/,
YXJJBCMX_SXSL float null /*历史合计数量*/,
YXJJBCMX_KCSL float null /*库存数量*/,
YXJJBCMX_ZRCHJE float null /*折让冲红金额*/,
YXJJBCMX_JJSJ float null /*中标降价时间*/,
YXJJBCMX_SYB varchar(20) null /*事业部*/,
YXJJBCMX_KHPSJE float null /*扣除考核配送费金额*/,
YXJJBCMX_KCJZRQ varchar(8) null /*库存截止日期*/,
YXJJBCMX_ZBBZ varchar(100) null /*招标修改备注*/,
YXJJBCMX_SWBZ varchar(100) null /*商务修改备注*/,
YXJJBCMX_CWBZ varchar(100) null /*财务修改备注*/)
go

CREATE UNIQUE INDEX YXJJBCMX on YXJJBCMX(YXJJBCMX_LSBH,YXJJBCMX_FLBH)
go
Create table YXJJBCLS(
YXJJBCLS_FLBH varchar(40) null /*分录编号*/,
YXJJBCLS_LSBH varchar(40) null /*流水编号*/,
YXJJBCLS_GSID varchar(40) null /*销售公司*/,
YXJJBCLS_GUID varchar(40) null /*唯一标识*/,
YXJJBCLS_QDLX varchar(40) null /*渠道类型*/,
YXJJBCLS_BMBH varchar(40) null /*区域*/,
YXJJBCLS_CRMDDRQ varchar(8) null /*CRM订单日期*/,
YXJJBCLS_SAPTDH varchar(40) null /*SAP提单号*/,
YXJJBCLS_JSKPH varchar(40) null /*金税开票号*/,
YXJJBCLS_PC varchar(40) null /*批次*/,
YXJJBCLS_WLBH varchar(40) null /*产品*/,
YXJJBCLS_GG varchar(100) null /*规格*/,
YXJJBCLS_JLDW varchar(40) null /*计量单位*/,
YXJJBCLS_CKSL float null /*出库数量*/,
YXJJBCLS_XSDJ float null /*销售单价*/,
YXJJBCLS_ZKDJ float null /*折扣后单价*/,
YXJJBCLS_FPSL float null /*发票税率*/,
YXJJBCLS_JJLX varchar(40) null /*降价类型*/,
YXJJBCLS_YFHKL float null /*原发货扣率*/,
YXJJBCLS_YZBJ float null /*原中标价*/,
YXJJBCLS_YFHJ float null /*原发货价*/,
YXJJBCLS_XZBJ float null /*现中标价*/,
YXJJBCLS_XFHJ float null /*现发货价*/,
YXJJBCLS_BCCH float null /*补差差价*/,
YXJJBCLS_KCLX char(1) null /*库存类型*/,
YXJJBCLS_SXSL float null /*上限数量*/,
YXJJBCLS_KCSL float null /*库存数量*/,
YXJJBCLS_ZRCHJE float null /*折让冲红金额*/,
YXJJBCLS_JJSJ float null /*中标降价时间*/,
YXJJBCLS_SYB varchar(20) null /*事业部*/,
YXJJBCLS_KHPSJE float null /*扣除考核配送费金额*/,
YXJJBCLS_KCJZRQ varchar(8) null /*库存截止日期*/,
YXJJBCLS_ZBBZ varchar(100) null /*招标修改备注*/,
YXJJBCLS_SWBZ varchar(100) null /*商务修改备注*/,
YXJJBCLS_CWBZ varchar(100) null /*财务修改备注*/)
go

CREATE UNIQUE INDEX YXJJBCLS on YXJJBCLS(YXJJBCLS_LSBH,YXJJBCLS_FLBH)
go
/*以下是表修正语句*/
alter table YXJJBC add YXJJBC_DRBS varchar(36) null
go
alter table YXJJBC add YXJJBC_LSBH varchar(36) null
go
alter table YXJJBC add YXJJBC_GSID varchar(40) null
go
alter table YXJJBC add YXJJBC_DJBH varchar(36) null
go
alter table YXJJBC add YXJJBC_BMBH varchar(40) null
go
alter table YXJJBC add YXJJBC_SYBBH varchar(40) null
go
alter table YXJJBC add YXJJBC_PQBH varchar(40) null
go
alter table YXJJBC add YXJJBC_KHBH varchar(40) null
go
alter table YXJJBC add YXJJBC_SQR varchar(40) null
go
alter table YXJJBC add YXJJBC_ZRFS char(1) null
go
alter table YXJJBC add YXJJBC_SQJE float null
go
alter table YXJJBC add YXJJBC_SHJE float null
go
alter table YXJJBC add YXJJBC_BZ varchar(100) null
go
alter table YXJJBC add YXJJBC_C1 varchar(100) null
go
alter table YXJJBC add YXJJBC_ZDR varchar(20) null
go
alter table YXJJBC add YXJJBC_ZDRID varchar(40) null
go
alter table YXJJBC add YXJJBC_C2 varchar(100) null
go
alter table YXJJBC add YXJJBC_SHRQ varchar(200) null
go
alter table YXJJBC add YXJJBC_C3 varchar(100) null
go
alter table YXJJBC add YXJJBC_SHBZ char(1) null
go
alter table YXJJBC add YXJJBC_C4 varchar(100) null
go
alter table YXJJBC add YXJJBC_SPDX varchar(40) null
go
alter table YXJJBC add YXJJBC_SHR varchar(200) null
go
alter table YXJJBC add YXJJBC_SHLC varchar(4) null
go
alter table YXJJBC add YXJJBC_C5 varchar(100) null
go
alter table YXJJBC add YXJJBC_ZDRQ varchar(8) null
go
alter table YXJJBC add YXJJBC_U1 float null
go
alter table YXJJBC add YXJJBC_U2 float null
go
alter table YXJJBC add YXJJBC_U3 float null
go
alter table YXJJBC add YXJJBC_ZDRID varchar(128) null
go
/*以下是字段修正SQL需要分数据库配置或项目化迁移使用*/
alter table YXJJBC ALTER COLUMN YXJJBC_DRBS varchar(36) null
go
alter table YXJJBC ALTER COLUMN YXJJBC_LSBH varchar(36) null
go
alter table YXJJBC ALTER COLUMN YXJJBC_GSID varchar(40) null
go
alter table YXJJBC ALTER COLUMN YXJJBC_DJBH varchar(36) null
go
alter table YXJJBC ALTER COLUMN YXJJBC_BMBH varchar(40) null
go
alter table YXJJBC ALTER COLUMN YXJJBC_SYBBH varchar(40) null
go
alter table YXJJBC ALTER COLUMN YXJJBC_PQBH varchar(40) null
go
alter table YXJJBC ALTER COLUMN YXJJBC_KHBH varchar(40) null
go
alter table YXJJBC ALTER COLUMN YXJJBC_SQR varchar(40) null
go
alter table YXJJBC ALTER COLUMN YXJJBC_BZ varchar(100) null
go
alter table YXJJBC ALTER COLUMN YXJJBC_C1 varchar(100) null
go
alter table YXJJBC ALTER COLUMN YXJJBC_ZDR varchar(20) null
go
alter table YXJJBC ALTER COLUMN YXJJBC_ZDRID varchar(40) null
go
alter table YXJJBC ALTER COLUMN YXJJBC_C2 varchar(100) null
go
alter table YXJJBC ALTER COLUMN YXJJBC_SHRQ varchar(200) null
go
alter table YXJJBC ALTER COLUMN YXJJBC_C3 varchar(100) null
go
alter table YXJJBC ALTER COLUMN YXJJBC_C4 varchar(100) null
go
alter table YXJJBC ALTER COLUMN YXJJBC_SPDX varchar(40) null
go
alter table YXJJBC ALTER COLUMN YXJJBC_SHR varchar(200) null
go
alter table YXJJBC ALTER COLUMN YXJJBC_SHLC varchar(4) null
go
alter table YXJJBC ALTER COLUMN YXJJBC_C5 varchar(100) null
go
alter table YXJJBC ALTER COLUMN YXJJBC_ZDRQ varchar(8) null
go
alter table YXJJBCHZ add YXJJBCHZ_FLBH varchar(40) null
go
alter table YXJJBCHZ add YXJJBCHZ_LSBH varchar(40) null
go
alter table YXJJBCHZ add YXJJBCHZ_GSID varchar(40) null
go
alter table YXJJBCHZ add YXJJBCHZ_QDLX varchar(40) null
go
alter table YXJJBCHZ add YXJJBCHZ_BMBH varchar(40) null
go
alter table YXJJBCHZ add YXJJBCHZ_JE float null
go
alter table YXJJBCHZ add YXJJBCHZ_FPSL float null
go
alter table YXJJBCHZ add YXJJBCHZ_KCLX char(1) null
go
alter table YXJJBCHZ add YXJJBCHZ_SYB varchar(40) null
go
alter table YXJJBCHZ add YXJJBCHZ_BZ varchar(100) null
go
/*以下是字段修正SQL需要分数据库配置或项目化迁移使用*/
alter table YXJJBCHZ ALTER COLUMN YXJJBCHZ_FLBH varchar(40) null
go
alter table YXJJBCHZ ALTER COLUMN YXJJBCHZ_LSBH varchar(40) null
go
alter table YXJJBCHZ ALTER COLUMN YXJJBCHZ_GSID varchar(40) null
go
alter table YXJJBCHZ ALTER COLUMN YXJJBCHZ_QDLX varchar(40) null
go
alter table YXJJBCHZ ALTER COLUMN YXJJBCHZ_BMBH varchar(40) null
go
alter table YXJJBCHZ ALTER COLUMN YXJJBCHZ_SYB varchar(40) null
go
alter table YXJJBCHZ ALTER COLUMN YXJJBCHZ_BZ varchar(100) null
go
alter table YXJJBCMX add YXJJBCMX_FLBH varchar(40) null
go
alter table YXJJBCMX add YXJJBCMX_LSBH varchar(40) null
go
alter table YXJJBCMX add YXJJBCMX_GSID varchar(40) null
go
alter table YXJJBCMX add YXJJBCMX_GUID varchar(40) null
go
alter table YXJJBCMX add YXJJBCMX_QDLX varchar(40) null
go
alter table YXJJBCMX add YXJJBCMX_BMBH varchar(40) null
go
alter table YXJJBCMX add YXJJBCMX_CRMDDRQ varchar(8) null
go
alter table YXJJBCMX add YXJJBCMX_SAPTDH varchar(40) null
go
alter table YXJJBCMX add YXJJBCMX_JSKPH varchar(40) null
go
alter table YXJJBCMX add YXJJBCMX_PC varchar(40) null
go
alter table YXJJBCMX add YXJJBCMX_WLBH varchar(40) null
go
alter table YXJJBCMX add YXJJBCMX_GG varchar(100) null
go
alter table YXJJBCMX add YXJJBCMX_JLDW varchar(40) null
go
alter table YXJJBCMX add YXJJBCMX_CKSL float null
go
alter table YXJJBCMX add YXJJBCMX_XSDJ float null
go
alter table YXJJBCMX add YXJJBCMX_ZKDJ float null
go
alter table YXJJBCMX add YXJJBCMX_FPSL float null
go
alter table YXJJBCMX add YXJJBCMX_JJLX varchar(40) null
go
alter table YXJJBCMX add YXJJBCMX_YFHKL float null
go
alter table YXJJBCMX add YXJJBCMX_YZBJ float null
go
alter table YXJJBCMX add YXJJBCMX_YFHJ float null
go
alter table YXJJBCMX add YXJJBCMX_XZBJ float null
go
alter table YXJJBCMX add YXJJBCMX_XFHJ float null
go
alter table YXJJBCMX add YXJJBCMX_BCCH float null
go
alter table YXJJBCMX add YXJJBCMX_KCLX char(1) null
go
alter table YXJJBCMX add YXJJBCMX_MINSL float null
go
alter table YXJJBCMX add YXJJBCMX_SXSL float null
go
alter table YXJJBCMX add YXJJBCMX_KCSL float null
go
alter table YXJJBCMX add YXJJBCMX_ZRCHJE float null
go
alter table YXJJBCMX add YXJJBCMX_JJSJ float null
go
alter table YXJJBCMX add YXJJBCMX_SYB varchar(20) null
go
alter table YXJJBCMX add YXJJBCMX_KHPSJE float null
go
alter table YXJJBCMX add YXJJBCMX_KCJZRQ varchar(8) null
go
alter table YXJJBCMX add YXJJBCMX_ZBBZ varchar(100) null
go
alter table YXJJBCMX add YXJJBCMX_SWBZ varchar(100) null
go
alter table YXJJBCMX add YXJJBCMX_CWBZ varchar(100) null
go
/*以下是字段修正SQL需要分数据库配置或项目化迁移使用*/
alter table YXJJBCMX ALTER COLUMN YXJJBCMX_FLBH varchar(40) null
go
alter table YXJJBCMX ALTER COLUMN YXJJBCMX_LSBH varchar(40) null
go
alter table YXJJBCMX ALTER COLUMN YXJJBCMX_GSID varchar(40) null
go
alter table YXJJBCMX ALTER COLUMN YXJJBCMX_GUID varchar(40) null
go
alter table YXJJBCMX ALTER COLUMN YXJJBCMX_QDLX varchar(40) null
go
alter table YXJJBCMX ALTER COLUMN YXJJBCMX_BMBH varchar(40) null
go
alter table YXJJBCMX ALTER COLUMN YXJJBCMX_CRMDDRQ varchar(8) null
go
alter table YXJJBCMX ALTER COLUMN YXJJBCMX_SAPTDH varchar(40) null
go
alter table YXJJBCMX ALTER COLUMN YXJJBCMX_JSKPH varchar(40) null
go
alter table YXJJBCMX ALTER COLUMN YXJJBCMX_PC varchar(40) null
go
alter table YXJJBCMX ALTER COLUMN YXJJBCMX_WLBH varchar(40) null
go
alter table YXJJBCMX ALTER COLUMN YXJJBCMX_GG varchar(100) null
go
alter table YXJJBCMX ALTER COLUMN YXJJBCMX_JLDW varchar(40) null
go
alter table YXJJBCMX ALTER COLUMN YXJJBCMX_JJLX varchar(40) null
go
alter table YXJJBCMX ALTER COLUMN YXJJBCMX_SYB varchar(20) null
go
alter table YXJJBCMX ALTER COLUMN YXJJBCMX_KCJZRQ varchar(8) null
go
alter table YXJJBCMX ALTER COLUMN YXJJBCMX_ZBBZ varchar(100) null
go
alter table YXJJBCMX ALTER COLUMN YXJJBCMX_SWBZ varchar(100) null
go
alter table YXJJBCMX ALTER COLUMN YXJJBCMX_CWBZ varchar(100) null
go
alter table YXJJBCLS add YXJJBCLS_FLBH varchar(40) null
go
alter table YXJJBCLS add YXJJBCLS_LSDJBH varchar(40) null 
go
alter table YXJJBCLS add YXJJBCLS_LSBH varchar(40) null
go
alter table YXJJBCLS add YXJJBCLS_GSID varchar(40) null
go
alter table YXJJBCLS add YXJJBCLS_GUID varchar(40) null
go
alter table YXJJBCLS add YXJJBCLS_QDLX varchar(40) null
go
alter table YXJJBCLS add YXJJBCLS_BMBH varchar(40) null
go
alter table YXJJBCLS add YXJJBCLS_CRMDDRQ varchar(8) null
go
alter table YXJJBCLS add YXJJBCLS_SAPTDH varchar(40) null
go
alter table YXJJBCLS add YXJJBCLS_JSKPH varchar(40) null
go
alter table YXJJBCLS add YXJJBCLS_PC varchar(40) null
go
alter table YXJJBCLS add YXJJBCLS_WLBH varchar(40) null
go
alter table YXJJBCLS add YXJJBCLS_GG varchar(100) null
go
alter table YXJJBCLS add YXJJBCLS_JLDW varchar(40) null
go
alter table YXJJBCLS add YXJJBCLS_CKSL float null
go
alter table YXJJBCLS add YXJJBCLS_XSDJ float null
go
alter table YXJJBCLS add YXJJBCLS_ZKDJ float null
go
alter table YXJJBCLS add YXJJBCLS_FPSL float null
go
alter table YXJJBCLS add YXJJBCLS_JJLX varchar(40) null
go
alter table YXJJBCLS add YXJJBCLS_YFHKL float null
go
alter table YXJJBCLS add YXJJBCLS_YZBJ float null
go
alter table YXJJBCLS add YXJJBCLS_YFHJ float null
go
alter table YXJJBCLS add YXJJBCLS_XZBJ float null
go
alter table YXJJBCLS add YXJJBCLS_XFHJ float null
go
alter table YXJJBCLS add YXJJBCLS_BCCH float null
go
alter table YXJJBCLS add YXJJBCLS_KCLX char(1) null
go
alter table YXJJBCLS add YXJJBCLS_SXSL float null
go
alter table YXJJBCLS add YXJJBCLS_KCSL float null
go
alter table YXJJBCLS add YXJJBCLS_ZRCHJE float null
go
alter table YXJJBCLS add YXJJBCLS_JJSJ float null
go
alter table YXJJBCLS add YXJJBCLS_SYB varchar(20) null
go
alter table YXJJBCLS add YXJJBCLS_KHPSJE float null
go
alter table YXJJBCLS add YXJJBCLS_KCJZRQ varchar(8) null
go
alter table YXJJBCLS add YXJJBCLS_ZBBZ varchar(100) null
go
alter table YXJJBCLS add YXJJBCLS_SWBZ varchar(100) null
go
alter table YXJJBCLS add YXJJBCLS_CWBZ varchar(100) null
go
/*以下是字段修正SQL需要分数据库配置或项目化迁移使用*/
alter table YXJJBCLS ALTER COLUMN YXJJBCLS_FLBH varchar(40) null
go
alter table YXJJBCLS ALTER COLUMN YXJJBCLS_LSBH varchar(40) null
go
alter table YXJJBCLS ALTER COLUMN YXJJBCLS_GSID varchar(40) null
go
alter table YXJJBCLS ALTER COLUMN YXJJBCLS_GUID varchar(40) null
go
alter table YXJJBCLS ALTER COLUMN YXJJBCLS_QDLX varchar(40) null
go
alter table YXJJBCLS ALTER COLUMN YXJJBCLS_BMBH varchar(40) null
go
alter table YXJJBCLS ALTER COLUMN YXJJBCLS_CRMDDRQ varchar(8) null
go
alter table YXJJBCLS ALTER COLUMN YXJJBCLS_SAPTDH varchar(40) null
go
alter table YXJJBCLS ALTER COLUMN YXJJBCLS_JSKPH varchar(40) null
go
alter table YXJJBCLS ALTER COLUMN YXJJBCLS_PC varchar(40) null
go
alter table YXJJBCLS ALTER COLUMN YXJJBCLS_WLBH varchar(40) null
go
alter table YXJJBCLS ALTER COLUMN YXJJBCLS_GG varchar(100) null
go
alter table YXJJBCLS ALTER COLUMN YXJJBCLS_JLDW varchar(40) null
go
alter table YXJJBCLS ALTER COLUMN YXJJBCLS_JJLX varchar(40) null
go
alter table YXJJBCLS ALTER COLUMN YXJJBCLS_SYB varchar(20) null
go
alter table YXJJBCLS ALTER COLUMN YXJJBCLS_KCJZRQ varchar(8) null
go
alter table YXJJBCLS ALTER COLUMN YXJJBCLS_ZBBZ varchar(100) null
go
alter table YXJJBCLS ALTER COLUMN YXJJBCLS_SWBZ varchar(100) null
go
alter table YXJJBCLS ALTER COLUMN YXJJBCLS_CWBZ varchar(100) null
go

go
delete from SDSYSBILL where SDSYSBILL_ID='SDFQL3002'
go
insert into SDSYSBILL(SDSYSBILL_MKBS,SDSYSBILL_ID,SDSYSBILL_MBMC,SDSYSBILL_DYLX,SDSYSBILL_OTMODI,SDSYSBILL_LASTOPEN,SDSYSBILL_BZ,SDSYSBILL_LJBM,SDSYSBILL_SPDX,SDSYSBILL_MTABTITLE,SDSYSBILL_ITABTITLE,SDSYSBILL_MTABCOUNT,SDSYSBILL_ITABCOUNT,SDSYSBILL_FLHS,SDSYSBILL_ISLINELAYOUT,SDSYSBILL_MLSZD,SDSYSBILL_MTABLE,SDSYSBILL_CTABLE,SDSYSBILL_SHRZD,SDSYSBILL_SHBZZD,SDSYSBILL_SHLCZD,SDSYSBILL_ZDRZD,SDSYSBILL_BMZD,SDSYSBILL_ILSZD,SDSYSBILL_IFLZD,SDSYSBILL_QXBZ,SDSYSBILL_ZDRQZD,SDSYSBILL_BFEXECUT,SDSYSBILL_AFEXECUT,SDSYSBILL_DJBHZD,SDSYSBILL_QUERYEXECUT,SDSYSBILL_TYPE,SDSYSBILL_DJRQ,SDSYSBILL_DRBSZD,SDSYSBILL_DREXECUT,SDSYSBILL_SQL,SDSYSBILL_DRBFEXECUT,SDSYSBILL_LSFF,SDSYSBILL_FLKZ,SDSYSBILL_QXKZ,SDSYSBILL_ORDERSTR,SDSYSBILL_ZDQXKZ ,SDSYSBILL_AFDELEXECUT,SDSYSBILL_APPROVEEXECUT,SDSYSBILL_UNAPPROVEEXECUT,SDSYSBILL_OSQL,SDSYSBILL_IORDER ,SDSYSBILL_DRBHFS,SDSYSBILL_DRAFEXECUT,SDSYSBILL_APPDOEXECUT,SDSYSBILL_DWZD,SDSYSBILL_SPDXZD,SDSYSBILL_SHOWLOG,SDSYSBILL_SHOWVERY,SDSYSBILL_CJR,SDSYSBILL_CJRSJ,SDSYSBILL_XGR,SDSYSBILL_XGRSJ) values('MKT','SDFQL3002','降价补差','S','0','0','','YXJJBC','YXJJBC','基本信息','汇总信息,明细信息,历史信息', 1 , 3 ,'5','0','YXJJBC_LSBH','YXJJBC','YXJJBCHZ,YXJJBCMX,YXJJBCLS','YXJJBC_SHR','YXJJBC_SHBZ','YXJJBC_SHLC','YXJJBC_ZDR','YXJJBC_BMBH','YXJJBCHZ_LSBH,YXJJBCMX_LSBH,YXJJBCLS_LSBH','YXJJBCHZ_FLBH,YXJJBCMX_FLBH,YXJJBCLS_FLBH','[GSSJQX] YXJJBC_BMBH,YX_SJQX,YX_SJQXZD,YXSJBMQX[/GSSJQX]','YXJJBC_ZDRQ','','SP_SDB_JJBC_SAVE','YXJJBC_DJBH','','0','YXJJBC_ZDRQ','YXJJBC_DRBS','','','','GUID','0','','','0','','','','','','0','','','YXJJBC_GSID','YXJJBC_SPDX','0','0','YXJJBC_ZDRID','','','')
go
update SDSYSBILL set SDSYSBILL_SKEY='jGFmwiQWNVq3hJsXPN2JXQ==' where SDSYSBILL_ID='SDFQL3002'
go
delete from SDSYSBILLJS where SDSYSBILLJS_ID='SDFQL3002'
go
delete from SDSYSFIELD where SDSYSFIELD_ID='SDFQL3002'
go
insert into SDSYSFIELD(SDSYSFIELD_ID,SDSYSFIELD_LMMC,SDSYSFIELD_LMZT,SDSYSFIELD_LMBM,SDSYSFIELD_TITLE,SDSYSFIELD_TABLE,SDSYSFIELD_SFBZ,SDSYSFIELD_KZBZ,SDSYSFIELD_SFSPXM,SDSYSFIELD_BZBM,SDSYSFIELD_BZBH,SDSYSFIELD_BZTJ,SDSYSFIELD_SFBT,SDSYSFIELD_XSXH,SDSYSFIELD_GLBM,SDSYSFIELD_BHZD,SDSYSFIELD_NMZD,SDSYSFIELD_MCZD,SDSYSFIELD_SQL,SDSYSFIELD_WIDTH,SDSYSFIELD_SPJD,SDSYSFIELD_TABID,SDSYSFIELD_TYPE,SDSYSFIELD_COLSPAN,SDSYSFIELD_ROWSPAN,SDSYSFIELD_LENGTH,SDSYSFIELD_DEFAULT,SDSYSFIELD_LIST,SDSYSFIELD_PRECISION,SDSYSFIELD_FIELDTYPE,SDSYSFIELD_READONLY,SDSYSFIELD_LISTFLAG,SDSYSFIELD_LOCALESTRING,SDSYSFIELD_ZDQXBH,SDSYSFIELD_DXLB,SDSYSFIELD_DRBZ,SDSYSFIELD_DRBT,SDSYSFIELD_DRXH,SDSYSFIELD_LBXH,SDSYSFIELD_ISFILTER,SDSYSFIELD_FILTERDISP,SDSYSFIELD_NEWLINE,SDSYSFIELD_NEWLINESHOW,SDSYSFIELD_NEWLINETITLE,SDSYSFIELD_GUID,SDSYSFIELD_LINKDO,SDSYSFIELD_SETSQL,SDSYSFIELD_MIN,SDSYSFIELD_MAX,SDSYSFIELD_FJMAX,SDSYSFIELD_FJEXT) values('SDFQL3002','YXJJBC_DRBS','0','导入标识','','YXJJBC','0','0','0','','',' ','0','0010','','','','',' ', 15 ,'','M1','0', 1 , 1 , 36 ,'','', 2 ,'0','0','0','0','','','0','0', 0 , 0 ,'0','','0','1','','','','','','',0,'')
go
insert into SDSYSFIELD(SDSYSFIELD_ID,SDSYSFIELD_LMMC,SDSYSFIELD_LMZT,SDSYSFIELD_LMBM,SDSYSFIELD_TITLE,SDSYSFIELD_TABLE,SDSYSFIELD_SFBZ,SDSYSFIELD_KZBZ,SDSYSFIELD_SFSPXM,SDSYSFIELD_BZBM,SDSYSFIELD_BZBH,SDSYSFIELD_BZTJ,SDSYSFIELD_SFBT,SDSYSFIELD_XSXH,SDSYSFIELD_GLBM,SDSYSFIELD_BHZD,SDSYSFIELD_NMZD,SDSYSFIELD_MCZD,SDSYSFIELD_SQL,SDSYSFIELD_WIDTH,SDSYSFIELD_SPJD,SDSYSFIELD_TABID,SDSYSFIELD_TYPE,SDSYSFIELD_COLSPAN,SDSYSFIELD_ROWSPAN,SDSYSFIELD_LENGTH,SDSYSFIELD_DEFAULT,SDSYSFIELD_LIST,SDSYSFIELD_PRECISION,SDSYSFIELD_FIELDTYPE,SDSYSFIELD_READONLY,SDSYSFIELD_LISTFLAG,SDSYSFIELD_LOCALESTRING,SDSYSFIELD_ZDQXBH,SDSYSFIELD_DXLB,SDSYSFIELD_DRBZ,SDSYSFIELD_DRBT,SDSYSFIELD_DRXH,SDSYSFIELD_LBXH,SDSYSFIELD_ISFILTER,SDSYSFIELD_FILTERDISP,SDSYSFIELD_NEWLINE,SDSYSFIELD_NEWLINESHOW,SDSYSFIELD_NEWLINETITLE,SDSYSFIELD_GUID,SDSYSFIELD_LINKDO,SDSYSFIELD_SETSQL,SDSYSFIELD_MIN,SDSYSFIELD_MAX,SDSYSFIELD_FJMAX,SDSYSFIELD_FJEXT) values('SDFQL3002','YXJJBC_LSBH','0','单据流水','','YXJJBC','0','0','0','','',' ','0','0020','','','','',' ', 15 ,'','M1','0', 1 , 1 , 36 ,'','', 2 ,'1','0','0','0','','','0','0', 0 , 0 ,'0','','0','1','','','','','','',0,'')
go
insert into SDSYSFIELD(SDSYSFIELD_ID,SDSYSFIELD_LMMC,SDSYSFIELD_LMZT,SDSYSFIELD_LMBM,SDSYSFIELD_TITLE,SDSYSFIELD_TABLE,SDSYSFIELD_SFBZ,SDSYSFIELD_KZBZ,SDSYSFIELD_SFSPXM,SDSYSFIELD_BZBM,SDSYSFIELD_BZBH,SDSYSFIELD_BZTJ,SDSYSFIELD_SFBT,SDSYSFIELD_XSXH,SDSYSFIELD_GLBM,SDSYSFIELD_BHZD,SDSYSFIELD_NMZD,SDSYSFIELD_MCZD,SDSYSFIELD_SQL,SDSYSFIELD_WIDTH,SDSYSFIELD_SPJD,SDSYSFIELD_TABID,SDSYSFIELD_TYPE,SDSYSFIELD_COLSPAN,SDSYSFIELD_ROWSPAN,SDSYSFIELD_LENGTH,SDSYSFIELD_DEFAULT,SDSYSFIELD_LIST,SDSYSFIELD_PRECISION,SDSYSFIELD_FIELDTYPE,SDSYSFIELD_READONLY,SDSYSFIELD_LISTFLAG,SDSYSFIELD_LOCALESTRING,SDSYSFIELD_ZDQXBH,SDSYSFIELD_DXLB,SDSYSFIELD_DRBZ,SDSYSFIELD_DRBT,SDSYSFIELD_DRXH,SDSYSFIELD_LBXH,SDSYSFIELD_ISFILTER,SDSYSFIELD_FILTERDISP,SDSYSFIELD_NEWLINE,SDSYSFIELD_NEWLINESHOW,SDSYSFIELD_NEWLINETITLE,SDSYSFIELD_GUID,SDSYSFIELD_LINKDO,SDSYSFIELD_SETSQL,SDSYSFIELD_MIN,SDSYSFIELD_MAX,SDSYSFIELD_FJMAX,SDSYSFIELD_FJEXT) values('SDFQL3002','YXJJBC_GSID','1','核算单位','','YXJJBC','0','0','0','LSBZDW','YX01',' ','1','0030','LSBZDW GS','GS.LSBZDW_DWBH','','GS.LSBZDW_DWMC',' ', 15 ,'','M1','0', 1 , 1 , 40 ,'@GSDWBH@','', 2 ,'0','0','1','0','','','1','1', 54 , 54 ,'1','','0','1','','','','','','',0,'')
go
insert into SDSYSFIELD(SDSYSFIELD_ID,SDSYSFIELD_LMMC,SDSYSFIELD_LMZT,SDSYSFIELD_LMBM,SDSYSFIELD_TITLE,SDSYSFIELD_TABLE,SDSYSFIELD_SFBZ,SDSYSFIELD_KZBZ,SDSYSFIELD_SFSPXM,SDSYSFIELD_BZBM,SDSYSFIELD_BZBH,SDSYSFIELD_BZTJ,SDSYSFIELD_SFBT,SDSYSFIELD_XSXH,SDSYSFIELD_GLBM,SDSYSFIELD_BHZD,SDSYSFIELD_NMZD,SDSYSFIELD_MCZD,SDSYSFIELD_SQL,SDSYSFIELD_WIDTH,SDSYSFIELD_SPJD,SDSYSFIELD_TABID,SDSYSFIELD_TYPE,SDSYSFIELD_COLSPAN,SDSYSFIELD_ROWSPAN,SDSYSFIELD_LENGTH,SDSYSFIELD_DEFAULT,SDSYSFIELD_LIST,SDSYSFIELD_PRECISION,SDSYSFIELD_FIELDTYPE,SDSYSFIELD_READONLY,SDSYSFIELD_LISTFLAG,SDSYSFIELD_LOCALESTRING,SDSYSFIELD_ZDQXBH,SDSYSFIELD_DXLB,SDSYSFIELD_DRBZ,SDSYSFIELD_DRBT,SDSYSFIELD_DRXH,SDSYSFIELD_LBXH,SDSYSFIELD_ISFILTER,SDSYSFIELD_FILTERDISP,SDSYSFIELD_NEWLINE,SDSYSFIELD_NEWLINESHOW,SDSYSFIELD_NEWLINETITLE,SDSYSFIELD_GUID,SDSYSFIELD_LINKDO,SDSYSFIELD_SETSQL,SDSYSFIELD_MIN,SDSYSFIELD_MAX,SDSYSFIELD_FJMAX,SDSYSFIELD_FJEXT) values('SDFQL3002','YXJJBC_DJBH','1','单据编号','','YXJJBC','0','0','0','','',' ','1','0040','','','','',' ', 15 ,'','M1','0', 1 , 1 , 36 ,'','', 2 ,'2','0','1','0','','','0','0', 3 , 3 ,'1','','0','1','','','','','','',0,'')
go
insert into SDSYSFIELD(SDSYSFIELD_ID,SDSYSFIELD_LMMC,SDSYSFIELD_LMZT,SDSYSFIELD_LMBM,SDSYSFIELD_TITLE,SDSYSFIELD_TABLE,SDSYSFIELD_SFBZ,SDSYSFIELD_KZBZ,SDSYSFIELD_SFSPXM,SDSYSFIELD_BZBM,SDSYSFIELD_BZBH,SDSYSFIELD_BZTJ,SDSYSFIELD_SFBT,SDSYSFIELD_XSXH,SDSYSFIELD_GLBM,SDSYSFIELD_BHZD,SDSYSFIELD_NMZD,SDSYSFIELD_MCZD,SDSYSFIELD_SQL,SDSYSFIELD_WIDTH,SDSYSFIELD_SPJD,SDSYSFIELD_TABID,SDSYSFIELD_TYPE,SDSYSFIELD_COLSPAN,SDSYSFIELD_ROWSPAN,SDSYSFIELD_LENGTH,SDSYSFIELD_DEFAULT,SDSYSFIELD_LIST,SDSYSFIELD_PRECISION,SDSYSFIELD_FIELDTYPE,SDSYSFIELD_READONLY,SDSYSFIELD_LISTFLAG,SDSYSFIELD_LOCALESTRING,SDSYSFIELD_ZDQXBH,SDSYSFIELD_DXLB,SDSYSFIELD_DRBZ,SDSYSFIELD_DRBT,SDSYSFIELD_DRXH,SDSYSFIELD_LBXH,SDSYSFIELD_ISFILTER,SDSYSFIELD_FILTERDISP,SDSYSFIELD_NEWLINE,SDSYSFIELD_NEWLINESHOW,SDSYSFIELD_NEWLINETITLE,SDSYSFIELD_GUID,SDSYSFIELD_LINKDO,SDSYSFIELD_SETSQL,SDSYSFIELD_MIN,SDSYSFIELD_MAX,SDSYSFIELD_FJMAX,SDSYSFIELD_FJEXT) values('SDFQL3002','YXJJBC_BMBH','1','区域','','YXJJBC','1','0','0','YXBMZD','YX1',' YXBMZD_SYBZ = ''1'' [GSSJQX] AND YXBMZD_NM,YX_SJQX,YX_SJQXZD,YXSJBMQX[/GSSJQX]','1','0050','YXBMZD BM','BM.YXBMZD_BMBH','BM.YXBMZD_NM','BM.YXBMZD_BMMC',' ', 15 ,'','M1','0', 1 , 1 , 40 ,'','', 2 ,'5','0','1','0','','','1','1', 2 , 2 ,'1','','0','1','','','','','','',0,'')
go
insert into SDSYSFIELD(SDSYSFIELD_ID,SDSYSFIELD_LMMC,SDSYSFIELD_LMZT,SDSYSFIELD_LMBM,SDSYSFIELD_TITLE,SDSYSFIELD_TABLE,SDSYSFIELD_SFBZ,SDSYSFIELD_KZBZ,SDSYSFIELD_SFSPXM,SDSYSFIELD_BZBM,SDSYSFIELD_BZBH,SDSYSFIELD_BZTJ,SDSYSFIELD_SFBT,SDSYSFIELD_XSXH,SDSYSFIELD_GLBM,SDSYSFIELD_BHZD,SDSYSFIELD_NMZD,SDSYSFIELD_MCZD,SDSYSFIELD_SQL,SDSYSFIELD_WIDTH,SDSYSFIELD_SPJD,SDSYSFIELD_TABID,SDSYSFIELD_TYPE,SDSYSFIELD_COLSPAN,SDSYSFIELD_ROWSPAN,SDSYSFIELD_LENGTH,SDSYSFIELD_DEFAULT,SDSYSFIELD_LIST,SDSYSFIELD_PRECISION,SDSYSFIELD_FIELDTYPE,SDSYSFIELD_READONLY,SDSYSFIELD_LISTFLAG,SDSYSFIELD_LOCALESTRING,SDSYSFIELD_ZDQXBH,SDSYSFIELD_DXLB,SDSYSFIELD_DRBZ,SDSYSFIELD_DRBT,SDSYSFIELD_DRXH,SDSYSFIELD_LBXH,SDSYSFIELD_ISFILTER,SDSYSFIELD_FILTERDISP,SDSYSFIELD_NEWLINE,SDSYSFIELD_NEWLINESHOW,SDSYSFIELD_NEWLINETITLE,SDSYSFIELD_GUID,SDSYSFIELD_LINKDO,SDSYSFIELD_SETSQL,SDSYSFIELD_MIN,SDSYSFIELD_MAX,SDSYSFIELD_FJMAX,SDSYSFIELD_FJEXT) values('SDFQL3002','YXJJBC_SYBBH','1','事业部','','YXJJBC','0','0','0','YXSYB','YX1','YXSYB_SYBZ = ''1''','1','0060','YXSYB SYB','SYB.YXSYB_SYBBH','SYB.YXSYB_NM','SYB.YXSYB_SYBMC',' SELECT YXBMZD_XSZZ FROM YXBMZD where YXBMZD_NM=@YXJJBC_BMBH@', 15 ,'','M1','0', 1 , 1 , 40 ,'','', 2 ,'0','0','1','0','','','1','1', 3 , 2 ,'1','','0','1','','','','','','',0,'')
go
insert into SDSYSFIELD(SDSYSFIELD_ID,SDSYSFIELD_LMMC,SDSYSFIELD_LMZT,SDSYSFIELD_LMBM,SDSYSFIELD_TITLE,SDSYSFIELD_TABLE,SDSYSFIELD_SFBZ,SDSYSFIELD_KZBZ,SDSYSFIELD_SFSPXM,SDSYSFIELD_BZBM,SDSYSFIELD_BZBH,SDSYSFIELD_BZTJ,SDSYSFIELD_SFBT,SDSYSFIELD_XSXH,SDSYSFIELD_GLBM,SDSYSFIELD_BHZD,SDSYSFIELD_NMZD,SDSYSFIELD_MCZD,SDSYSFIELD_SQL,SDSYSFIELD_WIDTH,SDSYSFIELD_SPJD,SDSYSFIELD_TABID,SDSYSFIELD_TYPE,SDSYSFIELD_COLSPAN,SDSYSFIELD_ROWSPAN,SDSYSFIELD_LENGTH,SDSYSFIELD_DEFAULT,SDSYSFIELD_LIST,SDSYSFIELD_PRECISION,SDSYSFIELD_FIELDTYPE,SDSYSFIELD_READONLY,SDSYSFIELD_LISTFLAG,SDSYSFIELD_LOCALESTRING,SDSYSFIELD_ZDQXBH,SDSYSFIELD_DXLB,SDSYSFIELD_DRBZ,SDSYSFIELD_DRBT,SDSYSFIELD_DRXH,SDSYSFIELD_LBXH,SDSYSFIELD_ISFILTER,SDSYSFIELD_FILTERDISP,SDSYSFIELD_NEWLINE,SDSYSFIELD_NEWLINESHOW,SDSYSFIELD_NEWLINETITLE,SDSYSFIELD_GUID,SDSYSFIELD_LINKDO,SDSYSFIELD_SETSQL,SDSYSFIELD_MIN,SDSYSFIELD_MAX,SDSYSFIELD_FJMAX,SDSYSFIELD_FJEXT) values('SDFQL3002','YXJJBC_PQBH','1','大区','','YXJJBC','0','0','0','YXPQZD','YX1','YXPQZD_SYZT = ''1''','1','0070','YXPQZD','YXPQZD_PQBH','YXPQZD_NM','YXPQZD_PQMC',' select YXPQZD_PQBH FROM YXPQZD LEFT JOIN YXPQBM ON YXPQBM_PQNM=YXPQZD_NM WHERE YXPQBM_BMNM=@YXJJBC_BMBH@', 15 ,'','M1','0', 1 , 1 , 40 ,'','', 2 ,'0','0','1','0','','','1','1', 4 , 2 ,'1','','0','1','','','','','','',0,'')
go
insert into SDSYSFIELD(SDSYSFIELD_ID,SDSYSFIELD_LMMC,SDSYSFIELD_LMZT,SDSYSFIELD_LMBM,SDSYSFIELD_TITLE,SDSYSFIELD_TABLE,SDSYSFIELD_SFBZ,SDSYSFIELD_KZBZ,SDSYSFIELD_SFSPXM,SDSYSFIELD_BZBM,SDSYSFIELD_BZBH,SDSYSFIELD_BZTJ,SDSYSFIELD_SFBT,SDSYSFIELD_XSXH,SDSYSFIELD_GLBM,SDSYSFIELD_BHZD,SDSYSFIELD_NMZD,SDSYSFIELD_MCZD,SDSYSFIELD_SQL,SDSYSFIELD_WIDTH,SDSYSFIELD_SPJD,SDSYSFIELD_TABID,SDSYSFIELD_TYPE,SDSYSFIELD_COLSPAN,SDSYSFIELD_ROWSPAN,SDSYSFIELD_LENGTH,SDSYSFIELD_DEFAULT,SDSYSFIELD_LIST,SDSYSFIELD_PRECISION,SDSYSFIELD_FIELDTYPE,SDSYSFIELD_READONLY,SDSYSFIELD_LISTFLAG,SDSYSFIELD_LOCALESTRING,SDSYSFIELD_ZDQXBH,SDSYSFIELD_DXLB,SDSYSFIELD_DRBZ,SDSYSFIELD_DRBT,SDSYSFIELD_DRXH,SDSYSFIELD_LBXH,SDSYSFIELD_ISFILTER,SDSYSFIELD_FILTERDISP,SDSYSFIELD_NEWLINE,SDSYSFIELD_NEWLINESHOW,SDSYSFIELD_NEWLINETITLE,SDSYSFIELD_GUID,SDSYSFIELD_LINKDO,SDSYSFIELD_SETSQL,SDSYSFIELD_MIN,SDSYSFIELD_MAX,SDSYSFIELD_FJMAX,SDSYSFIELD_FJEXT) values('SDFQL3002','YXJJBC_KHBH','1','商业客户','','YXJJBC','0','0','0','YXKHZD','YX1',' ','0','0080','YXKHZD b','b.YXKHZD_KHBH','b.YXKHZD_NM','b.YXKHZD_KHMC',' ', 15 ,'','M1','0', 1 , 1 , 40 ,'','', 2 ,'0','0','1','0','','','1','1', 7 , 2 ,'1','','0','1','','','','','','',0,'')
go
insert into SDSYSFIELD(SDSYSFIELD_ID,SDSYSFIELD_LMMC,SDSYSFIELD_LMZT,SDSYSFIELD_LMBM,SDSYSFIELD_TITLE,SDSYSFIELD_TABLE,SDSYSFIELD_SFBZ,SDSYSFIELD_KZBZ,SDSYSFIELD_SFSPXM,SDSYSFIELD_BZBM,SDSYSFIELD_BZBH,SDSYSFIELD_BZTJ,SDSYSFIELD_SFBT,SDSYSFIELD_XSXH,SDSYSFIELD_GLBM,SDSYSFIELD_BHZD,SDSYSFIELD_NMZD,SDSYSFIELD_MCZD,SDSYSFIELD_SQL,SDSYSFIELD_WIDTH,SDSYSFIELD_SPJD,SDSYSFIELD_TABID,SDSYSFIELD_TYPE,SDSYSFIELD_COLSPAN,SDSYSFIELD_ROWSPAN,SDSYSFIELD_LENGTH,SDSYSFIELD_DEFAULT,SDSYSFIELD_LIST,SDSYSFIELD_PRECISION,SDSYSFIELD_FIELDTYPE,SDSYSFIELD_READONLY,SDSYSFIELD_LISTFLAG,SDSYSFIELD_LOCALESTRING,SDSYSFIELD_ZDQXBH,SDSYSFIELD_DXLB,SDSYSFIELD_DRBZ,SDSYSFIELD_DRBT,SDSYSFIELD_DRXH,SDSYSFIELD_LBXH,SDSYSFIELD_ISFILTER,SDSYSFIELD_FILTERDISP,SDSYSFIELD_NEWLINE,SDSYSFIELD_NEWLINESHOW,SDSYSFIELD_NEWLINETITLE,SDSYSFIELD_GUID,SDSYSFIELD_LINKDO,SDSYSFIELD_SETSQL,SDSYSFIELD_MIN,SDSYSFIELD_MAX,SDSYSFIELD_FJMAX,SDSYSFIELD_FJEXT) values('SDFQL3002','YXJJBC_SQR','1','申请人','','YXJJBC','0','0','0','YXRYZD','YX1',' ','1','0090','YXRYZD','YXRYZD_RYBH','YXRYZD_NM','YXRYZD_RYXM',' ', 15 ,'','M1','0', 1 , 1 , 40 ,'','', 2 ,'0','0','0','0','','','0','0', 21 , 2 ,'0','','0','1','','','','','','',0,'')
go
insert into SDSYSFIELD(SDSYSFIELD_ID,SDSYSFIELD_LMMC,SDSYSFIELD_LMZT,SDSYSFIELD_LMBM,SDSYSFIELD_TITLE,SDSYSFIELD_TABLE,SDSYSFIELD_SFBZ,SDSYSFIELD_KZBZ,SDSYSFIELD_SFSPXM,SDSYSFIELD_BZBM,SDSYSFIELD_BZBH,SDSYSFIELD_BZTJ,SDSYSFIELD_SFBT,SDSYSFIELD_XSXH,SDSYSFIELD_GLBM,SDSYSFIELD_BHZD,SDSYSFIELD_NMZD,SDSYSFIELD_MCZD,SDSYSFIELD_SQL,SDSYSFIELD_WIDTH,SDSYSFIELD_SPJD,SDSYSFIELD_TABID,SDSYSFIELD_TYPE,SDSYSFIELD_COLSPAN,SDSYSFIELD_ROWSPAN,SDSYSFIELD_LENGTH,SDSYSFIELD_DEFAULT,SDSYSFIELD_LIST,SDSYSFIELD_PRECISION,SDSYSFIELD_FIELDTYPE,SDSYSFIELD_READONLY,SDSYSFIELD_LISTFLAG,SDSYSFIELD_LOCALESTRING,SDSYSFIELD_ZDQXBH,SDSYSFIELD_DXLB,SDSYSFIELD_DRBZ,SDSYSFIELD_DRBT,SDSYSFIELD_DRXH,SDSYSFIELD_LBXH,SDSYSFIELD_ISFILTER,SDSYSFIELD_FILTERDISP,SDSYSFIELD_NEWLINE,SDSYSFIELD_NEWLINESHOW,SDSYSFIELD_NEWLINETITLE,SDSYSFIELD_GUID,SDSYSFIELD_LINKDO,SDSYSFIELD_SETSQL,SDSYSFIELD_MIN,SDSYSFIELD_MAX,SDSYSFIELD_FJMAX,SDSYSFIELD_FJEXT) values('SDFQL3002','YXJJBC_ZRFS','1','折让方式','','YXJJBC','0','0','0','','',' ','1','0100','','','','',' ', 15 ,'','M1','0', 1 , 1 , 1 ,'','1,票折;2,红冲', 2 ,'0','0','0','0','','','0','0', 21 , 2 ,'0','','0','1','','','','','','',0,'')
go
insert into SDSYSFIELD(SDSYSFIELD_ID,SDSYSFIELD_LMMC,SDSYSFIELD_LMZT,SDSYSFIELD_LMBM,SDSYSFIELD_TITLE,SDSYSFIELD_TABLE,SDSYSFIELD_SFBZ,SDSYSFIELD_KZBZ,SDSYSFIELD_SFSPXM,SDSYSFIELD_BZBM,SDSYSFIELD_BZBH,SDSYSFIELD_BZTJ,SDSYSFIELD_SFBT,SDSYSFIELD_XSXH,SDSYSFIELD_GLBM,SDSYSFIELD_BHZD,SDSYSFIELD_NMZD,SDSYSFIELD_MCZD,SDSYSFIELD_SQL,SDSYSFIELD_WIDTH,SDSYSFIELD_SPJD,SDSYSFIELD_TABID,SDSYSFIELD_TYPE,SDSYSFIELD_COLSPAN,SDSYSFIELD_ROWSPAN,SDSYSFIELD_LENGTH,SDSYSFIELD_DEFAULT,SDSYSFIELD_LIST,SDSYSFIELD_PRECISION,SDSYSFIELD_FIELDTYPE,SDSYSFIELD_READONLY,SDSYSFIELD_LISTFLAG,SDSYSFIELD_LOCALESTRING,SDSYSFIELD_ZDQXBH,SDSYSFIELD_DXLB,SDSYSFIELD_DRBZ,SDSYSFIELD_DRBT,SDSYSFIELD_DRXH,SDSYSFIELD_LBXH,SDSYSFIELD_ISFILTER,SDSYSFIELD_FILTERDISP,SDSYSFIELD_NEWLINE,SDSYSFIELD_NEWLINESHOW,SDSYSFIELD_NEWLINETITLE,SDSYSFIELD_GUID,SDSYSFIELD_LINKDO,SDSYSFIELD_SETSQL,SDSYSFIELD_MIN,SDSYSFIELD_MAX,SDSYSFIELD_FJMAX,SDSYSFIELD_FJEXT) values('SDFQL3002','YXJJBC_SQJE','1','申报金额','','YXJJBC','0','4','0','','',' ','0','0110','','','','',' ', 15 ,'','M1','1', 1 , 1 , 20 ,'','', 2 ,'0','0','0','0','','','0','0', 21 , 2 ,'0','','0','1','','','','','','',0,'')
go
insert into SDSYSFIELD(SDSYSFIELD_ID,SDSYSFIELD_LMMC,SDSYSFIELD_LMZT,SDSYSFIELD_LMBM,SDSYSFIELD_TITLE,SDSYSFIELD_TABLE,SDSYSFIELD_SFBZ,SDSYSFIELD_KZBZ,SDSYSFIELD_SFSPXM,SDSYSFIELD_BZBM,SDSYSFIELD_BZBH,SDSYSFIELD_BZTJ,SDSYSFIELD_SFBT,SDSYSFIELD_XSXH,SDSYSFIELD_GLBM,SDSYSFIELD_BHZD,SDSYSFIELD_NMZD,SDSYSFIELD_MCZD,SDSYSFIELD_SQL,SDSYSFIELD_WIDTH,SDSYSFIELD_SPJD,SDSYSFIELD_TABID,SDSYSFIELD_TYPE,SDSYSFIELD_COLSPAN,SDSYSFIELD_ROWSPAN,SDSYSFIELD_LENGTH,SDSYSFIELD_DEFAULT,SDSYSFIELD_LIST,SDSYSFIELD_PRECISION,SDSYSFIELD_FIELDTYPE,SDSYSFIELD_READONLY,SDSYSFIELD_LISTFLAG,SDSYSFIELD_LOCALESTRING,SDSYSFIELD_ZDQXBH,SDSYSFIELD_DXLB,SDSYSFIELD_DRBZ,SDSYSFIELD_DRBT,SDSYSFIELD_DRXH,SDSYSFIELD_LBXH,SDSYSFIELD_ISFILTER,SDSYSFIELD_FILTERDISP,SDSYSFIELD_NEWLINE,SDSYSFIELD_NEWLINESHOW,SDSYSFIELD_NEWLINETITLE,SDSYSFIELD_GUID,SDSYSFIELD_LINKDO,SDSYSFIELD_SETSQL,SDSYSFIELD_MIN,SDSYSFIELD_MAX,SDSYSFIELD_FJMAX,SDSYSFIELD_FJEXT) values('SDFQL3002','YXJJBC_SHJE','1','审核金额','','YXJJBC','0','4','0','','',' ','0','0120','','','','',' ', 15 ,'','M1','1', 1 , 1 , 20 ,'','', 2 ,'0','0','0','0','','','0','0', 21 , 2 ,'0','','0','1','','','','','','',0,'')
go
insert into SDSYSFIELD(SDSYSFIELD_ID,SDSYSFIELD_LMMC,SDSYSFIELD_LMZT,SDSYSFIELD_LMBM,SDSYSFIELD_TITLE,SDSYSFIELD_TABLE,SDSYSFIELD_SFBZ,SDSYSFIELD_KZBZ,SDSYSFIELD_SFSPXM,SDSYSFIELD_BZBM,SDSYSFIELD_BZBH,SDSYSFIELD_BZTJ,SDSYSFIELD_SFBT,SDSYSFIELD_XSXH,SDSYSFIELD_GLBM,SDSYSFIELD_BHZD,SDSYSFIELD_NMZD,SDSYSFIELD_MCZD,SDSYSFIELD_SQL,SDSYSFIELD_WIDTH,SDSYSFIELD_SPJD,SDSYSFIELD_TABID,SDSYSFIELD_TYPE,SDSYSFIELD_COLSPAN,SDSYSFIELD_ROWSPAN,SDSYSFIELD_LENGTH,SDSYSFIELD_DEFAULT,SDSYSFIELD_LIST,SDSYSFIELD_PRECISION,SDSYSFIELD_FIELDTYPE,SDSYSFIELD_READONLY,SDSYSFIELD_LISTFLAG,SDSYSFIELD_LOCALESTRING,SDSYSFIELD_ZDQXBH,SDSYSFIELD_DXLB,SDSYSFIELD_DRBZ,SDSYSFIELD_DRBT,SDSYSFIELD_DRXH,SDSYSFIELD_LBXH,SDSYSFIELD_ISFILTER,SDSYSFIELD_FILTERDISP,SDSYSFIELD_NEWLINE,SDSYSFIELD_NEWLINESHOW,SDSYSFIELD_NEWLINETITLE,SDSYSFIELD_GUID,SDSYSFIELD_LINKDO,SDSYSFIELD_SETSQL,SDSYSFIELD_MIN,SDSYSFIELD_MAX,SDSYSFIELD_FJMAX,SDSYSFIELD_FJEXT) values('SDFQL3002','YXJJBC_BZ','1','特殊情况备注','','YXJJBC','0','0','0','','',' ','0','0130','','','','',' ', 15 ,'','M1','0', 5 , 1 , 100 ,'','', 2 ,'0','0','0','0','','','1','0', 21 , 2 ,'0','','0','1','','','','','','',0,'')
go
insert into SDSYSFIELD(SDSYSFIELD_ID,SDSYSFIELD_LMMC,SDSYSFIELD_LMZT,SDSYSFIELD_LMBM,SDSYSFIELD_TITLE,SDSYSFIELD_TABLE,SDSYSFIELD_SFBZ,SDSYSFIELD_KZBZ,SDSYSFIELD_SFSPXM,SDSYSFIELD_BZBM,SDSYSFIELD_BZBH,SDSYSFIELD_BZTJ,SDSYSFIELD_SFBT,SDSYSFIELD_XSXH,SDSYSFIELD_GLBM,SDSYSFIELD_BHZD,SDSYSFIELD_NMZD,SDSYSFIELD_MCZD,SDSYSFIELD_SQL,SDSYSFIELD_WIDTH,SDSYSFIELD_SPJD,SDSYSFIELD_TABID,SDSYSFIELD_TYPE,SDSYSFIELD_COLSPAN,SDSYSFIELD_ROWSPAN,SDSYSFIELD_LENGTH,SDSYSFIELD_DEFAULT,SDSYSFIELD_LIST,SDSYSFIELD_PRECISION,SDSYSFIELD_FIELDTYPE,SDSYSFIELD_READONLY,SDSYSFIELD_LISTFLAG,SDSYSFIELD_LOCALESTRING,SDSYSFIELD_ZDQXBH,SDSYSFIELD_DXLB,SDSYSFIELD_DRBZ,SDSYSFIELD_DRBT,SDSYSFIELD_DRXH,SDSYSFIELD_LBXH,SDSYSFIELD_ISFILTER,SDSYSFIELD_FILTERDISP,SDSYSFIELD_NEWLINE,SDSYSFIELD_NEWLINESHOW,SDSYSFIELD_NEWLINETITLE,SDSYSFIELD_GUID,SDSYSFIELD_LINKDO,SDSYSFIELD_SETSQL,SDSYSFIELD_MIN,SDSYSFIELD_MAX,SDSYSFIELD_FJMAX,SDSYSFIELD_FJEXT) values('SDFQL3002','YXJJBC_C1','0','字符1','','YXJJBC','0','0','0','','',' ','0','0140','','','','',' ', 15 ,'','M1','0', 1 , 1 , 100 ,'','', 2 ,'0','0','0','0','','','0','0', 13 , 2 ,'0','','1','1','','','','','','',0,'')
go
insert into SDSYSFIELD(SDSYSFIELD_ID,SDSYSFIELD_LMMC,SDSYSFIELD_LMZT,SDSYSFIELD_LMBM,SDSYSFIELD_TITLE,SDSYSFIELD_TABLE,SDSYSFIELD_SFBZ,SDSYSFIELD_KZBZ,SDSYSFIELD_SFSPXM,SDSYSFIELD_BZBM,SDSYSFIELD_BZBH,SDSYSFIELD_BZTJ,SDSYSFIELD_SFBT,SDSYSFIELD_XSXH,SDSYSFIELD_GLBM,SDSYSFIELD_BHZD,SDSYSFIELD_NMZD,SDSYSFIELD_MCZD,SDSYSFIELD_SQL,SDSYSFIELD_WIDTH,SDSYSFIELD_SPJD,SDSYSFIELD_TABID,SDSYSFIELD_TYPE,SDSYSFIELD_COLSPAN,SDSYSFIELD_ROWSPAN,SDSYSFIELD_LENGTH,SDSYSFIELD_DEFAULT,SDSYSFIELD_LIST,SDSYSFIELD_PRECISION,SDSYSFIELD_FIELDTYPE,SDSYSFIELD_READONLY,SDSYSFIELD_LISTFLAG,SDSYSFIELD_LOCALESTRING,SDSYSFIELD_ZDQXBH,SDSYSFIELD_DXLB,SDSYSFIELD_DRBZ,SDSYSFIELD_DRBT,SDSYSFIELD_DRXH,SDSYSFIELD_LBXH,SDSYSFIELD_ISFILTER,SDSYSFIELD_FILTERDISP,SDSYSFIELD_NEWLINE,SDSYSFIELD_NEWLINESHOW,SDSYSFIELD_NEWLINETITLE,SDSYSFIELD_GUID,SDSYSFIELD_LINKDO,SDSYSFIELD_SETSQL,SDSYSFIELD_MIN,SDSYSFIELD_MAX,SDSYSFIELD_FJMAX,SDSYSFIELD_FJEXT) values('SDFQL3002','YXJJBC_C2','0','字符2','','YXJJBC','0','0','0','','',' ','0','0150','','','','',' ', 15 ,'','M1','0', 1 , 1 , 100 ,'','', 2 ,'0','0','0','0','','','0','0', 13 , 2 ,'0','','0','1','','','','','','',0,'')
go
insert into SDSYSFIELD(SDSYSFIELD_ID,SDSYSFIELD_LMMC,SDSYSFIELD_LMZT,SDSYSFIELD_LMBM,SDSYSFIELD_TITLE,SDSYSFIELD_TABLE,SDSYSFIELD_SFBZ,SDSYSFIELD_KZBZ,SDSYSFIELD_SFSPXM,SDSYSFIELD_BZBM,SDSYSFIELD_BZBH,SDSYSFIELD_BZTJ,SDSYSFIELD_SFBT,SDSYSFIELD_XSXH,SDSYSFIELD_GLBM,SDSYSFIELD_BHZD,SDSYSFIELD_NMZD,SDSYSFIELD_MCZD,SDSYSFIELD_SQL,SDSYSFIELD_WIDTH,SDSYSFIELD_SPJD,SDSYSFIELD_TABID,SDSYSFIELD_TYPE,SDSYSFIELD_COLSPAN,SDSYSFIELD_ROWSPAN,SDSYSFIELD_LENGTH,SDSYSFIELD_DEFAULT,SDSYSFIELD_LIST,SDSYSFIELD_PRECISION,SDSYSFIELD_FIELDTYPE,SDSYSFIELD_READONLY,SDSYSFIELD_LISTFLAG,SDSYSFIELD_LOCALESTRING,SDSYSFIELD_ZDQXBH,SDSYSFIELD_DXLB,SDSYSFIELD_DRBZ,SDSYSFIELD_DRBT,SDSYSFIELD_DRXH,SDSYSFIELD_LBXH,SDSYSFIELD_ISFILTER,SDSYSFIELD_FILTERDISP,SDSYSFIELD_NEWLINE,SDSYSFIELD_NEWLINESHOW,SDSYSFIELD_NEWLINETITLE,SDSYSFIELD_GUID,SDSYSFIELD_LINKDO,SDSYSFIELD_SETSQL,SDSYSFIELD_MIN,SDSYSFIELD_MAX,SDSYSFIELD_FJMAX,SDSYSFIELD_FJEXT) values('SDFQL3002','YXJJBC_C3','0','字符3','','YXJJBC','0','0','0','','',' ','0','0160','','','','',' ', 15 ,'','M1','0', 1 , 1 , 100 ,'','', 2 ,'0','0','0','0','','','0','0', 13 , 2 ,'0','','0','1','','','','','','',0,'')
go
insert into SDSYSFIELD(SDSYSFIELD_ID,SDSYSFIELD_LMMC,SDSYSFIELD_LMZT,SDSYSFIELD_LMBM,SDSYSFIELD_TITLE,SDSYSFIELD_TABLE,SDSYSFIELD_SFBZ,SDSYSFIELD_KZBZ,SDSYSFIELD_SFSPXM,SDSYSFIELD_BZBM,SDSYSFIELD_BZBH,SDSYSFIELD_BZTJ,SDSYSFIELD_SFBT,SDSYSFIELD_XSXH,SDSYSFIELD_GLBM,SDSYSFIELD_BHZD,SDSYSFIELD_NMZD,SDSYSFIELD_MCZD,SDSYSFIELD_SQL,SDSYSFIELD_WIDTH,SDSYSFIELD_SPJD,SDSYSFIELD_TABID,SDSYSFIELD_TYPE,SDSYSFIELD_COLSPAN,SDSYSFIELD_ROWSPAN,SDSYSFIELD_LENGTH,SDSYSFIELD_DEFAULT,SDSYSFIELD_LIST,SDSYSFIELD_PRECISION,SDSYSFIELD_FIELDTYPE,SDSYSFIELD_READONLY,SDSYSFIELD_LISTFLAG,SDSYSFIELD_LOCALESTRING,SDSYSFIELD_ZDQXBH,SDSYSFIELD_DXLB,SDSYSFIELD_DRBZ,SDSYSFIELD_DRBT,SDSYSFIELD_DRXH,SDSYSFIELD_LBXH,SDSYSFIELD_ISFILTER,SDSYSFIELD_FILTERDISP,SDSYSFIELD_NEWLINE,SDSYSFIELD_NEWLINESHOW,SDSYSFIELD_NEWLINETITLE,SDSYSFIELD_GUID,SDSYSFIELD_LINKDO,SDSYSFIELD_SETSQL,SDSYSFIELD_MIN,SDSYSFIELD_MAX,SDSYSFIELD_FJMAX,SDSYSFIELD_FJEXT) values('SDFQL3002','YXJJBC_C4','0','字符4','','YXJJBC','0','0','0','','',' ','0','0170','','','','',' ', 15 ,'','M1','0', 1 , 1 , 100 ,'','', 2 ,'0','0','0','0','','','0','0', 13 , 2 ,'0','','0','1','','','','','','',0,'')
go
insert into SDSYSFIELD(SDSYSFIELD_ID,SDSYSFIELD_LMMC,SDSYSFIELD_LMZT,SDSYSFIELD_LMBM,SDSYSFIELD_TITLE,SDSYSFIELD_TABLE,SDSYSFIELD_SFBZ,SDSYSFIELD_KZBZ,SDSYSFIELD_SFSPXM,SDSYSFIELD_BZBM,SDSYSFIELD_BZBH,SDSYSFIELD_BZTJ,SDSYSFIELD_SFBT,SDSYSFIELD_XSXH,SDSYSFIELD_GLBM,SDSYSFIELD_BHZD,SDSYSFIELD_NMZD,SDSYSFIELD_MCZD,SDSYSFIELD_SQL,SDSYSFIELD_WIDTH,SDSYSFIELD_SPJD,SDSYSFIELD_TABID,SDSYSFIELD_TYPE,SDSYSFIELD_COLSPAN,SDSYSFIELD_ROWSPAN,SDSYSFIELD_LENGTH,SDSYSFIELD_DEFAULT,SDSYSFIELD_LIST,SDSYSFIELD_PRECISION,SDSYSFIELD_FIELDTYPE,SDSYSFIELD_READONLY,SDSYSFIELD_LISTFLAG,SDSYSFIELD_LOCALESTRING,SDSYSFIELD_ZDQXBH,SDSYSFIELD_DXLB,SDSYSFIELD_DRBZ,SDSYSFIELD_DRBT,SDSYSFIELD_DRXH,SDSYSFIELD_LBXH,SDSYSFIELD_ISFILTER,SDSYSFIELD_FILTERDISP,SDSYSFIELD_NEWLINE,SDSYSFIELD_NEWLINESHOW,SDSYSFIELD_NEWLINETITLE,SDSYSFIELD_GUID,SDSYSFIELD_LINKDO,SDSYSFIELD_SETSQL,SDSYSFIELD_MIN,SDSYSFIELD_MAX,SDSYSFIELD_FJMAX,SDSYSFIELD_FJEXT) values('SDFQL3002','YXJJBC_C5','0','字符5','','YXJJBC','0','0','0','','',' ','0','0180','','','','',' ', 15 ,'','M1','0', 1 , 1 , 100 ,'','', 2 ,'0','0','0','0','','','0','0', 13 , 2 ,'0','','0','1','','','','','','',0,'')
go
insert into SDSYSFIELD(SDSYSFIELD_ID,SDSYSFIELD_LMMC,SDSYSFIELD_LMZT,SDSYSFIELD_LMBM,SDSYSFIELD_TITLE,SDSYSFIELD_TABLE,SDSYSFIELD_SFBZ,SDSYSFIELD_KZBZ,SDSYSFIELD_SFSPXM,SDSYSFIELD_BZBM,SDSYSFIELD_BZBH,SDSYSFIELD_BZTJ,SDSYSFIELD_SFBT,SDSYSFIELD_XSXH,SDSYSFIELD_GLBM,SDSYSFIELD_BHZD,SDSYSFIELD_NMZD,SDSYSFIELD_MCZD,SDSYSFIELD_SQL,SDSYSFIELD_WIDTH,SDSYSFIELD_SPJD,SDSYSFIELD_TABID,SDSYSFIELD_TYPE,SDSYSFIELD_COLSPAN,SDSYSFIELD_ROWSPAN,SDSYSFIELD_LENGTH,SDSYSFIELD_DEFAULT,SDSYSFIELD_LIST,SDSYSFIELD_PRECISION,SDSYSFIELD_FIELDTYPE,SDSYSFIELD_READONLY,SDSYSFIELD_LISTFLAG,SDSYSFIELD_LOCALESTRING,SDSYSFIELD_ZDQXBH,SDSYSFIELD_DXLB,SDSYSFIELD_DRBZ,SDSYSFIELD_DRBT,SDSYSFIELD_DRXH,SDSYSFIELD_LBXH,SDSYSFIELD_ISFILTER,SDSYSFIELD_FILTERDISP,SDSYSFIELD_NEWLINE,SDSYSFIELD_NEWLINESHOW,SDSYSFIELD_NEWLINETITLE,SDSYSFIELD_GUID,SDSYSFIELD_LINKDO,SDSYSFIELD_SETSQL,SDSYSFIELD_MIN,SDSYSFIELD_MAX,SDSYSFIELD_FJMAX,SDSYSFIELD_FJEXT) values('SDFQL3002','YXJJBC_U1','0','数值1','','YXJJBC','0','4','0','','',' ','0','0190','','','','',' ', 15 ,'','M1','1', 1 , 1 , 20 ,'','', 2 ,'0','0','0','0','','','0','0', 13 , 2 ,'0','','0','1','','','','','','',0,'')
go
insert into SDSYSFIELD(SDSYSFIELD_ID,SDSYSFIELD_LMMC,SDSYSFIELD_LMZT,SDSYSFIELD_LMBM,SDSYSFIELD_TITLE,SDSYSFIELD_TABLE,SDSYSFIELD_SFBZ,SDSYSFIELD_KZBZ,SDSYSFIELD_SFSPXM,SDSYSFIELD_BZBM,SDSYSFIELD_BZBH,SDSYSFIELD_BZTJ,SDSYSFIELD_SFBT,SDSYSFIELD_XSXH,SDSYSFIELD_GLBM,SDSYSFIELD_BHZD,SDSYSFIELD_NMZD,SDSYSFIELD_MCZD,SDSYSFIELD_SQL,SDSYSFIELD_WIDTH,SDSYSFIELD_SPJD,SDSYSFIELD_TABID,SDSYSFIELD_TYPE,SDSYSFIELD_COLSPAN,SDSYSFIELD_ROWSPAN,SDSYSFIELD_LENGTH,SDSYSFIELD_DEFAULT,SDSYSFIELD_LIST,SDSYSFIELD_PRECISION,SDSYSFIELD_FIELDTYPE,SDSYSFIELD_READONLY,SDSYSFIELD_LISTFLAG,SDSYSFIELD_LOCALESTRING,SDSYSFIELD_ZDQXBH,SDSYSFIELD_DXLB,SDSYSFIELD_DRBZ,SDSYSFIELD_DRBT,SDSYSFIELD_DRXH,SDSYSFIELD_LBXH,SDSYSFIELD_ISFILTER,SDSYSFIELD_FILTERDISP,SDSYSFIELD_NEWLINE,SDSYSFIELD_NEWLINESHOW,SDSYSFIELD_NEWLINETITLE,SDSYSFIELD_GUID,SDSYSFIELD_LINKDO,SDSYSFIELD_SETSQL,SDSYSFIELD_MIN,SDSYSFIELD_MAX,SDSYSFIELD_FJMAX,SDSYSFIELD_FJEXT) values('SDFQL3002','YXJJBC_U2','0','数值2','','YXJJBC','0','4','0','','',' ','0','0200','','','','',' ', 15 ,'','M1','1', 1 , 1 , 20 ,'','', 2 ,'0','0','0','0','','','0','0', 13 , 2 ,'0','','0','1','','','','','','',0,'')
go
insert into SDSYSFIELD(SDSYSFIELD_ID,SDSYSFIELD_LMMC,SDSYSFIELD_LMZT,SDSYSFIELD_LMBM,SDSYSFIELD_TITLE,SDSYSFIELD_TABLE,SDSYSFIELD_SFBZ,SDSYSFIELD_KZBZ,SDSYSFIELD_SFSPXM,SDSYSFIELD_BZBM,SDSYSFIELD_BZBH,SDSYSFIELD_BZTJ,SDSYSFIELD_SFBT,SDSYSFIELD_XSXH,SDSYSFIELD_GLBM,SDSYSFIELD_BHZD,SDSYSFIELD_NMZD,SDSYSFIELD_MCZD,SDSYSFIELD_SQL,SDSYSFIELD_WIDTH,SDSYSFIELD_SPJD,SDSYSFIELD_TABID,SDSYSFIELD_TYPE,SDSYSFIELD_COLSPAN,SDSYSFIELD_ROWSPAN,SDSYSFIELD_LENGTH,SDSYSFIELD_DEFAULT,SDSYSFIELD_LIST,SDSYSFIELD_PRECISION,SDSYSFIELD_FIELDTYPE,SDSYSFIELD_READONLY,SDSYSFIELD_LISTFLAG,SDSYSFIELD_LOCALESTRING,SDSYSFIELD_ZDQXBH,SDSYSFIELD_DXLB,SDSYSFIELD_DRBZ,SDSYSFIELD_DRBT,SDSYSFIELD_DRXH,SDSYSFIELD_LBXH,SDSYSFIELD_ISFILTER,SDSYSFIELD_FILTERDISP,SDSYSFIELD_NEWLINE,SDSYSFIELD_NEWLINESHOW,SDSYSFIELD_NEWLINETITLE,SDSYSFIELD_GUID,SDSYSFIELD_LINKDO,SDSYSFIELD_SETSQL,SDSYSFIELD_MIN,SDSYSFIELD_MAX,SDSYSFIELD_FJMAX,SDSYSFIELD_FJEXT) values('SDFQL3002','YXJJBC_U3','0','数值3','','YXJJBC','0','4','0','','',' ','0','0210','','','','',' ', 15 ,'','M1','1', 1 , 1 , 20 ,'','', 2 ,'0','0','0','0','','','0','0', 13 , 2 ,'0','','0','1','','','','','','',0,'')
go
insert into SDSYSFIELD(SDSYSFIELD_ID,SDSYSFIELD_LMMC,SDSYSFIELD_LMZT,SDSYSFIELD_LMBM,SDSYSFIELD_TITLE,SDSYSFIELD_TABLE,SDSYSFIELD_SFBZ,SDSYSFIELD_KZBZ,SDSYSFIELD_SFSPXM,SDSYSFIELD_BZBM,SDSYSFIELD_BZBH,SDSYSFIELD_BZTJ,SDSYSFIELD_SFBT,SDSYSFIELD_XSXH,SDSYSFIELD_GLBM,SDSYSFIELD_BHZD,SDSYSFIELD_NMZD,SDSYSFIELD_MCZD,SDSYSFIELD_SQL,SDSYSFIELD_WIDTH,SDSYSFIELD_SPJD,SDSYSFIELD_TABID,SDSYSFIELD_TYPE,SDSYSFIELD_COLSPAN,SDSYSFIELD_ROWSPAN,SDSYSFIELD_LENGTH,SDSYSFIELD_DEFAULT,SDSYSFIELD_LIST,SDSYSFIELD_PRECISION,SDSYSFIELD_FIELDTYPE,SDSYSFIELD_READONLY,SDSYSFIELD_LISTFLAG,SDSYSFIELD_LOCALESTRING,SDSYSFIELD_ZDQXBH,SDSYSFIELD_DXLB,SDSYSFIELD_DRBZ,SDSYSFIELD_DRBT,SDSYSFIELD_DRXH,SDSYSFIELD_LBXH,SDSYSFIELD_ISFILTER,SDSYSFIELD_FILTERDISP,SDSYSFIELD_NEWLINE,SDSYSFIELD_NEWLINESHOW,SDSYSFIELD_NEWLINETITLE,SDSYSFIELD_GUID,SDSYSFIELD_LINKDO,SDSYSFIELD_SETSQL,SDSYSFIELD_MIN,SDSYSFIELD_MAX,SDSYSFIELD_FJMAX,SDSYSFIELD_FJEXT) values('SDFQL3002','YXJJBC_ZDR','1','制单人','','YXJJBC','0','0','0','','',' ','1','0220','','','','',' ', 15 ,'','MB','0', 1 , 1 , 20 ,'@UserName@','', 2 ,'9','0','0','0','','','0','0', 51 , 51 ,'1','','0','1','','','','','','',0,'')
go
insert into SDSYSFIELD(SDSYSFIELD_ID,SDSYSFIELD_LMMC,SDSYSFIELD_LMZT,SDSYSFIELD_LMBM,SDSYSFIELD_TITLE,SDSYSFIELD_TABLE,SDSYSFIELD_SFBZ,SDSYSFIELD_KZBZ,SDSYSFIELD_SFSPXM,SDSYSFIELD_BZBM,SDSYSFIELD_BZBH,SDSYSFIELD_BZTJ,SDSYSFIELD_SFBT,SDSYSFIELD_XSXH,SDSYSFIELD_GLBM,SDSYSFIELD_BHZD,SDSYSFIELD_NMZD,SDSYSFIELD_MCZD,SDSYSFIELD_SQL,SDSYSFIELD_WIDTH,SDSYSFIELD_SPJD,SDSYSFIELD_TABID,SDSYSFIELD_TYPE,SDSYSFIELD_COLSPAN,SDSYSFIELD_ROWSPAN,SDSYSFIELD_LENGTH,SDSYSFIELD_DEFAULT,SDSYSFIELD_LIST,SDSYSFIELD_PRECISION,SDSYSFIELD_FIELDTYPE,SDSYSFIELD_READONLY,SDSYSFIELD_LISTFLAG,SDSYSFIELD_LOCALESTRING,SDSYSFIELD_ZDQXBH,SDSYSFIELD_DXLB,SDSYSFIELD_DRBZ,SDSYSFIELD_DRBT,SDSYSFIELD_DRXH,SDSYSFIELD_LBXH,SDSYSFIELD_ISFILTER,SDSYSFIELD_FILTERDISP,SDSYSFIELD_NEWLINE,SDSYSFIELD_NEWLINESHOW,SDSYSFIELD_NEWLINETITLE,SDSYSFIELD_GUID,SDSYSFIELD_LINKDO,SDSYSFIELD_SETSQL,SDSYSFIELD_MIN,SDSYSFIELD_MAX,SDSYSFIELD_FJMAX,SDSYSFIELD_FJEXT) values('SDFQL3002','YXJJBC_ZDRID','1','制单人ID','','YXJJBC','0','0','0','','',' ','0','0230','','','','',' ', 0 ,'','MB','0', 1 , 1 , 40 ,'@UserID@','', 2 ,'0','0','0','0','','','0','0', 51 , 51 ,'0','','0','1','','','','','','',0,'')
go
insert into SDSYSFIELD(SDSYSFIELD_ID,SDSYSFIELD_LMMC,SDSYSFIELD_LMZT,SDSYSFIELD_LMBM,SDSYSFIELD_TITLE,SDSYSFIELD_TABLE,SDSYSFIELD_SFBZ,SDSYSFIELD_KZBZ,SDSYSFIELD_SFSPXM,SDSYSFIELD_BZBM,SDSYSFIELD_BZBH,SDSYSFIELD_BZTJ,SDSYSFIELD_SFBT,SDSYSFIELD_XSXH,SDSYSFIELD_GLBM,SDSYSFIELD_BHZD,SDSYSFIELD_NMZD,SDSYSFIELD_MCZD,SDSYSFIELD_SQL,SDSYSFIELD_WIDTH,SDSYSFIELD_SPJD,SDSYSFIELD_TABID,SDSYSFIELD_TYPE,SDSYSFIELD_COLSPAN,SDSYSFIELD_ROWSPAN,SDSYSFIELD_LENGTH,SDSYSFIELD_DEFAULT,SDSYSFIELD_LIST,SDSYSFIELD_PRECISION,SDSYSFIELD_FIELDTYPE,SDSYSFIELD_READONLY,SDSYSFIELD_LISTFLAG,SDSYSFIELD_LOCALESTRING,SDSYSFIELD_ZDQXBH,SDSYSFIELD_DXLB,SDSYSFIELD_DRBZ,SDSYSFIELD_DRBT,SDSYSFIELD_DRXH,SDSYSFIELD_LBXH,SDSYSFIELD_ISFILTER,SDSYSFIELD_FILTERDISP,SDSYSFIELD_NEWLINE,SDSYSFIELD_NEWLINESHOW,SDSYSFIELD_NEWLINETITLE,SDSYSFIELD_GUID,SDSYSFIELD_LINKDO,SDSYSFIELD_SETSQL,SDSYSFIELD_MIN,SDSYSFIELD_MAX,SDSYSFIELD_FJMAX,SDSYSFIELD_FJEXT) values('SDFQL3002','YXJJBC_SHRQ','1','审核日期','','YXJJBC','0','1','0','','',' ','1','0240','','','','',' ', 15 ,'','MB','0', 1 , 1 , 200 ,'','', 2 ,'8','0','0','0','','','0','0', 52 , 52 ,'0','','0','1','','','','','','',0,'')
go
insert into SDSYSFIELD(SDSYSFIELD_ID,SDSYSFIELD_LMMC,SDSYSFIELD_LMZT,SDSYSFIELD_LMBM,SDSYSFIELD_TITLE,SDSYSFIELD_TABLE,SDSYSFIELD_SFBZ,SDSYSFIELD_KZBZ,SDSYSFIELD_SFSPXM,SDSYSFIELD_BZBM,SDSYSFIELD_BZBH,SDSYSFIELD_BZTJ,SDSYSFIELD_SFBT,SDSYSFIELD_XSXH,SDSYSFIELD_GLBM,SDSYSFIELD_BHZD,SDSYSFIELD_NMZD,SDSYSFIELD_MCZD,SDSYSFIELD_SQL,SDSYSFIELD_WIDTH,SDSYSFIELD_SPJD,SDSYSFIELD_TABID,SDSYSFIELD_TYPE,SDSYSFIELD_COLSPAN,SDSYSFIELD_ROWSPAN,SDSYSFIELD_LENGTH,SDSYSFIELD_DEFAULT,SDSYSFIELD_LIST,SDSYSFIELD_PRECISION,SDSYSFIELD_FIELDTYPE,SDSYSFIELD_READONLY,SDSYSFIELD_LISTFLAG,SDSYSFIELD_LOCALESTRING,SDSYSFIELD_ZDQXBH,SDSYSFIELD_DXLB,SDSYSFIELD_DRBZ,SDSYSFIELD_DRBT,SDSYSFIELD_DRXH,SDSYSFIELD_LBXH,SDSYSFIELD_ISFILTER,SDSYSFIELD_FILTERDISP,SDSYSFIELD_NEWLINE,SDSYSFIELD_NEWLINESHOW,SDSYSFIELD_NEWLINETITLE,SDSYSFIELD_GUID,SDSYSFIELD_LINKDO,SDSYSFIELD_SETSQL,SDSYSFIELD_MIN,SDSYSFIELD_MAX,SDSYSFIELD_FJMAX,SDSYSFIELD_FJEXT) values('SDFQL3002','YXJJBC_SHBZ','1','审核标志','','YXJJBC','0','0','0','','',' ','1','0250','','','','',' ', 15 ,'','MB','0', 1 , 1 , 1 ,'0','1,审批通过;0,未提交;2,审批否决;3,正在审批;4,免审', 2 ,'6','0','0','0','','','0','0', 53 , 53 ,'0','','0','1','','','','','','',0,'')
go
insert into SDSYSFIELD(SDSYSFIELD_ID,SDSYSFIELD_LMMC,SDSYSFIELD_LMZT,SDSYSFIELD_LMBM,SDSYSFIELD_TITLE,SDSYSFIELD_TABLE,SDSYSFIELD_SFBZ,SDSYSFIELD_KZBZ,SDSYSFIELD_SFSPXM,SDSYSFIELD_BZBM,SDSYSFIELD_BZBH,SDSYSFIELD_BZTJ,SDSYSFIELD_SFBT,SDSYSFIELD_XSXH,SDSYSFIELD_GLBM,SDSYSFIELD_BHZD,SDSYSFIELD_NMZD,SDSYSFIELD_MCZD,SDSYSFIELD_SQL,SDSYSFIELD_WIDTH,SDSYSFIELD_SPJD,SDSYSFIELD_TABID,SDSYSFIELD_TYPE,SDSYSFIELD_COLSPAN,SDSYSFIELD_ROWSPAN,SDSYSFIELD_LENGTH,SDSYSFIELD_DEFAULT,SDSYSFIELD_LIST,SDSYSFIELD_PRECISION,SDSYSFIELD_FIELDTYPE,SDSYSFIELD_READONLY,SDSYSFIELD_LISTFLAG,SDSYSFIELD_LOCALESTRING,SDSYSFIELD_ZDQXBH,SDSYSFIELD_DXLB,SDSYSFIELD_DRBZ,SDSYSFIELD_DRBT,SDSYSFIELD_DRXH,SDSYSFIELD_LBXH,SDSYSFIELD_ISFILTER,SDSYSFIELD_FILTERDISP,SDSYSFIELD_NEWLINE,SDSYSFIELD_NEWLINESHOW,SDSYSFIELD_NEWLINETITLE,SDSYSFIELD_GUID,SDSYSFIELD_LINKDO,SDSYSFIELD_SETSQL,SDSYSFIELD_MIN,SDSYSFIELD_MAX,SDSYSFIELD_FJMAX,SDSYSFIELD_FJEXT) values('SDFQL3002','YXJJBC_SHR','1','审核人','','YXJJBC','0','0','0','','',' ','1','0260','','','','',' ', 15 ,'','MB','0', 1 , 1 , 200 ,'','', 2 ,'7','0','0','0','','','0','0', 54 , 54 ,'0','','0','1','','','','','','',0,'')
go
insert into SDSYSFIELD(SDSYSFIELD_ID,SDSYSFIELD_LMMC,SDSYSFIELD_LMZT,SDSYSFIELD_LMBM,SDSYSFIELD_TITLE,SDSYSFIELD_TABLE,SDSYSFIELD_SFBZ,SDSYSFIELD_KZBZ,SDSYSFIELD_SFSPXM,SDSYSFIELD_BZBM,SDSYSFIELD_BZBH,SDSYSFIELD_BZTJ,SDSYSFIELD_SFBT,SDSYSFIELD_XSXH,SDSYSFIELD_GLBM,SDSYSFIELD_BHZD,SDSYSFIELD_NMZD,SDSYSFIELD_MCZD,SDSYSFIELD_SQL,SDSYSFIELD_WIDTH,SDSYSFIELD_SPJD,SDSYSFIELD_TABID,SDSYSFIELD_TYPE,SDSYSFIELD_COLSPAN,SDSYSFIELD_ROWSPAN,SDSYSFIELD_LENGTH,SDSYSFIELD_DEFAULT,SDSYSFIELD_LIST,SDSYSFIELD_PRECISION,SDSYSFIELD_FIELDTYPE,SDSYSFIELD_READONLY,SDSYSFIELD_LISTFLAG,SDSYSFIELD_LOCALESTRING,SDSYSFIELD_ZDQXBH,SDSYSFIELD_DXLB,SDSYSFIELD_DRBZ,SDSYSFIELD_DRBT,SDSYSFIELD_DRXH,SDSYSFIELD_LBXH,SDSYSFIELD_ISFILTER,SDSYSFIELD_FILTERDISP,SDSYSFIELD_NEWLINE,SDSYSFIELD_NEWLINESHOW,SDSYSFIELD_NEWLINETITLE,SDSYSFIELD_GUID,SDSYSFIELD_LINKDO,SDSYSFIELD_SETSQL,SDSYSFIELD_MIN,SDSYSFIELD_MAX,SDSYSFIELD_FJMAX,SDSYSFIELD_FJEXT) values('SDFQL3002','YXJJBC_SPDX','1','审批对象','','YXJJBC','0','0','0','','',' ','1','0270','','','','',' ', 0 ,'','MB','0', 1 , 1 , 40 ,'','', 2 ,'0','0','0','0','','','0','0', 54 , 54 ,'0','','0','1','','','','','','',0,'')
go
insert into SDSYSFIELD(SDSYSFIELD_ID,SDSYSFIELD_LMMC,SDSYSFIELD_LMZT,SDSYSFIELD_LMBM,SDSYSFIELD_TITLE,SDSYSFIELD_TABLE,SDSYSFIELD_SFBZ,SDSYSFIELD_KZBZ,SDSYSFIELD_SFSPXM,SDSYSFIELD_BZBM,SDSYSFIELD_BZBH,SDSYSFIELD_BZTJ,SDSYSFIELD_SFBT,SDSYSFIELD_XSXH,SDSYSFIELD_GLBM,SDSYSFIELD_BHZD,SDSYSFIELD_NMZD,SDSYSFIELD_MCZD,SDSYSFIELD_SQL,SDSYSFIELD_WIDTH,SDSYSFIELD_SPJD,SDSYSFIELD_TABID,SDSYSFIELD_TYPE,SDSYSFIELD_COLSPAN,SDSYSFIELD_ROWSPAN,SDSYSFIELD_LENGTH,SDSYSFIELD_DEFAULT,SDSYSFIELD_LIST,SDSYSFIELD_PRECISION,SDSYSFIELD_FIELDTYPE,SDSYSFIELD_READONLY,SDSYSFIELD_LISTFLAG,SDSYSFIELD_LOCALESTRING,SDSYSFIELD_ZDQXBH,SDSYSFIELD_DXLB,SDSYSFIELD_DRBZ,SDSYSFIELD_DRBT,SDSYSFIELD_DRXH,SDSYSFIELD_LBXH,SDSYSFIELD_ISFILTER,SDSYSFIELD_FILTERDISP,SDSYSFIELD_NEWLINE,SDSYSFIELD_NEWLINESHOW,SDSYSFIELD_NEWLINETITLE,SDSYSFIELD_GUID,SDSYSFIELD_LINKDO,SDSYSFIELD_SETSQL,SDSYSFIELD_MIN,SDSYSFIELD_MAX,SDSYSFIELD_FJMAX,SDSYSFIELD_FJEXT) values('SDFQL3002','YXJJBC_SHLC','0','审核流程','','YXJJBC','0','0','0','','',' ','0','0280','','','','',' ', 15 ,'','MB','0', 1 , 1 , 4 ,'','', 2 ,'0','0','0','0','','','0','0', 55 , 55 ,'0','','0','1','','','','','','',0,'')
go
insert into SDSYSFIELD(SDSYSFIELD_ID,SDSYSFIELD_LMMC,SDSYSFIELD_LMZT,SDSYSFIELD_LMBM,SDSYSFIELD_TITLE,SDSYSFIELD_TABLE,SDSYSFIELD_SFBZ,SDSYSFIELD_KZBZ,SDSYSFIELD_SFSPXM,SDSYSFIELD_BZBM,SDSYSFIELD_BZBH,SDSYSFIELD_BZTJ,SDSYSFIELD_SFBT,SDSYSFIELD_XSXH,SDSYSFIELD_GLBM,SDSYSFIELD_BHZD,SDSYSFIELD_NMZD,SDSYSFIELD_MCZD,SDSYSFIELD_SQL,SDSYSFIELD_WIDTH,SDSYSFIELD_SPJD,SDSYSFIELD_TABID,SDSYSFIELD_TYPE,SDSYSFIELD_COLSPAN,SDSYSFIELD_ROWSPAN,SDSYSFIELD_LENGTH,SDSYSFIELD_DEFAULT,SDSYSFIELD_LIST,SDSYSFIELD_PRECISION,SDSYSFIELD_FIELDTYPE,SDSYSFIELD_READONLY,SDSYSFIELD_LISTFLAG,SDSYSFIELD_LOCALESTRING,SDSYSFIELD_ZDQXBH,SDSYSFIELD_DXLB,SDSYSFIELD_DRBZ,SDSYSFIELD_DRBT,SDSYSFIELD_DRXH,SDSYSFIELD_LBXH,SDSYSFIELD_ISFILTER,SDSYSFIELD_FILTERDISP,SDSYSFIELD_NEWLINE,SDSYSFIELD_NEWLINESHOW,SDSYSFIELD_NEWLINETITLE,SDSYSFIELD_GUID,SDSYSFIELD_LINKDO,SDSYSFIELD_SETSQL,SDSYSFIELD_MIN,SDSYSFIELD_MAX,SDSYSFIELD_FJMAX,SDSYSFIELD_FJEXT) values('SDFQL3002','YXJJBC_ZDRQ','1','制单日期','','YXJJBC','0','1','0','','',' ','1','0290','','','','',' ', 15 ,'','MB','0', 1 , 1 , 8 ,'YYYYMMDD','', 2 ,'3','0','0','0','','','0','0', 1 , 1 ,'0','','0','1','','','','','','',0,'')
go
insert into SDSYSFIELD(SDSYSFIELD_ID,SDSYSFIELD_LMMC,SDSYSFIELD_LMZT,SDSYSFIELD_LMBM,SDSYSFIELD_TITLE,SDSYSFIELD_TABLE,SDSYSFIELD_SFBZ,SDSYSFIELD_KZBZ,SDSYSFIELD_SFSPXM,SDSYSFIELD_BZBM,SDSYSFIELD_BZBH,SDSYSFIELD_BZTJ,SDSYSFIELD_SFBT,SDSYSFIELD_XSXH,SDSYSFIELD_GLBM,SDSYSFIELD_BHZD,SDSYSFIELD_NMZD,SDSYSFIELD_MCZD,SDSYSFIELD_SQL,SDSYSFIELD_WIDTH,SDSYSFIELD_SPJD,SDSYSFIELD_TABID,SDSYSFIELD_TYPE,SDSYSFIELD_COLSPAN,SDSYSFIELD_ROWSPAN,SDSYSFIELD_LENGTH,SDSYSFIELD_DEFAULT,SDSYSFIELD_LIST,SDSYSFIELD_PRECISION,SDSYSFIELD_FIELDTYPE,SDSYSFIELD_READONLY,SDSYSFIELD_LISTFLAG,SDSYSFIELD_LOCALESTRING,SDSYSFIELD_ZDQXBH,SDSYSFIELD_DXLB,SDSYSFIELD_DRBZ,SDSYSFIELD_DRBT,SDSYSFIELD_DRXH,SDSYSFIELD_LBXH,SDSYSFIELD_ISFILTER,SDSYSFIELD_FILTERDISP,SDSYSFIELD_NEWLINE,SDSYSFIELD_NEWLINESHOW,SDSYSFIELD_NEWLINETITLE,SDSYSFIELD_GUID,SDSYSFIELD_LINKDO,SDSYSFIELD_SETSQL,SDSYSFIELD_MIN,SDSYSFIELD_MAX,SDSYSFIELD_FJMAX,SDSYSFIELD_FJEXT) values('SDFQL3002','YXJJBCHZ_FLBH','0','分录编号','','YXJJBCHZ','0','0','0','','',' ','0','0300','','','','',' ', 0 ,'','I1','0', 1 , 1 , 40 ,'','', 2 ,'4','0','0','0','','','0','0', 1 , 1 ,'0','','0','1','','','','','','',0,'')
go
insert into SDSYSFIELD(SDSYSFIELD_ID,SDSYSFIELD_LMMC,SDSYSFIELD_LMZT,SDSYSFIELD_LMBM,SDSYSFIELD_TITLE,SDSYSFIELD_TABLE,SDSYSFIELD_SFBZ,SDSYSFIELD_KZBZ,SDSYSFIELD_SFSPXM,SDSYSFIELD_BZBM,SDSYSFIELD_BZBH,SDSYSFIELD_BZTJ,SDSYSFIELD_SFBT,SDSYSFIELD_XSXH,SDSYSFIELD_GLBM,SDSYSFIELD_BHZD,SDSYSFIELD_NMZD,SDSYSFIELD_MCZD,SDSYSFIELD_SQL,SDSYSFIELD_WIDTH,SDSYSFIELD_SPJD,SDSYSFIELD_TABID,SDSYSFIELD_TYPE,SDSYSFIELD_COLSPAN,SDSYSFIELD_ROWSPAN,SDSYSFIELD_LENGTH,SDSYSFIELD_DEFAULT,SDSYSFIELD_LIST,SDSYSFIELD_PRECISION,SDSYSFIELD_FIELDTYPE,SDSYSFIELD_READONLY,SDSYSFIELD_LISTFLAG,SDSYSFIELD_LOCALESTRING,SDSYSFIELD_ZDQXBH,SDSYSFIELD_DXLB,SDSYSFIELD_DRBZ,SDSYSFIELD_DRBT,SDSYSFIELD_DRXH,SDSYSFIELD_LBXH,SDSYSFIELD_ISFILTER,SDSYSFIELD_FILTERDISP,SDSYSFIELD_NEWLINE,SDSYSFIELD_NEWLINESHOW,SDSYSFIELD_NEWLINETITLE,SDSYSFIELD_GUID,SDSYSFIELD_LINKDO,SDSYSFIELD_SETSQL,SDSYSFIELD_MIN,SDSYSFIELD_MAX,SDSYSFIELD_FJMAX,SDSYSFIELD_FJEXT) values('SDFQL3002','YXJJBCHZ_LSBH','0','流水编号','','YXJJBCHZ','0','0','0','','',' ','0','0310','','','','',' ', 0 ,'','I1','0', 1 , 1 , 40 ,'','', 2 ,'1','0','0','0','','','0','0', 1 , 1 ,'0','','0','1','','','','','','',0,'')
go
insert into SDSYSFIELD(SDSYSFIELD_ID,SDSYSFIELD_LMMC,SDSYSFIELD_LMZT,SDSYSFIELD_LMBM,SDSYSFIELD_TITLE,SDSYSFIELD_TABLE,SDSYSFIELD_SFBZ,SDSYSFIELD_KZBZ,SDSYSFIELD_SFSPXM,SDSYSFIELD_BZBM,SDSYSFIELD_BZBH,SDSYSFIELD_BZTJ,SDSYSFIELD_SFBT,SDSYSFIELD_XSXH,SDSYSFIELD_GLBM,SDSYSFIELD_BHZD,SDSYSFIELD_NMZD,SDSYSFIELD_MCZD,SDSYSFIELD_SQL,SDSYSFIELD_WIDTH,SDSYSFIELD_SPJD,SDSYSFIELD_TABID,SDSYSFIELD_TYPE,SDSYSFIELD_COLSPAN,SDSYSFIELD_ROWSPAN,SDSYSFIELD_LENGTH,SDSYSFIELD_DEFAULT,SDSYSFIELD_LIST,SDSYSFIELD_PRECISION,SDSYSFIELD_FIELDTYPE,SDSYSFIELD_READONLY,SDSYSFIELD_LISTFLAG,SDSYSFIELD_LOCALESTRING,SDSYSFIELD_ZDQXBH,SDSYSFIELD_DXLB,SDSYSFIELD_DRBZ,SDSYSFIELD_DRBT,SDSYSFIELD_DRXH,SDSYSFIELD_LBXH,SDSYSFIELD_ISFILTER,SDSYSFIELD_FILTERDISP,SDSYSFIELD_NEWLINE,SDSYSFIELD_NEWLINESHOW,SDSYSFIELD_NEWLINETITLE,SDSYSFIELD_GUID,SDSYSFIELD_LINKDO,SDSYSFIELD_SETSQL,SDSYSFIELD_MIN,SDSYSFIELD_MAX,SDSYSFIELD_FJMAX,SDSYSFIELD_FJEXT) values('SDFQL3002','YXJJBCHZ_ZRZT','1','折让账套','','YXJJBCHZ',' ','0',' ','LSBZDW','YX01','','0','0320','LSBZDW ZRZT','ZRZT.LSBZDW_DWBH','','ZRZT.LSBZDW_DWMC','', 12 ,'','I1','0', 0 , 0 , 40 ,'','', 0 ,'0','1',' ','','','','0','0', 0 , 0 ,'1','',' ','1','',' ','','','','',0,'')
go
insert into SDSYSFIELD(SDSYSFIELD_ID,SDSYSFIELD_LMMC,SDSYSFIELD_LMZT,SDSYSFIELD_LMBM,SDSYSFIELD_TITLE,SDSYSFIELD_TABLE,SDSYSFIELD_SFBZ,SDSYSFIELD_KZBZ,SDSYSFIELD_SFSPXM,SDSYSFIELD_BZBM,SDSYSFIELD_BZBH,SDSYSFIELD_BZTJ,SDSYSFIELD_SFBT,SDSYSFIELD_XSXH,SDSYSFIELD_GLBM,SDSYSFIELD_BHZD,SDSYSFIELD_NMZD,SDSYSFIELD_MCZD,SDSYSFIELD_SQL,SDSYSFIELD_WIDTH,SDSYSFIELD_SPJD,SDSYSFIELD_TABID,SDSYSFIELD_TYPE,SDSYSFIELD_COLSPAN,SDSYSFIELD_ROWSPAN,SDSYSFIELD_LENGTH,SDSYSFIELD_DEFAULT,SDSYSFIELD_LIST,SDSYSFIELD_PRECISION,SDSYSFIELD_FIELDTYPE,SDSYSFIELD_READONLY,SDSYSFIELD_LISTFLAG,SDSYSFIELD_LOCALESTRING,SDSYSFIELD_ZDQXBH,SDSYSFIELD_DXLB,SDSYSFIELD_DRBZ,SDSYSFIELD_DRBT,SDSYSFIELD_DRXH,SDSYSFIELD_LBXH,SDSYSFIELD_ISFILTER,SDSYSFIELD_FILTERDISP,SDSYSFIELD_NEWLINE,SDSYSFIELD_NEWLINESHOW,SDSYSFIELD_NEWLINETITLE,SDSYSFIELD_GUID,SDSYSFIELD_LINKDO,SDSYSFIELD_SETSQL,SDSYSFIELD_MIN,SDSYSFIELD_MAX,SDSYSFIELD_FJMAX,SDSYSFIELD_FJEXT) values('SDFQL3002','YXJJBCHZ_GSID','1','销售公司','','YXJJBCHZ','0','0','0','LSBZDW','YX01','','0','0320','LSBZDW GSHZ','GSHZ.LSBZDW_DWBH','','GSHZ.LSBZDW_DWMC','', 10 ,'','I1','0', 1 , 1 , 40 ,'','', 2 ,'0','1','0','0','','','0','0', 1 , 1 ,'0','','0','1','',' ','','','','',0,'')
go
insert into SDSYSFIELD(SDSYSFIELD_ID,SDSYSFIELD_LMMC,SDSYSFIELD_LMZT,SDSYSFIELD_LMBM,SDSYSFIELD_TITLE,SDSYSFIELD_TABLE,SDSYSFIELD_SFBZ,SDSYSFIELD_KZBZ,SDSYSFIELD_SFSPXM,SDSYSFIELD_BZBM,SDSYSFIELD_BZBH,SDSYSFIELD_BZTJ,SDSYSFIELD_SFBT,SDSYSFIELD_XSXH,SDSYSFIELD_GLBM,SDSYSFIELD_BHZD,SDSYSFIELD_NMZD,SDSYSFIELD_MCZD,SDSYSFIELD_SQL,SDSYSFIELD_WIDTH,SDSYSFIELD_SPJD,SDSYSFIELD_TABID,SDSYSFIELD_TYPE,SDSYSFIELD_COLSPAN,SDSYSFIELD_ROWSPAN,SDSYSFIELD_LENGTH,SDSYSFIELD_DEFAULT,SDSYSFIELD_LIST,SDSYSFIELD_PRECISION,SDSYSFIELD_FIELDTYPE,SDSYSFIELD_READONLY,SDSYSFIELD_LISTFLAG,SDSYSFIELD_LOCALESTRING,SDSYSFIELD_ZDQXBH,SDSYSFIELD_DXLB,SDSYSFIELD_DRBZ,SDSYSFIELD_DRBT,SDSYSFIELD_DRXH,SDSYSFIELD_LBXH,SDSYSFIELD_ISFILTER,SDSYSFIELD_FILTERDISP,SDSYSFIELD_NEWLINE,SDSYSFIELD_NEWLINESHOW,SDSYSFIELD_NEWLINETITLE,SDSYSFIELD_GUID,SDSYSFIELD_LINKDO,SDSYSFIELD_SETSQL,SDSYSFIELD_MIN,SDSYSFIELD_MAX,SDSYSFIELD_FJMAX,SDSYSFIELD_FJEXT) values('SDFQL3002','YXJJBCHZ_QDLX','1','渠道类型','','YXJJBCHZ','0','0','0','YXDDYWLX','YX1','','0','0330','YXDDYWLX HZLX','HZLX.YXDDYWLX_BH','HZLX.YXDDYWLX_NM','HZLX.YXDDYWLX_MC','', 10 ,'','I1','0', 1 , 1 , 40 ,'','', 2 ,'0','1','0','0','','','0','0', 1 , 1 ,'0','','0','1','',' ','','','','',0,'')
go
insert into SDSYSFIELD(SDSYSFIELD_ID,SDSYSFIELD_LMMC,SDSYSFIELD_LMZT,SDSYSFIELD_LMBM,SDSYSFIELD_TITLE,SDSYSFIELD_TABLE,SDSYSFIELD_SFBZ,SDSYSFIELD_KZBZ,SDSYSFIELD_SFSPXM,SDSYSFIELD_BZBM,SDSYSFIELD_BZBH,SDSYSFIELD_BZTJ,SDSYSFIELD_SFBT,SDSYSFIELD_XSXH,SDSYSFIELD_GLBM,SDSYSFIELD_BHZD,SDSYSFIELD_NMZD,SDSYSFIELD_MCZD,SDSYSFIELD_SQL,SDSYSFIELD_WIDTH,SDSYSFIELD_SPJD,SDSYSFIELD_TABID,SDSYSFIELD_TYPE,SDSYSFIELD_COLSPAN,SDSYSFIELD_ROWSPAN,SDSYSFIELD_LENGTH,SDSYSFIELD_DEFAULT,SDSYSFIELD_LIST,SDSYSFIELD_PRECISION,SDSYSFIELD_FIELDTYPE,SDSYSFIELD_READONLY,SDSYSFIELD_LISTFLAG,SDSYSFIELD_LOCALESTRING,SDSYSFIELD_ZDQXBH,SDSYSFIELD_DXLB,SDSYSFIELD_DRBZ,SDSYSFIELD_DRBT,SDSYSFIELD_DRXH,SDSYSFIELD_LBXH,SDSYSFIELD_ISFILTER,SDSYSFIELD_FILTERDISP,SDSYSFIELD_NEWLINE,SDSYSFIELD_NEWLINESHOW,SDSYSFIELD_NEWLINETITLE,SDSYSFIELD_GUID,SDSYSFIELD_LINKDO,SDSYSFIELD_SETSQL,SDSYSFIELD_MIN,SDSYSFIELD_MAX,SDSYSFIELD_FJMAX,SDSYSFIELD_FJEXT) values('SDFQL3002','YXJJBCHZ_BMBH','1','区域','','YXJJBCHZ','0','0','0','YXBMZD','YX1','','0','0340','YXBMZD BMHZ','BMHZ.YXBMZD_BMBH','BMHZ.YXBMZD_NM','BMHZ.YXBMZD_BMMC','', 10 ,'','I1','0', 1 , 1 , 40 ,'','', 2 ,'0','1','0','0','','','0','0', 1 , 1 ,'0','','0','1','',' ','','','','',0,'')
go
insert into SDSYSFIELD(SDSYSFIELD_ID,SDSYSFIELD_LMMC,SDSYSFIELD_LMZT,SDSYSFIELD_LMBM,SDSYSFIELD_TITLE,SDSYSFIELD_TABLE,SDSYSFIELD_SFBZ,SDSYSFIELD_KZBZ,SDSYSFIELD_SFSPXM,SDSYSFIELD_BZBM,SDSYSFIELD_BZBH,SDSYSFIELD_BZTJ,SDSYSFIELD_SFBT,SDSYSFIELD_XSXH,SDSYSFIELD_GLBM,SDSYSFIELD_BHZD,SDSYSFIELD_NMZD,SDSYSFIELD_MCZD,SDSYSFIELD_SQL,SDSYSFIELD_WIDTH,SDSYSFIELD_SPJD,SDSYSFIELD_TABID,SDSYSFIELD_TYPE,SDSYSFIELD_COLSPAN,SDSYSFIELD_ROWSPAN,SDSYSFIELD_LENGTH,SDSYSFIELD_DEFAULT,SDSYSFIELD_LIST,SDSYSFIELD_PRECISION,SDSYSFIELD_FIELDTYPE,SDSYSFIELD_READONLY,SDSYSFIELD_LISTFLAG,SDSYSFIELD_LOCALESTRING,SDSYSFIELD_ZDQXBH,SDSYSFIELD_DXLB,SDSYSFIELD_DRBZ,SDSYSFIELD_DRBT,SDSYSFIELD_DRXH,SDSYSFIELD_LBXH,SDSYSFIELD_ISFILTER,SDSYSFIELD_FILTERDISP,SDSYSFIELD_NEWLINE,SDSYSFIELD_NEWLINESHOW,SDSYSFIELD_NEWLINETITLE,SDSYSFIELD_GUID,SDSYSFIELD_LINKDO,SDSYSFIELD_SETSQL,SDSYSFIELD_MIN,SDSYSFIELD_MAX,SDSYSFIELD_FJMAX,SDSYSFIELD_FJEXT) values('SDFQL3002','YXJJBCHZ_JE','1','金额','','YXJJBCHZ','0','4','0','','','','0','0350','','','','','', 10 ,'','I1','1', 1 , 1 , 20 ,'','', 2 ,'0','1','0','0','','','0','0', 1 , 1 ,'0','','0','1','',' ','','','','',0,'')
go
insert into SDSYSFIELD(SDSYSFIELD_ID,SDSYSFIELD_LMMC,SDSYSFIELD_LMZT,SDSYSFIELD_LMBM,SDSYSFIELD_TITLE,SDSYSFIELD_TABLE,SDSYSFIELD_SFBZ,SDSYSFIELD_KZBZ,SDSYSFIELD_SFSPXM,SDSYSFIELD_BZBM,SDSYSFIELD_BZBH,SDSYSFIELD_BZTJ,SDSYSFIELD_SFBT,SDSYSFIELD_XSXH,SDSYSFIELD_GLBM,SDSYSFIELD_BHZD,SDSYSFIELD_NMZD,SDSYSFIELD_MCZD,SDSYSFIELD_SQL,SDSYSFIELD_WIDTH,SDSYSFIELD_SPJD,SDSYSFIELD_TABID,SDSYSFIELD_TYPE,SDSYSFIELD_COLSPAN,SDSYSFIELD_ROWSPAN,SDSYSFIELD_LENGTH,SDSYSFIELD_DEFAULT,SDSYSFIELD_LIST,SDSYSFIELD_PRECISION,SDSYSFIELD_FIELDTYPE,SDSYSFIELD_READONLY,SDSYSFIELD_LISTFLAG,SDSYSFIELD_LOCALESTRING,SDSYSFIELD_ZDQXBH,SDSYSFIELD_DXLB,SDSYSFIELD_DRBZ,SDSYSFIELD_DRBT,SDSYSFIELD_DRXH,SDSYSFIELD_LBXH,SDSYSFIELD_ISFILTER,SDSYSFIELD_FILTERDISP,SDSYSFIELD_NEWLINE,SDSYSFIELD_NEWLINESHOW,SDSYSFIELD_NEWLINETITLE,SDSYSFIELD_GUID,SDSYSFIELD_LINKDO,SDSYSFIELD_SETSQL,SDSYSFIELD_MIN,SDSYSFIELD_MAX,SDSYSFIELD_FJMAX,SDSYSFIELD_FJEXT) values('SDFQL3002','YXJJBCHZ_FPSL','1','发票税率','','YXJJBCHZ','0','4','0','','','','0','0360','','','','','', 10 ,'','I1','1', 1 , 1 , 20 ,'','', 2 ,'0','1','0','0','','','0','0', 1 , 1 ,'0','','0','1','',' ','','','','',0,'')
go
insert into SDSYSFIELD(SDSYSFIELD_ID,SDSYSFIELD_LMMC,SDSYSFIELD_LMZT,SDSYSFIELD_LMBM,SDSYSFIELD_TITLE,SDSYSFIELD_TABLE,SDSYSFIELD_SFBZ,SDSYSFIELD_KZBZ,SDSYSFIELD_SFSPXM,SDSYSFIELD_BZBM,SDSYSFIELD_BZBH,SDSYSFIELD_BZTJ,SDSYSFIELD_SFBT,SDSYSFIELD_XSXH,SDSYSFIELD_GLBM,SDSYSFIELD_BHZD,SDSYSFIELD_NMZD,SDSYSFIELD_MCZD,SDSYSFIELD_SQL,SDSYSFIELD_WIDTH,SDSYSFIELD_SPJD,SDSYSFIELD_TABID,SDSYSFIELD_TYPE,SDSYSFIELD_COLSPAN,SDSYSFIELD_ROWSPAN,SDSYSFIELD_LENGTH,SDSYSFIELD_DEFAULT,SDSYSFIELD_LIST,SDSYSFIELD_PRECISION,SDSYSFIELD_FIELDTYPE,SDSYSFIELD_READONLY,SDSYSFIELD_LISTFLAG,SDSYSFIELD_LOCALESTRING,SDSYSFIELD_ZDQXBH,SDSYSFIELD_DXLB,SDSYSFIELD_DRBZ,SDSYSFIELD_DRBT,SDSYSFIELD_DRXH,SDSYSFIELD_LBXH,SDSYSFIELD_ISFILTER,SDSYSFIELD_FILTERDISP,SDSYSFIELD_NEWLINE,SDSYSFIELD_NEWLINESHOW,SDSYSFIELD_NEWLINETITLE,SDSYSFIELD_GUID,SDSYSFIELD_LINKDO,SDSYSFIELD_SETSQL,SDSYSFIELD_MIN,SDSYSFIELD_MAX,SDSYSFIELD_FJMAX,SDSYSFIELD_FJEXT) values('SDFQL3002','YXJJBCHZ_KCLX','1','库存类型','','YXJJBCHZ','0','0','0','','','','0','0370','','','','','', 10 ,'','I1','0', 1 , 1 , 1 ,'','1,商业库存;2,医院库存', 2 ,'0','1','0','0','','','0','0', 1 , 1 ,'0','','0','1','',' ','','','','',0,'')
go
insert into SDSYSFIELD(SDSYSFIELD_ID,SDSYSFIELD_LMMC,SDSYSFIELD_LMZT,SDSYSFIELD_LMBM,SDSYSFIELD_TITLE,SDSYSFIELD_TABLE,SDSYSFIELD_SFBZ,SDSYSFIELD_KZBZ,SDSYSFIELD_SFSPXM,SDSYSFIELD_BZBM,SDSYSFIELD_BZBH,SDSYSFIELD_BZTJ,SDSYSFIELD_SFBT,SDSYSFIELD_XSXH,SDSYSFIELD_GLBM,SDSYSFIELD_BHZD,SDSYSFIELD_NMZD,SDSYSFIELD_MCZD,SDSYSFIELD_SQL,SDSYSFIELD_WIDTH,SDSYSFIELD_SPJD,SDSYSFIELD_TABID,SDSYSFIELD_TYPE,SDSYSFIELD_COLSPAN,SDSYSFIELD_ROWSPAN,SDSYSFIELD_LENGTH,SDSYSFIELD_DEFAULT,SDSYSFIELD_LIST,SDSYSFIELD_PRECISION,SDSYSFIELD_FIELDTYPE,SDSYSFIELD_READONLY,SDSYSFIELD_LISTFLAG,SDSYSFIELD_LOCALESTRING,SDSYSFIELD_ZDQXBH,SDSYSFIELD_DXLB,SDSYSFIELD_DRBZ,SDSYSFIELD_DRBT,SDSYSFIELD_DRXH,SDSYSFIELD_LBXH,SDSYSFIELD_ISFILTER,SDSYSFIELD_FILTERDISP,SDSYSFIELD_NEWLINE,SDSYSFIELD_NEWLINESHOW,SDSYSFIELD_NEWLINETITLE,SDSYSFIELD_GUID,SDSYSFIELD_LINKDO,SDSYSFIELD_SETSQL,SDSYSFIELD_MIN,SDSYSFIELD_MAX,SDSYSFIELD_FJMAX,SDSYSFIELD_FJEXT) values('SDFQL3002','YXJJBCHZ_SYB','1','事业部','','YXJJBCHZ','0','0','0','YXSYB','YX1','','0','0380','YXSYB SYBHZ','SYBHZ.YXSYB_SYBBH','SYBHZ.YXSYB_NM','SYBHZ.YXSYB_SYBMC','', 10 ,'','I1','0', 1 , 1 , 40 ,'','', 2 ,'0','1','0','0','','','0','0', 1 , 1 ,'0','','0','1','',' ','','','','',0,'')
go
insert into SDSYSFIELD(SDSYSFIELD_ID,SDSYSFIELD_LMMC,SDSYSFIELD_LMZT,SDSYSFIELD_LMBM,SDSYSFIELD_TITLE,SDSYSFIELD_TABLE,SDSYSFIELD_SFBZ,SDSYSFIELD_KZBZ,SDSYSFIELD_SFSPXM,SDSYSFIELD_BZBM,SDSYSFIELD_BZBH,SDSYSFIELD_BZTJ,SDSYSFIELD_SFBT,SDSYSFIELD_XSXH,SDSYSFIELD_GLBM,SDSYSFIELD_BHZD,SDSYSFIELD_NMZD,SDSYSFIELD_MCZD,SDSYSFIELD_SQL,SDSYSFIELD_WIDTH,SDSYSFIELD_SPJD,SDSYSFIELD_TABID,SDSYSFIELD_TYPE,SDSYSFIELD_COLSPAN,SDSYSFIELD_ROWSPAN,SDSYSFIELD_LENGTH,SDSYSFIELD_DEFAULT,SDSYSFIELD_LIST,SDSYSFIELD_PRECISION,SDSYSFIELD_FIELDTYPE,SDSYSFIELD_READONLY,SDSYSFIELD_LISTFLAG,SDSYSFIELD_LOCALESTRING,SDSYSFIELD_ZDQXBH,SDSYSFIELD_DXLB,SDSYSFIELD_DRBZ,SDSYSFIELD_DRBT,SDSYSFIELD_DRXH,SDSYSFIELD_LBXH,SDSYSFIELD_ISFILTER,SDSYSFIELD_FILTERDISP,SDSYSFIELD_NEWLINE,SDSYSFIELD_NEWLINESHOW,SDSYSFIELD_NEWLINETITLE,SDSYSFIELD_GUID,SDSYSFIELD_LINKDO,SDSYSFIELD_SETSQL,SDSYSFIELD_MIN,SDSYSFIELD_MAX,SDSYSFIELD_FJMAX,SDSYSFIELD_FJEXT) values('SDFQL3002','YXJJBCHZ_BZ','1','备注','','YXJJBCHZ','0','0','0','','','','0','0390','','','','','', 20 ,'','I1','0', 1 , 1 , 100 ,'','', 2 ,'0','1','0','0','','','0','0', 1 , 1 ,'0','','0','1','',' ','','','','',0,'')
go
insert into SDSYSFIELD(SDSYSFIELD_ID,SDSYSFIELD_LMMC,SDSYSFIELD_LMZT,SDSYSFIELD_LMBM,SDSYSFIELD_TITLE,SDSYSFIELD_TABLE,SDSYSFIELD_SFBZ,SDSYSFIELD_KZBZ,SDSYSFIELD_SFSPXM,SDSYSFIELD_BZBM,SDSYSFIELD_BZBH,SDSYSFIELD_BZTJ,SDSYSFIELD_SFBT,SDSYSFIELD_XSXH,SDSYSFIELD_GLBM,SDSYSFIELD_BHZD,SDSYSFIELD_NMZD,SDSYSFIELD_MCZD,SDSYSFIELD_SQL,SDSYSFIELD_WIDTH,SDSYSFIELD_SPJD,SDSYSFIELD_TABID,SDSYSFIELD_TYPE,SDSYSFIELD_COLSPAN,SDSYSFIELD_ROWSPAN,SDSYSFIELD_LENGTH,SDSYSFIELD_DEFAULT,SDSYSFIELD_LIST,SDSYSFIELD_PRECISION,SDSYSFIELD_FIELDTYPE,SDSYSFIELD_READONLY,SDSYSFIELD_LISTFLAG,SDSYSFIELD_LOCALESTRING,SDSYSFIELD_ZDQXBH,SDSYSFIELD_DXLB,SDSYSFIELD_DRBZ,SDSYSFIELD_DRBT,SDSYSFIELD_DRXH,SDSYSFIELD_LBXH,SDSYSFIELD_ISFILTER,SDSYSFIELD_FILTERDISP,SDSYSFIELD_NEWLINE,SDSYSFIELD_NEWLINESHOW,SDSYSFIELD_NEWLINETITLE,SDSYSFIELD_GUID,SDSYSFIELD_LINKDO,SDSYSFIELD_SETSQL,SDSYSFIELD_MIN,SDSYSFIELD_MAX,SDSYSFIELD_FJMAX,SDSYSFIELD_FJEXT) values('SDFQL3002','YXJJBCMX_FLBH','0','分录编号','','YXJJBCMX','0','0','0',' ',' ',' ','0','0400',' ',' ',' ',' ',' ', 0 ,'','I2','0', 1 , 1 , 40 ,' ',' ', 2 ,'4','0','0','0','','','0','0', 1 , 1 ,'0','','0','1','','','','','','',0,'')
go
insert into SDSYSFIELD(SDSYSFIELD_ID,SDSYSFIELD_LMMC,SDSYSFIELD_LMZT,SDSYSFIELD_LMBM,SDSYSFIELD_TITLE,SDSYSFIELD_TABLE,SDSYSFIELD_SFBZ,SDSYSFIELD_KZBZ,SDSYSFIELD_SFSPXM,SDSYSFIELD_BZBM,SDSYSFIELD_BZBH,SDSYSFIELD_BZTJ,SDSYSFIELD_SFBT,SDSYSFIELD_XSXH,SDSYSFIELD_GLBM,SDSYSFIELD_BHZD,SDSYSFIELD_NMZD,SDSYSFIELD_MCZD,SDSYSFIELD_SQL,SDSYSFIELD_WIDTH,SDSYSFIELD_SPJD,SDSYSFIELD_TABID,SDSYSFIELD_TYPE,SDSYSFIELD_COLSPAN,SDSYSFIELD_ROWSPAN,SDSYSFIELD_LENGTH,SDSYSFIELD_DEFAULT,SDSYSFIELD_LIST,SDSYSFIELD_PRECISION,SDSYSFIELD_FIELDTYPE,SDSYSFIELD_READONLY,SDSYSFIELD_LISTFLAG,SDSYSFIELD_LOCALESTRING,SDSYSFIELD_ZDQXBH,SDSYSFIELD_DXLB,SDSYSFIELD_DRBZ,SDSYSFIELD_DRBT,SDSYSFIELD_DRXH,SDSYSFIELD_LBXH,SDSYSFIELD_ISFILTER,SDSYSFIELD_FILTERDISP,SDSYSFIELD_NEWLINE,SDSYSFIELD_NEWLINESHOW,SDSYSFIELD_NEWLINETITLE,SDSYSFIELD_GUID,SDSYSFIELD_LINKDO,SDSYSFIELD_SETSQL,SDSYSFIELD_MIN,SDSYSFIELD_MAX,SDSYSFIELD_FJMAX,SDSYSFIELD_FJEXT) values('SDFQL3002','YXJJBCMX_LSBH','0','流水编号','','YXJJBCMX','0','0','0','','',' ','0','0410','','','','',' ', 0 ,'','I2','0', 1 , 1 , 40 ,'','', 2 ,'1','0','0','0','','','0','0', 1 , 1 ,'0','','0','1','','','','','','',0,'')
go
insert into SDSYSFIELD(SDSYSFIELD_ID,SDSYSFIELD_LMMC,SDSYSFIELD_LMZT,SDSYSFIELD_LMBM,SDSYSFIELD_TITLE,SDSYSFIELD_TABLE,SDSYSFIELD_SFBZ,SDSYSFIELD_KZBZ,SDSYSFIELD_SFSPXM,SDSYSFIELD_BZBM,SDSYSFIELD_BZBH,SDSYSFIELD_BZTJ,SDSYSFIELD_SFBT,SDSYSFIELD_XSXH,SDSYSFIELD_GLBM,SDSYSFIELD_BHZD,SDSYSFIELD_NMZD,SDSYSFIELD_MCZD,SDSYSFIELD_SQL,SDSYSFIELD_WIDTH,SDSYSFIELD_SPJD,SDSYSFIELD_TABID,SDSYSFIELD_TYPE,SDSYSFIELD_COLSPAN,SDSYSFIELD_ROWSPAN,SDSYSFIELD_LENGTH,SDSYSFIELD_DEFAULT,SDSYSFIELD_LIST,SDSYSFIELD_PRECISION,SDSYSFIELD_FIELDTYPE,SDSYSFIELD_READONLY,SDSYSFIELD_LISTFLAG,SDSYSFIELD_LOCALESTRING,SDSYSFIELD_ZDQXBH,SDSYSFIELD_DXLB,SDSYSFIELD_DRBZ,SDSYSFIELD_DRBT,SDSYSFIELD_DRXH,SDSYSFIELD_LBXH,SDSYSFIELD_ISFILTER,SDSYSFIELD_FILTERDISP,SDSYSFIELD_NEWLINE,SDSYSFIELD_NEWLINESHOW,SDSYSFIELD_NEWLINETITLE,SDSYSFIELD_GUID,SDSYSFIELD_LINKDO,SDSYSFIELD_SETSQL,SDSYSFIELD_MIN,SDSYSFIELD_MAX,SDSYSFIELD_FJMAX,SDSYSFIELD_FJEXT) values('SDFQL3002','YXJJBCMX_ZRZT','1','折让账套','','YXJJBCMX',' ','0',' ','LSBZDW','YX01','','1','0430','LSBZDW ZRZT','ZRZT.LSBZDW_DWBH','','ZRZT.LSBZDW_DWMC','', 12 ,'','I2','0', 0 , 0 , 40 ,'','', 0 ,'0','0',' ','','','','0','0', 0 , 0 ,'1','',' ','1','',' ','','','','',0,'')
go
insert into SDSYSFIELD(SDSYSFIELD_ID,SDSYSFIELD_LMMC,SDSYSFIELD_LMZT,SDSYSFIELD_LMBM,SDSYSFIELD_TITLE,SDSYSFIELD_TABLE,SDSYSFIELD_SFBZ,SDSYSFIELD_KZBZ,SDSYSFIELD_SFSPXM,SDSYSFIELD_BZBM,SDSYSFIELD_BZBH,SDSYSFIELD_BZTJ,SDSYSFIELD_SFBT,SDSYSFIELD_XSXH,SDSYSFIELD_GLBM,SDSYSFIELD_BHZD,SDSYSFIELD_NMZD,SDSYSFIELD_MCZD,SDSYSFIELD_SQL,SDSYSFIELD_WIDTH,SDSYSFIELD_SPJD,SDSYSFIELD_TABID,SDSYSFIELD_TYPE,SDSYSFIELD_COLSPAN,SDSYSFIELD_ROWSPAN,SDSYSFIELD_LENGTH,SDSYSFIELD_DEFAULT,SDSYSFIELD_LIST,SDSYSFIELD_PRECISION,SDSYSFIELD_FIELDTYPE,SDSYSFIELD_READONLY,SDSYSFIELD_LISTFLAG,SDSYSFIELD_LOCALESTRING,SDSYSFIELD_ZDQXBH,SDSYSFIELD_DXLB,SDSYSFIELD_DRBZ,SDSYSFIELD_DRBT,SDSYSFIELD_DRXH,SDSYSFIELD_LBXH,SDSYSFIELD_ISFILTER,SDSYSFIELD_FILTERDISP,SDSYSFIELD_NEWLINE,SDSYSFIELD_NEWLINESHOW,SDSYSFIELD_NEWLINETITLE,SDSYSFIELD_GUID,SDSYSFIELD_LINKDO,SDSYSFIELD_SETSQL,SDSYSFIELD_MIN,SDSYSFIELD_MAX,SDSYSFIELD_FJMAX,SDSYSFIELD_FJEXT) values('SDFQL3002','YXJJBCMX_GSID','1','销售公司','','YXJJBCMX','0','0','0','LSBZDW','YX01','','0','0420','LSBZDW GSMX','GSMX.LSBZDW_DWBH','','GSMX.LSBZDW_DWMC','', 10 ,'','I2','0', 1 , 1 , 40 ,'','', 2 ,'0','1','0','0','','','0','0', 1 , 1 ,'0','','0','1','',' ','','','','',0,'')
go
insert into SDSYSFIELD(SDSYSFIELD_ID,SDSYSFIELD_LMMC,SDSYSFIELD_LMZT,SDSYSFIELD_LMBM,SDSYSFIELD_TITLE,SDSYSFIELD_TABLE,SDSYSFIELD_SFBZ,SDSYSFIELD_KZBZ,SDSYSFIELD_SFSPXM,SDSYSFIELD_BZBM,SDSYSFIELD_BZBH,SDSYSFIELD_BZTJ,SDSYSFIELD_SFBT,SDSYSFIELD_XSXH,SDSYSFIELD_GLBM,SDSYSFIELD_BHZD,SDSYSFIELD_NMZD,SDSYSFIELD_MCZD,SDSYSFIELD_SQL,SDSYSFIELD_WIDTH,SDSYSFIELD_SPJD,SDSYSFIELD_TABID,SDSYSFIELD_TYPE,SDSYSFIELD_COLSPAN,SDSYSFIELD_ROWSPAN,SDSYSFIELD_LENGTH,SDSYSFIELD_DEFAULT,SDSYSFIELD_LIST,SDSYSFIELD_PRECISION,SDSYSFIELD_FIELDTYPE,SDSYSFIELD_READONLY,SDSYSFIELD_LISTFLAG,SDSYSFIELD_LOCALESTRING,SDSYSFIELD_ZDQXBH,SDSYSFIELD_DXLB,SDSYSFIELD_DRBZ,SDSYSFIELD_DRBT,SDSYSFIELD_DRXH,SDSYSFIELD_LBXH,SDSYSFIELD_ISFILTER,SDSYSFIELD_FILTERDISP,SDSYSFIELD_NEWLINE,SDSYSFIELD_NEWLINESHOW,SDSYSFIELD_NEWLINETITLE,SDSYSFIELD_GUID,SDSYSFIELD_LINKDO,SDSYSFIELD_SETSQL,SDSYSFIELD_MIN,SDSYSFIELD_MAX,SDSYSFIELD_FJMAX,SDSYSFIELD_FJEXT) values('SDFQL3002','YXJJBCMX_GUID','1','唯一标识','','YXJJBCMX',' ','0',' ','','','','0','0430','','','','','', 0 ,'','I2','0', 0 , 0 , 40 ,'','', 0 ,'0','1',' ','','','','0','0', 0 , 0 ,'1','',' ','1','',' ','','','','',0,'')
go
insert into SDSYSFIELD(SDSYSFIELD_ID,SDSYSFIELD_LMMC,SDSYSFIELD_LMZT,SDSYSFIELD_LMBM,SDSYSFIELD_TITLE,SDSYSFIELD_TABLE,SDSYSFIELD_SFBZ,SDSYSFIELD_KZBZ,SDSYSFIELD_SFSPXM,SDSYSFIELD_BZBM,SDSYSFIELD_BZBH,SDSYSFIELD_BZTJ,SDSYSFIELD_SFBT,SDSYSFIELD_XSXH,SDSYSFIELD_GLBM,SDSYSFIELD_BHZD,SDSYSFIELD_NMZD,SDSYSFIELD_MCZD,SDSYSFIELD_SQL,SDSYSFIELD_WIDTH,SDSYSFIELD_SPJD,SDSYSFIELD_TABID,SDSYSFIELD_TYPE,SDSYSFIELD_COLSPAN,SDSYSFIELD_ROWSPAN,SDSYSFIELD_LENGTH,SDSYSFIELD_DEFAULT,SDSYSFIELD_LIST,SDSYSFIELD_PRECISION,SDSYSFIELD_FIELDTYPE,SDSYSFIELD_READONLY,SDSYSFIELD_LISTFLAG,SDSYSFIELD_LOCALESTRING,SDSYSFIELD_ZDQXBH,SDSYSFIELD_DXLB,SDSYSFIELD_DRBZ,SDSYSFIELD_DRBT,SDSYSFIELD_DRXH,SDSYSFIELD_LBXH,SDSYSFIELD_ISFILTER,SDSYSFIELD_FILTERDISP,SDSYSFIELD_NEWLINE,SDSYSFIELD_NEWLINESHOW,SDSYSFIELD_NEWLINETITLE,SDSYSFIELD_GUID,SDSYSFIELD_LINKDO,SDSYSFIELD_SETSQL,SDSYSFIELD_MIN,SDSYSFIELD_MAX,SDSYSFIELD_FJMAX,SDSYSFIELD_FJEXT) values('SDFQL3002','YXJJBCMX_QDLX','1','渠道类型','','YXJJBCMX','0','0','0','YXDDYWLX','YX1','','0','0440','YXDDYWLX MXLX','MXLX.YXDDYWLX_BH','MXLX.YXDDYWLX_NM','MXLX.YXDDYWLX_MC','', 10 ,'','I2','0', 1 , 1 , 40 ,'','', 2 ,'0','1','0','0','','','0','0', 1 , 1 ,'0','','0','1','',' ','','','','',0,'')
go
insert into SDSYSFIELD(SDSYSFIELD_ID,SDSYSFIELD_LMMC,SDSYSFIELD_LMZT,SDSYSFIELD_LMBM,SDSYSFIELD_TITLE,SDSYSFIELD_TABLE,SDSYSFIELD_SFBZ,SDSYSFIELD_KZBZ,SDSYSFIELD_SFSPXM,SDSYSFIELD_BZBM,SDSYSFIELD_BZBH,SDSYSFIELD_BZTJ,SDSYSFIELD_SFBT,SDSYSFIELD_XSXH,SDSYSFIELD_GLBM,SDSYSFIELD_BHZD,SDSYSFIELD_NMZD,SDSYSFIELD_MCZD,SDSYSFIELD_SQL,SDSYSFIELD_WIDTH,SDSYSFIELD_SPJD,SDSYSFIELD_TABID,SDSYSFIELD_TYPE,SDSYSFIELD_COLSPAN,SDSYSFIELD_ROWSPAN,SDSYSFIELD_LENGTH,SDSYSFIELD_DEFAULT,SDSYSFIELD_LIST,SDSYSFIELD_PRECISION,SDSYSFIELD_FIELDTYPE,SDSYSFIELD_READONLY,SDSYSFIELD_LISTFLAG,SDSYSFIELD_LOCALESTRING,SDSYSFIELD_ZDQXBH,SDSYSFIELD_DXLB,SDSYSFIELD_DRBZ,SDSYSFIELD_DRBT,SDSYSFIELD_DRXH,SDSYSFIELD_LBXH,SDSYSFIELD_ISFILTER,SDSYSFIELD_FILTERDISP,SDSYSFIELD_NEWLINE,SDSYSFIELD_NEWLINESHOW,SDSYSFIELD_NEWLINETITLE,SDSYSFIELD_GUID,SDSYSFIELD_LINKDO,SDSYSFIELD_SETSQL,SDSYSFIELD_MIN,SDSYSFIELD_MAX,SDSYSFIELD_FJMAX,SDSYSFIELD_FJEXT) values('SDFQL3002','YXJJBCMX_BMBH','1','区域','','YXJJBCMX','0','0','0','YXBMZD','YX1','','0','0450','YXBMZD MXBM','MXBM.YXBMZD_BMBH','MXBM.YXBMZD_NM','MXBM.YXBMZD_BMMC','', 10 ,'','I2','0', 1 , 1 , 40 ,'','', 2 ,'0','1','0','0','','','0','0', 1 , 1 ,'0','','0','1','',' ','','','','',0,'')
go
insert into SDSYSFIELD(SDSYSFIELD_ID,SDSYSFIELD_LMMC,SDSYSFIELD_LMZT,SDSYSFIELD_LMBM,SDSYSFIELD_TITLE,SDSYSFIELD_TABLE,SDSYSFIELD_SFBZ,SDSYSFIELD_KZBZ,SDSYSFIELD_SFSPXM,SDSYSFIELD_BZBM,SDSYSFIELD_BZBH,SDSYSFIELD_BZTJ,SDSYSFIELD_SFBT,SDSYSFIELD_XSXH,SDSYSFIELD_GLBM,SDSYSFIELD_BHZD,SDSYSFIELD_NMZD,SDSYSFIELD_MCZD,SDSYSFIELD_SQL,SDSYSFIELD_WIDTH,SDSYSFIELD_SPJD,SDSYSFIELD_TABID,SDSYSFIELD_TYPE,SDSYSFIELD_COLSPAN,SDSYSFIELD_ROWSPAN,SDSYSFIELD_LENGTH,SDSYSFIELD_DEFAULT,SDSYSFIELD_LIST,SDSYSFIELD_PRECISION,SDSYSFIELD_FIELDTYPE,SDSYSFIELD_READONLY,SDSYSFIELD_LISTFLAG,SDSYSFIELD_LOCALESTRING,SDSYSFIELD_ZDQXBH,SDSYSFIELD_DXLB,SDSYSFIELD_DRBZ,SDSYSFIELD_DRBT,SDSYSFIELD_DRXH,SDSYSFIELD_LBXH,SDSYSFIELD_ISFILTER,SDSYSFIELD_FILTERDISP,SDSYSFIELD_NEWLINE,SDSYSFIELD_NEWLINESHOW,SDSYSFIELD_NEWLINETITLE,SDSYSFIELD_GUID,SDSYSFIELD_LINKDO,SDSYSFIELD_SETSQL,SDSYSFIELD_MIN,SDSYSFIELD_MAX,SDSYSFIELD_FJMAX,SDSYSFIELD_FJEXT) values('SDFQL3002','YXJJBCMX_CRMDDRQ','1','CRM订单日期','','YXJJBCMX','0','0','0','','','','0','0460','','','','','', 10 ,'','I2','0', 1 , 1 , 8 ,'','', 2 ,'0','1','0','0','','','0','0', 1 , 1 ,'0','','0','1','',' ','','','','',0,'')
go
insert into SDSYSFIELD(SDSYSFIELD_ID,SDSYSFIELD_LMMC,SDSYSFIELD_LMZT,SDSYSFIELD_LMBM,SDSYSFIELD_TITLE,SDSYSFIELD_TABLE,SDSYSFIELD_SFBZ,SDSYSFIELD_KZBZ,SDSYSFIELD_SFSPXM,SDSYSFIELD_BZBM,SDSYSFIELD_BZBH,SDSYSFIELD_BZTJ,SDSYSFIELD_SFBT,SDSYSFIELD_XSXH,SDSYSFIELD_GLBM,SDSYSFIELD_BHZD,SDSYSFIELD_NMZD,SDSYSFIELD_MCZD,SDSYSFIELD_SQL,SDSYSFIELD_WIDTH,SDSYSFIELD_SPJD,SDSYSFIELD_TABID,SDSYSFIELD_TYPE,SDSYSFIELD_COLSPAN,SDSYSFIELD_ROWSPAN,SDSYSFIELD_LENGTH,SDSYSFIELD_DEFAULT,SDSYSFIELD_LIST,SDSYSFIELD_PRECISION,SDSYSFIELD_FIELDTYPE,SDSYSFIELD_READONLY,SDSYSFIELD_LISTFLAG,SDSYSFIELD_LOCALESTRING,SDSYSFIELD_ZDQXBH,SDSYSFIELD_DXLB,SDSYSFIELD_DRBZ,SDSYSFIELD_DRBT,SDSYSFIELD_DRXH,SDSYSFIELD_LBXH,SDSYSFIELD_ISFILTER,SDSYSFIELD_FILTERDISP,SDSYSFIELD_NEWLINE,SDSYSFIELD_NEWLINESHOW,SDSYSFIELD_NEWLINETITLE,SDSYSFIELD_GUID,SDSYSFIELD_LINKDO,SDSYSFIELD_SETSQL,SDSYSFIELD_MIN,SDSYSFIELD_MAX,SDSYSFIELD_FJMAX,SDSYSFIELD_FJEXT) values('SDFQL3002','YXJJBCMX_SAPTDH','1','SAP提单号','','YXJJBCMX','0','0','0','','','','0','0470','','','','','', 10 ,'','I2','0', 1 , 1 , 40 ,'','', 2 ,'0','1','0','0','','','0','0', 1 , 1 ,'0','','0','1','',' ','','','','',0,'')
go
insert into SDSYSFIELD(SDSYSFIELD_ID,SDSYSFIELD_LMMC,SDSYSFIELD_LMZT,SDSYSFIELD_LMBM,SDSYSFIELD_TITLE,SDSYSFIELD_TABLE,SDSYSFIELD_SFBZ,SDSYSFIELD_KZBZ,SDSYSFIELD_SFSPXM,SDSYSFIELD_BZBM,SDSYSFIELD_BZBH,SDSYSFIELD_BZTJ,SDSYSFIELD_SFBT,SDSYSFIELD_XSXH,SDSYSFIELD_GLBM,SDSYSFIELD_BHZD,SDSYSFIELD_NMZD,SDSYSFIELD_MCZD,SDSYSFIELD_SQL,SDSYSFIELD_WIDTH,SDSYSFIELD_SPJD,SDSYSFIELD_TABID,SDSYSFIELD_TYPE,SDSYSFIELD_COLSPAN,SDSYSFIELD_ROWSPAN,SDSYSFIELD_LENGTH,SDSYSFIELD_DEFAULT,SDSYSFIELD_LIST,SDSYSFIELD_PRECISION,SDSYSFIELD_FIELDTYPE,SDSYSFIELD_READONLY,SDSYSFIELD_LISTFLAG,SDSYSFIELD_LOCALESTRING,SDSYSFIELD_ZDQXBH,SDSYSFIELD_DXLB,SDSYSFIELD_DRBZ,SDSYSFIELD_DRBT,SDSYSFIELD_DRXH,SDSYSFIELD_LBXH,SDSYSFIELD_ISFILTER,SDSYSFIELD_FILTERDISP,SDSYSFIELD_NEWLINE,SDSYSFIELD_NEWLINESHOW,SDSYSFIELD_NEWLINETITLE,SDSYSFIELD_GUID,SDSYSFIELD_LINKDO,SDSYSFIELD_SETSQL,SDSYSFIELD_MIN,SDSYSFIELD_MAX,SDSYSFIELD_FJMAX,SDSYSFIELD_FJEXT) values('SDFQL3002','YXJJBCMX_JSKPH','1','金税开票号','','YXJJBCMX','0','0','0','','','','0','0480','','','','','', 10 ,'','I2','0', 1 , 1 , 40 ,'','', 2 ,'0','1','0','0','','','0','0', 1 , 1 ,'0','','0','1','',' ','','','','',0,'')
go
insert into SDSYSFIELD(SDSYSFIELD_ID,SDSYSFIELD_LMMC,SDSYSFIELD_LMZT,SDSYSFIELD_LMBM,SDSYSFIELD_TITLE,SDSYSFIELD_TABLE,SDSYSFIELD_SFBZ,SDSYSFIELD_KZBZ,SDSYSFIELD_SFSPXM,SDSYSFIELD_BZBM,SDSYSFIELD_BZBH,SDSYSFIELD_BZTJ,SDSYSFIELD_SFBT,SDSYSFIELD_XSXH,SDSYSFIELD_GLBM,SDSYSFIELD_BHZD,SDSYSFIELD_NMZD,SDSYSFIELD_MCZD,SDSYSFIELD_SQL,SDSYSFIELD_WIDTH,SDSYSFIELD_SPJD,SDSYSFIELD_TABID,SDSYSFIELD_TYPE,SDSYSFIELD_COLSPAN,SDSYSFIELD_ROWSPAN,SDSYSFIELD_LENGTH,SDSYSFIELD_DEFAULT,SDSYSFIELD_LIST,SDSYSFIELD_PRECISION,SDSYSFIELD_FIELDTYPE,SDSYSFIELD_READONLY,SDSYSFIELD_LISTFLAG,SDSYSFIELD_LOCALESTRING,SDSYSFIELD_ZDQXBH,SDSYSFIELD_DXLB,SDSYSFIELD_DRBZ,SDSYSFIELD_DRBT,SDSYSFIELD_DRXH,SDSYSFIELD_LBXH,SDSYSFIELD_ISFILTER,SDSYSFIELD_FILTERDISP,SDSYSFIELD_NEWLINE,SDSYSFIELD_NEWLINESHOW,SDSYSFIELD_NEWLINETITLE,SDSYSFIELD_GUID,SDSYSFIELD_LINKDO,SDSYSFIELD_SETSQL,SDSYSFIELD_MIN,SDSYSFIELD_MAX,SDSYSFIELD_FJMAX,SDSYSFIELD_FJEXT) values('SDFQL3002','YXJJBCMX_PC','1','批次','','YXJJBCMX','0','0','0','','','','0','0490','','','','','', 10 ,'','I2','0', 1 , 1 , 40 ,'','', 2 ,'0','1','0','0','','','0','0', 1 , 1 ,'0','','0','1','',' ','','','','',0,'')
go
insert into SDSYSFIELD(SDSYSFIELD_ID,SDSYSFIELD_LMMC,SDSYSFIELD_LMZT,SDSYSFIELD_LMBM,SDSYSFIELD_TITLE,SDSYSFIELD_TABLE,SDSYSFIELD_SFBZ,SDSYSFIELD_KZBZ,SDSYSFIELD_SFSPXM,SDSYSFIELD_BZBM,SDSYSFIELD_BZBH,SDSYSFIELD_BZTJ,SDSYSFIELD_SFBT,SDSYSFIELD_XSXH,SDSYSFIELD_GLBM,SDSYSFIELD_BHZD,SDSYSFIELD_NMZD,SDSYSFIELD_MCZD,SDSYSFIELD_SQL,SDSYSFIELD_WIDTH,SDSYSFIELD_SPJD,SDSYSFIELD_TABID,SDSYSFIELD_TYPE,SDSYSFIELD_COLSPAN,SDSYSFIELD_ROWSPAN,SDSYSFIELD_LENGTH,SDSYSFIELD_DEFAULT,SDSYSFIELD_LIST,SDSYSFIELD_PRECISION,SDSYSFIELD_FIELDTYPE,SDSYSFIELD_READONLY,SDSYSFIELD_LISTFLAG,SDSYSFIELD_LOCALESTRING,SDSYSFIELD_ZDQXBH,SDSYSFIELD_DXLB,SDSYSFIELD_DRBZ,SDSYSFIELD_DRBT,SDSYSFIELD_DRXH,SDSYSFIELD_LBXH,SDSYSFIELD_ISFILTER,SDSYSFIELD_FILTERDISP,SDSYSFIELD_NEWLINE,SDSYSFIELD_NEWLINESHOW,SDSYSFIELD_NEWLINETITLE,SDSYSFIELD_GUID,SDSYSFIELD_LINKDO,SDSYSFIELD_SETSQL,SDSYSFIELD_MIN,SDSYSFIELD_MAX,SDSYSFIELD_FJMAX,SDSYSFIELD_FJEXT) values('SDFQL3002','YXJJBCMX_WLBH','1','产品','','YXJJBCMX','0','0','0','YXWLZD','YX1','','0','0500','YXWLZD MXWL','MXWL.YXWLZD_WLBH','MXWL.YXWLZD_NM','MXWL.YXWLZD_WLMC','', 12 ,'','I2','0', 1 , 1 , 40 ,'','', 2 ,'0','1','0','0','','','0','0', 1 , 1 ,'0','','0','1','',' ','','','','',0,'')
go
insert into SDSYSFIELD(SDSYSFIELD_ID,SDSYSFIELD_LMMC,SDSYSFIELD_LMZT,SDSYSFIELD_LMBM,SDSYSFIELD_TITLE,SDSYSFIELD_TABLE,SDSYSFIELD_SFBZ,SDSYSFIELD_KZBZ,SDSYSFIELD_SFSPXM,SDSYSFIELD_BZBM,SDSYSFIELD_BZBH,SDSYSFIELD_BZTJ,SDSYSFIELD_SFBT,SDSYSFIELD_XSXH,SDSYSFIELD_GLBM,SDSYSFIELD_BHZD,SDSYSFIELD_NMZD,SDSYSFIELD_MCZD,SDSYSFIELD_SQL,SDSYSFIELD_WIDTH,SDSYSFIELD_SPJD,SDSYSFIELD_TABID,SDSYSFIELD_TYPE,SDSYSFIELD_COLSPAN,SDSYSFIELD_ROWSPAN,SDSYSFIELD_LENGTH,SDSYSFIELD_DEFAULT,SDSYSFIELD_LIST,SDSYSFIELD_PRECISION,SDSYSFIELD_FIELDTYPE,SDSYSFIELD_READONLY,SDSYSFIELD_LISTFLAG,SDSYSFIELD_LOCALESTRING,SDSYSFIELD_ZDQXBH,SDSYSFIELD_DXLB,SDSYSFIELD_DRBZ,SDSYSFIELD_DRBT,SDSYSFIELD_DRXH,SDSYSFIELD_LBXH,SDSYSFIELD_ISFILTER,SDSYSFIELD_FILTERDISP,SDSYSFIELD_NEWLINE,SDSYSFIELD_NEWLINESHOW,SDSYSFIELD_NEWLINETITLE,SDSYSFIELD_GUID,SDSYSFIELD_LINKDO,SDSYSFIELD_SETSQL,SDSYSFIELD_MIN,SDSYSFIELD_MAX,SDSYSFIELD_FJMAX,SDSYSFIELD_FJEXT) values('SDFQL3002','YXJJBCMX_GG','1','规格','','YXJJBCMX','0','0','0','','','','0','0510','','','','','', 10 ,'','I2','0', 1 , 1 , 100 ,'','', 2 ,'0','1','0','0','','','0','0', 1 , 1 ,'0','','0','1','',' ','','','','',0,'')
go
insert into SDSYSFIELD(SDSYSFIELD_ID,SDSYSFIELD_LMMC,SDSYSFIELD_LMZT,SDSYSFIELD_LMBM,SDSYSFIELD_TITLE,SDSYSFIELD_TABLE,SDSYSFIELD_SFBZ,SDSYSFIELD_KZBZ,SDSYSFIELD_SFSPXM,SDSYSFIELD_BZBM,SDSYSFIELD_BZBH,SDSYSFIELD_BZTJ,SDSYSFIELD_SFBT,SDSYSFIELD_XSXH,SDSYSFIELD_GLBM,SDSYSFIELD_BHZD,SDSYSFIELD_NMZD,SDSYSFIELD_MCZD,SDSYSFIELD_SQL,SDSYSFIELD_WIDTH,SDSYSFIELD_SPJD,SDSYSFIELD_TABID,SDSYSFIELD_TYPE,SDSYSFIELD_COLSPAN,SDSYSFIELD_ROWSPAN,SDSYSFIELD_LENGTH,SDSYSFIELD_DEFAULT,SDSYSFIELD_LIST,SDSYSFIELD_PRECISION,SDSYSFIELD_FIELDTYPE,SDSYSFIELD_READONLY,SDSYSFIELD_LISTFLAG,SDSYSFIELD_LOCALESTRING,SDSYSFIELD_ZDQXBH,SDSYSFIELD_DXLB,SDSYSFIELD_DRBZ,SDSYSFIELD_DRBT,SDSYSFIELD_DRXH,SDSYSFIELD_LBXH,SDSYSFIELD_ISFILTER,SDSYSFIELD_FILTERDISP,SDSYSFIELD_NEWLINE,SDSYSFIELD_NEWLINESHOW,SDSYSFIELD_NEWLINETITLE,SDSYSFIELD_GUID,SDSYSFIELD_LINKDO,SDSYSFIELD_SETSQL,SDSYSFIELD_MIN,SDSYSFIELD_MAX,SDSYSFIELD_FJMAX,SDSYSFIELD_FJEXT) values('SDFQL3002','YXJJBCMX_JLDW','1','计量单位','','YXJJBCMX','0','0','0','VW_ERPJLDW','YX1','','0','0520','VW_ERPJLDW MXDW','MXDW.ERPJLDW_BH','MXDW.ERPJLDW_NM','MXDW.ERPJLDW_MC','', 10 ,'','I2','0', 1 , 1 , 40 ,'','', 2 ,'0','1','0','0','','','0','0', 1 , 1 ,'0','','0','1','',' ','','','','',0,'')
go
insert into SDSYSFIELD(SDSYSFIELD_ID,SDSYSFIELD_LMMC,SDSYSFIELD_LMZT,SDSYSFIELD_LMBM,SDSYSFIELD_TITLE,SDSYSFIELD_TABLE,SDSYSFIELD_SFBZ,SDSYSFIELD_KZBZ,SDSYSFIELD_SFSPXM,SDSYSFIELD_BZBM,SDSYSFIELD_BZBH,SDSYSFIELD_BZTJ,SDSYSFIELD_SFBT,SDSYSFIELD_XSXH,SDSYSFIELD_GLBM,SDSYSFIELD_BHZD,SDSYSFIELD_NMZD,SDSYSFIELD_MCZD,SDSYSFIELD_SQL,SDSYSFIELD_WIDTH,SDSYSFIELD_SPJD,SDSYSFIELD_TABID,SDSYSFIELD_TYPE,SDSYSFIELD_COLSPAN,SDSYSFIELD_ROWSPAN,SDSYSFIELD_LENGTH,SDSYSFIELD_DEFAULT,SDSYSFIELD_LIST,SDSYSFIELD_PRECISION,SDSYSFIELD_FIELDTYPE,SDSYSFIELD_READONLY,SDSYSFIELD_LISTFLAG,SDSYSFIELD_LOCALESTRING,SDSYSFIELD_ZDQXBH,SDSYSFIELD_DXLB,SDSYSFIELD_DRBZ,SDSYSFIELD_DRBT,SDSYSFIELD_DRXH,SDSYSFIELD_LBXH,SDSYSFIELD_ISFILTER,SDSYSFIELD_FILTERDISP,SDSYSFIELD_NEWLINE,SDSYSFIELD_NEWLINESHOW,SDSYSFIELD_NEWLINETITLE,SDSYSFIELD_GUID,SDSYSFIELD_LINKDO,SDSYSFIELD_SETSQL,SDSYSFIELD_MIN,SDSYSFIELD_MAX,SDSYSFIELD_FJMAX,SDSYSFIELD_FJEXT) values('SDFQL3002','YXJJBCMX_CKSL','1','出库数量','','YXJJBCMX','0','5','0','','','','0','0530','','','','','', 10 ,'','I2','1', 1 , 1 , 20 ,'','', 2 ,'0','1','0','0','','','0','0', 1 , 1 ,'0','','0','1','',' ','','','','',0,'')
go
insert into SDSYSFIELD(SDSYSFIELD_ID,SDSYSFIELD_LMMC,SDSYSFIELD_LMZT,SDSYSFIELD_LMBM,SDSYSFIELD_TITLE,SDSYSFIELD_TABLE,SDSYSFIELD_SFBZ,SDSYSFIELD_KZBZ,SDSYSFIELD_SFSPXM,SDSYSFIELD_BZBM,SDSYSFIELD_BZBH,SDSYSFIELD_BZTJ,SDSYSFIELD_SFBT,SDSYSFIELD_XSXH,SDSYSFIELD_GLBM,SDSYSFIELD_BHZD,SDSYSFIELD_NMZD,SDSYSFIELD_MCZD,SDSYSFIELD_SQL,SDSYSFIELD_WIDTH,SDSYSFIELD_SPJD,SDSYSFIELD_TABID,SDSYSFIELD_TYPE,SDSYSFIELD_COLSPAN,SDSYSFIELD_ROWSPAN,SDSYSFIELD_LENGTH,SDSYSFIELD_DEFAULT,SDSYSFIELD_LIST,SDSYSFIELD_PRECISION,SDSYSFIELD_FIELDTYPE,SDSYSFIELD_READONLY,SDSYSFIELD_LISTFLAG,SDSYSFIELD_LOCALESTRING,SDSYSFIELD_ZDQXBH,SDSYSFIELD_DXLB,SDSYSFIELD_DRBZ,SDSYSFIELD_DRBT,SDSYSFIELD_DRXH,SDSYSFIELD_LBXH,SDSYSFIELD_ISFILTER,SDSYSFIELD_FILTERDISP,SDSYSFIELD_NEWLINE,SDSYSFIELD_NEWLINESHOW,SDSYSFIELD_NEWLINETITLE,SDSYSFIELD_GUID,SDSYSFIELD_LINKDO,SDSYSFIELD_SETSQL,SDSYSFIELD_MIN,SDSYSFIELD_MAX,SDSYSFIELD_FJMAX,SDSYSFIELD_FJEXT) values('SDFQL3002','YXJJBCMX_XSDJ','1','销售单价','','YXJJBCMX',' ','5',' ','','','','0','0560','','','','','', 12 ,'','I2','1', 0 , 0 , 40 ,'','', 2 ,'0','1',' ','','','','0','0', 0 , 0 ,'1','',' ','1','',' ','','','','',0,'')
go
insert into SDSYSFIELD(SDSYSFIELD_ID,SDSYSFIELD_LMMC,SDSYSFIELD_LMZT,SDSYSFIELD_LMBM,SDSYSFIELD_TITLE,SDSYSFIELD_TABLE,SDSYSFIELD_SFBZ,SDSYSFIELD_KZBZ,SDSYSFIELD_SFSPXM,SDSYSFIELD_BZBM,SDSYSFIELD_BZBH,SDSYSFIELD_BZTJ,SDSYSFIELD_SFBT,SDSYSFIELD_XSXH,SDSYSFIELD_GLBM,SDSYSFIELD_BHZD,SDSYSFIELD_NMZD,SDSYSFIELD_MCZD,SDSYSFIELD_SQL,SDSYSFIELD_WIDTH,SDSYSFIELD_SPJD,SDSYSFIELD_TABID,SDSYSFIELD_TYPE,SDSYSFIELD_COLSPAN,SDSYSFIELD_ROWSPAN,SDSYSFIELD_LENGTH,SDSYSFIELD_DEFAULT,SDSYSFIELD_LIST,SDSYSFIELD_PRECISION,SDSYSFIELD_FIELDTYPE,SDSYSFIELD_READONLY,SDSYSFIELD_LISTFLAG,SDSYSFIELD_LOCALESTRING,SDSYSFIELD_ZDQXBH,SDSYSFIELD_DXLB,SDSYSFIELD_DRBZ,SDSYSFIELD_DRBT,SDSYSFIELD_DRXH,SDSYSFIELD_LBXH,SDSYSFIELD_ISFILTER,SDSYSFIELD_FILTERDISP,SDSYSFIELD_NEWLINE,SDSYSFIELD_NEWLINESHOW,SDSYSFIELD_NEWLINETITLE,SDSYSFIELD_GUID,SDSYSFIELD_LINKDO,SDSYSFIELD_SETSQL,SDSYSFIELD_MIN,SDSYSFIELD_MAX,SDSYSFIELD_FJMAX,SDSYSFIELD_FJEXT) values('SDFQL3002','YXJJBCMX_ZKDJ','1','折扣后单价','','YXJJBCMX','0','5','0','','','','0','0550','','','','','', 10 ,'','I2','1', 1 , 1 , 20 ,'','', 2 ,'0','1','0','0','','','0','0', 1 , 1 ,'0','','0','1','',' ','','','','',0,'')
go
insert into SDSYSFIELD(SDSYSFIELD_ID,SDSYSFIELD_LMMC,SDSYSFIELD_LMZT,SDSYSFIELD_LMBM,SDSYSFIELD_TITLE,SDSYSFIELD_TABLE,SDSYSFIELD_SFBZ,SDSYSFIELD_KZBZ,SDSYSFIELD_SFSPXM,SDSYSFIELD_BZBM,SDSYSFIELD_BZBH,SDSYSFIELD_BZTJ,SDSYSFIELD_SFBT,SDSYSFIELD_XSXH,SDSYSFIELD_GLBM,SDSYSFIELD_BHZD,SDSYSFIELD_NMZD,SDSYSFIELD_MCZD,SDSYSFIELD_SQL,SDSYSFIELD_WIDTH,SDSYSFIELD_SPJD,SDSYSFIELD_TABID,SDSYSFIELD_TYPE,SDSYSFIELD_COLSPAN,SDSYSFIELD_ROWSPAN,SDSYSFIELD_LENGTH,SDSYSFIELD_DEFAULT,SDSYSFIELD_LIST,SDSYSFIELD_PRECISION,SDSYSFIELD_FIELDTYPE,SDSYSFIELD_READONLY,SDSYSFIELD_LISTFLAG,SDSYSFIELD_LOCALESTRING,SDSYSFIELD_ZDQXBH,SDSYSFIELD_DXLB,SDSYSFIELD_DRBZ,SDSYSFIELD_DRBT,SDSYSFIELD_DRXH,SDSYSFIELD_LBXH,SDSYSFIELD_ISFILTER,SDSYSFIELD_FILTERDISP,SDSYSFIELD_NEWLINE,SDSYSFIELD_NEWLINESHOW,SDSYSFIELD_NEWLINETITLE,SDSYSFIELD_GUID,SDSYSFIELD_LINKDO,SDSYSFIELD_SETSQL,SDSYSFIELD_MIN,SDSYSFIELD_MAX,SDSYSFIELD_FJMAX,SDSYSFIELD_FJEXT) values('SDFQL3002','YXJJBCMX_FPSL','1','发票税率','','YXJJBCMX','0','5','0','','','','0','0560','','','','','', 10 ,'','I2','1', 1 , 1 , 20 ,'','', 2 ,'0','1','0','0','','','0','0', 1 , 1 ,'0','','0','1','',' ','','','','',0,'')
go
insert into SDSYSFIELD(SDSYSFIELD_ID,SDSYSFIELD_LMMC,SDSYSFIELD_LMZT,SDSYSFIELD_LMBM,SDSYSFIELD_TITLE,SDSYSFIELD_TABLE,SDSYSFIELD_SFBZ,SDSYSFIELD_KZBZ,SDSYSFIELD_SFSPXM,SDSYSFIELD_BZBM,SDSYSFIELD_BZBH,SDSYSFIELD_BZTJ,SDSYSFIELD_SFBT,SDSYSFIELD_XSXH,SDSYSFIELD_GLBM,SDSYSFIELD_BHZD,SDSYSFIELD_NMZD,SDSYSFIELD_MCZD,SDSYSFIELD_SQL,SDSYSFIELD_WIDTH,SDSYSFIELD_SPJD,SDSYSFIELD_TABID,SDSYSFIELD_TYPE,SDSYSFIELD_COLSPAN,SDSYSFIELD_ROWSPAN,SDSYSFIELD_LENGTH,SDSYSFIELD_DEFAULT,SDSYSFIELD_LIST,SDSYSFIELD_PRECISION,SDSYSFIELD_FIELDTYPE,SDSYSFIELD_READONLY,SDSYSFIELD_LISTFLAG,SDSYSFIELD_LOCALESTRING,SDSYSFIELD_ZDQXBH,SDSYSFIELD_DXLB,SDSYSFIELD_DRBZ,SDSYSFIELD_DRBT,SDSYSFIELD_DRXH,SDSYSFIELD_LBXH,SDSYSFIELD_ISFILTER,SDSYSFIELD_FILTERDISP,SDSYSFIELD_NEWLINE,SDSYSFIELD_NEWLINESHOW,SDSYSFIELD_NEWLINETITLE,SDSYSFIELD_GUID,SDSYSFIELD_LINKDO,SDSYSFIELD_SETSQL,SDSYSFIELD_MIN,SDSYSFIELD_MAX,SDSYSFIELD_FJMAX,SDSYSFIELD_FJEXT) values('SDFQL3002','YXJJBCMX_JJLX','1','降价类型','','YXJJBCMX',' ','0',' ','','','','1','0570','','','','','', 12 ,'','I2','0', 0 , 0 , 40 ,'','1,一次降价;2,多次降价', 0 ,'0','0',' ','','','','0','0', 0 , 0 ,'1','',' ','1','',' ','','','','',0,'')
go
insert into SDSYSFIELD(SDSYSFIELD_ID,SDSYSFIELD_LMMC,SDSYSFIELD_LMZT,SDSYSFIELD_LMBM,SDSYSFIELD_TITLE,SDSYSFIELD_TABLE,SDSYSFIELD_SFBZ,SDSYSFIELD_KZBZ,SDSYSFIELD_SFSPXM,SDSYSFIELD_BZBM,SDSYSFIELD_BZBH,SDSYSFIELD_BZTJ,SDSYSFIELD_SFBT,SDSYSFIELD_XSXH,SDSYSFIELD_GLBM,SDSYSFIELD_BHZD,SDSYSFIELD_NMZD,SDSYSFIELD_MCZD,SDSYSFIELD_SQL,SDSYSFIELD_WIDTH,SDSYSFIELD_SPJD,SDSYSFIELD_TABID,SDSYSFIELD_TYPE,SDSYSFIELD_COLSPAN,SDSYSFIELD_ROWSPAN,SDSYSFIELD_LENGTH,SDSYSFIELD_DEFAULT,SDSYSFIELD_LIST,SDSYSFIELD_PRECISION,SDSYSFIELD_FIELDTYPE,SDSYSFIELD_READONLY,SDSYSFIELD_LISTFLAG,SDSYSFIELD_LOCALESTRING,SDSYSFIELD_ZDQXBH,SDSYSFIELD_DXLB,SDSYSFIELD_DRBZ,SDSYSFIELD_DRBT,SDSYSFIELD_DRXH,SDSYSFIELD_LBXH,SDSYSFIELD_ISFILTER,SDSYSFIELD_FILTERDISP,SDSYSFIELD_NEWLINE,SDSYSFIELD_NEWLINESHOW,SDSYSFIELD_NEWLINETITLE,SDSYSFIELD_GUID,SDSYSFIELD_LINKDO,SDSYSFIELD_SETSQL,SDSYSFIELD_MIN,SDSYSFIELD_MAX,SDSYSFIELD_FJMAX,SDSYSFIELD_FJEXT) values('SDFQL3002','YXJJBCMX_YFHKL','1','原发货扣率','','YXJJBCMX','0','5','0','','',' ','0','0580','','','','',' ', 10 ,'','I2','1', 1 , 1 , 20 ,'','', 2 ,'0','0','0','0','','','0','0', 1 , 1 ,'0','','0','1','','','','','','',0,'')
go
insert into SDSYSFIELD(SDSYSFIELD_ID,SDSYSFIELD_LMMC,SDSYSFIELD_LMZT,SDSYSFIELD_LMBM,SDSYSFIELD_TITLE,SDSYSFIELD_TABLE,SDSYSFIELD_SFBZ,SDSYSFIELD_KZBZ,SDSYSFIELD_SFSPXM,SDSYSFIELD_BZBM,SDSYSFIELD_BZBH,SDSYSFIELD_BZTJ,SDSYSFIELD_SFBT,SDSYSFIELD_XSXH,SDSYSFIELD_GLBM,SDSYSFIELD_BHZD,SDSYSFIELD_NMZD,SDSYSFIELD_MCZD,SDSYSFIELD_SQL,SDSYSFIELD_WIDTH,SDSYSFIELD_SPJD,SDSYSFIELD_TABID,SDSYSFIELD_TYPE,SDSYSFIELD_COLSPAN,SDSYSFIELD_ROWSPAN,SDSYSFIELD_LENGTH,SDSYSFIELD_DEFAULT,SDSYSFIELD_LIST,SDSYSFIELD_PRECISION,SDSYSFIELD_FIELDTYPE,SDSYSFIELD_READONLY,SDSYSFIELD_LISTFLAG,SDSYSFIELD_LOCALESTRING,SDSYSFIELD_ZDQXBH,SDSYSFIELD_DXLB,SDSYSFIELD_DRBZ,SDSYSFIELD_DRBT,SDSYSFIELD_DRXH,SDSYSFIELD_LBXH,SDSYSFIELD_ISFILTER,SDSYSFIELD_FILTERDISP,SDSYSFIELD_NEWLINE,SDSYSFIELD_NEWLINESHOW,SDSYSFIELD_NEWLINETITLE,SDSYSFIELD_GUID,SDSYSFIELD_LINKDO,SDSYSFIELD_SETSQL,SDSYSFIELD_MIN,SDSYSFIELD_MAX,SDSYSFIELD_FJMAX,SDSYSFIELD_FJEXT) values('SDFQL3002','YXJJBCMX_YZBJ','1','原中标价','','YXJJBCMX','0','5','0','','',' ','0','0590','','','','',' ', 10 ,'','I2','1', 1 , 1 , 20 ,'','', 2 ,'0','0','0','0','','','0','0', 1 , 1 ,'0','','0','1','','','','','','',0,'')
go
insert into SDSYSFIELD(SDSYSFIELD_ID,SDSYSFIELD_LMMC,SDSYSFIELD_LMZT,SDSYSFIELD_LMBM,SDSYSFIELD_TITLE,SDSYSFIELD_TABLE,SDSYSFIELD_SFBZ,SDSYSFIELD_KZBZ,SDSYSFIELD_SFSPXM,SDSYSFIELD_BZBM,SDSYSFIELD_BZBH,SDSYSFIELD_BZTJ,SDSYSFIELD_SFBT,SDSYSFIELD_XSXH,SDSYSFIELD_GLBM,SDSYSFIELD_BHZD,SDSYSFIELD_NMZD,SDSYSFIELD_MCZD,SDSYSFIELD_SQL,SDSYSFIELD_WIDTH,SDSYSFIELD_SPJD,SDSYSFIELD_TABID,SDSYSFIELD_TYPE,SDSYSFIELD_COLSPAN,SDSYSFIELD_ROWSPAN,SDSYSFIELD_LENGTH,SDSYSFIELD_DEFAULT,SDSYSFIELD_LIST,SDSYSFIELD_PRECISION,SDSYSFIELD_FIELDTYPE,SDSYSFIELD_READONLY,SDSYSFIELD_LISTFLAG,SDSYSFIELD_LOCALESTRING,SDSYSFIELD_ZDQXBH,SDSYSFIELD_DXLB,SDSYSFIELD_DRBZ,SDSYSFIELD_DRBT,SDSYSFIELD_DRXH,SDSYSFIELD_LBXH,SDSYSFIELD_ISFILTER,SDSYSFIELD_FILTERDISP,SDSYSFIELD_NEWLINE,SDSYSFIELD_NEWLINESHOW,SDSYSFIELD_NEWLINETITLE,SDSYSFIELD_GUID,SDSYSFIELD_LINKDO,SDSYSFIELD_SETSQL,SDSYSFIELD_MIN,SDSYSFIELD_MAX,SDSYSFIELD_FJMAX,SDSYSFIELD_FJEXT) values('SDFQL3002','YXJJBCMX_YFHJ','1','原发货价','','YXJJBCMX','0','5','0','','',' ','0','0600','','','','',' ', 10 ,'','I2','1', 1 , 1 , 20 ,'','', 2 ,'0','0','0','0','','','0','0', 1 , 1 ,'0','','0','1','','','','','','',0,'')
go
insert into SDSYSFIELD(SDSYSFIELD_ID,SDSYSFIELD_LMMC,SDSYSFIELD_LMZT,SDSYSFIELD_LMBM,SDSYSFIELD_TITLE,SDSYSFIELD_TABLE,SDSYSFIELD_SFBZ,SDSYSFIELD_KZBZ,SDSYSFIELD_SFSPXM,SDSYSFIELD_BZBM,SDSYSFIELD_BZBH,SDSYSFIELD_BZTJ,SDSYSFIELD_SFBT,SDSYSFIELD_XSXH,SDSYSFIELD_GLBM,SDSYSFIELD_BHZD,SDSYSFIELD_NMZD,SDSYSFIELD_MCZD,SDSYSFIELD_SQL,SDSYSFIELD_WIDTH,SDSYSFIELD_SPJD,SDSYSFIELD_TABID,SDSYSFIELD_TYPE,SDSYSFIELD_COLSPAN,SDSYSFIELD_ROWSPAN,SDSYSFIELD_LENGTH,SDSYSFIELD_DEFAULT,SDSYSFIELD_LIST,SDSYSFIELD_PRECISION,SDSYSFIELD_FIELDTYPE,SDSYSFIELD_READONLY,SDSYSFIELD_LISTFLAG,SDSYSFIELD_LOCALESTRING,SDSYSFIELD_ZDQXBH,SDSYSFIELD_DXLB,SDSYSFIELD_DRBZ,SDSYSFIELD_DRBT,SDSYSFIELD_DRXH,SDSYSFIELD_LBXH,SDSYSFIELD_ISFILTER,SDSYSFIELD_FILTERDISP,SDSYSFIELD_NEWLINE,SDSYSFIELD_NEWLINESHOW,SDSYSFIELD_NEWLINETITLE,SDSYSFIELD_GUID,SDSYSFIELD_LINKDO,SDSYSFIELD_SETSQL,SDSYSFIELD_MIN,SDSYSFIELD_MAX,SDSYSFIELD_FJMAX,SDSYSFIELD_FJEXT) values('SDFQL3002','YXJJBCMX_XZBJ','1','现中标价','','YXJJBCMX','0','5','0',' ',' ',' ','0','0610',' ',' ',' ',' ',' ', 10 ,'','I2','1', 1 , 1 , 20 ,' ',' ', 2 ,'0','0','0','0','','','0','0', 1 , 1 ,'0','','0','1','','','','','','',0,'')
go
insert into SDSYSFIELD(SDSYSFIELD_ID,SDSYSFIELD_LMMC,SDSYSFIELD_LMZT,SDSYSFIELD_LMBM,SDSYSFIELD_TITLE,SDSYSFIELD_TABLE,SDSYSFIELD_SFBZ,SDSYSFIELD_KZBZ,SDSYSFIELD_SFSPXM,SDSYSFIELD_BZBM,SDSYSFIELD_BZBH,SDSYSFIELD_BZTJ,SDSYSFIELD_SFBT,SDSYSFIELD_XSXH,SDSYSFIELD_GLBM,SDSYSFIELD_BHZD,SDSYSFIELD_NMZD,SDSYSFIELD_MCZD,SDSYSFIELD_SQL,SDSYSFIELD_WIDTH,SDSYSFIELD_SPJD,SDSYSFIELD_TABID,SDSYSFIELD_TYPE,SDSYSFIELD_COLSPAN,SDSYSFIELD_ROWSPAN,SDSYSFIELD_LENGTH,SDSYSFIELD_DEFAULT,SDSYSFIELD_LIST,SDSYSFIELD_PRECISION,SDSYSFIELD_FIELDTYPE,SDSYSFIELD_READONLY,SDSYSFIELD_LISTFLAG,SDSYSFIELD_LOCALESTRING,SDSYSFIELD_ZDQXBH,SDSYSFIELD_DXLB,SDSYSFIELD_DRBZ,SDSYSFIELD_DRBT,SDSYSFIELD_DRXH,SDSYSFIELD_LBXH,SDSYSFIELD_ISFILTER,SDSYSFIELD_FILTERDISP,SDSYSFIELD_NEWLINE,SDSYSFIELD_NEWLINESHOW,SDSYSFIELD_NEWLINETITLE,SDSYSFIELD_GUID,SDSYSFIELD_LINKDO,SDSYSFIELD_SETSQL,SDSYSFIELD_MIN,SDSYSFIELD_MAX,SDSYSFIELD_FJMAX,SDSYSFIELD_FJEXT) values('SDFQL3002','YXJJBCMX_XFHJ','1','现发货价','','YXJJBCMX','0','5','0','','',' ','0','0620','','','','',' ', 10 ,'','I2','1', 1 , 1 , 20 ,'','', 2 ,'0','0','0','0','','','0','0', 1 , 1 ,'0','','0','1','','','','','','',0,'')
go
insert into SDSYSFIELD(SDSYSFIELD_ID,SDSYSFIELD_LMMC,SDSYSFIELD_LMZT,SDSYSFIELD_LMBM,SDSYSFIELD_TITLE,SDSYSFIELD_TABLE,SDSYSFIELD_SFBZ,SDSYSFIELD_KZBZ,SDSYSFIELD_SFSPXM,SDSYSFIELD_BZBM,SDSYSFIELD_BZBH,SDSYSFIELD_BZTJ,SDSYSFIELD_SFBT,SDSYSFIELD_XSXH,SDSYSFIELD_GLBM,SDSYSFIELD_BHZD,SDSYSFIELD_NMZD,SDSYSFIELD_MCZD,SDSYSFIELD_SQL,SDSYSFIELD_WIDTH,SDSYSFIELD_SPJD,SDSYSFIELD_TABID,SDSYSFIELD_TYPE,SDSYSFIELD_COLSPAN,SDSYSFIELD_ROWSPAN,SDSYSFIELD_LENGTH,SDSYSFIELD_DEFAULT,SDSYSFIELD_LIST,SDSYSFIELD_PRECISION,SDSYSFIELD_FIELDTYPE,SDSYSFIELD_READONLY,SDSYSFIELD_LISTFLAG,SDSYSFIELD_LOCALESTRING,SDSYSFIELD_ZDQXBH,SDSYSFIELD_DXLB,SDSYSFIELD_DRBZ,SDSYSFIELD_DRBT,SDSYSFIELD_DRXH,SDSYSFIELD_LBXH,SDSYSFIELD_ISFILTER,SDSYSFIELD_FILTERDISP,SDSYSFIELD_NEWLINE,SDSYSFIELD_NEWLINESHOW,SDSYSFIELD_NEWLINETITLE,SDSYSFIELD_GUID,SDSYSFIELD_LINKDO,SDSYSFIELD_SETSQL,SDSYSFIELD_MIN,SDSYSFIELD_MAX,SDSYSFIELD_FJMAX,SDSYSFIELD_FJEXT) values('SDFQL3002','YXJJBCMX_BCCH','1','补差差价','','YXJJBCMX','0','5','0','','',' ','0','0630','','','','',' ', 10 ,'','I2','1', 1 , 1 , 20 ,'','', 2 ,'0','0','0','0','','','0','0', 1 , 1 ,'0','','0','1','','','','','','',0,'')
go
insert into SDSYSFIELD(SDSYSFIELD_ID,SDSYSFIELD_LMMC,SDSYSFIELD_LMZT,SDSYSFIELD_LMBM,SDSYSFIELD_TITLE,SDSYSFIELD_TABLE,SDSYSFIELD_SFBZ,SDSYSFIELD_KZBZ,SDSYSFIELD_SFSPXM,SDSYSFIELD_BZBM,SDSYSFIELD_BZBH,SDSYSFIELD_BZTJ,SDSYSFIELD_SFBT,SDSYSFIELD_XSXH,SDSYSFIELD_GLBM,SDSYSFIELD_BHZD,SDSYSFIELD_NMZD,SDSYSFIELD_MCZD,SDSYSFIELD_SQL,SDSYSFIELD_WIDTH,SDSYSFIELD_SPJD,SDSYSFIELD_TABID,SDSYSFIELD_TYPE,SDSYSFIELD_COLSPAN,SDSYSFIELD_ROWSPAN,SDSYSFIELD_LENGTH,SDSYSFIELD_DEFAULT,SDSYSFIELD_LIST,SDSYSFIELD_PRECISION,SDSYSFIELD_FIELDTYPE,SDSYSFIELD_READONLY,SDSYSFIELD_LISTFLAG,SDSYSFIELD_LOCALESTRING,SDSYSFIELD_ZDQXBH,SDSYSFIELD_DXLB,SDSYSFIELD_DRBZ,SDSYSFIELD_DRBT,SDSYSFIELD_DRXH,SDSYSFIELD_LBXH,SDSYSFIELD_ISFILTER,SDSYSFIELD_FILTERDISP,SDSYSFIELD_NEWLINE,SDSYSFIELD_NEWLINESHOW,SDSYSFIELD_NEWLINETITLE,SDSYSFIELD_GUID,SDSYSFIELD_LINKDO,SDSYSFIELD_SETSQL,SDSYSFIELD_MIN,SDSYSFIELD_MAX,SDSYSFIELD_FJMAX,SDSYSFIELD_FJEXT) values('SDFQL3002','YXJJBCMX_KCLX','1','库存类型','','YXJJBCMX','0','0','0','','',' ','0','0640','','','','',' ', 10 ,'','I2','0', 1 , 1 , 1 ,'','1,商业库存;2,医院库存', 2 ,'0','0','0','0','','','0','0', 1 , 1 ,'0','','0','1','','','','','','',0,'')
go
insert into SDSYSFIELD(SDSYSFIELD_ID,SDSYSFIELD_LMMC,SDSYSFIELD_LMZT,SDSYSFIELD_LMBM,SDSYSFIELD_TITLE,SDSYSFIELD_TABLE,SDSYSFIELD_SFBZ,SDSYSFIELD_KZBZ,SDSYSFIELD_SFSPXM,SDSYSFIELD_BZBM,SDSYSFIELD_BZBH,SDSYSFIELD_BZTJ,SDSYSFIELD_SFBT,SDSYSFIELD_XSXH,SDSYSFIELD_GLBM,SDSYSFIELD_BHZD,SDSYSFIELD_NMZD,SDSYSFIELD_MCZD,SDSYSFIELD_SQL,SDSYSFIELD_WIDTH,SDSYSFIELD_SPJD,SDSYSFIELD_TABID,SDSYSFIELD_TYPE,SDSYSFIELD_COLSPAN,SDSYSFIELD_ROWSPAN,SDSYSFIELD_LENGTH,SDSYSFIELD_DEFAULT,SDSYSFIELD_LIST,SDSYSFIELD_PRECISION,SDSYSFIELD_FIELDTYPE,SDSYSFIELD_READONLY,SDSYSFIELD_LISTFLAG,SDSYSFIELD_LOCALESTRING,SDSYSFIELD_ZDQXBH,SDSYSFIELD_DXLB,SDSYSFIELD_DRBZ,SDSYSFIELD_DRBT,SDSYSFIELD_DRXH,SDSYSFIELD_LBXH,SDSYSFIELD_ISFILTER,SDSYSFIELD_FILTERDISP,SDSYSFIELD_NEWLINE,SDSYSFIELD_NEWLINESHOW,SDSYSFIELD_NEWLINETITLE,SDSYSFIELD_GUID,SDSYSFIELD_LINKDO,SDSYSFIELD_SETSQL,SDSYSFIELD_MIN,SDSYSFIELD_MAX,SDSYSFIELD_FJMAX,SDSYSFIELD_FJEXT) values('SDFQL3002','YXJJBCMX_MINSL','1','历史最小数量','','YXJJBCMX',' ','4',' ','','','','0','0650','','','','','', 12 ,'','I2','1', 0 , 0 , 40 ,'','', 0 ,'0','1',' ','','','','0','0', 0 , 0 ,'1','',' ','1','',' ','','','','',0,'')
go
insert into SDSYSFIELD(SDSYSFIELD_ID,SDSYSFIELD_LMMC,SDSYSFIELD_LMZT,SDSYSFIELD_LMBM,SDSYSFIELD_TITLE,SDSYSFIELD_TABLE,SDSYSFIELD_SFBZ,SDSYSFIELD_KZBZ,SDSYSFIELD_SFSPXM,SDSYSFIELD_BZBM,SDSYSFIELD_BZBH,SDSYSFIELD_BZTJ,SDSYSFIELD_SFBT,SDSYSFIELD_XSXH,SDSYSFIELD_GLBM,SDSYSFIELD_BHZD,SDSYSFIELD_NMZD,SDSYSFIELD_MCZD,SDSYSFIELD_SQL,SDSYSFIELD_WIDTH,SDSYSFIELD_SPJD,SDSYSFIELD_TABID,SDSYSFIELD_TYPE,SDSYSFIELD_COLSPAN,SDSYSFIELD_ROWSPAN,SDSYSFIELD_LENGTH,SDSYSFIELD_DEFAULT,SDSYSFIELD_LIST,SDSYSFIELD_PRECISION,SDSYSFIELD_FIELDTYPE,SDSYSFIELD_READONLY,SDSYSFIELD_LISTFLAG,SDSYSFIELD_LOCALESTRING,SDSYSFIELD_ZDQXBH,SDSYSFIELD_DXLB,SDSYSFIELD_DRBZ,SDSYSFIELD_DRBT,SDSYSFIELD_DRXH,SDSYSFIELD_LBXH,SDSYSFIELD_ISFILTER,SDSYSFIELD_FILTERDISP,SDSYSFIELD_NEWLINE,SDSYSFIELD_NEWLINESHOW,SDSYSFIELD_NEWLINETITLE,SDSYSFIELD_GUID,SDSYSFIELD_LINKDO,SDSYSFIELD_SETSQL,SDSYSFIELD_MIN,SDSYSFIELD_MAX,SDSYSFIELD_FJMAX,SDSYSFIELD_FJEXT) values('SDFQL3002','YXJJBCMX_SXSL','1','历史合计数量','','YXJJBCMX',' ','2',' ','','','','0','0660','','','','','', 12 ,'','I2','1', 0 , 0 , 40 ,'','', 0 ,'0','1',' ','','','','0','0', 0 , 0 ,'1','',' ','1','',' ','','','','',0,'')
go
insert into SDSYSFIELD(SDSYSFIELD_ID,SDSYSFIELD_LMMC,SDSYSFIELD_LMZT,SDSYSFIELD_LMBM,SDSYSFIELD_TITLE,SDSYSFIELD_TABLE,SDSYSFIELD_SFBZ,SDSYSFIELD_KZBZ,SDSYSFIELD_SFSPXM,SDSYSFIELD_BZBM,SDSYSFIELD_BZBH,SDSYSFIELD_BZTJ,SDSYSFIELD_SFBT,SDSYSFIELD_XSXH,SDSYSFIELD_GLBM,SDSYSFIELD_BHZD,SDSYSFIELD_NMZD,SDSYSFIELD_MCZD,SDSYSFIELD_SQL,SDSYSFIELD_WIDTH,SDSYSFIELD_SPJD,SDSYSFIELD_TABID,SDSYSFIELD_TYPE,SDSYSFIELD_COLSPAN,SDSYSFIELD_ROWSPAN,SDSYSFIELD_LENGTH,SDSYSFIELD_DEFAULT,SDSYSFIELD_LIST,SDSYSFIELD_PRECISION,SDSYSFIELD_FIELDTYPE,SDSYSFIELD_READONLY,SDSYSFIELD_LISTFLAG,SDSYSFIELD_LOCALESTRING,SDSYSFIELD_ZDQXBH,SDSYSFIELD_DXLB,SDSYSFIELD_DRBZ,SDSYSFIELD_DRBT,SDSYSFIELD_DRXH,SDSYSFIELD_LBXH,SDSYSFIELD_ISFILTER,SDSYSFIELD_FILTERDISP,SDSYSFIELD_NEWLINE,SDSYSFIELD_NEWLINESHOW,SDSYSFIELD_NEWLINETITLE,SDSYSFIELD_GUID,SDSYSFIELD_LINKDO,SDSYSFIELD_SETSQL,SDSYSFIELD_MIN,SDSYSFIELD_MAX,SDSYSFIELD_FJMAX,SDSYSFIELD_FJEXT) values('SDFQL3002','YXJJBCMX_KCSL','1','库存数量','','YXJJBCMX','0','2','0',' ',' ',' ','0','0670',' ',' ',' ',' ',' ', 10 ,'','I2','1', 1 , 1 , 20 ,' ',' ', 2 ,'0','0','0','0','','','0','0', 1 , 1 ,'0','','0','1','','','','','','',0,'')
go
insert into SDSYSFIELD(SDSYSFIELD_ID,SDSYSFIELD_LMMC,SDSYSFIELD_LMZT,SDSYSFIELD_LMBM,SDSYSFIELD_TITLE,SDSYSFIELD_TABLE,SDSYSFIELD_SFBZ,SDSYSFIELD_KZBZ,SDSYSFIELD_SFSPXM,SDSYSFIELD_BZBM,SDSYSFIELD_BZBH,SDSYSFIELD_BZTJ,SDSYSFIELD_SFBT,SDSYSFIELD_XSXH,SDSYSFIELD_GLBM,SDSYSFIELD_BHZD,SDSYSFIELD_NMZD,SDSYSFIELD_MCZD,SDSYSFIELD_SQL,SDSYSFIELD_WIDTH,SDSYSFIELD_SPJD,SDSYSFIELD_TABID,SDSYSFIELD_TYPE,SDSYSFIELD_COLSPAN,SDSYSFIELD_ROWSPAN,SDSYSFIELD_LENGTH,SDSYSFIELD_DEFAULT,SDSYSFIELD_LIST,SDSYSFIELD_PRECISION,SDSYSFIELD_FIELDTYPE,SDSYSFIELD_READONLY,SDSYSFIELD_LISTFLAG,SDSYSFIELD_LOCALESTRING,SDSYSFIELD_ZDQXBH,SDSYSFIELD_DXLB,SDSYSFIELD_DRBZ,SDSYSFIELD_DRBT,SDSYSFIELD_DRXH,SDSYSFIELD_LBXH,SDSYSFIELD_ISFILTER,SDSYSFIELD_FILTERDISP,SDSYSFIELD_NEWLINE,SDSYSFIELD_NEWLINESHOW,SDSYSFIELD_NEWLINETITLE,SDSYSFIELD_GUID,SDSYSFIELD_LINKDO,SDSYSFIELD_SETSQL,SDSYSFIELD_MIN,SDSYSFIELD_MAX,SDSYSFIELD_FJMAX,SDSYSFIELD_FJEXT) values('SDFQL3002','YXJJBCMX_ZRCHJE','1','折让冲红金额','','YXJJBCMX','0','4','0','','','','0','0680','','','','','', 10 ,'','I2','1', 1 , 1 , 20 ,'','', 2 ,'0','1','0','0','','','0','0', 1 , 1 ,'0','','0','1','',' ','','','','',0,'')
go
insert into SDSYSFIELD(SDSYSFIELD_ID,SDSYSFIELD_LMMC,SDSYSFIELD_LMZT,SDSYSFIELD_LMBM,SDSYSFIELD_TITLE,SDSYSFIELD_TABLE,SDSYSFIELD_SFBZ,SDSYSFIELD_KZBZ,SDSYSFIELD_SFSPXM,SDSYSFIELD_BZBM,SDSYSFIELD_BZBH,SDSYSFIELD_BZTJ,SDSYSFIELD_SFBT,SDSYSFIELD_XSXH,SDSYSFIELD_GLBM,SDSYSFIELD_BHZD,SDSYSFIELD_NMZD,SDSYSFIELD_MCZD,SDSYSFIELD_SQL,SDSYSFIELD_WIDTH,SDSYSFIELD_SPJD,SDSYSFIELD_TABID,SDSYSFIELD_TYPE,SDSYSFIELD_COLSPAN,SDSYSFIELD_ROWSPAN,SDSYSFIELD_LENGTH,SDSYSFIELD_DEFAULT,SDSYSFIELD_LIST,SDSYSFIELD_PRECISION,SDSYSFIELD_FIELDTYPE,SDSYSFIELD_READONLY,SDSYSFIELD_LISTFLAG,SDSYSFIELD_LOCALESTRING,SDSYSFIELD_ZDQXBH,SDSYSFIELD_DXLB,SDSYSFIELD_DRBZ,SDSYSFIELD_DRBT,SDSYSFIELD_DRXH,SDSYSFIELD_LBXH,SDSYSFIELD_ISFILTER,SDSYSFIELD_FILTERDISP,SDSYSFIELD_NEWLINE,SDSYSFIELD_NEWLINESHOW,SDSYSFIELD_NEWLINETITLE,SDSYSFIELD_GUID,SDSYSFIELD_LINKDO,SDSYSFIELD_SETSQL,SDSYSFIELD_MIN,SDSYSFIELD_MAX,SDSYSFIELD_FJMAX,SDSYSFIELD_FJEXT) values('SDFQL3002','YXJJBCMX_JJSJ','1','中标降价时间','','YXJJBCMX','0','1','0','','',' ','0','0690','','','','',' ', 10 ,'','I2','1', 1 , 1 , 20 ,'','', 2 ,'0','0','0','0','','','0','0', 1 , 1 ,'0','','0','1','','','','','','',0,'')
go
insert into SDSYSFIELD(SDSYSFIELD_ID,SDSYSFIELD_LMMC,SDSYSFIELD_LMZT,SDSYSFIELD_LMBM,SDSYSFIELD_TITLE,SDSYSFIELD_TABLE,SDSYSFIELD_SFBZ,SDSYSFIELD_KZBZ,SDSYSFIELD_SFSPXM,SDSYSFIELD_BZBM,SDSYSFIELD_BZBH,SDSYSFIELD_BZTJ,SDSYSFIELD_SFBT,SDSYSFIELD_XSXH,SDSYSFIELD_GLBM,SDSYSFIELD_BHZD,SDSYSFIELD_NMZD,SDSYSFIELD_MCZD,SDSYSFIELD_SQL,SDSYSFIELD_WIDTH,SDSYSFIELD_SPJD,SDSYSFIELD_TABID,SDSYSFIELD_TYPE,SDSYSFIELD_COLSPAN,SDSYSFIELD_ROWSPAN,SDSYSFIELD_LENGTH,SDSYSFIELD_DEFAULT,SDSYSFIELD_LIST,SDSYSFIELD_PRECISION,SDSYSFIELD_FIELDTYPE,SDSYSFIELD_READONLY,SDSYSFIELD_LISTFLAG,SDSYSFIELD_LOCALESTRING,SDSYSFIELD_ZDQXBH,SDSYSFIELD_DXLB,SDSYSFIELD_DRBZ,SDSYSFIELD_DRBT,SDSYSFIELD_DRXH,SDSYSFIELD_LBXH,SDSYSFIELD_ISFILTER,SDSYSFIELD_FILTERDISP,SDSYSFIELD_NEWLINE,SDSYSFIELD_NEWLINESHOW,SDSYSFIELD_NEWLINETITLE,SDSYSFIELD_GUID,SDSYSFIELD_LINKDO,SDSYSFIELD_SETSQL,SDSYSFIELD_MIN,SDSYSFIELD_MAX,SDSYSFIELD_FJMAX,SDSYSFIELD_FJEXT) values('SDFQL3002','YXJJBCMX_SYB','1','事业部','','YXJJBCMX','0','0','0','YXSYB','YX1',' ','0','0700','YXSYB MXSYB','MXSYB.YXSYB_SYBBH','MXSYB.YXSYB_NM','MXSYB.YXSYB_SYBMC',' ', 10 ,'','I2','0', 1 , 1 , 20 ,'','', 2 ,'0','0','0','0','','','0','0', 1 , 1 ,'0','','0','1','','','','','','',0,'')
go
insert into SDSYSFIELD(SDSYSFIELD_ID,SDSYSFIELD_LMMC,SDSYSFIELD_LMZT,SDSYSFIELD_LMBM,SDSYSFIELD_TITLE,SDSYSFIELD_TABLE,SDSYSFIELD_SFBZ,SDSYSFIELD_KZBZ,SDSYSFIELD_SFSPXM,SDSYSFIELD_BZBM,SDSYSFIELD_BZBH,SDSYSFIELD_BZTJ,SDSYSFIELD_SFBT,SDSYSFIELD_XSXH,SDSYSFIELD_GLBM,SDSYSFIELD_BHZD,SDSYSFIELD_NMZD,SDSYSFIELD_MCZD,SDSYSFIELD_SQL,SDSYSFIELD_WIDTH,SDSYSFIELD_SPJD,SDSYSFIELD_TABID,SDSYSFIELD_TYPE,SDSYSFIELD_COLSPAN,SDSYSFIELD_ROWSPAN,SDSYSFIELD_LENGTH,SDSYSFIELD_DEFAULT,SDSYSFIELD_LIST,SDSYSFIELD_PRECISION,SDSYSFIELD_FIELDTYPE,SDSYSFIELD_READONLY,SDSYSFIELD_LISTFLAG,SDSYSFIELD_LOCALESTRING,SDSYSFIELD_ZDQXBH,SDSYSFIELD_DXLB,SDSYSFIELD_DRBZ,SDSYSFIELD_DRBT,SDSYSFIELD_DRXH,SDSYSFIELD_LBXH,SDSYSFIELD_ISFILTER,SDSYSFIELD_FILTERDISP,SDSYSFIELD_NEWLINE,SDSYSFIELD_NEWLINESHOW,SDSYSFIELD_NEWLINETITLE,SDSYSFIELD_GUID,SDSYSFIELD_LINKDO,SDSYSFIELD_SETSQL,SDSYSFIELD_MIN,SDSYSFIELD_MAX,SDSYSFIELD_FJMAX,SDSYSFIELD_FJEXT) values('SDFQL3002','YXJJBCMX_KHPSJE','1','扣除考核配送费金额','','YXJJBCMX','0','4','0','','','','0','0710','','','','','', 10 ,'','I2','1', 1 , 1 , 20 ,'0','', 2 ,'0','0','0','0','','','0','0', 1 , 1 ,'0','','0','1','',' ','','','','',0,'')
go
insert into SDSYSFIELD(SDSYSFIELD_ID,SDSYSFIELD_LMMC,SDSYSFIELD_LMZT,SDSYSFIELD_LMBM,SDSYSFIELD_TITLE,SDSYSFIELD_TABLE,SDSYSFIELD_SFBZ,SDSYSFIELD_KZBZ,SDSYSFIELD_SFSPXM,SDSYSFIELD_BZBM,SDSYSFIELD_BZBH,SDSYSFIELD_BZTJ,SDSYSFIELD_SFBT,SDSYSFIELD_XSXH,SDSYSFIELD_GLBM,SDSYSFIELD_BHZD,SDSYSFIELD_NMZD,SDSYSFIELD_MCZD,SDSYSFIELD_SQL,SDSYSFIELD_WIDTH,SDSYSFIELD_SPJD,SDSYSFIELD_TABID,SDSYSFIELD_TYPE,SDSYSFIELD_COLSPAN,SDSYSFIELD_ROWSPAN,SDSYSFIELD_LENGTH,SDSYSFIELD_DEFAULT,SDSYSFIELD_LIST,SDSYSFIELD_PRECISION,SDSYSFIELD_FIELDTYPE,SDSYSFIELD_READONLY,SDSYSFIELD_LISTFLAG,SDSYSFIELD_LOCALESTRING,SDSYSFIELD_ZDQXBH,SDSYSFIELD_DXLB,SDSYSFIELD_DRBZ,SDSYSFIELD_DRBT,SDSYSFIELD_DRXH,SDSYSFIELD_LBXH,SDSYSFIELD_ISFILTER,SDSYSFIELD_FILTERDISP,SDSYSFIELD_NEWLINE,SDSYSFIELD_NEWLINESHOW,SDSYSFIELD_NEWLINETITLE,SDSYSFIELD_GUID,SDSYSFIELD_LINKDO,SDSYSFIELD_SETSQL,SDSYSFIELD_MIN,SDSYSFIELD_MAX,SDSYSFIELD_FJMAX,SDSYSFIELD_FJEXT) values('SDFQL3002','YXJJBCMX_KCJZRQ','1','库存截止日期','','YXJJBCMX','0','1','0',' ',' ',' ','0','0720',' ',' ',' ',' ',' ', 10 ,'','I2','0', 1 , 1 , 8 ,' ',' ', 2 ,'0','0','0','0','','','0','0', 1 , 1 ,'0','','0','1','','','','','','',0,'')
go
insert into SDSYSFIELD(SDSYSFIELD_ID,SDSYSFIELD_LMMC,SDSYSFIELD_LMZT,SDSYSFIELD_LMBM,SDSYSFIELD_TITLE,SDSYSFIELD_TABLE,SDSYSFIELD_SFBZ,SDSYSFIELD_KZBZ,SDSYSFIELD_SFSPXM,SDSYSFIELD_BZBM,SDSYSFIELD_BZBH,SDSYSFIELD_BZTJ,SDSYSFIELD_SFBT,SDSYSFIELD_XSXH,SDSYSFIELD_GLBM,SDSYSFIELD_BHZD,SDSYSFIELD_NMZD,SDSYSFIELD_MCZD,SDSYSFIELD_SQL,SDSYSFIELD_WIDTH,SDSYSFIELD_SPJD,SDSYSFIELD_TABID,SDSYSFIELD_TYPE,SDSYSFIELD_COLSPAN,SDSYSFIELD_ROWSPAN,SDSYSFIELD_LENGTH,SDSYSFIELD_DEFAULT,SDSYSFIELD_LIST,SDSYSFIELD_PRECISION,SDSYSFIELD_FIELDTYPE,SDSYSFIELD_READONLY,SDSYSFIELD_LISTFLAG,SDSYSFIELD_LOCALESTRING,SDSYSFIELD_ZDQXBH,SDSYSFIELD_DXLB,SDSYSFIELD_DRBZ,SDSYSFIELD_DRBT,SDSYSFIELD_DRXH,SDSYSFIELD_LBXH,SDSYSFIELD_ISFILTER,SDSYSFIELD_FILTERDISP,SDSYSFIELD_NEWLINE,SDSYSFIELD_NEWLINESHOW,SDSYSFIELD_NEWLINETITLE,SDSYSFIELD_GUID,SDSYSFIELD_LINKDO,SDSYSFIELD_SETSQL,SDSYSFIELD_MIN,SDSYSFIELD_MAX,SDSYSFIELD_FJMAX,SDSYSFIELD_FJEXT) values('SDFQL3002','YXJJBCMX_ZBBZ','1','招标修改备注','','YXJJBCMX','0','0','0','','',' ','0','0730','','','','',' ', 15 ,'','I2','0', 1 , 1 , 100 ,'','', 2 ,'0','0','0','0','','','0','0', 1 , 1 ,'0','','0','1','','','','','','',0,'')
go
insert into SDSYSFIELD(SDSYSFIELD_ID,SDSYSFIELD_LMMC,SDSYSFIELD_LMZT,SDSYSFIELD_LMBM,SDSYSFIELD_TITLE,SDSYSFIELD_TABLE,SDSYSFIELD_SFBZ,SDSYSFIELD_KZBZ,SDSYSFIELD_SFSPXM,SDSYSFIELD_BZBM,SDSYSFIELD_BZBH,SDSYSFIELD_BZTJ,SDSYSFIELD_SFBT,SDSYSFIELD_XSXH,SDSYSFIELD_GLBM,SDSYSFIELD_BHZD,SDSYSFIELD_NMZD,SDSYSFIELD_MCZD,SDSYSFIELD_SQL,SDSYSFIELD_WIDTH,SDSYSFIELD_SPJD,SDSYSFIELD_TABID,SDSYSFIELD_TYPE,SDSYSFIELD_COLSPAN,SDSYSFIELD_ROWSPAN,SDSYSFIELD_LENGTH,SDSYSFIELD_DEFAULT,SDSYSFIELD_LIST,SDSYSFIELD_PRECISION,SDSYSFIELD_FIELDTYPE,SDSYSFIELD_READONLY,SDSYSFIELD_LISTFLAG,SDSYSFIELD_LOCALESTRING,SDSYSFIELD_ZDQXBH,SDSYSFIELD_DXLB,SDSYSFIELD_DRBZ,SDSYSFIELD_DRBT,SDSYSFIELD_DRXH,SDSYSFIELD_LBXH,SDSYSFIELD_ISFILTER,SDSYSFIELD_FILTERDISP,SDSYSFIELD_NEWLINE,SDSYSFIELD_NEWLINESHOW,SDSYSFIELD_NEWLINETITLE,SDSYSFIELD_GUID,SDSYSFIELD_LINKDO,SDSYSFIELD_SETSQL,SDSYSFIELD_MIN,SDSYSFIELD_MAX,SDSYSFIELD_FJMAX,SDSYSFIELD_FJEXT) values('SDFQL3002','YXJJBCMX_SWBZ','1','商务修改备注','','YXJJBCMX','0','0','0','','',' ','0','0740','','','','',' ', 15 ,'','I2','0', 1 , 1 , 100 ,'','', 2 ,'0','0','0','0','','','0','0', 1 , 1 ,'0','','0','1','','','','','','',0,'')
go
insert into SDSYSFIELD(SDSYSFIELD_ID,SDSYSFIELD_LMMC,SDSYSFIELD_LMZT,SDSYSFIELD_LMBM,SDSYSFIELD_TITLE,SDSYSFIELD_TABLE,SDSYSFIELD_SFBZ,SDSYSFIELD_KZBZ,SDSYSFIELD_SFSPXM,SDSYSFIELD_BZBM,SDSYSFIELD_BZBH,SDSYSFIELD_BZTJ,SDSYSFIELD_SFBT,SDSYSFIELD_XSXH,SDSYSFIELD_GLBM,SDSYSFIELD_BHZD,SDSYSFIELD_NMZD,SDSYSFIELD_MCZD,SDSYSFIELD_SQL,SDSYSFIELD_WIDTH,SDSYSFIELD_SPJD,SDSYSFIELD_TABID,SDSYSFIELD_TYPE,SDSYSFIELD_COLSPAN,SDSYSFIELD_ROWSPAN,SDSYSFIELD_LENGTH,SDSYSFIELD_DEFAULT,SDSYSFIELD_LIST,SDSYSFIELD_PRECISION,SDSYSFIELD_FIELDTYPE,SDSYSFIELD_READONLY,SDSYSFIELD_LISTFLAG,SDSYSFIELD_LOCALESTRING,SDSYSFIELD_ZDQXBH,SDSYSFIELD_DXLB,SDSYSFIELD_DRBZ,SDSYSFIELD_DRBT,SDSYSFIELD_DRXH,SDSYSFIELD_LBXH,SDSYSFIELD_ISFILTER,SDSYSFIELD_FILTERDISP,SDSYSFIELD_NEWLINE,SDSYSFIELD_NEWLINESHOW,SDSYSFIELD_NEWLINETITLE,SDSYSFIELD_GUID,SDSYSFIELD_LINKDO,SDSYSFIELD_SETSQL,SDSYSFIELD_MIN,SDSYSFIELD_MAX,SDSYSFIELD_FJMAX,SDSYSFIELD_FJEXT) values('SDFQL3002','YXJJBCMX_CWBZ','1','财务修改备注','','YXJJBCMX','0','0','0','','',' ','0','0750','','','','',' ', 15 ,'','I2','0', 1 , 1 , 100 ,'','', 2 ,'0','0','0','0','','','0','0', 1 , 1 ,'0','','0','1','','','','','','',0,'')
go
insert into SDSYSFIELD(SDSYSFIELD_ID,SDSYSFIELD_LMMC,SDSYSFIELD_LMZT,SDSYSFIELD_LMBM,SDSYSFIELD_TITLE,SDSYSFIELD_TABLE,SDSYSFIELD_SFBZ,SDSYSFIELD_KZBZ,SDSYSFIELD_SFSPXM,SDSYSFIELD_BZBM,SDSYSFIELD_BZBH,SDSYSFIELD_BZTJ,SDSYSFIELD_SFBT,SDSYSFIELD_XSXH,SDSYSFIELD_GLBM,SDSYSFIELD_BHZD,SDSYSFIELD_NMZD,SDSYSFIELD_MCZD,SDSYSFIELD_SQL,SDSYSFIELD_WIDTH,SDSYSFIELD_SPJD,SDSYSFIELD_TABID,SDSYSFIELD_TYPE,SDSYSFIELD_COLSPAN,SDSYSFIELD_ROWSPAN,SDSYSFIELD_LENGTH,SDSYSFIELD_DEFAULT,SDSYSFIELD_LIST,SDSYSFIELD_PRECISION,SDSYSFIELD_FIELDTYPE,SDSYSFIELD_READONLY,SDSYSFIELD_LISTFLAG,SDSYSFIELD_LOCALESTRING,SDSYSFIELD_ZDQXBH,SDSYSFIELD_DXLB,SDSYSFIELD_DRBZ,SDSYSFIELD_DRBT,SDSYSFIELD_DRXH,SDSYSFIELD_LBXH,SDSYSFIELD_ISFILTER,SDSYSFIELD_FILTERDISP,SDSYSFIELD_NEWLINE,SDSYSFIELD_NEWLINESHOW,SDSYSFIELD_NEWLINETITLE,SDSYSFIELD_GUID,SDSYSFIELD_LINKDO,SDSYSFIELD_SETSQL,SDSYSFIELD_MIN,SDSYSFIELD_MAX,SDSYSFIELD_FJMAX,SDSYSFIELD_FJEXT) values('SDFQL3002','YXJJBCLS_FLBH','0','分录编号','','YXJJBCLS','0','0','0','','',' ','0','0760','','','','',' ', 0 ,'','I3','0', 1 , 1 , 40 ,'','', 2 ,'4','0','0','0','','','0','0', 1 , 1 ,'0','','0','1','','','','','','',0,'')
go
insert into SDSYSFIELD(SDSYSFIELD_ID,SDSYSFIELD_LMMC,SDSYSFIELD_LMZT,SDSYSFIELD_LMBM,SDSYSFIELD_TITLE,SDSYSFIELD_TABLE,SDSYSFIELD_SFBZ,SDSYSFIELD_KZBZ,SDSYSFIELD_SFSPXM,SDSYSFIELD_BZBM,SDSYSFIELD_BZBH,SDSYSFIELD_BZTJ,SDSYSFIELD_SFBT,SDSYSFIELD_XSXH,SDSYSFIELD_GLBM,SDSYSFIELD_BHZD,SDSYSFIELD_NMZD,SDSYSFIELD_MCZD,SDSYSFIELD_SQL,SDSYSFIELD_WIDTH,SDSYSFIELD_SPJD,SDSYSFIELD_TABID,SDSYSFIELD_TYPE,SDSYSFIELD_COLSPAN,SDSYSFIELD_ROWSPAN,SDSYSFIELD_LENGTH,SDSYSFIELD_DEFAULT,SDSYSFIELD_LIST,SDSYSFIELD_PRECISION,SDSYSFIELD_FIELDTYPE,SDSYSFIELD_READONLY,SDSYSFIELD_LISTFLAG,SDSYSFIELD_LOCALESTRING,SDSYSFIELD_ZDQXBH,SDSYSFIELD_DXLB,SDSYSFIELD_DRBZ,SDSYSFIELD_DRBT,SDSYSFIELD_DRXH,SDSYSFIELD_LBXH,SDSYSFIELD_ISFILTER,SDSYSFIELD_FILTERDISP,SDSYSFIELD_NEWLINE,SDSYSFIELD_NEWLINESHOW,SDSYSFIELD_NEWLINETITLE,SDSYSFIELD_GUID,SDSYSFIELD_LINKDO,SDSYSFIELD_SETSQL,SDSYSFIELD_MIN,SDSYSFIELD_MAX,SDSYSFIELD_FJMAX,SDSYSFIELD_FJEXT) values('SDFQL3002','YXJJBCLS_LSBH','0','流水编号','','YXJJBCLS','0','0','0','','',' ','0','0770','','','','',' ', 0 ,'','I3','0', 1 , 1 , 40 ,'','', 2 ,'1','0','0','0','','','0','0', 1 , 1 ,'0','','0','1','','','','','','',0,'')
go
insert into SDSYSFIELD(SDSYSFIELD_ID,SDSYSFIELD_LMMC,SDSYSFIELD_LMZT,SDSYSFIELD_LMBM,SDSYSFIELD_TITLE,SDSYSFIELD_TABLE,SDSYSFIELD_SFBZ,SDSYSFIELD_KZBZ,SDSYSFIELD_SFSPXM,SDSYSFIELD_BZBM,SDSYSFIELD_BZBH,SDSYSFIELD_BZTJ,SDSYSFIELD_SFBT,SDSYSFIELD_XSXH,SDSYSFIELD_GLBM,SDSYSFIELD_BHZD,SDSYSFIELD_NMZD,SDSYSFIELD_MCZD,SDSYSFIELD_SQL,SDSYSFIELD_WIDTH,SDSYSFIELD_SPJD,SDSYSFIELD_TABID,SDSYSFIELD_TYPE,SDSYSFIELD_COLSPAN,SDSYSFIELD_ROWSPAN,SDSYSFIELD_LENGTH,SDSYSFIELD_DEFAULT,SDSYSFIELD_LIST,SDSYSFIELD_PRECISION,SDSYSFIELD_FIELDTYPE,SDSYSFIELD_READONLY,SDSYSFIELD_LISTFLAG,SDSYSFIELD_LOCALESTRING,SDSYSFIELD_ZDQXBH,SDSYSFIELD_DXLB,SDSYSFIELD_DRBZ,SDSYSFIELD_DRBT,SDSYSFIELD_DRXH,SDSYSFIELD_LBXH,SDSYSFIELD_ISFILTER,SDSYSFIELD_FILTERDISP,SDSYSFIELD_NEWLINE,SDSYSFIELD_NEWLINESHOW,SDSYSFIELD_NEWLINETITLE,SDSYSFIELD_GUID,SDSYSFIELD_LINKDO,SDSYSFIELD_SETSQL,SDSYSFIELD_MIN,SDSYSFIELD_MAX,SDSYSFIELD_FJMAX,SDSYSFIELD_FJEXT) values('SDFQL3002','YXJJBCLS_ZRZT','1','折让账套','','YXJJBCLS',' ','0',' ','LSBZDW','YX01','','0','0800','LSBZDW ZRZT','ZRZT.LSBZDW_DWBH','','ZRZT.LSBZDW_DWMC','', 12 ,'','I3','0', 0 , 0 , 40 ,'','', 0 ,'0','0',' ','','','','0','0', 0 , 0 ,'1','',' ','1','',' ','','','','',0,'')
go
insert into SDSYSFIELD(SDSYSFIELD_ID,SDSYSFIELD_LMMC,SDSYSFIELD_LMZT,SDSYSFIELD_LMBM,SDSYSFIELD_TITLE,SDSYSFIELD_TABLE,SDSYSFIELD_SFBZ,SDSYSFIELD_KZBZ,SDSYSFIELD_SFSPXM,SDSYSFIELD_BZBM,SDSYSFIELD_BZBH,SDSYSFIELD_BZTJ,SDSYSFIELD_SFBT,SDSYSFIELD_XSXH,SDSYSFIELD_GLBM,SDSYSFIELD_BHZD,SDSYSFIELD_NMZD,SDSYSFIELD_MCZD,SDSYSFIELD_SQL,SDSYSFIELD_WIDTH,SDSYSFIELD_SPJD,SDSYSFIELD_TABID,SDSYSFIELD_TYPE,SDSYSFIELD_COLSPAN,SDSYSFIELD_ROWSPAN,SDSYSFIELD_LENGTH,SDSYSFIELD_DEFAULT,SDSYSFIELD_LIST,SDSYSFIELD_PRECISION,SDSYSFIELD_FIELDTYPE,SDSYSFIELD_READONLY,SDSYSFIELD_LISTFLAG,SDSYSFIELD_LOCALESTRING,SDSYSFIELD_ZDQXBH,SDSYSFIELD_DXLB,SDSYSFIELD_DRBZ,SDSYSFIELD_DRBT,SDSYSFIELD_DRXH,SDSYSFIELD_LBXH,SDSYSFIELD_ISFILTER,SDSYSFIELD_FILTERDISP,SDSYSFIELD_NEWLINE,SDSYSFIELD_NEWLINESHOW,SDSYSFIELD_NEWLINETITLE,SDSYSFIELD_GUID,SDSYSFIELD_LINKDO,SDSYSFIELD_SETSQL,SDSYSFIELD_MIN,SDSYSFIELD_MAX,SDSYSFIELD_FJMAX,SDSYSFIELD_FJEXT) values('SDFQL3002','YXJJBCLS_GSID','1','销售公司','','YXJJBCLS','0','0','0','LSBZDW','YX01','','0','0780','LSBZDW GSLS','GSLS.LSBZDW_DWBH','','GSLS.LSBZDW_DWMC','', 10 ,'','I3','0', 1 , 1 , 40 ,'','', 2 ,'0','1','0','0','','','0','0', 1 , 1 ,'0','','0','1','',' ','','','','',0,'')
go
insert into SDSYSFIELD(SDSYSFIELD_ID,SDSYSFIELD_LMMC,SDSYSFIELD_LMZT,SDSYSFIELD_LMBM,SDSYSFIELD_TITLE,SDSYSFIELD_TABLE,SDSYSFIELD_SFBZ,SDSYSFIELD_KZBZ,SDSYSFIELD_SFSPXM,SDSYSFIELD_BZBM,SDSYSFIELD_BZBH,SDSYSFIELD_BZTJ,SDSYSFIELD_SFBT,SDSYSFIELD_XSXH,SDSYSFIELD_GLBM,SDSYSFIELD_BHZD,SDSYSFIELD_NMZD,SDSYSFIELD_MCZD,SDSYSFIELD_SQL,SDSYSFIELD_WIDTH,SDSYSFIELD_SPJD,SDSYSFIELD_TABID,SDSYSFIELD_TYPE,SDSYSFIELD_COLSPAN,SDSYSFIELD_ROWSPAN,SDSYSFIELD_LENGTH,SDSYSFIELD_DEFAULT,SDSYSFIELD_LIST,SDSYSFIELD_PRECISION,SDSYSFIELD_FIELDTYPE,SDSYSFIELD_READONLY,SDSYSFIELD_LISTFLAG,SDSYSFIELD_LOCALESTRING,SDSYSFIELD_ZDQXBH,SDSYSFIELD_DXLB,SDSYSFIELD_DRBZ,SDSYSFIELD_DRBT,SDSYSFIELD_DRXH,SDSYSFIELD_LBXH,SDSYSFIELD_ISFILTER,SDSYSFIELD_FILTERDISP,SDSYSFIELD_NEWLINE,SDSYSFIELD_NEWLINESHOW,SDSYSFIELD_NEWLINETITLE,SDSYSFIELD_GUID,SDSYSFIELD_LINKDO,SDSYSFIELD_SETSQL,SDSYSFIELD_MIN,SDSYSFIELD_MAX,SDSYSFIELD_FJMAX,SDSYSFIELD_FJEXT) values('SDFQL3002','YXJJBCLS_GUID','1','唯一标识','','YXJJBCLS',' ','0',' ','','','','0','0790','','','','','', 12 ,'','I3','0', 0 , 0 , 40 ,'','', 0 ,'0','1',' ','','','','0','0', 0 , 0 ,'1','',' ','1','',' ','','','','',0,'')
go
insert into SDSYSFIELD(SDSYSFIELD_ID,SDSYSFIELD_LMMC,SDSYSFIELD_LMZT,SDSYSFIELD_LMBM,SDSYSFIELD_TITLE,SDSYSFIELD_TABLE,SDSYSFIELD_SFBZ,SDSYSFIELD_KZBZ,SDSYSFIELD_SFSPXM,SDSYSFIELD_BZBM,SDSYSFIELD_BZBH,SDSYSFIELD_BZTJ,SDSYSFIELD_SFBT,SDSYSFIELD_XSXH,SDSYSFIELD_GLBM,SDSYSFIELD_BHZD,SDSYSFIELD_NMZD,SDSYSFIELD_MCZD,SDSYSFIELD_SQL,SDSYSFIELD_WIDTH,SDSYSFIELD_SPJD,SDSYSFIELD_TABID,SDSYSFIELD_TYPE,SDSYSFIELD_COLSPAN,SDSYSFIELD_ROWSPAN,SDSYSFIELD_LENGTH,SDSYSFIELD_DEFAULT,SDSYSFIELD_LIST,SDSYSFIELD_PRECISION,SDSYSFIELD_FIELDTYPE,SDSYSFIELD_READONLY,SDSYSFIELD_LISTFLAG,SDSYSFIELD_LOCALESTRING,SDSYSFIELD_ZDQXBH,SDSYSFIELD_DXLB,SDSYSFIELD_DRBZ,SDSYSFIELD_DRBT,SDSYSFIELD_DRXH,SDSYSFIELD_LBXH,SDSYSFIELD_ISFILTER,SDSYSFIELD_FILTERDISP,SDSYSFIELD_NEWLINE,SDSYSFIELD_NEWLINESHOW,SDSYSFIELD_NEWLINETITLE,SDSYSFIELD_GUID,SDSYSFIELD_LINKDO,SDSYSFIELD_SETSQL,SDSYSFIELD_MIN,SDSYSFIELD_MAX,SDSYSFIELD_FJMAX,SDSYSFIELD_FJEXT) values('SDFQL3002','YXJJBCLS_LSDJBH','1','单据编号','','YXJJBCLS','','0','',' ',' ','','0','0800',' ',' ',' ',' ','', 12 ,'','I3','0', 1, 1, 40 ,' ',' ', 2,'0','0','','','','','0','0', 100, 100,'1','','','1','','','','','','',0,'')
go
insert into SDSYSFIELD(SDSYSFIELD_ID,SDSYSFIELD_LMMC,SDSYSFIELD_LMZT,SDSYSFIELD_LMBM,SDSYSFIELD_TITLE,SDSYSFIELD_TABLE,SDSYSFIELD_SFBZ,SDSYSFIELD_KZBZ,SDSYSFIELD_SFSPXM,SDSYSFIELD_BZBM,SDSYSFIELD_BZBH,SDSYSFIELD_BZTJ,SDSYSFIELD_SFBT,SDSYSFIELD_XSXH,SDSYSFIELD_GLBM,SDSYSFIELD_BHZD,SDSYSFIELD_NMZD,SDSYSFIELD_MCZD,SDSYSFIELD_SQL,SDSYSFIELD_WIDTH,SDSYSFIELD_SPJD,SDSYSFIELD_TABID,SDSYSFIELD_TYPE,SDSYSFIELD_COLSPAN,SDSYSFIELD_ROWSPAN,SDSYSFIELD_LENGTH,SDSYSFIELD_DEFAULT,SDSYSFIELD_LIST,SDSYSFIELD_PRECISION,SDSYSFIELD_FIELDTYPE,SDSYSFIELD_READONLY,SDSYSFIELD_LISTFLAG,SDSYSFIELD_LOCALESTRING,SDSYSFIELD_ZDQXBH,SDSYSFIELD_DXLB,SDSYSFIELD_DRBZ,SDSYSFIELD_DRBT,SDSYSFIELD_DRXH,SDSYSFIELD_LBXH,SDSYSFIELD_ISFILTER,SDSYSFIELD_FILTERDISP,SDSYSFIELD_NEWLINE,SDSYSFIELD_NEWLINESHOW,SDSYSFIELD_NEWLINETITLE,SDSYSFIELD_GUID,SDSYSFIELD_LINKDO,SDSYSFIELD_SETSQL,SDSYSFIELD_MIN,SDSYSFIELD_MAX,SDSYSFIELD_FJMAX,SDSYSFIELD_FJEXT) values('SDFQL3002','YXJJBCLS_QDLX','1','渠道类型','','YXJJBCLS','0','0','0','YXDDYWLX','YX1','','0','0800','YXDDYWLX LSLX','LSLX.YXDDYWLX_BH','LSLX.YXDDYWLX_NM','LSLX.YXDDYWLX_MC','', 10 ,'','I3','0', 1 , 1 , 40 ,'','', 2 ,'0','1','0','0','','','0','0', 1 , 1 ,'0','','0','1','',' ','','','','',0,'')
go
insert into SDSYSFIELD(SDSYSFIELD_ID,SDSYSFIELD_LMMC,SDSYSFIELD_LMZT,SDSYSFIELD_LMBM,SDSYSFIELD_TITLE,SDSYSFIELD_TABLE,SDSYSFIELD_SFBZ,SDSYSFIELD_KZBZ,SDSYSFIELD_SFSPXM,SDSYSFIELD_BZBM,SDSYSFIELD_BZBH,SDSYSFIELD_BZTJ,SDSYSFIELD_SFBT,SDSYSFIELD_XSXH,SDSYSFIELD_GLBM,SDSYSFIELD_BHZD,SDSYSFIELD_NMZD,SDSYSFIELD_MCZD,SDSYSFIELD_SQL,SDSYSFIELD_WIDTH,SDSYSFIELD_SPJD,SDSYSFIELD_TABID,SDSYSFIELD_TYPE,SDSYSFIELD_COLSPAN,SDSYSFIELD_ROWSPAN,SDSYSFIELD_LENGTH,SDSYSFIELD_DEFAULT,SDSYSFIELD_LIST,SDSYSFIELD_PRECISION,SDSYSFIELD_FIELDTYPE,SDSYSFIELD_READONLY,SDSYSFIELD_LISTFLAG,SDSYSFIELD_LOCALESTRING,SDSYSFIELD_ZDQXBH,SDSYSFIELD_DXLB,SDSYSFIELD_DRBZ,SDSYSFIELD_DRBT,SDSYSFIELD_DRXH,SDSYSFIELD_LBXH,SDSYSFIELD_ISFILTER,SDSYSFIELD_FILTERDISP,SDSYSFIELD_NEWLINE,SDSYSFIELD_NEWLINESHOW,SDSYSFIELD_NEWLINETITLE,SDSYSFIELD_GUID,SDSYSFIELD_LINKDO,SDSYSFIELD_SETSQL,SDSYSFIELD_MIN,SDSYSFIELD_MAX,SDSYSFIELD_FJMAX,SDSYSFIELD_FJEXT) values('SDFQL3002','YXJJBCLS_BMBH','1','区域','','YXJJBCLS','0','0','0','YXBMZD','YX1','','0','0810','YXBMZD LSBM','LSBM.YXBMZD_BMBH','LSBM.YXBMZD_NM','LSBM.YXBMZD_BMMC','', 10 ,'','I3','0', 1 , 1 , 40 ,'','', 2 ,'0','1','0','0','','','0','0', 1 , 1 ,'0','','0','1','',' ','','','','',0,'')
go
insert into SDSYSFIELD(SDSYSFIELD_ID,SDSYSFIELD_LMMC,SDSYSFIELD_LMZT,SDSYSFIELD_LMBM,SDSYSFIELD_TITLE,SDSYSFIELD_TABLE,SDSYSFIELD_SFBZ,SDSYSFIELD_KZBZ,SDSYSFIELD_SFSPXM,SDSYSFIELD_BZBM,SDSYSFIELD_BZBH,SDSYSFIELD_BZTJ,SDSYSFIELD_SFBT,SDSYSFIELD_XSXH,SDSYSFIELD_GLBM,SDSYSFIELD_BHZD,SDSYSFIELD_NMZD,SDSYSFIELD_MCZD,SDSYSFIELD_SQL,SDSYSFIELD_WIDTH,SDSYSFIELD_SPJD,SDSYSFIELD_TABID,SDSYSFIELD_TYPE,SDSYSFIELD_COLSPAN,SDSYSFIELD_ROWSPAN,SDSYSFIELD_LENGTH,SDSYSFIELD_DEFAULT,SDSYSFIELD_LIST,SDSYSFIELD_PRECISION,SDSYSFIELD_FIELDTYPE,SDSYSFIELD_READONLY,SDSYSFIELD_LISTFLAG,SDSYSFIELD_LOCALESTRING,SDSYSFIELD_ZDQXBH,SDSYSFIELD_DXLB,SDSYSFIELD_DRBZ,SDSYSFIELD_DRBT,SDSYSFIELD_DRXH,SDSYSFIELD_LBXH,SDSYSFIELD_ISFILTER,SDSYSFIELD_FILTERDISP,SDSYSFIELD_NEWLINE,SDSYSFIELD_NEWLINESHOW,SDSYSFIELD_NEWLINETITLE,SDSYSFIELD_GUID,SDSYSFIELD_LINKDO,SDSYSFIELD_SETSQL,SDSYSFIELD_MIN,SDSYSFIELD_MAX,SDSYSFIELD_FJMAX,SDSYSFIELD_FJEXT) values('SDFQL3002','YXJJBCLS_CRMDDRQ','1','CRM订单日期','','YXJJBCLS','0','0','0','','','','0','0820','','','','','', 10 ,'','I3','0', 1 , 1 , 8 ,'','', 2 ,'0','1','0','0','','','0','0', 1 , 1 ,'0','','0','1','',' ','','','','',0,'')
go
insert into SDSYSFIELD(SDSYSFIELD_ID,SDSYSFIELD_LMMC,SDSYSFIELD_LMZT,SDSYSFIELD_LMBM,SDSYSFIELD_TITLE,SDSYSFIELD_TABLE,SDSYSFIELD_SFBZ,SDSYSFIELD_KZBZ,SDSYSFIELD_SFSPXM,SDSYSFIELD_BZBM,SDSYSFIELD_BZBH,SDSYSFIELD_BZTJ,SDSYSFIELD_SFBT,SDSYSFIELD_XSXH,SDSYSFIELD_GLBM,SDSYSFIELD_BHZD,SDSYSFIELD_NMZD,SDSYSFIELD_MCZD,SDSYSFIELD_SQL,SDSYSFIELD_WIDTH,SDSYSFIELD_SPJD,SDSYSFIELD_TABID,SDSYSFIELD_TYPE,SDSYSFIELD_COLSPAN,SDSYSFIELD_ROWSPAN,SDSYSFIELD_LENGTH,SDSYSFIELD_DEFAULT,SDSYSFIELD_LIST,SDSYSFIELD_PRECISION,SDSYSFIELD_FIELDTYPE,SDSYSFIELD_READONLY,SDSYSFIELD_LISTFLAG,SDSYSFIELD_LOCALESTRING,SDSYSFIELD_ZDQXBH,SDSYSFIELD_DXLB,SDSYSFIELD_DRBZ,SDSYSFIELD_DRBT,SDSYSFIELD_DRXH,SDSYSFIELD_LBXH,SDSYSFIELD_ISFILTER,SDSYSFIELD_FILTERDISP,SDSYSFIELD_NEWLINE,SDSYSFIELD_NEWLINESHOW,SDSYSFIELD_NEWLINETITLE,SDSYSFIELD_GUID,SDSYSFIELD_LINKDO,SDSYSFIELD_SETSQL,SDSYSFIELD_MIN,SDSYSFIELD_MAX,SDSYSFIELD_FJMAX,SDSYSFIELD_FJEXT) values('SDFQL3002','YXJJBCLS_SAPTDH','1','SAP提单号','','YXJJBCLS','0','0','0','','','','0','0830','','','','','', 10 ,'','I3','0', 1 , 1 , 40 ,'','', 2 ,'0','1','0','0','','','0','0', 1 , 1 ,'0','','0','1','',' ','','','','',0,'')
go
insert into SDSYSFIELD(SDSYSFIELD_ID,SDSYSFIELD_LMMC,SDSYSFIELD_LMZT,SDSYSFIELD_LMBM,SDSYSFIELD_TITLE,SDSYSFIELD_TABLE,SDSYSFIELD_SFBZ,SDSYSFIELD_KZBZ,SDSYSFIELD_SFSPXM,SDSYSFIELD_BZBM,SDSYSFIELD_BZBH,SDSYSFIELD_BZTJ,SDSYSFIELD_SFBT,SDSYSFIELD_XSXH,SDSYSFIELD_GLBM,SDSYSFIELD_BHZD,SDSYSFIELD_NMZD,SDSYSFIELD_MCZD,SDSYSFIELD_SQL,SDSYSFIELD_WIDTH,SDSYSFIELD_SPJD,SDSYSFIELD_TABID,SDSYSFIELD_TYPE,SDSYSFIELD_COLSPAN,SDSYSFIELD_ROWSPAN,SDSYSFIELD_LENGTH,SDSYSFIELD_DEFAULT,SDSYSFIELD_LIST,SDSYSFIELD_PRECISION,SDSYSFIELD_FIELDTYPE,SDSYSFIELD_READONLY,SDSYSFIELD_LISTFLAG,SDSYSFIELD_LOCALESTRING,SDSYSFIELD_ZDQXBH,SDSYSFIELD_DXLB,SDSYSFIELD_DRBZ,SDSYSFIELD_DRBT,SDSYSFIELD_DRXH,SDSYSFIELD_LBXH,SDSYSFIELD_ISFILTER,SDSYSFIELD_FILTERDISP,SDSYSFIELD_NEWLINE,SDSYSFIELD_NEWLINESHOW,SDSYSFIELD_NEWLINETITLE,SDSYSFIELD_GUID,SDSYSFIELD_LINKDO,SDSYSFIELD_SETSQL,SDSYSFIELD_MIN,SDSYSFIELD_MAX,SDSYSFIELD_FJMAX,SDSYSFIELD_FJEXT) values('SDFQL3002','YXJJBCLS_JSKPH','1','金税开票号','','YXJJBCLS','0','0','0','','','','0','0840','','','','','', 10 ,'','I3','0', 1 , 1 , 40 ,'','', 2 ,'0','1','0','0','','','0','0', 1 , 1 ,'0','','0','1','',' ','','','','',0,'')
go
insert into SDSYSFIELD(SDSYSFIELD_ID,SDSYSFIELD_LMMC,SDSYSFIELD_LMZT,SDSYSFIELD_LMBM,SDSYSFIELD_TITLE,SDSYSFIELD_TABLE,SDSYSFIELD_SFBZ,SDSYSFIELD_KZBZ,SDSYSFIELD_SFSPXM,SDSYSFIELD_BZBM,SDSYSFIELD_BZBH,SDSYSFIELD_BZTJ,SDSYSFIELD_SFBT,SDSYSFIELD_XSXH,SDSYSFIELD_GLBM,SDSYSFIELD_BHZD,SDSYSFIELD_NMZD,SDSYSFIELD_MCZD,SDSYSFIELD_SQL,SDSYSFIELD_WIDTH,SDSYSFIELD_SPJD,SDSYSFIELD_TABID,SDSYSFIELD_TYPE,SDSYSFIELD_COLSPAN,SDSYSFIELD_ROWSPAN,SDSYSFIELD_LENGTH,SDSYSFIELD_DEFAULT,SDSYSFIELD_LIST,SDSYSFIELD_PRECISION,SDSYSFIELD_FIELDTYPE,SDSYSFIELD_READONLY,SDSYSFIELD_LISTFLAG,SDSYSFIELD_LOCALESTRING,SDSYSFIELD_ZDQXBH,SDSYSFIELD_DXLB,SDSYSFIELD_DRBZ,SDSYSFIELD_DRBT,SDSYSFIELD_DRXH,SDSYSFIELD_LBXH,SDSYSFIELD_ISFILTER,SDSYSFIELD_FILTERDISP,SDSYSFIELD_NEWLINE,SDSYSFIELD_NEWLINESHOW,SDSYSFIELD_NEWLINETITLE,SDSYSFIELD_GUID,SDSYSFIELD_LINKDO,SDSYSFIELD_SETSQL,SDSYSFIELD_MIN,SDSYSFIELD_MAX,SDSYSFIELD_FJMAX,SDSYSFIELD_FJEXT) values('SDFQL3002','YXJJBCLS_PC','1','批次','','YXJJBCLS','0','0','0','','','','0','0850','','','','','', 10 ,'','I3','0', 1 , 1 , 40 ,'','', 2 ,'0','1','0','0','','','0','0', 1 , 1 ,'0','','0','1','',' ','','','','',0,'')
go
insert into SDSYSFIELD(SDSYSFIELD_ID,SDSYSFIELD_LMMC,SDSYSFIELD_LMZT,SDSYSFIELD_LMBM,SDSYSFIELD_TITLE,SDSYSFIELD_TABLE,SDSYSFIELD_SFBZ,SDSYSFIELD_KZBZ,SDSYSFIELD_SFSPXM,SDSYSFIELD_BZBM,SDSYSFIELD_BZBH,SDSYSFIELD_BZTJ,SDSYSFIELD_SFBT,SDSYSFIELD_XSXH,SDSYSFIELD_GLBM,SDSYSFIELD_BHZD,SDSYSFIELD_NMZD,SDSYSFIELD_MCZD,SDSYSFIELD_SQL,SDSYSFIELD_WIDTH,SDSYSFIELD_SPJD,SDSYSFIELD_TABID,SDSYSFIELD_TYPE,SDSYSFIELD_COLSPAN,SDSYSFIELD_ROWSPAN,SDSYSFIELD_LENGTH,SDSYSFIELD_DEFAULT,SDSYSFIELD_LIST,SDSYSFIELD_PRECISION,SDSYSFIELD_FIELDTYPE,SDSYSFIELD_READONLY,SDSYSFIELD_LISTFLAG,SDSYSFIELD_LOCALESTRING,SDSYSFIELD_ZDQXBH,SDSYSFIELD_DXLB,SDSYSFIELD_DRBZ,SDSYSFIELD_DRBT,SDSYSFIELD_DRXH,SDSYSFIELD_LBXH,SDSYSFIELD_ISFILTER,SDSYSFIELD_FILTERDISP,SDSYSFIELD_NEWLINE,SDSYSFIELD_NEWLINESHOW,SDSYSFIELD_NEWLINETITLE,SDSYSFIELD_GUID,SDSYSFIELD_LINKDO,SDSYSFIELD_SETSQL,SDSYSFIELD_MIN,SDSYSFIELD_MAX,SDSYSFIELD_FJMAX,SDSYSFIELD_FJEXT) values('SDFQL3002','YXJJBCLS_WLBH','1','产品','','YXJJBCLS','0','0','0','YXWLZD','YX1','','0','0860','YXWLZD LSWL','LSWL.YXWLZD_WLBH','LSWL.YXWLZD_NM','LSWL.YXWLZD_WLMC','', 12 ,'','I3','0', 1 , 1 , 40 ,'','', 2 ,'0','1','0','0','','','0','0', 1 , 1 ,'0','','0','1','',' ','','','','',0,'')
go
insert into SDSYSFIELD(SDSYSFIELD_ID,SDSYSFIELD_LMMC,SDSYSFIELD_LMZT,SDSYSFIELD_LMBM,SDSYSFIELD_TITLE,SDSYSFIELD_TABLE,SDSYSFIELD_SFBZ,SDSYSFIELD_KZBZ,SDSYSFIELD_SFSPXM,SDSYSFIELD_BZBM,SDSYSFIELD_BZBH,SDSYSFIELD_BZTJ,SDSYSFIELD_SFBT,SDSYSFIELD_XSXH,SDSYSFIELD_GLBM,SDSYSFIELD_BHZD,SDSYSFIELD_NMZD,SDSYSFIELD_MCZD,SDSYSFIELD_SQL,SDSYSFIELD_WIDTH,SDSYSFIELD_SPJD,SDSYSFIELD_TABID,SDSYSFIELD_TYPE,SDSYSFIELD_COLSPAN,SDSYSFIELD_ROWSPAN,SDSYSFIELD_LENGTH,SDSYSFIELD_DEFAULT,SDSYSFIELD_LIST,SDSYSFIELD_PRECISION,SDSYSFIELD_FIELDTYPE,SDSYSFIELD_READONLY,SDSYSFIELD_LISTFLAG,SDSYSFIELD_LOCALESTRING,SDSYSFIELD_ZDQXBH,SDSYSFIELD_DXLB,SDSYSFIELD_DRBZ,SDSYSFIELD_DRBT,SDSYSFIELD_DRXH,SDSYSFIELD_LBXH,SDSYSFIELD_ISFILTER,SDSYSFIELD_FILTERDISP,SDSYSFIELD_NEWLINE,SDSYSFIELD_NEWLINESHOW,SDSYSFIELD_NEWLINETITLE,SDSYSFIELD_GUID,SDSYSFIELD_LINKDO,SDSYSFIELD_SETSQL,SDSYSFIELD_MIN,SDSYSFIELD_MAX,SDSYSFIELD_FJMAX,SDSYSFIELD_FJEXT) values('SDFQL3002','YXJJBCLS_GG','1','规格','','YXJJBCLS','0','0','0','','','','0','0870','','','','','', 10 ,'','I3','0', 1 , 1 , 100 ,'','', 2 ,'0','1','0','0','','','0','0', 1 , 1 ,'0','','0','1','',' ','','','','',0,'')
go
insert into SDSYSFIELD(SDSYSFIELD_ID,SDSYSFIELD_LMMC,SDSYSFIELD_LMZT,SDSYSFIELD_LMBM,SDSYSFIELD_TITLE,SDSYSFIELD_TABLE,SDSYSFIELD_SFBZ,SDSYSFIELD_KZBZ,SDSYSFIELD_SFSPXM,SDSYSFIELD_BZBM,SDSYSFIELD_BZBH,SDSYSFIELD_BZTJ,SDSYSFIELD_SFBT,SDSYSFIELD_XSXH,SDSYSFIELD_GLBM,SDSYSFIELD_BHZD,SDSYSFIELD_NMZD,SDSYSFIELD_MCZD,SDSYSFIELD_SQL,SDSYSFIELD_WIDTH,SDSYSFIELD_SPJD,SDSYSFIELD_TABID,SDSYSFIELD_TYPE,SDSYSFIELD_COLSPAN,SDSYSFIELD_ROWSPAN,SDSYSFIELD_LENGTH,SDSYSFIELD_DEFAULT,SDSYSFIELD_LIST,SDSYSFIELD_PRECISION,SDSYSFIELD_FIELDTYPE,SDSYSFIELD_READONLY,SDSYSFIELD_LISTFLAG,SDSYSFIELD_LOCALESTRING,SDSYSFIELD_ZDQXBH,SDSYSFIELD_DXLB,SDSYSFIELD_DRBZ,SDSYSFIELD_DRBT,SDSYSFIELD_DRXH,SDSYSFIELD_LBXH,SDSYSFIELD_ISFILTER,SDSYSFIELD_FILTERDISP,SDSYSFIELD_NEWLINE,SDSYSFIELD_NEWLINESHOW,SDSYSFIELD_NEWLINETITLE,SDSYSFIELD_GUID,SDSYSFIELD_LINKDO,SDSYSFIELD_SETSQL,SDSYSFIELD_MIN,SDSYSFIELD_MAX,SDSYSFIELD_FJMAX,SDSYSFIELD_FJEXT) values('SDFQL3002','YXJJBCLS_JLDW','1','计量单位','','YXJJBCLS','0','0','0','VW_ERPJLDW','YX1','','0','0880','VW_ERPJLDW LSDW','LSDW.ERPJLDW_BH','LSDW.ERPJLDW_NM','LSDW.ERPJLDW_MC','', 10 ,'','I3','0', 1 , 1 , 40 ,'','', 2 ,'0','1','0','0','','','0','0', 1 , 1 ,'0','','0','1','',' ','','','','',0,'')
go
insert into SDSYSFIELD(SDSYSFIELD_ID,SDSYSFIELD_LMMC,SDSYSFIELD_LMZT,SDSYSFIELD_LMBM,SDSYSFIELD_TITLE,SDSYSFIELD_TABLE,SDSYSFIELD_SFBZ,SDSYSFIELD_KZBZ,SDSYSFIELD_SFSPXM,SDSYSFIELD_BZBM,SDSYSFIELD_BZBH,SDSYSFIELD_BZTJ,SDSYSFIELD_SFBT,SDSYSFIELD_XSXH,SDSYSFIELD_GLBM,SDSYSFIELD_BHZD,SDSYSFIELD_NMZD,SDSYSFIELD_MCZD,SDSYSFIELD_SQL,SDSYSFIELD_WIDTH,SDSYSFIELD_SPJD,SDSYSFIELD_TABID,SDSYSFIELD_TYPE,SDSYSFIELD_COLSPAN,SDSYSFIELD_ROWSPAN,SDSYSFIELD_LENGTH,SDSYSFIELD_DEFAULT,SDSYSFIELD_LIST,SDSYSFIELD_PRECISION,SDSYSFIELD_FIELDTYPE,SDSYSFIELD_READONLY,SDSYSFIELD_LISTFLAG,SDSYSFIELD_LOCALESTRING,SDSYSFIELD_ZDQXBH,SDSYSFIELD_DXLB,SDSYSFIELD_DRBZ,SDSYSFIELD_DRBT,SDSYSFIELD_DRXH,SDSYSFIELD_LBXH,SDSYSFIELD_ISFILTER,SDSYSFIELD_FILTERDISP,SDSYSFIELD_NEWLINE,SDSYSFIELD_NEWLINESHOW,SDSYSFIELD_NEWLINETITLE,SDSYSFIELD_GUID,SDSYSFIELD_LINKDO,SDSYSFIELD_SETSQL,SDSYSFIELD_MIN,SDSYSFIELD_MAX,SDSYSFIELD_FJMAX,SDSYSFIELD_FJEXT) values('SDFQL3002','YXJJBCLS_CKSL','1','出库数量','','YXJJBCLS','0','4','0','','','','0','0890','','','','','', 10 ,'','I3','1', 1 , 1 , 20 ,'','', 2 ,'0','1','0','0','','','0','0', 1 , 1 ,'0','','0','1','',' ','','','','',0,'')
go
insert into SDSYSFIELD(SDSYSFIELD_ID,SDSYSFIELD_LMMC,SDSYSFIELD_LMZT,SDSYSFIELD_LMBM,SDSYSFIELD_TITLE,SDSYSFIELD_TABLE,SDSYSFIELD_SFBZ,SDSYSFIELD_KZBZ,SDSYSFIELD_SFSPXM,SDSYSFIELD_BZBM,SDSYSFIELD_BZBH,SDSYSFIELD_BZTJ,SDSYSFIELD_SFBT,SDSYSFIELD_XSXH,SDSYSFIELD_GLBM,SDSYSFIELD_BHZD,SDSYSFIELD_NMZD,SDSYSFIELD_MCZD,SDSYSFIELD_SQL,SDSYSFIELD_WIDTH,SDSYSFIELD_SPJD,SDSYSFIELD_TABID,SDSYSFIELD_TYPE,SDSYSFIELD_COLSPAN,SDSYSFIELD_ROWSPAN,SDSYSFIELD_LENGTH,SDSYSFIELD_DEFAULT,SDSYSFIELD_LIST,SDSYSFIELD_PRECISION,SDSYSFIELD_FIELDTYPE,SDSYSFIELD_READONLY,SDSYSFIELD_LISTFLAG,SDSYSFIELD_LOCALESTRING,SDSYSFIELD_ZDQXBH,SDSYSFIELD_DXLB,SDSYSFIELD_DRBZ,SDSYSFIELD_DRBT,SDSYSFIELD_DRXH,SDSYSFIELD_LBXH,SDSYSFIELD_ISFILTER,SDSYSFIELD_FILTERDISP,SDSYSFIELD_NEWLINE,SDSYSFIELD_NEWLINESHOW,SDSYSFIELD_NEWLINETITLE,SDSYSFIELD_GUID,SDSYSFIELD_LINKDO,SDSYSFIELD_SETSQL,SDSYSFIELD_MIN,SDSYSFIELD_MAX,SDSYSFIELD_FJMAX,SDSYSFIELD_FJEXT) values('SDFQL3002','YXJJBCLS_XSDJ','1','销售单价','','YXJJBCLS',' ','5',' ','','','','0','0900','','','','','', 12 ,'','I3','1', 0 , 0 , 40 ,'','', 0 ,'0','1',' ','','','','0','0', 0 , 0 ,'1','',' ','1','',' ','','','','',0,'')
go
insert into SDSYSFIELD(SDSYSFIELD_ID,SDSYSFIELD_LMMC,SDSYSFIELD_LMZT,SDSYSFIELD_LMBM,SDSYSFIELD_TITLE,SDSYSFIELD_TABLE,SDSYSFIELD_SFBZ,SDSYSFIELD_KZBZ,SDSYSFIELD_SFSPXM,SDSYSFIELD_BZBM,SDSYSFIELD_BZBH,SDSYSFIELD_BZTJ,SDSYSFIELD_SFBT,SDSYSFIELD_XSXH,SDSYSFIELD_GLBM,SDSYSFIELD_BHZD,SDSYSFIELD_NMZD,SDSYSFIELD_MCZD,SDSYSFIELD_SQL,SDSYSFIELD_WIDTH,SDSYSFIELD_SPJD,SDSYSFIELD_TABID,SDSYSFIELD_TYPE,SDSYSFIELD_COLSPAN,SDSYSFIELD_ROWSPAN,SDSYSFIELD_LENGTH,SDSYSFIELD_DEFAULT,SDSYSFIELD_LIST,SDSYSFIELD_PRECISION,SDSYSFIELD_FIELDTYPE,SDSYSFIELD_READONLY,SDSYSFIELD_LISTFLAG,SDSYSFIELD_LOCALESTRING,SDSYSFIELD_ZDQXBH,SDSYSFIELD_DXLB,SDSYSFIELD_DRBZ,SDSYSFIELD_DRBT,SDSYSFIELD_DRXH,SDSYSFIELD_LBXH,SDSYSFIELD_ISFILTER,SDSYSFIELD_FILTERDISP,SDSYSFIELD_NEWLINE,SDSYSFIELD_NEWLINESHOW,SDSYSFIELD_NEWLINETITLE,SDSYSFIELD_GUID,SDSYSFIELD_LINKDO,SDSYSFIELD_SETSQL,SDSYSFIELD_MIN,SDSYSFIELD_MAX,SDSYSFIELD_FJMAX,SDSYSFIELD_FJEXT) values('SDFQL3002','YXJJBCLS_ZKDJ','1','折扣后单价','','YXJJBCLS','0','5','0','','','','0','0910','','','','','', 10 ,'','I3','1', 1 , 1 , 20 ,'','', 2 ,'0','1','0','0','','','0','0', 1 , 1 ,'0','','0','1','',' ','','','','',0,'')
go
insert into SDSYSFIELD(SDSYSFIELD_ID,SDSYSFIELD_LMMC,SDSYSFIELD_LMZT,SDSYSFIELD_LMBM,SDSYSFIELD_TITLE,SDSYSFIELD_TABLE,SDSYSFIELD_SFBZ,SDSYSFIELD_KZBZ,SDSYSFIELD_SFSPXM,SDSYSFIELD_BZBM,SDSYSFIELD_BZBH,SDSYSFIELD_BZTJ,SDSYSFIELD_SFBT,SDSYSFIELD_XSXH,SDSYSFIELD_GLBM,SDSYSFIELD_BHZD,SDSYSFIELD_NMZD,SDSYSFIELD_MCZD,SDSYSFIELD_SQL,SDSYSFIELD_WIDTH,SDSYSFIELD_SPJD,SDSYSFIELD_TABID,SDSYSFIELD_TYPE,SDSYSFIELD_COLSPAN,SDSYSFIELD_ROWSPAN,SDSYSFIELD_LENGTH,SDSYSFIELD_DEFAULT,SDSYSFIELD_LIST,SDSYSFIELD_PRECISION,SDSYSFIELD_FIELDTYPE,SDSYSFIELD_READONLY,SDSYSFIELD_LISTFLAG,SDSYSFIELD_LOCALESTRING,SDSYSFIELD_ZDQXBH,SDSYSFIELD_DXLB,SDSYSFIELD_DRBZ,SDSYSFIELD_DRBT,SDSYSFIELD_DRXH,SDSYSFIELD_LBXH,SDSYSFIELD_ISFILTER,SDSYSFIELD_FILTERDISP,SDSYSFIELD_NEWLINE,SDSYSFIELD_NEWLINESHOW,SDSYSFIELD_NEWLINETITLE,SDSYSFIELD_GUID,SDSYSFIELD_LINKDO,SDSYSFIELD_SETSQL,SDSYSFIELD_MIN,SDSYSFIELD_MAX,SDSYSFIELD_FJMAX,SDSYSFIELD_FJEXT) values('SDFQL3002','YXJJBCLS_FPSL','1','发票税率','','YXJJBCLS','0','5','0','','','','0','0920','','','','','', 10 ,'','I3','1', 1 , 1 , 20 ,'','', 2 ,'0','1','0','0','','','0','0', 1 , 1 ,'0','','0','1','',' ','','','','',0,'')
go
insert into SDSYSFIELD(SDSYSFIELD_ID,SDSYSFIELD_LMMC,SDSYSFIELD_LMZT,SDSYSFIELD_LMBM,SDSYSFIELD_TITLE,SDSYSFIELD_TABLE,SDSYSFIELD_SFBZ,SDSYSFIELD_KZBZ,SDSYSFIELD_SFSPXM,SDSYSFIELD_BZBM,SDSYSFIELD_BZBH,SDSYSFIELD_BZTJ,SDSYSFIELD_SFBT,SDSYSFIELD_XSXH,SDSYSFIELD_GLBM,SDSYSFIELD_BHZD,SDSYSFIELD_NMZD,SDSYSFIELD_MCZD,SDSYSFIELD_SQL,SDSYSFIELD_WIDTH,SDSYSFIELD_SPJD,SDSYSFIELD_TABID,SDSYSFIELD_TYPE,SDSYSFIELD_COLSPAN,SDSYSFIELD_ROWSPAN,SDSYSFIELD_LENGTH,SDSYSFIELD_DEFAULT,SDSYSFIELD_LIST,SDSYSFIELD_PRECISION,SDSYSFIELD_FIELDTYPE,SDSYSFIELD_READONLY,SDSYSFIELD_LISTFLAG,SDSYSFIELD_LOCALESTRING,SDSYSFIELD_ZDQXBH,SDSYSFIELD_DXLB,SDSYSFIELD_DRBZ,SDSYSFIELD_DRBT,SDSYSFIELD_DRXH,SDSYSFIELD_LBXH,SDSYSFIELD_ISFILTER,SDSYSFIELD_FILTERDISP,SDSYSFIELD_NEWLINE,SDSYSFIELD_NEWLINESHOW,SDSYSFIELD_NEWLINETITLE,SDSYSFIELD_GUID,SDSYSFIELD_LINKDO,SDSYSFIELD_SETSQL,SDSYSFIELD_MIN,SDSYSFIELD_MAX,SDSYSFIELD_FJMAX,SDSYSFIELD_FJEXT) values('SDFQL3002','YXJJBCLS_JJLX','1','降价类型','','YXJJBCLS',' ','0',' ','','','','0','0930','','','','','', 12 ,'','I3','0', 0 , 0 , 40 ,'','1,一次降价;2,多次降价', 0 ,'0','1',' ','','','','0','0', 0 , 0 ,'1','',' ','1','',' ','','','','',0,'')
go
insert into SDSYSFIELD(SDSYSFIELD_ID,SDSYSFIELD_LMMC,SDSYSFIELD_LMZT,SDSYSFIELD_LMBM,SDSYSFIELD_TITLE,SDSYSFIELD_TABLE,SDSYSFIELD_SFBZ,SDSYSFIELD_KZBZ,SDSYSFIELD_SFSPXM,SDSYSFIELD_BZBM,SDSYSFIELD_BZBH,SDSYSFIELD_BZTJ,SDSYSFIELD_SFBT,SDSYSFIELD_XSXH,SDSYSFIELD_GLBM,SDSYSFIELD_BHZD,SDSYSFIELD_NMZD,SDSYSFIELD_MCZD,SDSYSFIELD_SQL,SDSYSFIELD_WIDTH,SDSYSFIELD_SPJD,SDSYSFIELD_TABID,SDSYSFIELD_TYPE,SDSYSFIELD_COLSPAN,SDSYSFIELD_ROWSPAN,SDSYSFIELD_LENGTH,SDSYSFIELD_DEFAULT,SDSYSFIELD_LIST,SDSYSFIELD_PRECISION,SDSYSFIELD_FIELDTYPE,SDSYSFIELD_READONLY,SDSYSFIELD_LISTFLAG,SDSYSFIELD_LOCALESTRING,SDSYSFIELD_ZDQXBH,SDSYSFIELD_DXLB,SDSYSFIELD_DRBZ,SDSYSFIELD_DRBT,SDSYSFIELD_DRXH,SDSYSFIELD_LBXH,SDSYSFIELD_ISFILTER,SDSYSFIELD_FILTERDISP,SDSYSFIELD_NEWLINE,SDSYSFIELD_NEWLINESHOW,SDSYSFIELD_NEWLINETITLE,SDSYSFIELD_GUID,SDSYSFIELD_LINKDO,SDSYSFIELD_SETSQL,SDSYSFIELD_MIN,SDSYSFIELD_MAX,SDSYSFIELD_FJMAX,SDSYSFIELD_FJEXT) values('SDFQL3002','YXJJBCLS_YFHKL','1','原发货扣率','','YXJJBCLS','0','5','0','','','','0','0940','','','','','', 10 ,'','I3','1', 1 , 1 , 20 ,'','', 2 ,'0','1','0','0','','','0','0', 1 , 1 ,'0','','0','1','',' ','','','','',0,'')
go
insert into SDSYSFIELD(SDSYSFIELD_ID,SDSYSFIELD_LMMC,SDSYSFIELD_LMZT,SDSYSFIELD_LMBM,SDSYSFIELD_TITLE,SDSYSFIELD_TABLE,SDSYSFIELD_SFBZ,SDSYSFIELD_KZBZ,SDSYSFIELD_SFSPXM,SDSYSFIELD_BZBM,SDSYSFIELD_BZBH,SDSYSFIELD_BZTJ,SDSYSFIELD_SFBT,SDSYSFIELD_XSXH,SDSYSFIELD_GLBM,SDSYSFIELD_BHZD,SDSYSFIELD_NMZD,SDSYSFIELD_MCZD,SDSYSFIELD_SQL,SDSYSFIELD_WIDTH,SDSYSFIELD_SPJD,SDSYSFIELD_TABID,SDSYSFIELD_TYPE,SDSYSFIELD_COLSPAN,SDSYSFIELD_ROWSPAN,SDSYSFIELD_LENGTH,SDSYSFIELD_DEFAULT,SDSYSFIELD_LIST,SDSYSFIELD_PRECISION,SDSYSFIELD_FIELDTYPE,SDSYSFIELD_READONLY,SDSYSFIELD_LISTFLAG,SDSYSFIELD_LOCALESTRING,SDSYSFIELD_ZDQXBH,SDSYSFIELD_DXLB,SDSYSFIELD_DRBZ,SDSYSFIELD_DRBT,SDSYSFIELD_DRXH,SDSYSFIELD_LBXH,SDSYSFIELD_ISFILTER,SDSYSFIELD_FILTERDISP,SDSYSFIELD_NEWLINE,SDSYSFIELD_NEWLINESHOW,SDSYSFIELD_NEWLINETITLE,SDSYSFIELD_GUID,SDSYSFIELD_LINKDO,SDSYSFIELD_SETSQL,SDSYSFIELD_MIN,SDSYSFIELD_MAX,SDSYSFIELD_FJMAX,SDSYSFIELD_FJEXT) values('SDFQL3002','YXJJBCLS_YZBJ','1','原中标价','','YXJJBCLS','0','5','0','','','','0','0950','','','','','', 10 ,'','I3','1', 1 , 1 , 20 ,'','', 2 ,'0','1','0','0','','','0','0', 1 , 1 ,'0','','0','1','',' ','','','','',0,'')
go
insert into SDSYSFIELD(SDSYSFIELD_ID,SDSYSFIELD_LMMC,SDSYSFIELD_LMZT,SDSYSFIELD_LMBM,SDSYSFIELD_TITLE,SDSYSFIELD_TABLE,SDSYSFIELD_SFBZ,SDSYSFIELD_KZBZ,SDSYSFIELD_SFSPXM,SDSYSFIELD_BZBM,SDSYSFIELD_BZBH,SDSYSFIELD_BZTJ,SDSYSFIELD_SFBT,SDSYSFIELD_XSXH,SDSYSFIELD_GLBM,SDSYSFIELD_BHZD,SDSYSFIELD_NMZD,SDSYSFIELD_MCZD,SDSYSFIELD_SQL,SDSYSFIELD_WIDTH,SDSYSFIELD_SPJD,SDSYSFIELD_TABID,SDSYSFIELD_TYPE,SDSYSFIELD_COLSPAN,SDSYSFIELD_ROWSPAN,SDSYSFIELD_LENGTH,SDSYSFIELD_DEFAULT,SDSYSFIELD_LIST,SDSYSFIELD_PRECISION,SDSYSFIELD_FIELDTYPE,SDSYSFIELD_READONLY,SDSYSFIELD_LISTFLAG,SDSYSFIELD_LOCALESTRING,SDSYSFIELD_ZDQXBH,SDSYSFIELD_DXLB,SDSYSFIELD_DRBZ,SDSYSFIELD_DRBT,SDSYSFIELD_DRXH,SDSYSFIELD_LBXH,SDSYSFIELD_ISFILTER,SDSYSFIELD_FILTERDISP,SDSYSFIELD_NEWLINE,SDSYSFIELD_NEWLINESHOW,SDSYSFIELD_NEWLINETITLE,SDSYSFIELD_GUID,SDSYSFIELD_LINKDO,SDSYSFIELD_SETSQL,SDSYSFIELD_MIN,SDSYSFIELD_MAX,SDSYSFIELD_FJMAX,SDSYSFIELD_FJEXT) values('SDFQL3002','YXJJBCLS_YFHJ','1','原发货价','','YXJJBCLS','0','5','0','','','','0','0960','','','','','', 10 ,'','I3','1', 1 , 1 , 20 ,'','', 2 ,'0','1','0','0','','','0','0', 1 , 1 ,'0','','0','1','',' ','','','','',0,'')
go
insert into SDSYSFIELD(SDSYSFIELD_ID,SDSYSFIELD_LMMC,SDSYSFIELD_LMZT,SDSYSFIELD_LMBM,SDSYSFIELD_TITLE,SDSYSFIELD_TABLE,SDSYSFIELD_SFBZ,SDSYSFIELD_KZBZ,SDSYSFIELD_SFSPXM,SDSYSFIELD_BZBM,SDSYSFIELD_BZBH,SDSYSFIELD_BZTJ,SDSYSFIELD_SFBT,SDSYSFIELD_XSXH,SDSYSFIELD_GLBM,SDSYSFIELD_BHZD,SDSYSFIELD_NMZD,SDSYSFIELD_MCZD,SDSYSFIELD_SQL,SDSYSFIELD_WIDTH,SDSYSFIELD_SPJD,SDSYSFIELD_TABID,SDSYSFIELD_TYPE,SDSYSFIELD_COLSPAN,SDSYSFIELD_ROWSPAN,SDSYSFIELD_LENGTH,SDSYSFIELD_DEFAULT,SDSYSFIELD_LIST,SDSYSFIELD_PRECISION,SDSYSFIELD_FIELDTYPE,SDSYSFIELD_READONLY,SDSYSFIELD_LISTFLAG,SDSYSFIELD_LOCALESTRING,SDSYSFIELD_ZDQXBH,SDSYSFIELD_DXLB,SDSYSFIELD_DRBZ,SDSYSFIELD_DRBT,SDSYSFIELD_DRXH,SDSYSFIELD_LBXH,SDSYSFIELD_ISFILTER,SDSYSFIELD_FILTERDISP,SDSYSFIELD_NEWLINE,SDSYSFIELD_NEWLINESHOW,SDSYSFIELD_NEWLINETITLE,SDSYSFIELD_GUID,SDSYSFIELD_LINKDO,SDSYSFIELD_SETSQL,SDSYSFIELD_MIN,SDSYSFIELD_MAX,SDSYSFIELD_FJMAX,SDSYSFIELD_FJEXT) values('SDFQL3002','YXJJBCLS_XZBJ','1','现中标价','','YXJJBCLS','0','5','0','','','','0','0970','','','','','', 10 ,'','I3','1', 1 , 1 , 20 ,'','', 2 ,'0','1','0','0','','','0','0', 1 , 1 ,'0','','0','1','',' ','','','','',0,'')
go
insert into SDSYSFIELD(SDSYSFIELD_ID,SDSYSFIELD_LMMC,SDSYSFIELD_LMZT,SDSYSFIELD_LMBM,SDSYSFIELD_TITLE,SDSYSFIELD_TABLE,SDSYSFIELD_SFBZ,SDSYSFIELD_KZBZ,SDSYSFIELD_SFSPXM,SDSYSFIELD_BZBM,SDSYSFIELD_BZBH,SDSYSFIELD_BZTJ,SDSYSFIELD_SFBT,SDSYSFIELD_XSXH,SDSYSFIELD_GLBM,SDSYSFIELD_BHZD,SDSYSFIELD_NMZD,SDSYSFIELD_MCZD,SDSYSFIELD_SQL,SDSYSFIELD_WIDTH,SDSYSFIELD_SPJD,SDSYSFIELD_TABID,SDSYSFIELD_TYPE,SDSYSFIELD_COLSPAN,SDSYSFIELD_ROWSPAN,SDSYSFIELD_LENGTH,SDSYSFIELD_DEFAULT,SDSYSFIELD_LIST,SDSYSFIELD_PRECISION,SDSYSFIELD_FIELDTYPE,SDSYSFIELD_READONLY,SDSYSFIELD_LISTFLAG,SDSYSFIELD_LOCALESTRING,SDSYSFIELD_ZDQXBH,SDSYSFIELD_DXLB,SDSYSFIELD_DRBZ,SDSYSFIELD_DRBT,SDSYSFIELD_DRXH,SDSYSFIELD_LBXH,SDSYSFIELD_ISFILTER,SDSYSFIELD_FILTERDISP,SDSYSFIELD_NEWLINE,SDSYSFIELD_NEWLINESHOW,SDSYSFIELD_NEWLINETITLE,SDSYSFIELD_GUID,SDSYSFIELD_LINKDO,SDSYSFIELD_SETSQL,SDSYSFIELD_MIN,SDSYSFIELD_MAX,SDSYSFIELD_FJMAX,SDSYSFIELD_FJEXT) values('SDFQL3002','YXJJBCLS_XFHJ','1','现发货价','','YXJJBCLS','0','5','0','','','','0','0980','','','','','', 10 ,'','I3','1', 1 , 1 , 20 ,'','', 2 ,'0','1','0','0','','','0','0', 1 , 1 ,'0','','0','1','',' ','','','','',0,'')
go
insert into SDSYSFIELD(SDSYSFIELD_ID,SDSYSFIELD_LMMC,SDSYSFIELD_LMZT,SDSYSFIELD_LMBM,SDSYSFIELD_TITLE,SDSYSFIELD_TABLE,SDSYSFIELD_SFBZ,SDSYSFIELD_KZBZ,SDSYSFIELD_SFSPXM,SDSYSFIELD_BZBM,SDSYSFIELD_BZBH,SDSYSFIELD_BZTJ,SDSYSFIELD_SFBT,SDSYSFIELD_XSXH,SDSYSFIELD_GLBM,SDSYSFIELD_BHZD,SDSYSFIELD_NMZD,SDSYSFIELD_MCZD,SDSYSFIELD_SQL,SDSYSFIELD_WIDTH,SDSYSFIELD_SPJD,SDSYSFIELD_TABID,SDSYSFIELD_TYPE,SDSYSFIELD_COLSPAN,SDSYSFIELD_ROWSPAN,SDSYSFIELD_LENGTH,SDSYSFIELD_DEFAULT,SDSYSFIELD_LIST,SDSYSFIELD_PRECISION,SDSYSFIELD_FIELDTYPE,SDSYSFIELD_READONLY,SDSYSFIELD_LISTFLAG,SDSYSFIELD_LOCALESTRING,SDSYSFIELD_ZDQXBH,SDSYSFIELD_DXLB,SDSYSFIELD_DRBZ,SDSYSFIELD_DRBT,SDSYSFIELD_DRXH,SDSYSFIELD_LBXH,SDSYSFIELD_ISFILTER,SDSYSFIELD_FILTERDISP,SDSYSFIELD_NEWLINE,SDSYSFIELD_NEWLINESHOW,SDSYSFIELD_NEWLINETITLE,SDSYSFIELD_GUID,SDSYSFIELD_LINKDO,SDSYSFIELD_SETSQL,SDSYSFIELD_MIN,SDSYSFIELD_MAX,SDSYSFIELD_FJMAX,SDSYSFIELD_FJEXT) values('SDFQL3002','YXJJBCLS_BCCH','1','补差差价','','YXJJBCLS','0','5','0','','','','0','0990','','','','','', 10 ,'','I3','1', 1 , 1 , 20 ,'','', 2 ,'0','1','0','0','','','0','0', 1 , 1 ,'0','','0','1','',' ','','','','',0,'')
go
insert into SDSYSFIELD(SDSYSFIELD_ID,SDSYSFIELD_LMMC,SDSYSFIELD_LMZT,SDSYSFIELD_LMBM,SDSYSFIELD_TITLE,SDSYSFIELD_TABLE,SDSYSFIELD_SFBZ,SDSYSFIELD_KZBZ,SDSYSFIELD_SFSPXM,SDSYSFIELD_BZBM,SDSYSFIELD_BZBH,SDSYSFIELD_BZTJ,SDSYSFIELD_SFBT,SDSYSFIELD_XSXH,SDSYSFIELD_GLBM,SDSYSFIELD_BHZD,SDSYSFIELD_NMZD,SDSYSFIELD_MCZD,SDSYSFIELD_SQL,SDSYSFIELD_WIDTH,SDSYSFIELD_SPJD,SDSYSFIELD_TABID,SDSYSFIELD_TYPE,SDSYSFIELD_COLSPAN,SDSYSFIELD_ROWSPAN,SDSYSFIELD_LENGTH,SDSYSFIELD_DEFAULT,SDSYSFIELD_LIST,SDSYSFIELD_PRECISION,SDSYSFIELD_FIELDTYPE,SDSYSFIELD_READONLY,SDSYSFIELD_LISTFLAG,SDSYSFIELD_LOCALESTRING,SDSYSFIELD_ZDQXBH,SDSYSFIELD_DXLB,SDSYSFIELD_DRBZ,SDSYSFIELD_DRBT,SDSYSFIELD_DRXH,SDSYSFIELD_LBXH,SDSYSFIELD_ISFILTER,SDSYSFIELD_FILTERDISP,SDSYSFIELD_NEWLINE,SDSYSFIELD_NEWLINESHOW,SDSYSFIELD_NEWLINETITLE,SDSYSFIELD_GUID,SDSYSFIELD_LINKDO,SDSYSFIELD_SETSQL,SDSYSFIELD_MIN,SDSYSFIELD_MAX,SDSYSFIELD_FJMAX,SDSYSFIELD_FJEXT) values('SDFQL3002','YXJJBCLS_KCLX','1','库存类型','','YXJJBCLS','0','0','0','','','','0','1000','','','','','', 10 ,'','I3','0', 1 , 1 , 1 ,'','1,商业库存;2,医院库存', 2 ,'0','1','0','0','','','0','0', 1 , 1 ,'0','','0','1','',' ','','','','',0,'')
go
insert into SDSYSFIELD(SDSYSFIELD_ID,SDSYSFIELD_LMMC,SDSYSFIELD_LMZT,SDSYSFIELD_LMBM,SDSYSFIELD_TITLE,SDSYSFIELD_TABLE,SDSYSFIELD_SFBZ,SDSYSFIELD_KZBZ,SDSYSFIELD_SFSPXM,SDSYSFIELD_BZBM,SDSYSFIELD_BZBH,SDSYSFIELD_BZTJ,SDSYSFIELD_SFBT,SDSYSFIELD_XSXH,SDSYSFIELD_GLBM,SDSYSFIELD_BHZD,SDSYSFIELD_NMZD,SDSYSFIELD_MCZD,SDSYSFIELD_SQL,SDSYSFIELD_WIDTH,SDSYSFIELD_SPJD,SDSYSFIELD_TABID,SDSYSFIELD_TYPE,SDSYSFIELD_COLSPAN,SDSYSFIELD_ROWSPAN,SDSYSFIELD_LENGTH,SDSYSFIELD_DEFAULT,SDSYSFIELD_LIST,SDSYSFIELD_PRECISION,SDSYSFIELD_FIELDTYPE,SDSYSFIELD_READONLY,SDSYSFIELD_LISTFLAG,SDSYSFIELD_LOCALESTRING,SDSYSFIELD_ZDQXBH,SDSYSFIELD_DXLB,SDSYSFIELD_DRBZ,SDSYSFIELD_DRBT,SDSYSFIELD_DRXH,SDSYSFIELD_LBXH,SDSYSFIELD_ISFILTER,SDSYSFIELD_FILTERDISP,SDSYSFIELD_NEWLINE,SDSYSFIELD_NEWLINESHOW,SDSYSFIELD_NEWLINETITLE,SDSYSFIELD_GUID,SDSYSFIELD_LINKDO,SDSYSFIELD_SETSQL,SDSYSFIELD_MIN,SDSYSFIELD_MAX,SDSYSFIELD_FJMAX,SDSYSFIELD_FJEXT) values('SDFQL3002','YXJJBCLS_SXSL','1','上限数量','','YXJJBCLS',' ','2',' ','','','','0','1010','','','','','', 12 ,'','I3','1', 0 , 0 , 40 ,'','', 0 ,'0','1',' ','','','','0','0', 0 , 0 ,'1','',' ','1','',' ','','','','',0,'')
go
insert into SDSYSFIELD(SDSYSFIELD_ID,SDSYSFIELD_LMMC,SDSYSFIELD_LMZT,SDSYSFIELD_LMBM,SDSYSFIELD_TITLE,SDSYSFIELD_TABLE,SDSYSFIELD_SFBZ,SDSYSFIELD_KZBZ,SDSYSFIELD_SFSPXM,SDSYSFIELD_BZBM,SDSYSFIELD_BZBH,SDSYSFIELD_BZTJ,SDSYSFIELD_SFBT,SDSYSFIELD_XSXH,SDSYSFIELD_GLBM,SDSYSFIELD_BHZD,SDSYSFIELD_NMZD,SDSYSFIELD_MCZD,SDSYSFIELD_SQL,SDSYSFIELD_WIDTH,SDSYSFIELD_SPJD,SDSYSFIELD_TABID,SDSYSFIELD_TYPE,SDSYSFIELD_COLSPAN,SDSYSFIELD_ROWSPAN,SDSYSFIELD_LENGTH,SDSYSFIELD_DEFAULT,SDSYSFIELD_LIST,SDSYSFIELD_PRECISION,SDSYSFIELD_FIELDTYPE,SDSYSFIELD_READONLY,SDSYSFIELD_LISTFLAG,SDSYSFIELD_LOCALESTRING,SDSYSFIELD_ZDQXBH,SDSYSFIELD_DXLB,SDSYSFIELD_DRBZ,SDSYSFIELD_DRBT,SDSYSFIELD_DRXH,SDSYSFIELD_LBXH,SDSYSFIELD_ISFILTER,SDSYSFIELD_FILTERDISP,SDSYSFIELD_NEWLINE,SDSYSFIELD_NEWLINESHOW,SDSYSFIELD_NEWLINETITLE,SDSYSFIELD_GUID,SDSYSFIELD_LINKDO,SDSYSFIELD_SETSQL,SDSYSFIELD_MIN,SDSYSFIELD_MAX,SDSYSFIELD_FJMAX,SDSYSFIELD_FJEXT) values('SDFQL3002','YXJJBCLS_KCSL','1','库存数量','','YXJJBCLS','0','5','0','','','','0','1020','','','','','', 10 ,'','I3','1', 1 , 1 , 20 ,'','', 2 ,'0','1','0','0','','','0','0', 1 , 1 ,'0','','0','1','',' ','','','','',0,'')
go
insert into SDSYSFIELD(SDSYSFIELD_ID,SDSYSFIELD_LMMC,SDSYSFIELD_LMZT,SDSYSFIELD_LMBM,SDSYSFIELD_TITLE,SDSYSFIELD_TABLE,SDSYSFIELD_SFBZ,SDSYSFIELD_KZBZ,SDSYSFIELD_SFSPXM,SDSYSFIELD_BZBM,SDSYSFIELD_BZBH,SDSYSFIELD_BZTJ,SDSYSFIELD_SFBT,SDSYSFIELD_XSXH,SDSYSFIELD_GLBM,SDSYSFIELD_BHZD,SDSYSFIELD_NMZD,SDSYSFIELD_MCZD,SDSYSFIELD_SQL,SDSYSFIELD_WIDTH,SDSYSFIELD_SPJD,SDSYSFIELD_TABID,SDSYSFIELD_TYPE,SDSYSFIELD_COLSPAN,SDSYSFIELD_ROWSPAN,SDSYSFIELD_LENGTH,SDSYSFIELD_DEFAULT,SDSYSFIELD_LIST,SDSYSFIELD_PRECISION,SDSYSFIELD_FIELDTYPE,SDSYSFIELD_READONLY,SDSYSFIELD_LISTFLAG,SDSYSFIELD_LOCALESTRING,SDSYSFIELD_ZDQXBH,SDSYSFIELD_DXLB,SDSYSFIELD_DRBZ,SDSYSFIELD_DRBT,SDSYSFIELD_DRXH,SDSYSFIELD_LBXH,SDSYSFIELD_ISFILTER,SDSYSFIELD_FILTERDISP,SDSYSFIELD_NEWLINE,SDSYSFIELD_NEWLINESHOW,SDSYSFIELD_NEWLINETITLE,SDSYSFIELD_GUID,SDSYSFIELD_LINKDO,SDSYSFIELD_SETSQL,SDSYSFIELD_MIN,SDSYSFIELD_MAX,SDSYSFIELD_FJMAX,SDSYSFIELD_FJEXT) values('SDFQL3002','YXJJBCLS_ZRCHJE','1','折让冲红金额','','YXJJBCLS','0','4','0','','','','0','1030','','','','','', 10 ,'','I3','1', 1 , 1 , 20 ,'','', 2 ,'0','1','0','0','','','0','0', 1 , 1 ,'0','','0','1','',' ','','','','',0,'')
go
insert into SDSYSFIELD(SDSYSFIELD_ID,SDSYSFIELD_LMMC,SDSYSFIELD_LMZT,SDSYSFIELD_LMBM,SDSYSFIELD_TITLE,SDSYSFIELD_TABLE,SDSYSFIELD_SFBZ,SDSYSFIELD_KZBZ,SDSYSFIELD_SFSPXM,SDSYSFIELD_BZBM,SDSYSFIELD_BZBH,SDSYSFIELD_BZTJ,SDSYSFIELD_SFBT,SDSYSFIELD_XSXH,SDSYSFIELD_GLBM,SDSYSFIELD_BHZD,SDSYSFIELD_NMZD,SDSYSFIELD_MCZD,SDSYSFIELD_SQL,SDSYSFIELD_WIDTH,SDSYSFIELD_SPJD,SDSYSFIELD_TABID,SDSYSFIELD_TYPE,SDSYSFIELD_COLSPAN,SDSYSFIELD_ROWSPAN,SDSYSFIELD_LENGTH,SDSYSFIELD_DEFAULT,SDSYSFIELD_LIST,SDSYSFIELD_PRECISION,SDSYSFIELD_FIELDTYPE,SDSYSFIELD_READONLY,SDSYSFIELD_LISTFLAG,SDSYSFIELD_LOCALESTRING,SDSYSFIELD_ZDQXBH,SDSYSFIELD_DXLB,SDSYSFIELD_DRBZ,SDSYSFIELD_DRBT,SDSYSFIELD_DRXH,SDSYSFIELD_LBXH,SDSYSFIELD_ISFILTER,SDSYSFIELD_FILTERDISP,SDSYSFIELD_NEWLINE,SDSYSFIELD_NEWLINESHOW,SDSYSFIELD_NEWLINETITLE,SDSYSFIELD_GUID,SDSYSFIELD_LINKDO,SDSYSFIELD_SETSQL,SDSYSFIELD_MIN,SDSYSFIELD_MAX,SDSYSFIELD_FJMAX,SDSYSFIELD_FJEXT) values('SDFQL3002','YXJJBCLS_JJSJ','1','中标降价时间','','YXJJBCLS','0','1','0','','','','0','1040','','','','','', 10 ,'','I3','1', 1 , 1 , 20 ,'','', 2 ,'0','1','0','0','','','0','0', 1 , 1 ,'0','','0','1','',' ','','','','',0,'')
go
insert into SDSYSFIELD(SDSYSFIELD_ID,SDSYSFIELD_LMMC,SDSYSFIELD_LMZT,SDSYSFIELD_LMBM,SDSYSFIELD_TITLE,SDSYSFIELD_TABLE,SDSYSFIELD_SFBZ,SDSYSFIELD_KZBZ,SDSYSFIELD_SFSPXM,SDSYSFIELD_BZBM,SDSYSFIELD_BZBH,SDSYSFIELD_BZTJ,SDSYSFIELD_SFBT,SDSYSFIELD_XSXH,SDSYSFIELD_GLBM,SDSYSFIELD_BHZD,SDSYSFIELD_NMZD,SDSYSFIELD_MCZD,SDSYSFIELD_SQL,SDSYSFIELD_WIDTH,SDSYSFIELD_SPJD,SDSYSFIELD_TABID,SDSYSFIELD_TYPE,SDSYSFIELD_COLSPAN,SDSYSFIELD_ROWSPAN,SDSYSFIELD_LENGTH,SDSYSFIELD_DEFAULT,SDSYSFIELD_LIST,SDSYSFIELD_PRECISION,SDSYSFIELD_FIELDTYPE,SDSYSFIELD_READONLY,SDSYSFIELD_LISTFLAG,SDSYSFIELD_LOCALESTRING,SDSYSFIELD_ZDQXBH,SDSYSFIELD_DXLB,SDSYSFIELD_DRBZ,SDSYSFIELD_DRBT,SDSYSFIELD_DRXH,SDSYSFIELD_LBXH,SDSYSFIELD_ISFILTER,SDSYSFIELD_FILTERDISP,SDSYSFIELD_NEWLINE,SDSYSFIELD_NEWLINESHOW,SDSYSFIELD_NEWLINETITLE,SDSYSFIELD_GUID,SDSYSFIELD_LINKDO,SDSYSFIELD_SETSQL,SDSYSFIELD_MIN,SDSYSFIELD_MAX,SDSYSFIELD_FJMAX,SDSYSFIELD_FJEXT) values('SDFQL3002','YXJJBCLS_SYB','1','事业部','','YXJJBCLS','0','0','0','YXSYB','YX1','','0','1050','YXSYB LSSYB','LSSYB.YXSYB_SYBBH','LSSYB.YXSYB_NM','LSSYB.YXSYB_SYBMC','', 10 ,'','I3','0', 1 , 1 , 20 ,'','', 2 ,'0','1','0','0','','','0','0', 1 , 1 ,'0','','0','1','',' ','','','','',0,'')
go
insert into SDSYSFIELD(SDSYSFIELD_ID,SDSYSFIELD_LMMC,SDSYSFIELD_LMZT,SDSYSFIELD_LMBM,SDSYSFIELD_TITLE,SDSYSFIELD_TABLE,SDSYSFIELD_SFBZ,SDSYSFIELD_KZBZ,SDSYSFIELD_SFSPXM,SDSYSFIELD_BZBM,SDSYSFIELD_BZBH,SDSYSFIELD_BZTJ,SDSYSFIELD_SFBT,SDSYSFIELD_XSXH,SDSYSFIELD_GLBM,SDSYSFIELD_BHZD,SDSYSFIELD_NMZD,SDSYSFIELD_MCZD,SDSYSFIELD_SQL,SDSYSFIELD_WIDTH,SDSYSFIELD_SPJD,SDSYSFIELD_TABID,SDSYSFIELD_TYPE,SDSYSFIELD_COLSPAN,SDSYSFIELD_ROWSPAN,SDSYSFIELD_LENGTH,SDSYSFIELD_DEFAULT,SDSYSFIELD_LIST,SDSYSFIELD_PRECISION,SDSYSFIELD_FIELDTYPE,SDSYSFIELD_READONLY,SDSYSFIELD_LISTFLAG,SDSYSFIELD_LOCALESTRING,SDSYSFIELD_ZDQXBH,SDSYSFIELD_DXLB,SDSYSFIELD_DRBZ,SDSYSFIELD_DRBT,SDSYSFIELD_DRXH,SDSYSFIELD_LBXH,SDSYSFIELD_ISFILTER,SDSYSFIELD_FILTERDISP,SDSYSFIELD_NEWLINE,SDSYSFIELD_NEWLINESHOW,SDSYSFIELD_NEWLINETITLE,SDSYSFIELD_GUID,SDSYSFIELD_LINKDO,SDSYSFIELD_SETSQL,SDSYSFIELD_MIN,SDSYSFIELD_MAX,SDSYSFIELD_FJMAX,SDSYSFIELD_FJEXT) values('SDFQL3002','YXJJBCLS_KHPSJE','1','扣除考核配送费金额','','YXJJBCLS','0','4','0','','','','0','1060','','','','','', 10 ,'','I3','1', 1 , 1 , 20 ,'','', 2 ,'0','1','0','0','','','0','0', 1 , 1 ,'0','','0','1','',' ','','','','',0,'')
go
insert into SDSYSFIELD(SDSYSFIELD_ID,SDSYSFIELD_LMMC,SDSYSFIELD_LMZT,SDSYSFIELD_LMBM,SDSYSFIELD_TITLE,SDSYSFIELD_TABLE,SDSYSFIELD_SFBZ,SDSYSFIELD_KZBZ,SDSYSFIELD_SFSPXM,SDSYSFIELD_BZBM,SDSYSFIELD_BZBH,SDSYSFIELD_BZTJ,SDSYSFIELD_SFBT,SDSYSFIELD_XSXH,SDSYSFIELD_GLBM,SDSYSFIELD_BHZD,SDSYSFIELD_NMZD,SDSYSFIELD_MCZD,SDSYSFIELD_SQL,SDSYSFIELD_WIDTH,SDSYSFIELD_SPJD,SDSYSFIELD_TABID,SDSYSFIELD_TYPE,SDSYSFIELD_COLSPAN,SDSYSFIELD_ROWSPAN,SDSYSFIELD_LENGTH,SDSYSFIELD_DEFAULT,SDSYSFIELD_LIST,SDSYSFIELD_PRECISION,SDSYSFIELD_FIELDTYPE,SDSYSFIELD_READONLY,SDSYSFIELD_LISTFLAG,SDSYSFIELD_LOCALESTRING,SDSYSFIELD_ZDQXBH,SDSYSFIELD_DXLB,SDSYSFIELD_DRBZ,SDSYSFIELD_DRBT,SDSYSFIELD_DRXH,SDSYSFIELD_LBXH,SDSYSFIELD_ISFILTER,SDSYSFIELD_FILTERDISP,SDSYSFIELD_NEWLINE,SDSYSFIELD_NEWLINESHOW,SDSYSFIELD_NEWLINETITLE,SDSYSFIELD_GUID,SDSYSFIELD_LINKDO,SDSYSFIELD_SETSQL,SDSYSFIELD_MIN,SDSYSFIELD_MAX,SDSYSFIELD_FJMAX,SDSYSFIELD_FJEXT) values('SDFQL3002','YXJJBCLS_KCJZRQ','1','库存截止日期','','YXJJBCLS','0','1','0','','','','0','1070','','','','','', 10 ,'','I3','0', 1 , 1 , 8 ,'','', 2 ,'0','1','0','0','','','0','0', 1 , 1 ,'0','','0','1','',' ','','','','',0,'')
go
insert into SDSYSFIELD(SDSYSFIELD_ID,SDSYSFIELD_LMMC,SDSYSFIELD_LMZT,SDSYSFIELD_LMBM,SDSYSFIELD_TITLE,SDSYSFIELD_TABLE,SDSYSFIELD_SFBZ,SDSYSFIELD_KZBZ,SDSYSFIELD_SFSPXM,SDSYSFIELD_BZBM,SDSYSFIELD_BZBH,SDSYSFIELD_BZTJ,SDSYSFIELD_SFBT,SDSYSFIELD_XSXH,SDSYSFIELD_GLBM,SDSYSFIELD_BHZD,SDSYSFIELD_NMZD,SDSYSFIELD_MCZD,SDSYSFIELD_SQL,SDSYSFIELD_WIDTH,SDSYSFIELD_SPJD,SDSYSFIELD_TABID,SDSYSFIELD_TYPE,SDSYSFIELD_COLSPAN,SDSYSFIELD_ROWSPAN,SDSYSFIELD_LENGTH,SDSYSFIELD_DEFAULT,SDSYSFIELD_LIST,SDSYSFIELD_PRECISION,SDSYSFIELD_FIELDTYPE,SDSYSFIELD_READONLY,SDSYSFIELD_LISTFLAG,SDSYSFIELD_LOCALESTRING,SDSYSFIELD_ZDQXBH,SDSYSFIELD_DXLB,SDSYSFIELD_DRBZ,SDSYSFIELD_DRBT,SDSYSFIELD_DRXH,SDSYSFIELD_LBXH,SDSYSFIELD_ISFILTER,SDSYSFIELD_FILTERDISP,SDSYSFIELD_NEWLINE,SDSYSFIELD_NEWLINESHOW,SDSYSFIELD_NEWLINETITLE,SDSYSFIELD_GUID,SDSYSFIELD_LINKDO,SDSYSFIELD_SETSQL,SDSYSFIELD_MIN,SDSYSFIELD_MAX,SDSYSFIELD_FJMAX,SDSYSFIELD_FJEXT) values('SDFQL3002','YXJJBCLS_ZBBZ','1','招标修改备注','','YXJJBCLS','0','0','0','','','','0','1080','','','','','', 15 ,'','I3','0', 1 , 1 , 100 ,'','', 2 ,'0','1','0','0','','','0','0', 1 , 1 ,'0','','0','1','',' ','','','','',0,'')
go
insert into SDSYSFIELD(SDSYSFIELD_ID,SDSYSFIELD_LMMC,SDSYSFIELD_LMZT,SDSYSFIELD_LMBM,SDSYSFIELD_TITLE,SDSYSFIELD_TABLE,SDSYSFIELD_SFBZ,SDSYSFIELD_KZBZ,SDSYSFIELD_SFSPXM,SDSYSFIELD_BZBM,SDSYSFIELD_BZBH,SDSYSFIELD_BZTJ,SDSYSFIELD_SFBT,SDSYSFIELD_XSXH,SDSYSFIELD_GLBM,SDSYSFIELD_BHZD,SDSYSFIELD_NMZD,SDSYSFIELD_MCZD,SDSYSFIELD_SQL,SDSYSFIELD_WIDTH,SDSYSFIELD_SPJD,SDSYSFIELD_TABID,SDSYSFIELD_TYPE,SDSYSFIELD_COLSPAN,SDSYSFIELD_ROWSPAN,SDSYSFIELD_LENGTH,SDSYSFIELD_DEFAULT,SDSYSFIELD_LIST,SDSYSFIELD_PRECISION,SDSYSFIELD_FIELDTYPE,SDSYSFIELD_READONLY,SDSYSFIELD_LISTFLAG,SDSYSFIELD_LOCALESTRING,SDSYSFIELD_ZDQXBH,SDSYSFIELD_DXLB,SDSYSFIELD_DRBZ,SDSYSFIELD_DRBT,SDSYSFIELD_DRXH,SDSYSFIELD_LBXH,SDSYSFIELD_ISFILTER,SDSYSFIELD_FILTERDISP,SDSYSFIELD_NEWLINE,SDSYSFIELD_NEWLINESHOW,SDSYSFIELD_NEWLINETITLE,SDSYSFIELD_GUID,SDSYSFIELD_LINKDO,SDSYSFIELD_SETSQL,SDSYSFIELD_MIN,SDSYSFIELD_MAX,SDSYSFIELD_FJMAX,SDSYSFIELD_FJEXT) values('SDFQL3002','YXJJBCLS_SWBZ','1','商务修改备注','','YXJJBCLS','0','0','0','','','','0','1090','','','','','', 15 ,'','I3','0', 1 , 1 , 100 ,'','', 2 ,'0','1','0','0','','','0','0', 1 , 1 ,'0','','0','1','',' ','','','','',0,'')
go
insert into SDSYSFIELD(SDSYSFIELD_ID,SDSYSFIELD_LMMC,SDSYSFIELD_LMZT,SDSYSFIELD_LMBM,SDSYSFIELD_TITLE,SDSYSFIELD_TABLE,SDSYSFIELD_SFBZ,SDSYSFIELD_KZBZ,SDSYSFIELD_SFSPXM,SDSYSFIELD_BZBM,SDSYSFIELD_BZBH,SDSYSFIELD_BZTJ,SDSYSFIELD_SFBT,SDSYSFIELD_XSXH,SDSYSFIELD_GLBM,SDSYSFIELD_BHZD,SDSYSFIELD_NMZD,SDSYSFIELD_MCZD,SDSYSFIELD_SQL,SDSYSFIELD_WIDTH,SDSYSFIELD_SPJD,SDSYSFIELD_TABID,SDSYSFIELD_TYPE,SDSYSFIELD_COLSPAN,SDSYSFIELD_ROWSPAN,SDSYSFIELD_LENGTH,SDSYSFIELD_DEFAULT,SDSYSFIELD_LIST,SDSYSFIELD_PRECISION,SDSYSFIELD_FIELDTYPE,SDSYSFIELD_READONLY,SDSYSFIELD_LISTFLAG,SDSYSFIELD_LOCALESTRING,SDSYSFIELD_ZDQXBH,SDSYSFIELD_DXLB,SDSYSFIELD_DRBZ,SDSYSFIELD_DRBT,SDSYSFIELD_DRXH,SDSYSFIELD_LBXH,SDSYSFIELD_ISFILTER,SDSYSFIELD_FILTERDISP,SDSYSFIELD_NEWLINE,SDSYSFIELD_NEWLINESHOW,SDSYSFIELD_NEWLINETITLE,SDSYSFIELD_GUID,SDSYSFIELD_LINKDO,SDSYSFIELD_SETSQL,SDSYSFIELD_MIN,SDSYSFIELD_MAX,SDSYSFIELD_FJMAX,SDSYSFIELD_FJEXT) values('SDFQL3002','YXJJBCLS_CWBZ','1','财务修改备注','','YXJJBCLS','0','0','0','','','','0','1100','','','','','', 15 ,'','I3','0', 1 , 1 , 100 ,'','', 2 ,'0','1','0','0','','','0','0', 1 , 1 ,'0','','0','1','',' ','','','','',0,'')
go
delete from SDBILLMGR where SDBILLMGR_ID='SDFQL3002'
go
insert into SDBILLMGR(SDBILLMGR_ID,SDBILLMGR_TYPE,SDBILLMGR_NAME,SDBILLMGR_GNXH,SDBILLMGR_GNBH,SDBILLMGR_URL,SDBILLMGR_ICO) values('SDFQL3002','0','降价补差制单','0','SDFQL3002A','NetBill/NetBillMain.aspx?BILLID=SDFQL3002&CHECK=0','')
go
delete from LSGNZD where F_GNBH='SDFQL3002A'
go
insert into LSGNZD(F_GNBH,F_GNMC ) values('SDFQL3002A','降价补差制单')
go
delete from LSGNZDEX where LSGNZDEX_GNBH='SDFQL3002A'
go
insert into LSGNZDEX( LSGNZDEX_GNBH,LSGNZDEX_URL ,LSGNZDEX_XTYL, LSGNZDEX_LJBM ,LSGNZDEX_DJLS,LSGNZDEX_ICO) values('SDFQL3002A','NetBill/NetBillMain.aspx?BILLID=SDFQL3002&CHECK=0','S','YXJJBC','YXJJBC_LSBH','')
go
insert into SDBILLMGR(SDBILLMGR_ID,SDBILLMGR_TYPE,SDBILLMGR_NAME,SDBILLMGR_GNXH,SDBILLMGR_GNBH,SDBILLMGR_URL,SDBILLMGR_ICO) values('SDFQL3002','0','降价补差审批','1','SDFQL3002B','NetBill/NetBillMain.aspx?BILLID=SDFQL3002&CHECK=1','')
go
delete from LSGNZD where F_GNBH='SDFQL3002B'
go
insert into LSGNZD(F_GNBH,F_GNMC ) values('SDFQL3002B','降价补差审批')
go
delete from LSGNZDEX where LSGNZDEX_GNBH='SDFQL3002B'
go
insert into LSGNZDEX( LSGNZDEX_GNBH,LSGNZDEX_URL ,LSGNZDEX_XTYL, LSGNZDEX_LJBM ,LSGNZDEX_DJLS,LSGNZDEX_ICO) values('SDFQL3002B','NetBill/NetBillMain.aspx?BILLID=SDFQL3002&CHECK=1','S','YXJJBC','YXJJBC_LSBH','')
go
insert into SDBILLMGR(SDBILLMGR_ID,SDBILLMGR_TYPE,SDBILLMGR_NAME,SDBILLMGR_GNXH,SDBILLMGR_GNBH,SDBILLMGR_URL,SDBILLMGR_ICO) values('SDFQL3002','0','降价补差查询','2','SDFQL3002C','NetBill/NetBillQuery.aspx?BILLID=SDFQL3002','')
go
delete from LSGNZD where F_GNBH='SDFQL3002C'
go
insert into LSGNZD(F_GNBH,F_GNMC ) values('SDFQL3002C','降价补差查询')
go
delete from LSGNZDEX where LSGNZDEX_GNBH='SDFQL3002C'
go
insert into LSGNZDEX( LSGNZDEX_GNBH,LSGNZDEX_URL ,LSGNZDEX_XTYL, LSGNZDEX_LJBM ,LSGNZDEX_DJLS,LSGNZDEX_ICO) values('SDFQL3002C','NetBill/NetBillQuery.aspx?BILLID=SDFQL3002','S','YXJJBC','YXJJBC_LSBH','')
go
insert into SDBILLMGR(SDBILLMGR_ID,SDBILLMGR_TYPE,SDBILLMGR_NAME,SDBILLMGR_GNXH,SDBILLMGR_GNBH,SDBILLMGR_URL,SDBILLMGR_ICO) values('SDFQL3002','0','降价补差统计','3','SDFQL3002D','NetBill/NetBillOLAP.aspx?BILLID=SDFQL3002','')
go
delete from LSGNZD where F_GNBH='SDFQL3002D'
go
insert into LSGNZD(F_GNBH,F_GNMC ) values('SDFQL3002D','降价补差统计')
go
delete from LSGNZDEX where LSGNZDEX_GNBH='SDFQL3002D'
go
insert into LSGNZDEX( LSGNZDEX_GNBH,LSGNZDEX_URL ,LSGNZDEX_XTYL, LSGNZDEX_LJBM ,LSGNZDEX_DJLS,LSGNZDEX_ICO) values('SDFQL3002D','NetBill/NetBillOLAP.aspx?BILLID=SDFQL3002','S','YXJJBC','YXJJBC_LSBH','')
go
insert into SDBILLMGR(SDBILLMGR_ID,SDBILLMGR_TYPE,SDBILLMGR_NAME,SDBILLMGR_GNXH,SDBILLMGR_GNBH,SDBILLMGR_URL,SDBILLMGR_ICO) values('SDFQL3002','1','降价补差管理','4','SDFQL3002E','NetBill/SD_ListMgr/SD_List_Mgr.aspx?ListID=SDFQL3002E','')
go
delete from LSGNZD where F_GNBH='SDFQL3002E'
go
insert into LSGNZD(F_GNBH,F_GNMC ) values('SDFQL3002E','降价补差管理')
go
delete from LSGNZDEX where LSGNZDEX_GNBH='SDFQL3002E'
go
insert into LSGNZDEX( LSGNZDEX_GNBH,LSGNZDEX_URL ,LSGNZDEX_XTYL, LSGNZDEX_LJBM ,LSGNZDEX_DJLS,LSGNZDEX_ICO) values('SDFQL3002E','NetBill/SD_ListMgr/SD_List_Mgr.aspx?ListID=SDFQL3002E','S','YXJJBC','YXJJBC_LSBH','')
go
delete from SDSYSBUTTON where SDSYSBUTTON_ID='SDFQL3002'
go
insert into SDSYSBUTTON(SDSYSBUTTON_ID,SDSYSBUTTON_BTNID,SDSYSBUTTON_BTNNAME,SDSYSBUTTON_TITLE,SDSYSBUTTON_TYPE,SDSYSBUTTON_SYBZ,SDSYSBUTTON_POSITION,SDSYSBUTTON_ORDER,SDSYSBUTTON_ALTK,SDSYSBUTTON_CLASSNAME,SDSYSBUTTON_ZDSD,SDSYSBUTTON_JHAN,SDSYSBUTTON_SDAN,SDSYSBUTTON_SCRIPT) values('SDFQL3002','BtnS01','增加','','0','1','0', 1 ,'A','','0','','','
 
newBill();')
go
insert into SDSYSBUTTON(SDSYSBUTTON_ID,SDSYSBUTTON_BTNID,SDSYSBUTTON_BTNNAME,SDSYSBUTTON_TITLE,SDSYSBUTTON_TYPE,SDSYSBUTTON_SYBZ,SDSYSBUTTON_POSITION,SDSYSBUTTON_ORDER,SDSYSBUTTON_ALTK,SDSYSBUTTON_CLASSNAME,SDSYSBUTTON_ZDSD,SDSYSBUTTON_JHAN,SDSYSBUTTON_SDAN,SDSYSBUTTON_SCRIPT) values('SDFQL3002','BtnS02','修改','','0','1','0', 5 ,'M','','0','','','

modifyBill();')
go
insert into SDSYSBUTTON(SDSYSBUTTON_ID,SDSYSBUTTON_BTNID,SDSYSBUTTON_BTNNAME,SDSYSBUTTON_TITLE,SDSYSBUTTON_TYPE,SDSYSBUTTON_SYBZ,SDSYSBUTTON_POSITION,SDSYSBUTTON_ORDER,SDSYSBUTTON_ALTK,SDSYSBUTTON_CLASSNAME,SDSYSBUTTON_ZDSD,SDSYSBUTTON_JHAN,SDSYSBUTTON_SDAN,SDSYSBUTTON_SCRIPT) values('SDFQL3002','BtnS03','删除','','0','1','0', 10 ,'D','','0','','','
  
deleteBill(); ')
go
insert into SDSYSBUTTON(SDSYSBUTTON_ID,SDSYSBUTTON_BTNID,SDSYSBUTTON_BTNNAME,SDSYSBUTTON_TITLE,SDSYSBUTTON_TYPE,SDSYSBUTTON_SYBZ,SDSYSBUTTON_POSITION,SDSYSBUTTON_ORDER,SDSYSBUTTON_ALTK,SDSYSBUTTON_CLASSNAME,SDSYSBUTTON_ZDSD,SDSYSBUTTON_JHAN,SDSYSBUTTON_SDAN,SDSYSBUTTON_SCRIPT) values('SDFQL3002','BtnAddR','选择发货单','','0','1','2', 11 ,' ',' ','0',' ',' ',' ')
go
update SDSYSBUTTON set SDSYSBUTTON_SCRIPT='//=================     
// 功能：降价补差参照发货单     
// 作者：chenhl
// 日期：20191022     
//=================     
if(header_state == 0){      
  return;      
}      



var KH_index = format_header_getIndex("YXJJBC_KHBH");
var KH= header_data[KH_index][1];
//console.log(KH)
if (!KH) {
  $.MsgBox.Alert("请选择客户！");
  return;
  }

var GSID_index = format_header_getIndex("YXJJBC_GSID");
var GSID= header_data[GSID_index][1];

if (!GSID) {
  $.MsgBox.Alert("请选择核算单位！");
  return;
  }


var asp_href = "SD_ListMgr/SD_List_Mgr.aspx?ListID=SDFQL3002_CZ&KH="+KH+"&GSID="+GSID;    

 
$.MsgBox.showDialog({     
         title:"选择发货单",//弹窗标题，不传为空     
         width:800, //弹窗宽度，不传为600     
         height:500,// 弹窗高度,不传为400     
         href:asp_href, //弹窗连接URL，iframe方式     
         html:'''',//内嵌 html ，如果href不传或为空，则会将html参数内容附加到痰喘内容处     
         fullscreen:true,// 默认是否全屏     
         callback:function(data){ //回调方法，参数为子页面调用回调时传入，只支持一个参数可为对象、数组等。     
            retData(1,data); //单据赋值逻辑，可将原来的赋值逻辑放到一个函数中。     
         }     
});




function retData(tindx,datas){   
  if(!datas){//放弃选择      
    return;      
  }      
  var curItem=CurentItem;     
  CurentItem=1;     
  //DeleteAllRow();//删除全部行     
  CurentItem=curItem;     
  //字段映射类     
  function fidRelCls(isHeader,isRef,tFid,oFid){     
    return {     
      ''isHeader'':isHeader,     
      ''isRef'':isRef,     
      ''tFid'':tFid,     
      ''oFid'':oFid     
    }     
  }     
//debugger;
  //字段映射集合     
  var fidRels=new Array();     
  fidRels.push(fidRelCls(0,1,''YXJJBCMX_GSID'',''GSID''));//销售公司    
 fidRels.push(fidRelCls(0,1,''YXJJBCMX_QDLX'',''YXERPFH_QDLXBH''));//渠道类型
  fidRels.push(fidRelCls(0,1,''YXJJBCMX_BMBH'',''YXERPFH_YXBSC''));//区域
  fidRels.push(fidRelCls(0,0,''YXJJBCMX_CRMDDRQ'',''YXERPFH_YWRQ'')); //CRM订单日期    
  fidRels.push(fidRelCls(0,0,''YXJJBCMX_SAPTDH'',''YXERPFH_ERPFHDH'')); //SAP提单编号     
  fidRels.push(fidRelCls(0,0,''YXJJBCMX_JSKPH'',''YXERPFH_C18'')); //金税发票号       
  fidRels.push(fidRelCls(0,1,''YXJJBCMX_WLBH'',''YXERPFH_YXCPBH''));    //产品名称
  fidRels.push(fidRelCls(0,0,''YXJJBCMX_GG'',''YXWLZD_GGXH''));    //规格
  fidRels.push(fidRelCls(0,1,''YXJJBCMX_JLDW'',''ERPJLDW''));    //计量单位
  fidRels.push(fidRelCls'
where SDSYSBUTTON_ID='SDFQL3002' and SDSYSBUTTON_BTNID='BtnAddR'
go
update SDSYSBUTTON set SDSYSBUTTON_SCRIPT=SDSYSBUTTON_SCRIPT + '(0,0,''YXJJBCMX_CKSL'',''YXERPFH_SL''));    //发货数量
  fidRels.push(fidRelCls(0,0,''YXJJBCMX_PC'',''YXERPFH_PH''));    //批号
 fidRels.push(fidRelCls(0,0,''YXJJBCMX_XSDJ'',''YXERPFH_DJ''));    //销售单价
 fidRels.push(fidRelCls(0,0,''YXJJBCMX_ZKDJ'',''YXERPFH_UFZHDJ''));    //折扣后单价
 fidRels.push(fidRelCls(0,0,''YXJJBCMX_FPSL'',''F_CPSL''));    //发票税率
   fidRels.push(fidRelCls(0,0,''YXJJBCMX_GUID'',''YXERPFH_ID''));    //发货的GUID
   fidRels.push(fidRelCls(0,0,''YXJJBCMX_SXSL'',''F_HJCKSL''));    //历史库存数量合计
   fidRels.push(fidRelCls(0,0,''YXJJBCMX_MINSL'',''F_MINSL''));    //历史库存数量最小
  try{     
    //处理表头     
    for(var i=0;i<fidRels.length;i++){     
      if(fidRels[i][''isHeader'']){     
        if(!fidRels[i][''isRef'']){     
          header_data[format_header_getIndex(fidRels[i][''tFid''])]=datas[0][fidRels[i][''oFid'']];     
        }     
        else{     
          header_data[format_header_getIndex(fidRels[i][''tFid''])][1]=datas[0][fidRels[i][''oFid'']];     
          header_data[format_header_getIndex(fidRels[i][''tFid''])][2]=datas[0][fidRels[i][''oFid'']+''_BH''];     
          header_data[format_header_getIndex(fidRels[i][''tFid''])][0]=datas[0][fidRels[i][''oFid'']+''_MC''];     
        }     
      }     
    }     
    //处理表体     
    //先看现在有几行     
  //debugger     
    var startI=0;     
    for(var i=0;i<g_itemData[tindx].length;i++){     
      if(g_itemData[tindx][i][format_item_getIndex(tindx,''YXJJBCMX_GUID'')]){     
        startI=i+1;     
      }     
    }     
    var startRCount=g_itemData[tindx].length;     
  var k=0;     
    for(var z=0;z<datas.length;z++){     
    //判断重复的就不带过来了     
debugger
    var xyIndex=format_item_getIndex(tindx,''YXJJBCMX_GUID'')     
    var flIndex=format_item_getIndex(tindx,''YXJJBCMX_GUID'')     
    var flag=1;     
    for(var i=0;i<g_itemData[tindx].length;i++){     
      if(g_itemData[tindx][i][xyIndex]===datas[z][''YXERPFH_ID'']&&g_itemData[tindx][i][flIndex]===datas[z][''YXERPFH_ID''])     
      flag=0;     
    }     
    if(!flag) continue;     
      if(k+s'
where SDSYSBUTTON_ID='SDFQL3002' and SDSYSBUTTON_BTNID='BtnAddR'
go
update SDSYSBUTTON set SDSYSBUTTON_SCRIPT=SDSYSBUTTON_SCRIPT + 'tartI>=startRCount)     
        addEmptyItem(tindx);     
      for(var i=0;i<fidRels.length;i++){     
        if(!fidRels[i][''isHeader'']){     
          var index=format_item_getIndex(tindx,fidRels[i][''tFid''])     
          if(!fidRels[i][''isRef'']){     
            g_itemData[tindx][k+startI][index]=datas[z][fidRels[i][''oFid'']];     
                 
          }     
          else{     
            g_itemData[tindx][k+startI][index][1]=datas[z][fidRels[i][''oFid'']];     
            g_itemData[tindx][k+startI][index][2]=datas[z][fidRels[i][''oFid'']+''_BH''];     
            g_itemData[tindx][k+startI][index][0]=datas[z][fidRels[i][''oFid'']+''_MC''];   
           //ItemsetValue(tindx,k+startI,index,datas[z][fidRels[i][''oFid'']],"",false);     
          }     
        }     
      }     
    k++;     
    }     
    //refreshHeader();      
    refreshAllRow(tindx, "1");      
  //setReadOnly();     
  }catch(err){     
    alert(err);     
    return false;     
  }     
}         
    '
where SDSYSBUTTON_ID='SDFQL3002' and SDSYSBUTTON_BTNID='BtnAddR'
go
insert into SDSYSBUTTON(SDSYSBUTTON_ID,SDSYSBUTTON_BTNID,SDSYSBUTTON_BTNNAME,SDSYSBUTTON_TITLE,SDSYSBUTTON_TYPE,SDSYSBUTTON_SYBZ,SDSYSBUTTON_POSITION,SDSYSBUTTON_ORDER,SDSYSBUTTON_ALTK,SDSYSBUTTON_CLASSNAME,SDSYSBUTTON_ZDSD,SDSYSBUTTON_JHAN,SDSYSBUTTON_SDAN,SDSYSBUTTON_SCRIPT) values('SDFQL3002','BtnDelR','删除行','','0','1','2', 15 ,' ',' ','0',' ',' ','DeleteRowWithCheck(1);')
go
insert into SDSYSBUTTON(SDSYSBUTTON_ID,SDSYSBUTTON_BTNID,SDSYSBUTTON_BTNNAME,SDSYSBUTTON_TITLE,SDSYSBUTTON_TYPE,SDSYSBUTTON_SYBZ,SDSYSBUTTON_POSITION,SDSYSBUTTON_ORDER,SDSYSBUTTON_ALTK,SDSYSBUTTON_CLASSNAME,SDSYSBUTTON_ZDSD,SDSYSBUTTON_JHAN,SDSYSBUTTON_SDAN,SDSYSBUTTON_SCRIPT) values('SDFQL3002','BtnS04','保存','','0','1','0', 15 ,'S','','0','','','
 
Save(''0'');')
go
insert into SDSYSBUTTON(SDSYSBUTTON_ID,SDSYSBUTTON_BTNID,SDSYSBUTTON_BTNNAME,SDSYSBUTTON_TITLE,SDSYSBUTTON_TYPE,SDSYSBUTTON_SYBZ,SDSYSBUTTON_POSITION,SDSYSBUTTON_ORDER,SDSYSBUTTON_ALTK,SDSYSBUTTON_CLASSNAME,SDSYSBUTTON_ZDSD,SDSYSBUTTON_JHAN,SDSYSBUTTON_SDAN,SDSYSBUTTON_SCRIPT) values('SDFQL3002','BtnS05','提交审批','','0','1','0', 20 ,'T','','0','','','
   
submitbill(false);')
go
insert into SDSYSBUTTON(SDSYSBUTTON_ID,SDSYSBUTTON_BTNID,SDSYSBUTTON_BTNNAME,SDSYSBUTTON_TITLE,SDSYSBUTTON_TYPE,SDSYSBUTTON_SYBZ,SDSYSBUTTON_POSITION,SDSYSBUTTON_ORDER,SDSYSBUTTON_ALTK,SDSYSBUTTON_CLASSNAME,SDSYSBUTTON_ZDSD,SDSYSBUTTON_JHAN,SDSYSBUTTON_SDAN,SDSYSBUTTON_SCRIPT) values('SDFQL3002','BtnS06','取消提交','','0','1','0', 25 ,'U','','0','','','
  
submitbill_undo();')
go
insert into SDSYSBUTTON(SDSYSBUTTON_ID,SDSYSBUTTON_BTNID,SDSYSBUTTON_BTNNAME,SDSYSBUTTON_TITLE,SDSYSBUTTON_TYPE,SDSYSBUTTON_SYBZ,SDSYSBUTTON_POSITION,SDSYSBUTTON_ORDER,SDSYSBUTTON_ALTK,SDSYSBUTTON_CLASSNAME,SDSYSBUTTON_ZDSD,SDSYSBUTTON_JHAN,SDSYSBUTTON_SDAN,SDSYSBUTTON_SCRIPT) values('SDFQL3002','BtnS10','查找','','0','1','0', 45 ,' ','','0','','','
  
var my_Menu  = new class_Menu(null,gs_Find_Menu,100,135);')
go
insert into SDSYSBUTTON(SDSYSBUTTON_ID,SDSYSBUTTON_BTNID,SDSYSBUTTON_BTNNAME,SDSYSBUTTON_TITLE,SDSYSBUTTON_TYPE,SDSYSBUTTON_SYBZ,SDSYSBUTTON_POSITION,SDSYSBUTTON_ORDER,SDSYSBUTTON_ALTK,SDSYSBUTTON_CLASSNAME,SDSYSBUTTON_ZDSD,SDSYSBUTTON_JHAN,SDSYSBUTTON_SDAN,SDSYSBUTTON_SCRIPT) values('SDFQL3002','Btn20','选择提单','','0','0','0', 50 ,' ',' ','0',' ',' ','')
go
insert into SDSYSBUTTON(SDSYSBUTTON_ID,SDSYSBUTTON_BTNID,SDSYSBUTTON_BTNNAME,SDSYSBUTTON_TITLE,SDSYSBUTTON_TYPE,SDSYSBUTTON_SYBZ,SDSYSBUTTON_POSITION,SDSYSBUTTON_ORDER,SDSYSBUTTON_ALTK,SDSYSBUTTON_CLASSNAME,SDSYSBUTTON_ZDSD,SDSYSBUTTON_JHAN,SDSYSBUTTON_SDAN,SDSYSBUTTON_SCRIPT) values('SDFQL3002','BtnS21','查找','','1','1','0', 0 ,'F','','0','','','
   
var my_Menu  = new class_Menu(null,gs_Find_Menu,100,135);')
go
insert into SDSYSBUTTON(SDSYSBUTTON_ID,SDSYSBUTTON_BTNID,SDSYSBUTTON_BTNNAME,SDSYSBUTTON_TITLE,SDSYSBUTTON_TYPE,SDSYSBUTTON_SYBZ,SDSYSBUTTON_POSITION,SDSYSBUTTON_ORDER,SDSYSBUTTON_ALTK,SDSYSBUTTON_CLASSNAME,SDSYSBUTTON_ZDSD,SDSYSBUTTON_JHAN,SDSYSBUTTON_SDAN,SDSYSBUTTON_SCRIPT) values('SDFQL3002','BtnS22','通过','','1','1','0', 5 ,'P','','0','','','
  
approve(1);')
go
insert into SDSYSBUTTON(SDSYSBUTTON_ID,SDSYSBUTTON_BTNID,SDSYSBUTTON_BTNNAME,SDSYSBUTTON_TITLE,SDSYSBUTTON_TYPE,SDSYSBUTTON_SYBZ,SDSYSBUTTON_POSITION,SDSYSBUTTON_ORDER,SDSYSBUTTON_ALTK,SDSYSBUTTON_CLASSNAME,SDSYSBUTTON_ZDSD,SDSYSBUTTON_JHAN,SDSYSBUTTON_SDAN,SDSYSBUTTON_SCRIPT) values('SDFQL3002','BtnS23','否决','','1','1','0', 15 ,'N','','0','','','
 
approve(2);')
go
insert into SDSYSBUTTON(SDSYSBUTTON_ID,SDSYSBUTTON_BTNID,SDSYSBUTTON_BTNNAME,SDSYSBUTTON_TITLE,SDSYSBUTTON_TYPE,SDSYSBUTTON_SYBZ,SDSYSBUTTON_POSITION,SDSYSBUTTON_ORDER,SDSYSBUTTON_ALTK,SDSYSBUTTON_CLASSNAME,SDSYSBUTTON_ZDSD,SDSYSBUTTON_JHAN,SDSYSBUTTON_SDAN,SDSYSBUTTON_SCRIPT) values('SDFQL3002','BtnS24','取消','','1','1','0', 20 ,'U','','0','','','
   
approve(3);')
go
insert into SDSYSBUTTON(SDSYSBUTTON_ID,SDSYSBUTTON_BTNID,SDSYSBUTTON_BTNNAME,SDSYSBUTTON_TITLE,SDSYSBUTTON_TYPE,SDSYSBUTTON_SYBZ,SDSYSBUTTON_POSITION,SDSYSBUTTON_ORDER,SDSYSBUTTON_ALTK,SDSYSBUTTON_CLASSNAME,SDSYSBUTTON_ZDSD,SDSYSBUTTON_JHAN,SDSYSBUTTON_SDAN,SDSYSBUTTON_SCRIPT) values('SDFQL3002','BtnS25','审批','','1','1','0', 26 ,'O','','0','','','
   
var my_Approve  = new class_Menu(null,gs_Approve_Menu,100,373);')
go
insert into SDSYSBUTTON(SDSYSBUTTON_ID,SDSYSBUTTON_BTNID,SDSYSBUTTON_BTNNAME,SDSYSBUTTON_TITLE,SDSYSBUTTON_TYPE,SDSYSBUTTON_SYBZ,SDSYSBUTTON_POSITION,SDSYSBUTTON_ORDER,SDSYSBUTTON_ALTK,SDSYSBUTTON_CLASSNAME,SDSYSBUTTON_ZDSD,SDSYSBUTTON_JHAN,SDSYSBUTTON_SDAN,SDSYSBUTTON_SCRIPT) values('SDFQL3002','BtnS27','审批','','2','1','0', 130 ,' ','','0','','','
   
var my_Approve  = new class_Menu(null,gs_Approve_Menu,100,373);')
go
/*单据高级设置*/
delete from SDSYSBILLAD where SDSYSBILLAD_ID='SDFQL3002'
go
delete from WDSQL where WDSQL_DJBH='YXJJBC'
go
delete from PPSPDX where PPSPDX_YWID='YXJJBC'
go
insert into PPSPDX(PPSPDX_YWID,PPSPDX_YWMC,PPSPDX_SFXY,PPSPDX_SYS,PPSPDX_ZDTJ,PPSPDX_TSTJ,PPSPDX_DXTZ,PPSPDX_ISMSLC,PPSPDX_QXBZ) values('YXJJBC','降价补差','1','MKT','0','0','0','1','')
go
delete from PPSPGS where PPSPGS_YWID='YXJJBC'
go
insert into PPSPGS(PPSPGS_YWID,PPSPGS_GSBH, PPSPGS_GSMC, PPSPGS_GSLX, PPSPGS_GSNR,PPSPGS_HELP, PPSPGS_CODE ) values('YXJJBC','001','$区域$','C','select YXJJBC_BMBH from YXJJBC where YXJJBC_LSBH=?','YXBMZD&YX1,YXBMZD_BMBH,YXBMZD_BMMC','')
go
insert into PPSPGS(PPSPGS_YWID,PPSPGS_GSBH, PPSPGS_GSMC, PPSPGS_GSLX, PPSPGS_GSNR,PPSPGS_HELP, PPSPGS_CODE ) values('YXJJBC','002','$特殊情况备注$','C','select YXJJBC_BZ from YXJJBC where YXJJBC_LSBH=?',' ','')
go
insert into PPSPGS(PPSPGS_YWID,PPSPGS_GSBH, PPSPGS_GSMC, PPSPGS_GSLX, PPSPGS_GSNR,PPSPGS_HELP, PPSPGS_CODE ) values('YXJJBC','003','$字符1$','C','select YXJJBC_C1 from YXJJBC where YXJJBC_LSBH=?',' ','')
go
insert into PPSPGS(PPSPGS_YWID,PPSPGS_GSBH, PPSPGS_GSMC, PPSPGS_GSLX, PPSPGS_GSNR,PPSPGS_HELP, PPSPGS_CODE ) values('YXJJBC','004','$字符2$','C','select YXJJBC_C2 from YXJJBC where YXJJBC_LSBH=?',' ','')
go
insert into PPSPGS(PPSPGS_YWID,PPSPGS_GSBH, PPSPGS_GSMC, PPSPGS_GSLX, PPSPGS_GSNR,PPSPGS_HELP, PPSPGS_CODE ) values('YXJJBC','005','$字符3$','C','select YXJJBC_C3 from YXJJBC where YXJJBC_LSBH=?',' ','')
go
insert into PPSPGS(PPSPGS_YWID,PPSPGS_GSBH, PPSPGS_GSMC, PPSPGS_GSLX, PPSPGS_GSNR,PPSPGS_HELP, PPSPGS_CODE ) values('YXJJBC','006','$字符4$','C','select YXJJBC_C4 from YXJJBC where YXJJBC_LSBH=?',' ','')
go
insert into PPSPGS(PPSPGS_YWID,PPSPGS_GSBH, PPSPGS_GSMC, PPSPGS_GSLX, PPSPGS_GSNR,PPSPGS_HELP, PPSPGS_CODE ) values('YXJJBC','007','$字符5$','C','select YXJJBC_C5 from YXJJBC where YXJJBC_LSBH=?',' ','')
go
insert into PPSPGS(PPSPGS_YWID,PPSPGS_GSBH, PPSPGS_GSMC, PPSPGS_GSLX, PPSPGS_GSNR,PPSPGS_HELP, PPSPGS_CODE ) values('YXJJBC','008','$单据编号$','C','select YXJJBC_DJBH from YXJJBC where YXJJBC_LSBH=?',' ','')
go
insert into PPSPGS(PPSPGS_YWID,PPSPGS_GSBH, PPSPGS_GSMC, PPSPGS_GSLX, PPSPGS_GSNR,PPSPGS_HELP, PPSPGS_CODE ) values('YXJJBC','009','$导入标识$','C','select YXJJBC_DRBS from YXJJBC where YXJJBC_LSBH=?',' ','')
go
insert into PPSPGS(PPSPGS_YWID,PPSPGS_GSBH, PPSPGS_GSMC, PPSPGS_GSLX, PPSPGS_GSNR,PPSPGS_HELP, PPSPGS_CODE ) values('YXJJBC','010','$核算单位$','C','select YXJJBC_GSID from YXJJBC where YXJJBC_LSBH=?','LSBZDW&YX01,LSBZDW_DWBH,LSBZDW_DWMC','')
go
insert into PPSPGS(PPSPGS_YWID,PPSPGS_GSBH, PPSPGS_GSMC, PPSPGS_GSLX, PPSPGS_GSNR,PPSPGS_HELP, PPSPGS_CODE ) values('YXJJBC','011','$商业客户$','C','select YXJJBC_KHBH from YXJJBC where YXJJBC_LSBH=?','YXKHZD&YX1,YXKHZD_KHBH,YXKHZD_KHMC','')
go
insert into PPSPGS(PPSPGS_YWID,PPSPGS_GSBH, PPSPGS_GSMC, PPSPGS_GSLX, PPSPGS_GSNR,PPSPGS_HELP, PPSPGS_CODE ) values('YXJJBC','012','$单据流水$','C','select YXJJBC_LSBH from YXJJBC where YXJJBC_LSBH=?',' ','')
go
insert into PPSPGS(PPSPGS_YWID,PPSPGS_GSBH, PPSPGS_GSMC, PPSPGS_GSLX, PPSPGS_GSNR,PPSPGS_HELP, PPSPGS_CODE ) values('YXJJBC','013','$大区$','C','select YXJJBC_PQBH from YXJJBC where YXJJBC_LSBH=?','YXPQZD&YX1,YXPQZD_PQBH,YXPQZD_PQMC','')
go
insert into PPSPGS(PPSPGS_YWID,PPSPGS_GSBH, PPSPGS_GSMC, PPSPGS_GSLX, PPSPGS_GSNR,PPSPGS_HELP, PPSPGS_CODE ) values('YXJJBC','014','$审核标志$','C','select YXJJBC_SHBZ from YXJJBC where YXJJBC_LSBH=?',' ','1,审批通过;0,未提交;2,审批否决;3,正在审批;4,免审')
go
insert into PPSPGS(PPSPGS_YWID,PPSPGS_GSBH, PPSPGS_GSMC, PPSPGS_GSLX, PPSPGS_GSNR,PPSPGS_HELP, PPSPGS_CODE ) values('YXJJBC','015','$审核金额$','N','select YXJJBC_SHJE from YXJJBC where YXJJBC_LSBH=?',' ','')
go
insert into PPSPGS(PPSPGS_YWID,PPSPGS_GSBH, PPSPGS_GSMC, PPSPGS_GSLX, PPSPGS_GSNR,PPSPGS_HELP, PPSPGS_CODE ) values('YXJJBC','016','$审核流程$','C','select YXJJBC_SHLC from YXJJBC where YXJJBC_LSBH=?',' ','')
go
insert into PPSPGS(PPSPGS_YWID,PPSPGS_GSBH, PPSPGS_GSMC, PPSPGS_GSLX, PPSPGS_GSNR,PPSPGS_HELP, PPSPGS_CODE ) values('YXJJBC','017','$审核人$','C','select YXJJBC_SHR from YXJJBC where YXJJBC_LSBH=?',' ','')
go
insert into PPSPGS(PPSPGS_YWID,PPSPGS_GSBH, PPSPGS_GSMC, PPSPGS_GSLX, PPSPGS_GSNR,PPSPGS_HELP, PPSPGS_CODE ) values('YXJJBC','018','$审核日期$','C','select YXJJBC_SHRQ from YXJJBC where YXJJBC_LSBH=?',' ','')
go
insert into PPSPGS(PPSPGS_YWID,PPSPGS_GSBH, PPSPGS_GSMC, PPSPGS_GSLX, PPSPGS_GSNR,PPSPGS_HELP, PPSPGS_CODE ) values('YXJJBC','019','$审批对象$','C','select YXJJBC_SPDX from YXJJBC where YXJJBC_LSBH=?',' ','')
go
insert into PPSPGS(PPSPGS_YWID,PPSPGS_GSBH, PPSPGS_GSMC, PPSPGS_GSLX, PPSPGS_GSNR,PPSPGS_HELP, PPSPGS_CODE ) values('YXJJBC','020','$申报金额$','N','select YXJJBC_SQJE from YXJJBC where YXJJBC_LSBH=?',' ','')
go
insert into PPSPGS(PPSPGS_YWID,PPSPGS_GSBH, PPSPGS_GSMC, PPSPGS_GSLX, PPSPGS_GSNR,PPSPGS_HELP, PPSPGS_CODE ) values('YXJJBC','021','$申请人$','C','select YXJJBC_SQR from YXJJBC where YXJJBC_LSBH=?','YXRYZD&YX1,YXRYZD_RYBH,YXRYZD_RYXM','')
go
insert into PPSPGS(PPSPGS_YWID,PPSPGS_GSBH, PPSPGS_GSMC, PPSPGS_GSLX, PPSPGS_GSNR,PPSPGS_HELP, PPSPGS_CODE ) values('YXJJBC','022','$事业部$','C','select YXJJBC_SYBBH from YXJJBC where YXJJBC_LSBH=?','YXSYB&YX1,YXSYB_SYBBH,YXSYB_SYBMC','')
go
insert into PPSPGS(PPSPGS_YWID,PPSPGS_GSBH, PPSPGS_GSMC, PPSPGS_GSLX, PPSPGS_GSNR,PPSPGS_HELP, PPSPGS_CODE ) values('YXJJBC','023','$数值1$','N','select YXJJBC_U1 from YXJJBC where YXJJBC_LSBH=?',' ','')
go
insert into PPSPGS(PPSPGS_YWID,PPSPGS_GSBH, PPSPGS_GSMC, PPSPGS_GSLX, PPSPGS_GSNR,PPSPGS_HELP, PPSPGS_CODE ) values('YXJJBC','024','$数值2$','N','select YXJJBC_U2 from YXJJBC where YXJJBC_LSBH=?',' ','')
go
insert into PPSPGS(PPSPGS_YWID,PPSPGS_GSBH, PPSPGS_GSMC, PPSPGS_GSLX, PPSPGS_GSNR,PPSPGS_HELP, PPSPGS_CODE ) values('YXJJBC','025','$数值3$','N','select YXJJBC_U3 from YXJJBC where YXJJBC_LSBH=?',' ','')
go
insert into PPSPGS(PPSPGS_YWID,PPSPGS_GSBH, PPSPGS_GSMC, PPSPGS_GSLX, PPSPGS_GSNR,PPSPGS_HELP, PPSPGS_CODE ) values('YXJJBC','026','$制单人$','C','select YXJJBC_ZDR from YXJJBC where YXJJBC_LSBH=?',' ','')
go
insert into PPSPGS(PPSPGS_YWID,PPSPGS_GSBH, PPSPGS_GSMC, PPSPGS_GSLX, PPSPGS_GSNR,PPSPGS_HELP, PPSPGS_CODE ) values('YXJJBC','027','$制单人ID$','C','select YXJJBC_ZDRID from YXJJBC where YXJJBC_LSBH=?',' ','')
go
insert into PPSPGS(PPSPGS_YWID,PPSPGS_GSBH, PPSPGS_GSMC, PPSPGS_GSLX, PPSPGS_GSNR,PPSPGS_HELP, PPSPGS_CODE ) values('YXJJBC','028','$制单日期$','C','select YXJJBC_ZDRQ from YXJJBC where YXJJBC_LSBH=?',' ','')
go
insert into PPSPGS(PPSPGS_YWID,PPSPGS_GSBH, PPSPGS_GSMC, PPSPGS_GSLX, PPSPGS_GSNR,PPSPGS_HELP, PPSPGS_CODE ) values('YXJJBC','029','$折让方式$','C','select YXJJBC_ZRFS from YXJJBC where YXJJBC_LSBH=?',' ','1,票折;2,红冲')
go
delete from JSBHOBJ where JSBHOBJ_OBJID='YXJJBC'
go
INSERT INTO JSBHOBJ (JSBHOBJ_OBJID,JSBHOBJ_OBJNAME,JSBHOBJ_SYS,JSBHOBJ_FLSX,JSBHOBJ_BHCD,JSBHOBJ_BHCOLCD,JSBHOBJ_TABLE,JSBHOBJ_BHCOL,JSBHOBJ_LSBHCOL,JSBHOBJ_SFQY) values('YXJJBC','费用余额初始','SDE ','2','20','20','YXJJBC','YXJJBC_DJBH ','YXJJBC_LSBH','1')
go
delete from JSBHRULE where JSBHRULE_OBJID='YXJJBC'
go
INSERT INTO JSBHRULE (JSBHRULE_OBJID,JSBHRULE_SEQ,JSBHRULE_SXH,JSBHRULE_LYLB,JSBHRULE_COL,JSBHRULE_RQLM,JSBHRULE_GDZF,JSBHRULE_DCD,JSBHRULE_SFFLYJ, JSBHRULE_BQZF ) values('YXJJBC','1','1','Z','YXJJBC_ZDRQ','','','8','1',' ')
go
INSERT INTO JSBHRULE (JSBHRULE_OBJID,JSBHRULE_SEQ,JSBHRULE_SXH,JSBHRULE_LYLB,JSBHRULE_COL,JSBHRULE_RQLM,JSBHRULE_GDZF,JSBHRULE_DCD,JSBHRULE_SFFLYJ, JSBHRULE_BQZF ) values('YXJJBC','2','2','L','','','','4','0',' ')
go
INSERT INTO JSBHRULE (JSBHRULE_OBJID,JSBHRULE_SEQ,JSBHRULE_SXH,JSBHRULE_LYLB,JSBHRULE_COL,JSBHRULE_RQLM,JSBHRULE_GDZF,JSBHRULE_DCD,JSBHRULE_SFFLYJ, JSBHRULE_BQZF ) values('YXJJBC','3','0','G',' ',' ',' ','2','0',' ')
go
DELETE FROM YXGN WHERE YXGN_BH='YXJJBC'
go
insert into YXGN(YXGN_BH,YXGN_MC,YXGN_ZXT,YXGN_LX,YXGN_BZ) values('YXJJBC','降价补差','SD','0','表名')
go
DELETE FROM LSSJB WHERE LSSJB_LJBM='YXJJBC'
go
INSERT INTO LSSJB (LSSJB_XTBH,LSSJB_LJBM,LSSJB_BSM,LSSJB_FLSX,LSSJB_DYGS,LSSJB_SJBM,LSSJB_FLTJ,LSSJB_GLTJ,LSSJB_GLGX) VALUES('MKT','YXJJBC','降价补差','2',' ','YXJJBC',' ',' ',' ')
go
DELETE FROM LSSJBEX WHERE LSSJBEX_LJBM='YXJJBC'
go
INSERT INTO LSSJBEX (LSSJBEX_LJBM,LSSJBEX_FXBM,LSSJBEX_FXMC,LSSJBEX_SJBM,LSSJBEX_LMWZ,LSSJBEX_GLTJ,LSSJBEX_ZB,LSSJBEX_ZBGLZD,LSSJBEX_CBGLZD,LSSJBEX_SORT) VALUES('YXJJBC','YXJJBC','降价补差','YXJJBC','0',' ',' ',' ',' ','YXJJBC_LSBH')
go
INSERT INTO LSSJBEX (LSSJBEX_LJBM,LSSJBEX_FXBM,LSSJBEX_FXMC,LSSJBEX_SJBM,LSSJBEX_LMWZ,LSSJBEX_GLTJ,LSSJBEX_ZB,LSSJBEX_ZBGLZD,LSSJBEX_CBGLZD,LSSJBEX_SORT) VALUES('YXJJBC','YXJJBC1','汇总信息','YXJJBC,YXJJBCHZ','1','YXJJBC_LSBH = YXJJBCHZ_LSBH','YXJJBC','单据流水@YXJJBC_LSBH@','流水编号@YXJJBCHZ_LSBH@','YXJJBCHZ_LSBH')
go
INSERT INTO LSSJBEX (LSSJBEX_LJBM,LSSJBEX_FXBM,LSSJBEX_FXMC,LSSJBEX_SJBM,LSSJBEX_LMWZ,LSSJBEX_GLTJ,LSSJBEX_ZB,LSSJBEX_ZBGLZD,LSSJBEX_CBGLZD,LSSJBEX_SORT) VALUES('YXJJBC','YXJJBC2','明细信息','YXJJBC,YXJJBCMX','2','YXJJBC_LSBH = YXJJBCMX_LSBH','YXJJBC','单据流水@YXJJBC_LSBH@','流水编号@YXJJBCMX_LSBH@','YXJJBCMX_LSBH')
go
INSERT INTO LSSJBEX (LSSJBEX_LJBM,LSSJBEX_FXBM,LSSJBEX_FXMC,LSSJBEX_SJBM,LSSJBEX_LMWZ,LSSJBEX_GLTJ,LSSJBEX_ZB,LSSJBEX_ZBGLZD,LSSJBEX_CBGLZD,LSSJBEX_SORT) VALUES('YXJJBC','YXJJBC3','历史信息','YXJJBC,YXJJBCLS','3','YXJJBC_LSBH = YXJJBCLS_LSBH','YXJJBC','单据流水@YXJJBC_LSBH@','流水编号@YXJJBCLS_LSBH@','YXJJBCLS_LSBH')
go
delete from LSBLM where LSBLM_LJBM='YXJJBC' and LSBLM_XH not like 'Z%'
go
insert into LSBLM (LSBLM_XH,LSBLM_LJBM,LSBLM_DYLM,LSBLM_SJLM,LSBLM_LYBM,LSBLM_GLTJ,LSBLM_LMWZ,LSBLM_LMSM,LSBLM_LMLX,LSBLM_LMCD,LSBLM_XSCD,LSBLM_DYXZ,LSBLM_SFXS,LSBLM_YHMC,LSBLM_DXLB,LSBLM_SORT,LSBLM_CODE,LSBLM_GLLM,LSBLM_GLBM,LSBLM_GLGX,LSBLM_DYWZ,LSBLM_SFBB) values ('001','YXJJBC','@YXJJBC_DRBS@','YXJJBC_DRBS','YXJJBC','','0','导入标识','C',36,15,'1','1','导入标识','','','',' ',' ',' ','0','1')
go
insert into LSBLM (LSBLM_XH,LSBLM_LJBM,LSBLM_DYLM,LSBLM_SJLM,LSBLM_LYBM,LSBLM_GLTJ,LSBLM_LMWZ,LSBLM_LMSM,LSBLM_LMLX,LSBLM_LMCD,LSBLM_XSCD,LSBLM_DYXZ,LSBLM_SFXS,LSBLM_YHMC,LSBLM_DXLB,LSBLM_SORT,LSBLM_CODE,LSBLM_GLLM,LSBLM_GLBM,LSBLM_GLGX,LSBLM_DYWZ,LSBLM_SFBB) values ('002','YXJJBC','@YXJJBC_LSBH@','YXJJBC_LSBH','YXJJBC','','0','单据流水','C',36,15,'1','1','单据流水','','','',' ',' ',' ','0','1')
go
insert into LSBLM (LSBLM_XH,LSBLM_LJBM,LSBLM_DYLM,LSBLM_SJLM,LSBLM_LYBM,LSBLM_GLTJ,LSBLM_LMWZ,LSBLM_LMSM,LSBLM_LMLX,LSBLM_LMCD,LSBLM_XSCD,LSBLM_DYXZ,LSBLM_SFXS,LSBLM_YHMC,LSBLM_DXLB,LSBLM_SORT,LSBLM_CODE,LSBLM_GLLM,LSBLM_GLBM,LSBLM_GLGX,LSBLM_DYWZ,LSBLM_SFBB) values ('003','YXJJBC','@YXJJBC_GSID@','YXJJBC_GSID','YXJJBC','','0','核算单位','C',40,15,'1','1','核算单位','','','',' ',' ',' ','0','1')
go
insert into LSBLM (LSBLM_XH,LSBLM_LJBM,LSBLM_DYLM,LSBLM_SJLM,LSBLM_LYBM,LSBLM_GLTJ,LSBLM_LMWZ,LSBLM_LMSM,LSBLM_LMLX,LSBLM_LMCD,LSBLM_XSCD,LSBLM_DYXZ,LSBLM_SFXS,LSBLM_YHMC,LSBLM_DXLB,LSBLM_SORT,LSBLM_CODE,LSBLM_GLLM,LSBLM_GLBM,LSBLM_GLGX,LSBLM_DYWZ,LSBLM_SFBB) values ('004','YXJJBC','@YXJJBC_GSID_MC@','LSBZDW_DWMC','YXJJBC,LSBZDW','YXJJBC_GSID=LSBZDW_DWBH','0','核算单位名称','C',200,15,'1','1','核算单位名称','','','','YXJJBC_GSID','LSBZDW','YXJJBC_GSID=LSBZDW_DWBH','0','0')
go
insert into LSBLM (LSBLM_XH,LSBLM_LJBM,LSBLM_DYLM,LSBLM_SJLM,LSBLM_LYBM,LSBLM_GLTJ,LSBLM_LMWZ,LSBLM_LMSM,LSBLM_LMLX,LSBLM_LMCD,LSBLM_XSCD,LSBLM_DYXZ,LSBLM_SFXS,LSBLM_YHMC,LSBLM_DXLB,LSBLM_SORT,LSBLM_CODE,LSBLM_GLLM,LSBLM_GLBM,LSBLM_GLGX,LSBLM_DYWZ,LSBLM_SFBB) values ('005','YXJJBC','@YXJJBC_DJBH@','YXJJBC_DJBH','YXJJBC','','0','单据编号','C',36,15,'1','1','单据编号','','','',' ',' ',' ','0','1')
go
insert into LSBLM (LSBLM_XH,LSBLM_LJBM,LSBLM_DYLM,LSBLM_SJLM,LSBLM_LYBM,LSBLM_GLTJ,LSBLM_LMWZ,LSBLM_LMSM,LSBLM_LMLX,LSBLM_LMCD,LSBLM_XSCD,LSBLM_DYXZ,LSBLM_SFXS,LSBLM_YHMC,LSBLM_DXLB,LSBLM_SORT,LSBLM_CODE,LSBLM_GLLM,LSBLM_GLBM,LSBLM_GLGX,LSBLM_DYWZ,LSBLM_SFBB) values ('006','YXJJBC','@YXJJBC_BMBH@','YXJJBC_BMBH','YXJJBC','','0','区域','C',40,15,'1','1','区域','','','',' ',' ',' ','0','1')
go
insert into LSBLM (LSBLM_XH,LSBLM_LJBM,LSBLM_DYLM,LSBLM_SJLM,LSBLM_LYBM,LSBLM_GLTJ,LSBLM_LMWZ,LSBLM_LMSM,LSBLM_LMLX,LSBLM_LMCD,LSBLM_XSCD,LSBLM_DYXZ,LSBLM_SFXS,LSBLM_YHMC,LSBLM_DXLB,LSBLM_SORT,LSBLM_CODE,LSBLM_GLLM,LSBLM_GLBM,LSBLM_GLGX,LSBLM_DYWZ,LSBLM_SFBB) values ('007','YXJJBC','@YXJJBC_BMBH_MC@','YXBMZD_BMMC','YXJJBC,YXBMZD','YXJJBC_BMBH=YXBMZD_NM','0','区域名称','C',200,15,'1','1','区域名称','','','','YXJJBC_BMBH','YXBMZD','YXJJBC_BMBH=YXBMZD_NM and YXBMZD_SYBZ = ''1'' ','0','0')
go
insert into LSBLM (LSBLM_XH,LSBLM_LJBM,LSBLM_DYLM,LSBLM_SJLM,LSBLM_LYBM,LSBLM_GLTJ,LSBLM_LMWZ,LSBLM_LMSM,LSBLM_LMLX,LSBLM_LMCD,LSBLM_XSCD,LSBLM_DYXZ,LSBLM_SFXS,LSBLM_YHMC,LSBLM_DXLB,LSBLM_SORT,LSBLM_CODE,LSBLM_GLLM,LSBLM_GLBM,LSBLM_GLGX,LSBLM_DYWZ,LSBLM_SFBB) values ('008','YXJJBC','@YXJJBC_SYBBH@','YXJJBC_SYBBH','YXJJBC','','0','事业部','C',40,15,'1','1','事业部','','','',' ',' ',' ','0','1')
go
insert into LSBLM (LSBLM_XH,LSBLM_LJBM,LSBLM_DYLM,LSBLM_SJLM,LSBLM_LYBM,LSBLM_GLTJ,LSBLM_LMWZ,LSBLM_LMSM,LSBLM_LMLX,LSBLM_LMCD,LSBLM_XSCD,LSBLM_DYXZ,LSBLM_SFXS,LSBLM_YHMC,LSBLM_DXLB,LSBLM_SORT,LSBLM_CODE,LSBLM_GLLM,LSBLM_GLBM,LSBLM_GLGX,LSBLM_DYWZ,LSBLM_SFBB) values ('009','YXJJBC','@YXJJBC_SYBBH_MC@','YXSYB_SYBMC','YXJJBC,YXSYB','YXJJBC_SYBBH=YXSYB_NM','0','事业部名称','C',200,15,'1','1','事业部名称','','','','YXJJBC_SYBBH','YXSYB','YXJJBC_SYBBH=YXSYB_NM','0','0')
go
insert into LSBLM (LSBLM_XH,LSBLM_LJBM,LSBLM_DYLM,LSBLM_SJLM,LSBLM_LYBM,LSBLM_GLTJ,LSBLM_LMWZ,LSBLM_LMSM,LSBLM_LMLX,LSBLM_LMCD,LSBLM_XSCD,LSBLM_DYXZ,LSBLM_SFXS,LSBLM_YHMC,LSBLM_DXLB,LSBLM_SORT,LSBLM_CODE,LSBLM_GLLM,LSBLM_GLBM,LSBLM_GLGX,LSBLM_DYWZ,LSBLM_SFBB) values ('010','YXJJBC','@YXJJBC_PQBH@','YXJJBC_PQBH','YXJJBC','','0','大区','C',40,15,'1','1','大区','','','',' ',' ',' ','0','1')
go
insert into LSBLM (LSBLM_XH,LSBLM_LJBM,LSBLM_DYLM,LSBLM_SJLM,LSBLM_LYBM,LSBLM_GLTJ,LSBLM_LMWZ,LSBLM_LMSM,LSBLM_LMLX,LSBLM_LMCD,LSBLM_XSCD,LSBLM_DYXZ,LSBLM_SFXS,LSBLM_YHMC,LSBLM_DXLB,LSBLM_SORT,LSBLM_CODE,LSBLM_GLLM,LSBLM_GLBM,LSBLM_GLGX,LSBLM_DYWZ,LSBLM_SFBB) values ('011','YXJJBC','@YXJJBC_PQBH_MC@','YXPQZD_PQMC','YXJJBC,YXPQZD','YXJJBC_PQBH=YXPQZD_NM','0','大区名称','C',200,15,'1','1','大区名称','','','','YXJJBC_PQBH','YXPQZD','YXJJBC_PQBH=YXPQZD_NM','0','0')
go
insert into LSBLM (LSBLM_XH,LSBLM_LJBM,LSBLM_DYLM,LSBLM_SJLM,LSBLM_LYBM,LSBLM_GLTJ,LSBLM_LMWZ,LSBLM_LMSM,LSBLM_LMLX,LSBLM_LMCD,LSBLM_XSCD,LSBLM_DYXZ,LSBLM_SFXS,LSBLM_YHMC,LSBLM_DXLB,LSBLM_SORT,LSBLM_CODE,LSBLM_GLLM,LSBLM_GLBM,LSBLM_GLGX,LSBLM_DYWZ,LSBLM_SFBB) values ('012','YXJJBC','@YXJJBC_KHBH@','YXJJBC_KHBH','YXJJBC','','0','商业客户','C',40,15,'1','1','商业客户','','','',' ',' ',' ','0','1')
go
insert into LSBLM (LSBLM_XH,LSBLM_LJBM,LSBLM_DYLM,LSBLM_SJLM,LSBLM_LYBM,LSBLM_GLTJ,LSBLM_LMWZ,LSBLM_LMSM,LSBLM_LMLX,LSBLM_LMCD,LSBLM_XSCD,LSBLM_DYXZ,LSBLM_SFXS,LSBLM_YHMC,LSBLM_DXLB,LSBLM_SORT,LSBLM_CODE,LSBLM_GLLM,LSBLM_GLBM,LSBLM_GLGX,LSBLM_DYWZ,LSBLM_SFBB) values ('013','YXJJBC','@YXJJBC_KHBH_MC@','YXKHZD_KHMC','YXJJBC,YXKHZD','YXJJBC_KHBH=YXKHZD_NM','0','商业客户名称','C',200,15,'1','1','商业客户名称','','','','YXJJBC_KHBH','YXKHZD','YXJJBC_KHBH=YXKHZD_NM','0','0')
go
insert into LSBLM (LSBLM_XH,LSBLM_LJBM,LSBLM_DYLM,LSBLM_SJLM,LSBLM_LYBM,LSBLM_GLTJ,LSBLM_LMWZ,LSBLM_LMSM,LSBLM_LMLX,LSBLM_LMCD,LSBLM_XSCD,LSBLM_DYXZ,LSBLM_SFXS,LSBLM_YHMC,LSBLM_DXLB,LSBLM_SORT,LSBLM_CODE,LSBLM_GLLM,LSBLM_GLBM,LSBLM_GLGX,LSBLM_DYWZ,LSBLM_SFBB) values ('014','YXJJBC','@YXJJBC_SQR@','YXJJBC_SQR','YXJJBC','','0','申请人','C',40,15,'1','1','申请人','','','',' ',' ',' ','0','1')
go
insert into LSBLM (LSBLM_XH,LSBLM_LJBM,LSBLM_DYLM,LSBLM_SJLM,LSBLM_LYBM,LSBLM_GLTJ,LSBLM_LMWZ,LSBLM_LMSM,LSBLM_LMLX,LSBLM_LMCD,LSBLM_XSCD,LSBLM_DYXZ,LSBLM_SFXS,LSBLM_YHMC,LSBLM_DXLB,LSBLM_SORT,LSBLM_CODE,LSBLM_GLLM,LSBLM_GLBM,LSBLM_GLGX,LSBLM_DYWZ,LSBLM_SFBB) values ('015','YXJJBC','@YXJJBC_SQR_MC@','YXRYZD_RYXM','YXJJBC,YXRYZD','YXJJBC_SQR=YXRYZD_NM','0','申请人名称','C',200,15,'1','1','申请人名称','','','','YXJJBC_SQR','YXRYZD','YXJJBC_SQR=YXRYZD_NM','0','0')
go
insert into LSBLM (LSBLM_XH,LSBLM_LJBM,LSBLM_DYLM,LSBLM_SJLM,LSBLM_LYBM,LSBLM_GLTJ,LSBLM_LMWZ,LSBLM_LMSM,LSBLM_LMLX,LSBLM_LMCD,LSBLM_XSCD,LSBLM_DYXZ,LSBLM_SFXS,LSBLM_YHMC,LSBLM_DXLB,LSBLM_SORT,LSBLM_CODE,LSBLM_GLLM,LSBLM_GLBM,LSBLM_GLGX,LSBLM_DYWZ,LSBLM_SFBB) values ('016','YXJJBC','@YXJJBC_ZRFS@','YXJJBC_ZRFS','YXJJBC','','0','折让方式','C',200,15,'1','1','折让方式','','','1,票折;2,红冲',' ',' ',' ','0','1')
go
insert into LSBLM (LSBLM_XH,LSBLM_LJBM,LSBLM_DYLM,LSBLM_SJLM,LSBLM_LYBM,LSBLM_GLTJ,LSBLM_LMWZ,LSBLM_LMSM,LSBLM_LMLX,LSBLM_LMCD,LSBLM_XSCD,LSBLM_DYXZ,LSBLM_SFXS,LSBLM_YHMC,LSBLM_DXLB,LSBLM_SORT,LSBLM_CODE,LSBLM_GLLM,LSBLM_GLBM,LSBLM_GLGX,LSBLM_DYWZ,LSBLM_SFBB) values ('017','YXJJBC','@YXJJBC_SQJE@','YXJJBC_SQJE','YXJJBC','','0','申报金额','1',20,15,'1','1','申报金额','','','',' ',' ',' ','0','1')
go
insert into LSBLM (LSBLM_XH,LSBLM_LJBM,LSBLM_DYLM,LSBLM_SJLM,LSBLM_LYBM,LSBLM_GLTJ,LSBLM_LMWZ,LSBLM_LMSM,LSBLM_LMLX,LSBLM_LMCD,LSBLM_XSCD,LSBLM_DYXZ,LSBLM_SFXS,LSBLM_YHMC,LSBLM_DXLB,LSBLM_SORT,LSBLM_CODE,LSBLM_GLLM,LSBLM_GLBM,LSBLM_GLGX,LSBLM_DYWZ,LSBLM_SFBB) values ('018','YXJJBC','@YXJJBC_SHJE@','YXJJBC_SHJE','YXJJBC','','0','审核金额','1',20,15,'1','1','审核金额','','','',' ',' ',' ','0','1')
go
insert into LSBLM (LSBLM_XH,LSBLM_LJBM,LSBLM_DYLM,LSBLM_SJLM,LSBLM_LYBM,LSBLM_GLTJ,LSBLM_LMWZ,LSBLM_LMSM,LSBLM_LMLX,LSBLM_LMCD,LSBLM_XSCD,LSBLM_DYXZ,LSBLM_SFXS,LSBLM_YHMC,LSBLM_DXLB,LSBLM_SORT,LSBLM_CODE,LSBLM_GLLM,LSBLM_GLBM,LSBLM_GLGX,LSBLM_DYWZ,LSBLM_SFBB) values ('019','YXJJBC','@YXJJBC_BZ@','YXJJBC_BZ','YXJJBC','','0','特殊情况备注','C',100,15,'1','1','特殊情况备注','','','',' ',' ',' ','0','1')
go
insert into LSBLM (LSBLM_XH,LSBLM_LJBM,LSBLM_DYLM,LSBLM_SJLM,LSBLM_LYBM,LSBLM_GLTJ,LSBLM_LMWZ,LSBLM_LMSM,LSBLM_LMLX,LSBLM_LMCD,LSBLM_XSCD,LSBLM_DYXZ,LSBLM_SFXS,LSBLM_YHMC,LSBLM_DXLB,LSBLM_SORT,LSBLM_CODE,LSBLM_GLLM,LSBLM_GLBM,LSBLM_GLGX,LSBLM_DYWZ,LSBLM_SFBB) values ('020','YXJJBC','@YXJJBC_C1@','YXJJBC_C1','YXJJBC','','0','字符1','C',100,15,'1','1','字符1','','','',' ',' ',' ','0','1')
go
insert into LSBLM (LSBLM_XH,LSBLM_LJBM,LSBLM_DYLM,LSBLM_SJLM,LSBLM_LYBM,LSBLM_GLTJ,LSBLM_LMWZ,LSBLM_LMSM,LSBLM_LMLX,LSBLM_LMCD,LSBLM_XSCD,LSBLM_DYXZ,LSBLM_SFXS,LSBLM_YHMC,LSBLM_DXLB,LSBLM_SORT,LSBLM_CODE,LSBLM_GLLM,LSBLM_GLBM,LSBLM_GLGX,LSBLM_DYWZ,LSBLM_SFBB) values ('021','YXJJBC','@YXJJBC_C2@','YXJJBC_C2','YXJJBC','','0','字符2','C',100,15,'1','1','字符2','','','',' ',' ',' ','0','1')
go
insert into LSBLM (LSBLM_XH,LSBLM_LJBM,LSBLM_DYLM,LSBLM_SJLM,LSBLM_LYBM,LSBLM_GLTJ,LSBLM_LMWZ,LSBLM_LMSM,LSBLM_LMLX,LSBLM_LMCD,LSBLM_XSCD,LSBLM_DYXZ,LSBLM_SFXS,LSBLM_YHMC,LSBLM_DXLB,LSBLM_SORT,LSBLM_CODE,LSBLM_GLLM,LSBLM_GLBM,LSBLM_GLGX,LSBLM_DYWZ,LSBLM_SFBB) values ('022','YXJJBC','@YXJJBC_C3@','YXJJBC_C3','YXJJBC','','0','字符3','C',100,15,'1','1','字符3','','','',' ',' ',' ','0','1')
go
insert into LSBLM (LSBLM_XH,LSBLM_LJBM,LSBLM_DYLM,LSBLM_SJLM,LSBLM_LYBM,LSBLM_GLTJ,LSBLM_LMWZ,LSBLM_LMSM,LSBLM_LMLX,LSBLM_LMCD,LSBLM_XSCD,LSBLM_DYXZ,LSBLM_SFXS,LSBLM_YHMC,LSBLM_DXLB,LSBLM_SORT,LSBLM_CODE,LSBLM_GLLM,LSBLM_GLBM,LSBLM_GLGX,LSBLM_DYWZ,LSBLM_SFBB) values ('023','YXJJBC','@YXJJBC_C4@','YXJJBC_C4','YXJJBC','','0','字符4','C',100,15,'1','1','字符4','','','',' ',' ',' ','0','1')
go
insert into LSBLM (LSBLM_XH,LSBLM_LJBM,LSBLM_DYLM,LSBLM_SJLM,LSBLM_LYBM,LSBLM_GLTJ,LSBLM_LMWZ,LSBLM_LMSM,LSBLM_LMLX,LSBLM_LMCD,LSBLM_XSCD,LSBLM_DYXZ,LSBLM_SFXS,LSBLM_YHMC,LSBLM_DXLB,LSBLM_SORT,LSBLM_CODE,LSBLM_GLLM,LSBLM_GLBM,LSBLM_GLGX,LSBLM_DYWZ,LSBLM_SFBB) values ('024','YXJJBC','@YXJJBC_C5@','YXJJBC_C5','YXJJBC','','0','字符5','C',100,15,'1','1','字符5','','','',' ',' ',' ','0','1')
go
insert into LSBLM (LSBLM_XH,LSBLM_LJBM,LSBLM_DYLM,LSBLM_SJLM,LSBLM_LYBM,LSBLM_GLTJ,LSBLM_LMWZ,LSBLM_LMSM,LSBLM_LMLX,LSBLM_LMCD,LSBLM_XSCD,LSBLM_DYXZ,LSBLM_SFXS,LSBLM_YHMC,LSBLM_DXLB,LSBLM_SORT,LSBLM_CODE,LSBLM_GLLM,LSBLM_GLBM,LSBLM_GLGX,LSBLM_DYWZ,LSBLM_SFBB) values ('025','YXJJBC','@YXJJBC_U1@','YXJJBC_U1','YXJJBC','','0','数值1','1',20,15,'1','1','数值1','','','',' ',' ',' ','0','1')
go
insert into LSBLM (LSBLM_XH,LSBLM_LJBM,LSBLM_DYLM,LSBLM_SJLM,LSBLM_LYBM,LSBLM_GLTJ,LSBLM_LMWZ,LSBLM_LMSM,LSBLM_LMLX,LSBLM_LMCD,LSBLM_XSCD,LSBLM_DYXZ,LSBLM_SFXS,LSBLM_YHMC,LSBLM_DXLB,LSBLM_SORT,LSBLM_CODE,LSBLM_GLLM,LSBLM_GLBM,LSBLM_GLGX,LSBLM_DYWZ,LSBLM_SFBB) values ('026','YXJJBC','@YXJJBC_U2@','YXJJBC_U2','YXJJBC','','0','数值2','1',20,15,'1','1','数值2','','','',' ',' ',' ','0','1')
go
insert into LSBLM (LSBLM_XH,LSBLM_LJBM,LSBLM_DYLM,LSBLM_SJLM,LSBLM_LYBM,LSBLM_GLTJ,LSBLM_LMWZ,LSBLM_LMSM,LSBLM_LMLX,LSBLM_LMCD,LSBLM_XSCD,LSBLM_DYXZ,LSBLM_SFXS,LSBLM_YHMC,LSBLM_DXLB,LSBLM_SORT,LSBLM_CODE,LSBLM_GLLM,LSBLM_GLBM,LSBLM_GLGX,LSBLM_DYWZ,LSBLM_SFBB) values ('027','YXJJBC','@YXJJBC_U3@','YXJJBC_U3','YXJJBC','','0','数值3','1',20,15,'1','1','数值3','','','',' ',' ',' ','0','1')
go
insert into LSBLM (LSBLM_XH,LSBLM_LJBM,LSBLM_DYLM,LSBLM_SJLM,LSBLM_LYBM,LSBLM_GLTJ,LSBLM_LMWZ,LSBLM_LMSM,LSBLM_LMLX,LSBLM_LMCD,LSBLM_XSCD,LSBLM_DYXZ,LSBLM_SFXS,LSBLM_YHMC,LSBLM_DXLB,LSBLM_SORT,LSBLM_CODE,LSBLM_GLLM,LSBLM_GLBM,LSBLM_GLGX,LSBLM_DYWZ,LSBLM_SFBB) values ('028','YXJJBC','@YXJJBC_ZDR@','YXJJBC_ZDR','YXJJBC','','0','制单人','C',20,15,'1','1','制单人','','','',' ',' ',' ','0','1')
go
insert into LSBLM (LSBLM_XH,LSBLM_LJBM,LSBLM_DYLM,LSBLM_SJLM,LSBLM_LYBM,LSBLM_GLTJ,LSBLM_LMWZ,LSBLM_LMSM,LSBLM_LMLX,LSBLM_LMCD,LSBLM_XSCD,LSBLM_DYXZ,LSBLM_SFXS,LSBLM_YHMC,LSBLM_DXLB,LSBLM_SORT,LSBLM_CODE,LSBLM_GLLM,LSBLM_GLBM,LSBLM_GLGX,LSBLM_DYWZ,LSBLM_SFBB) values ('029','YXJJBC','@YXJJBC_ZDRID@','YXJJBC_ZDRID','YXJJBC','','0','制单人ID','C',40,0,'1','1','制单人ID','','','',' ',' ',' ','0','1')
go
insert into LSBLM (LSBLM_XH,LSBLM_LJBM,LSBLM_DYLM,LSBLM_SJLM,LSBLM_LYBM,LSBLM_GLTJ,LSBLM_LMWZ,LSBLM_LMSM,LSBLM_LMLX,LSBLM_LMCD,LSBLM_XSCD,LSBLM_DYXZ,LSBLM_SFXS,LSBLM_YHMC,LSBLM_DXLB,LSBLM_SORT,LSBLM_CODE,LSBLM_GLLM,LSBLM_GLBM,LSBLM_GLGX,LSBLM_DYWZ,LSBLM_SFBB) values ('030','YXJJBC','@YXJJBC_SHRQ@','YXJJBC_SHRQ','YXJJBC','','0','审核日期','D',200,15,'1','1','审核日期','','','',' ',' ',' ','0','1')
go
insert into LSBLM (LSBLM_XH,LSBLM_LJBM,LSBLM_DYLM,LSBLM_SJLM,LSBLM_LYBM,LSBLM_GLTJ,LSBLM_LMWZ,LSBLM_LMSM,LSBLM_LMLX,LSBLM_LMCD,LSBLM_XSCD,LSBLM_DYXZ,LSBLM_SFXS,LSBLM_YHMC,LSBLM_DXLB,LSBLM_SORT,LSBLM_CODE,LSBLM_GLLM,LSBLM_GLBM,LSBLM_GLGX,LSBLM_DYWZ,LSBLM_SFBB) values ('031','YXJJBC','@YXJJBC_SHBZ@','YXJJBC_SHBZ','YXJJBC','','0','审核标志','C',200,15,'1','1','审核标志','','','1,审批通过;0,未提交;2,审批否决;3,正在审批;4,免审',' ',' ',' ','0','1')
go
insert into LSBLM (LSBLM_XH,LSBLM_LJBM,LSBLM_DYLM,LSBLM_SJLM,LSBLM_LYBM,LSBLM_GLTJ,LSBLM_LMWZ,LSBLM_LMSM,LSBLM_LMLX,LSBLM_LMCD,LSBLM_XSCD,LSBLM_DYXZ,LSBLM_SFXS,LSBLM_YHMC,LSBLM_DXLB,LSBLM_SORT,LSBLM_CODE,LSBLM_GLLM,LSBLM_GLBM,LSBLM_GLGX,LSBLM_DYWZ,LSBLM_SFBB) values ('032','YXJJBC','@YXJJBC_SPDX@','YXJJBC_SPDX','YXJJBC','','0','审批对象','C',40,0,'1','1','审批对象','','','',' ',' ',' ','0','1')
go
insert into LSBLM (LSBLM_XH,LSBLM_LJBM,LSBLM_DYLM,LSBLM_SJLM,LSBLM_LYBM,LSBLM_GLTJ,LSBLM_LMWZ,LSBLM_LMSM,LSBLM_LMLX,LSBLM_LMCD,LSBLM_XSCD,LSBLM_DYXZ,LSBLM_SFXS,LSBLM_YHMC,LSBLM_DXLB,LSBLM_SORT,LSBLM_CODE,LSBLM_GLLM,LSBLM_GLBM,LSBLM_GLGX,LSBLM_DYWZ,LSBLM_SFBB) values ('033','YXJJBC','@YXJJBC_SHR@','YXJJBC_SHR','YXJJBC','','0','审核人','C',200,15,'1','1','审核人','','','',' ',' ',' ','0','1')
go
insert into LSBLM (LSBLM_XH,LSBLM_LJBM,LSBLM_DYLM,LSBLM_SJLM,LSBLM_LYBM,LSBLM_GLTJ,LSBLM_LMWZ,LSBLM_LMSM,LSBLM_LMLX,LSBLM_LMCD,LSBLM_XSCD,LSBLM_DYXZ,LSBLM_SFXS,LSBLM_YHMC,LSBLM_DXLB,LSBLM_SORT,LSBLM_CODE,LSBLM_GLLM,LSBLM_GLBM,LSBLM_GLGX,LSBLM_DYWZ,LSBLM_SFBB) values ('034','YXJJBC','@YXJJBC_SHLC@','YXJJBC_SHLC','YXJJBC','','0','审核流程','C',4,15,'1','1','审核流程','','','',' ',' ',' ','0','1')
go
insert into LSBLM (LSBLM_XH,LSBLM_LJBM,LSBLM_DYLM,LSBLM_SJLM,LSBLM_LYBM,LSBLM_GLTJ,LSBLM_LMWZ,LSBLM_LMSM,LSBLM_LMLX,LSBLM_LMCD,LSBLM_XSCD,LSBLM_DYXZ,LSBLM_SFXS,LSBLM_YHMC,LSBLM_DXLB,LSBLM_SORT,LSBLM_CODE,LSBLM_GLLM,LSBLM_GLBM,LSBLM_GLGX,LSBLM_DYWZ,LSBLM_SFBB) values ('035','YXJJBC','@YXJJBC_ZDRQ@','YXJJBC_ZDRQ','YXJJBC','','0','制单日期','D',8,15,'1','1','制单日期','','','',' ',' ',' ','0','1')
go
insert into LSBLM (LSBLM_XH,LSBLM_LJBM,LSBLM_DYLM,LSBLM_SJLM,LSBLM_LYBM,LSBLM_GLTJ,LSBLM_LMWZ,LSBLM_LMSM,LSBLM_LMLX,LSBLM_LMCD,LSBLM_XSCD,LSBLM_DYXZ,LSBLM_SFXS,LSBLM_YHMC,LSBLM_DXLB,LSBLM_SORT,LSBLM_CODE,LSBLM_GLLM,LSBLM_GLBM,LSBLM_GLGX,LSBLM_DYWZ,LSBLM_SFBB) values ('036','YXJJBC','@YXJJBCHZ_FLBH@','YXJJBCHZ_FLBH','YXJJBC,YXJJBCHZ','YXJJBC_LSBH=YXJJBCHZ_LSBH','1','分录编号','C',40,0,'1','1','分录编号','','','',' ',' ',' ','1','1')
go
insert into LSBLM (LSBLM_XH,LSBLM_LJBM,LSBLM_DYLM,LSBLM_SJLM,LSBLM_LYBM,LSBLM_GLTJ,LSBLM_LMWZ,LSBLM_LMSM,LSBLM_LMLX,LSBLM_LMCD,LSBLM_XSCD,LSBLM_DYXZ,LSBLM_SFXS,LSBLM_YHMC,LSBLM_DXLB,LSBLM_SORT,LSBLM_CODE,LSBLM_GLLM,LSBLM_GLBM,LSBLM_GLGX,LSBLM_DYWZ,LSBLM_SFBB) values ('037','YXJJBC','@YXJJBCHZ_LSBH@','YXJJBCHZ_LSBH','YXJJBC,YXJJBCHZ','YXJJBC_LSBH=YXJJBCHZ_LSBH','1','流水编号','C',40,0,'1','1','流水编号','','','',' ',' ',' ','1','1')
go
insert into LSBLM (LSBLM_XH,LSBLM_LJBM,LSBLM_DYLM,LSBLM_SJLM,LSBLM_LYBM,LSBLM_GLTJ,LSBLM_LMWZ,LSBLM_LMSM,LSBLM_LMLX,LSBLM_LMCD,LSBLM_XSCD,LSBLM_DYXZ,LSBLM_SFXS,LSBLM_YHMC,LSBLM_DXLB,LSBLM_SORT,LSBLM_CODE,LSBLM_GLLM,LSBLM_GLBM,LSBLM_GLGX,LSBLM_DYWZ,LSBLM_SFBB) values ('038','YXJJBC','@YXJJBCHZ_GSID@','YXJJBCHZ_GSID','YXJJBC,YXJJBCHZ','YXJJBC_LSBH=YXJJBCHZ_LSBH','1','销售公司','C',40,10,'1','1','销售公司','','','',' ',' ',' ','1','1')
go
insert into LSBLM (LSBLM_XH,LSBLM_LJBM,LSBLM_DYLM,LSBLM_SJLM,LSBLM_LYBM,LSBLM_GLTJ,LSBLM_LMWZ,LSBLM_LMSM,LSBLM_LMLX,LSBLM_LMCD,LSBLM_XSCD,LSBLM_DYXZ,LSBLM_SFXS,LSBLM_YHMC,LSBLM_DXLB,LSBLM_SORT,LSBLM_CODE,LSBLM_GLLM,LSBLM_GLBM,LSBLM_GLGX,LSBLM_DYWZ,LSBLM_SFBB) values ('039','YXJJBC','@YXJJBCHZ_GSID_MC@','LSBZDW_DWMC','YXJJBC,YXJJBCHZ,LSBZDW', 'YXJJBC_LSBH=YXJJBCHZ_LSBH and YXJJBCHZ_GSID=LSBZDW_DWBH','1','销售公司名称','C',200,15,'1','1','销售公司名称','','','','YXJJBCHZ_GSID','LSBZDW','YXJJBCHZ_GSID=LSBZDW_DWBH','1','0')
go
insert into LSBLM (LSBLM_XH,LSBLM_LJBM,LSBLM_DYLM,LSBLM_SJLM,LSBLM_LYBM,LSBLM_GLTJ,LSBLM_LMWZ,LSBLM_LMSM,LSBLM_LMLX,LSBLM_LMCD,LSBLM_XSCD,LSBLM_DYXZ,LSBLM_SFXS,LSBLM_YHMC,LSBLM_DXLB,LSBLM_SORT,LSBLM_CODE,LSBLM_GLLM,LSBLM_GLBM,LSBLM_GLGX,LSBLM_DYWZ,LSBLM_SFBB) values ('040','YXJJBC','@YXJJBCHZ_QDLX@','YXJJBCHZ_QDLX','YXJJBC,YXJJBCHZ','YXJJBC_LSBH=YXJJBCHZ_LSBH','1','渠道类型','C',40,10,'1','1','渠道类型','','','',' ',' ',' ','1','1')
go
insert into LSBLM (LSBLM_XH,LSBLM_LJBM,LSBLM_DYLM,LSBLM_SJLM,LSBLM_LYBM,LSBLM_GLTJ,LSBLM_LMWZ,LSBLM_LMSM,LSBLM_LMLX,LSBLM_LMCD,LSBLM_XSCD,LSBLM_DYXZ,LSBLM_SFXS,LSBLM_YHMC,LSBLM_DXLB,LSBLM_SORT,LSBLM_CODE,LSBLM_GLLM,LSBLM_GLBM,LSBLM_GLGX,LSBLM_DYWZ,LSBLM_SFBB) values ('041','YXJJBC','@YXJJBCHZ_QDLX_MC@','YXDDYWLX_MC','YXJJBC,YXJJBCHZ,YXDDYWLX', 'YXJJBC_LSBH=YXJJBCHZ_LSBH and YXJJBCHZ_QDLX=YXDDYWLX_NM','1','渠道类型名称','C',200,15,'1','1','渠道类型名称','','','','YXJJBCHZ_QDLX','YXDDYWLX','YXJJBCHZ_QDLX=YXDDYWLX_NM','1','0')
go
insert into LSBLM (LSBLM_XH,LSBLM_LJBM,LSBLM_DYLM,LSBLM_SJLM,LSBLM_LYBM,LSBLM_GLTJ,LSBLM_LMWZ,LSBLM_LMSM,LSBLM_LMLX,LSBLM_LMCD,LSBLM_XSCD,LSBLM_DYXZ,LSBLM_SFXS,LSBLM_YHMC,LSBLM_DXLB,LSBLM_SORT,LSBLM_CODE,LSBLM_GLLM,LSBLM_GLBM,LSBLM_GLGX,LSBLM_DYWZ,LSBLM_SFBB) values ('042','YXJJBC','@YXJJBCHZ_BMBH@','YXJJBCHZ_BMBH','YXJJBC,YXJJBCHZ','YXJJBC_LSBH=YXJJBCHZ_LSBH','1','区域','C',40,10,'1','1','区域','','','',' ',' ',' ','1','1')
go
insert into LSBLM (LSBLM_XH,LSBLM_LJBM,LSBLM_DYLM,LSBLM_SJLM,LSBLM_LYBM,LSBLM_GLTJ,LSBLM_LMWZ,LSBLM_LMSM,LSBLM_LMLX,LSBLM_LMCD,LSBLM_XSCD,LSBLM_DYXZ,LSBLM_SFXS,LSBLM_YHMC,LSBLM_DXLB,LSBLM_SORT,LSBLM_CODE,LSBLM_GLLM,LSBLM_GLBM,LSBLM_GLGX,LSBLM_DYWZ,LSBLM_SFBB) values ('043','YXJJBC','@YXJJBCHZ_BMBH_MC@','YXBMZD_BMMC','YXJJBC,YXJJBCHZ,YXBMZD', 'YXJJBC_LSBH=YXJJBCHZ_LSBH and YXJJBCHZ_BMBH=YXBMZD_NM','1','区域名称','C',200,15,'1','1','区域名称','','','','YXJJBCHZ_BMBH','YXBMZD','YXJJBCHZ_BMBH=YXBMZD_NM','1','0')
go
insert into LSBLM (LSBLM_XH,LSBLM_LJBM,LSBLM_DYLM,LSBLM_SJLM,LSBLM_LYBM,LSBLM_GLTJ,LSBLM_LMWZ,LSBLM_LMSM,LSBLM_LMLX,LSBLM_LMCD,LSBLM_XSCD,LSBLM_DYXZ,LSBLM_SFXS,LSBLM_YHMC,LSBLM_DXLB,LSBLM_SORT,LSBLM_CODE,LSBLM_GLLM,LSBLM_GLBM,LSBLM_GLGX,LSBLM_DYWZ,LSBLM_SFBB) values ('044','YXJJBC','@YXJJBCHZ_JE@','YXJJBCHZ_JE','YXJJBC,YXJJBCHZ','YXJJBC_LSBH=YXJJBCHZ_LSBH','1','金额','1',20,10,'1','1','金额','','','',' ',' ',' ','1','1')
go
insert into LSBLM (LSBLM_XH,LSBLM_LJBM,LSBLM_DYLM,LSBLM_SJLM,LSBLM_LYBM,LSBLM_GLTJ,LSBLM_LMWZ,LSBLM_LMSM,LSBLM_LMLX,LSBLM_LMCD,LSBLM_XSCD,LSBLM_DYXZ,LSBLM_SFXS,LSBLM_YHMC,LSBLM_DXLB,LSBLM_SORT,LSBLM_CODE,LSBLM_GLLM,LSBLM_GLBM,LSBLM_GLGX,LSBLM_DYWZ,LSBLM_SFBB) values ('045','YXJJBC','@YXJJBCHZ_FPSL@','YXJJBCHZ_FPSL','YXJJBC,YXJJBCHZ','YXJJBC_LSBH=YXJJBCHZ_LSBH','1','发票税率','1',20,10,'1','1','发票税率','','','',' ',' ',' ','1','1')
go
insert into LSBLM (LSBLM_XH,LSBLM_LJBM,LSBLM_DYLM,LSBLM_SJLM,LSBLM_LYBM,LSBLM_GLTJ,LSBLM_LMWZ,LSBLM_LMSM,LSBLM_LMLX,LSBLM_LMCD,LSBLM_XSCD,LSBLM_DYXZ,LSBLM_SFXS,LSBLM_YHMC,LSBLM_DXLB,LSBLM_SORT,LSBLM_CODE,LSBLM_GLLM,LSBLM_GLBM,LSBLM_GLGX,LSBLM_DYWZ,LSBLM_SFBB) values ('046','YXJJBC','@YXJJBCHZ_KCLX@','YXJJBCHZ_KCLX','YXJJBC,YXJJBCHZ','YXJJBC_LSBH=YXJJBCHZ_LSBH','1','库存类型','C',200,10,'1','1','库存类型','','','1,商业库存;2,医院库存',' ',' ',' ','1','1')
go
insert into LSBLM (LSBLM_XH,LSBLM_LJBM,LSBLM_DYLM,LSBLM_SJLM,LSBLM_LYBM,LSBLM_GLTJ,LSBLM_LMWZ,LSBLM_LMSM,LSBLM_LMLX,LSBLM_LMCD,LSBLM_XSCD,LSBLM_DYXZ,LSBLM_SFXS,LSBLM_YHMC,LSBLM_DXLB,LSBLM_SORT,LSBLM_CODE,LSBLM_GLLM,LSBLM_GLBM,LSBLM_GLGX,LSBLM_DYWZ,LSBLM_SFBB) values ('047','YXJJBC','@YXJJBCHZ_SYB@','YXJJBCHZ_SYB','YXJJBC,YXJJBCHZ','YXJJBC_LSBH=YXJJBCHZ_LSBH','1','事业部','C',40,10,'1','1','事业部','','','',' ',' ',' ','1','1')
go
insert into LSBLM (LSBLM_XH,LSBLM_LJBM,LSBLM_DYLM,LSBLM_SJLM,LSBLM_LYBM,LSBLM_GLTJ,LSBLM_LMWZ,LSBLM_LMSM,LSBLM_LMLX,LSBLM_LMCD,LSBLM_XSCD,LSBLM_DYXZ,LSBLM_SFXS,LSBLM_YHMC,LSBLM_DXLB,LSBLM_SORT,LSBLM_CODE,LSBLM_GLLM,LSBLM_GLBM,LSBLM_GLGX,LSBLM_DYWZ,LSBLM_SFBB) values ('048','YXJJBC','@YXJJBCHZ_SYB_MC@','YXSYB_SYBMC','YXJJBC,YXJJBCHZ,YXSYB', 'YXJJBC_LSBH=YXJJBCHZ_LSBH and YXJJBCHZ_SYB=YXSYB_NM','1','事业部名称','C',200,15,'1','1','事业部名称','','','','YXJJBCHZ_SYB','YXSYB','YXJJBCHZ_SYB=YXSYB_NM','1','0')
go
insert into LSBLM (LSBLM_XH,LSBLM_LJBM,LSBLM_DYLM,LSBLM_SJLM,LSBLM_LYBM,LSBLM_GLTJ,LSBLM_LMWZ,LSBLM_LMSM,LSBLM_LMLX,LSBLM_LMCD,LSBLM_XSCD,LSBLM_DYXZ,LSBLM_SFXS,LSBLM_YHMC,LSBLM_DXLB,LSBLM_SORT,LSBLM_CODE,LSBLM_GLLM,LSBLM_GLBM,LSBLM_GLGX,LSBLM_DYWZ,LSBLM_SFBB) values ('049','YXJJBC','@YXJJBCHZ_BZ@','YXJJBCHZ_BZ','YXJJBC,YXJJBCHZ','YXJJBC_LSBH=YXJJBCHZ_LSBH','1','备注','C',100,20,'1','1','备注','','','',' ',' ',' ','1','1')
go
insert into LSBLM (LSBLM_XH,LSBLM_LJBM,LSBLM_DYLM,LSBLM_SJLM,LSBLM_LYBM,LSBLM_GLTJ,LSBLM_LMWZ,LSBLM_LMSM,LSBLM_LMLX,LSBLM_LMCD,LSBLM_XSCD,LSBLM_DYXZ,LSBLM_SFXS,LSBLM_YHMC,LSBLM_DXLB,LSBLM_SORT,LSBLM_CODE,LSBLM_GLLM,LSBLM_GLBM,LSBLM_GLGX,LSBLM_DYWZ,LSBLM_SFBB) values ('050','YXJJBC','@YXJJBCMX_FLBH@','YXJJBCMX_FLBH','YXJJBC,YXJJBCMX','YXJJBC_LSBH=YXJJBCMX_LSBH','2','分录编号','C',200,0,'1','1','分录编号','','',' ','YXJJBCHZ_LSBH','YXJJBCMX', 'YXJJBCHZ_FLBH=YXJJBCMX_FLBH','2','1')
go
insert into LSBLM (LSBLM_XH,LSBLM_LJBM,LSBLM_DYLM,LSBLM_SJLM,LSBLM_LYBM,LSBLM_GLTJ,LSBLM_LMWZ,LSBLM_LMSM,LSBLM_LMLX,LSBLM_LMCD,LSBLM_XSCD,LSBLM_DYXZ,LSBLM_SFXS,LSBLM_YHMC,LSBLM_DXLB,LSBLM_SORT,LSBLM_CODE,LSBLM_GLLM,LSBLM_GLBM,LSBLM_GLGX,LSBLM_DYWZ,LSBLM_SFBB) values ('051','YXJJBC','@YXJJBCMX_LSBH@','YXJJBCMX_LSBH','YXJJBC,YXJJBCMX','YXJJBC_LSBH=YXJJBCMX_LSBH','2','流水编号','C',40,0,'1','1','流水编号','','','','YXJJBCHZ_LSBH','YXJJBCMX', 'YXJJBCHZ_FLBH=YXJJBCMX_FLBH','2','1')
go
insert into LSBLM (LSBLM_XH,LSBLM_LJBM,LSBLM_DYLM,LSBLM_SJLM,LSBLM_LYBM,LSBLM_GLTJ,LSBLM_LMWZ,LSBLM_LMSM,LSBLM_LMLX,LSBLM_LMCD,LSBLM_XSCD,LSBLM_DYXZ,LSBLM_SFXS,LSBLM_YHMC,LSBLM_DXLB,LSBLM_SORT,LSBLM_CODE,LSBLM_GLLM,LSBLM_GLBM,LSBLM_GLGX,LSBLM_DYWZ,LSBLM_SFBB) values ('052','YXJJBC','@YXJJBCMX_GSID@','YXJJBCMX_GSID','YXJJBC,YXJJBCMX','YXJJBC_LSBH=YXJJBCMX_LSBH','2','销售公司','C',40,10,'1','1','销售公司','','','','YXJJBCHZ_LSBH','YXJJBCMX', 'YXJJBCHZ_FLBH=YXJJBCMX_FLBH','2','1')
go
insert into LSBLM (LSBLM_XH,LSBLM_LJBM,LSBLM_DYLM,LSBLM_SJLM,LSBLM_LYBM,LSBLM_GLTJ,LSBLM_LMWZ,LSBLM_LMSM,LSBLM_LMLX,LSBLM_LMCD,LSBLM_XSCD,LSBLM_DYXZ,LSBLM_SFXS,LSBLM_YHMC,LSBLM_DXLB,LSBLM_SORT,LSBLM_CODE,LSBLM_GLLM,LSBLM_GLBM,LSBLM_GLGX,LSBLM_DYWZ,LSBLM_SFBB) values ('053','YXJJBC','@YXJJBCMX_GSID_MC@','LSBZDW_DWMC','YXJJBC,YXJJBCMX,LSBZDW','YXJJBC_LSBH=YXJJBCMX_LSBH and YXJJBCMX_GSID=LSBZDW_DWBH','2','销售公司名称','C',200,15,'1','1','销售公司名称','','','','YXJJBCMX_GSID','LSBZDW','YXJJBCMX_GSID=LSBZDW_DWBH','2','0')
go
insert into LSBLM (LSBLM_XH,LSBLM_LJBM,LSBLM_DYLM,LSBLM_SJLM,LSBLM_LYBM,LSBLM_GLTJ,LSBLM_LMWZ,LSBLM_LMSM,LSBLM_LMLX,LSBLM_LMCD,LSBLM_XSCD,LSBLM_DYXZ,LSBLM_SFXS,LSBLM_YHMC,LSBLM_DXLB,LSBLM_SORT,LSBLM_CODE,LSBLM_GLLM,LSBLM_GLBM,LSBLM_GLGX,LSBLM_DYWZ,LSBLM_SFBB) values ('054','YXJJBC','@YXJJBCMX_GUID@','YXJJBCMX_GUID','YXJJBC,YXJJBCMX','YXJJBC_LSBH=YXJJBCMX_LSBH','2','唯一标识','C',40,0,'1','1','唯一标识','','','','YXJJBCHZ_LSBH','YXJJBCMX', 'YXJJBCHZ_FLBH=YXJJBCMX_FLBH','2','1')
go
insert into LSBLM (LSBLM_XH,LSBLM_LJBM,LSBLM_DYLM,LSBLM_SJLM,LSBLM_LYBM,LSBLM_GLTJ,LSBLM_LMWZ,LSBLM_LMSM,LSBLM_LMLX,LSBLM_LMCD,LSBLM_XSCD,LSBLM_DYXZ,LSBLM_SFXS,LSBLM_YHMC,LSBLM_DXLB,LSBLM_SORT,LSBLM_CODE,LSBLM_GLLM,LSBLM_GLBM,LSBLM_GLGX,LSBLM_DYWZ,LSBLM_SFBB) values ('055','YXJJBC','@YXJJBCMX_QDLX@','YXJJBCMX_QDLX','YXJJBC,YXJJBCMX','YXJJBC_LSBH=YXJJBCMX_LSBH','2','渠道类型','C',40,10,'1','1','渠道类型','','','','YXJJBCHZ_LSBH','YXJJBCMX', 'YXJJBCHZ_FLBH=YXJJBCMX_FLBH','2','1')
go
insert into LSBLM (LSBLM_XH,LSBLM_LJBM,LSBLM_DYLM,LSBLM_SJLM,LSBLM_LYBM,LSBLM_GLTJ,LSBLM_LMWZ,LSBLM_LMSM,LSBLM_LMLX,LSBLM_LMCD,LSBLM_XSCD,LSBLM_DYXZ,LSBLM_SFXS,LSBLM_YHMC,LSBLM_DXLB,LSBLM_SORT,LSBLM_CODE,LSBLM_GLLM,LSBLM_GLBM,LSBLM_GLGX,LSBLM_DYWZ,LSBLM_SFBB) values ('056','YXJJBC','@YXJJBCMX_QDLX_MC@','YXDDYWLX_MC','YXJJBC,YXJJBCMX,YXDDYWLX','YXJJBC_LSBH=YXJJBCMX_LSBH and YXJJBCMX_QDLX=YXDDYWLX_NM','2','渠道类型名称','C',200,15,'1','1','渠道类型名称','','','','YXJJBCMX_QDLX','YXDDYWLX','YXJJBCMX_QDLX=YXDDYWLX_NM','2','0')
go
insert into LSBLM (LSBLM_XH,LSBLM_LJBM,LSBLM_DYLM,LSBLM_SJLM,LSBLM_LYBM,LSBLM_GLTJ,LSBLM_LMWZ,LSBLM_LMSM,LSBLM_LMLX,LSBLM_LMCD,LSBLM_XSCD,LSBLM_DYXZ,LSBLM_SFXS,LSBLM_YHMC,LSBLM_DXLB,LSBLM_SORT,LSBLM_CODE,LSBLM_GLLM,LSBLM_GLBM,LSBLM_GLGX,LSBLM_DYWZ,LSBLM_SFBB) values ('057','YXJJBC','@YXJJBCMX_BMBH@','YXJJBCMX_BMBH','YXJJBC,YXJJBCMX','YXJJBC_LSBH=YXJJBCMX_LSBH','2','区域','C',40,10,'1','1','区域','','','','YXJJBCHZ_LSBH','YXJJBCMX', 'YXJJBCHZ_FLBH=YXJJBCMX_FLBH','2','1')
go
insert into LSBLM (LSBLM_XH,LSBLM_LJBM,LSBLM_DYLM,LSBLM_SJLM,LSBLM_LYBM,LSBLM_GLTJ,LSBLM_LMWZ,LSBLM_LMSM,LSBLM_LMLX,LSBLM_LMCD,LSBLM_XSCD,LSBLM_DYXZ,LSBLM_SFXS,LSBLM_YHMC,LSBLM_DXLB,LSBLM_SORT,LSBLM_CODE,LSBLM_GLLM,LSBLM_GLBM,LSBLM_GLGX,LSBLM_DYWZ,LSBLM_SFBB) values ('058','YXJJBC','@YXJJBCMX_BMBH_MC@','YXBMZD_BMMC','YXJJBC,YXJJBCMX,YXBMZD','YXJJBC_LSBH=YXJJBCMX_LSBH and YXJJBCMX_BMBH=YXBMZD_NM','2','区域名称','C',200,15,'1','1','区域名称','','','','YXJJBCMX_BMBH','YXBMZD','YXJJBCMX_BMBH=YXBMZD_NM','2','0')
go
insert into LSBLM (LSBLM_XH,LSBLM_LJBM,LSBLM_DYLM,LSBLM_SJLM,LSBLM_LYBM,LSBLM_GLTJ,LSBLM_LMWZ,LSBLM_LMSM,LSBLM_LMLX,LSBLM_LMCD,LSBLM_XSCD,LSBLM_DYXZ,LSBLM_SFXS,LSBLM_YHMC,LSBLM_DXLB,LSBLM_SORT,LSBLM_CODE,LSBLM_GLLM,LSBLM_GLBM,LSBLM_GLGX,LSBLM_DYWZ,LSBLM_SFBB) values ('059','YXJJBC','@YXJJBCMX_CRMDDRQ@','YXJJBCMX_CRMDDRQ','YXJJBC,YXJJBCMX','YXJJBC_LSBH=YXJJBCMX_LSBH','2','CRM订单日期','C',8,10,'1','1','CRM订单日期','','','','YXJJBCHZ_LSBH','YXJJBCMX', 'YXJJBCHZ_FLBH=YXJJBCMX_FLBH','2','1')
go
insert into LSBLM (LSBLM_XH,LSBLM_LJBM,LSBLM_DYLM,LSBLM_SJLM,LSBLM_LYBM,LSBLM_GLTJ,LSBLM_LMWZ,LSBLM_LMSM,LSBLM_LMLX,LSBLM_LMCD,LSBLM_XSCD,LSBLM_DYXZ,LSBLM_SFXS,LSBLM_YHMC,LSBLM_DXLB,LSBLM_SORT,LSBLM_CODE,LSBLM_GLLM,LSBLM_GLBM,LSBLM_GLGX,LSBLM_DYWZ,LSBLM_SFBB) values ('060','YXJJBC','@YXJJBCMX_SAPTDH@','YXJJBCMX_SAPTDH','YXJJBC,YXJJBCMX','YXJJBC_LSBH=YXJJBCMX_LSBH','2','SAP提单号','C',40,10,'1','1','SAP提单号','','','','YXJJBCHZ_LSBH','YXJJBCMX', 'YXJJBCHZ_FLBH=YXJJBCMX_FLBH','2','1')
go
insert into LSBLM (LSBLM_XH,LSBLM_LJBM,LSBLM_DYLM,LSBLM_SJLM,LSBLM_LYBM,LSBLM_GLTJ,LSBLM_LMWZ,LSBLM_LMSM,LSBLM_LMLX,LSBLM_LMCD,LSBLM_XSCD,LSBLM_DYXZ,LSBLM_SFXS,LSBLM_YHMC,LSBLM_DXLB,LSBLM_SORT,LSBLM_CODE,LSBLM_GLLM,LSBLM_GLBM,LSBLM_GLGX,LSBLM_DYWZ,LSBLM_SFBB) values ('061','YXJJBC','@YXJJBCMX_JSKPH@','YXJJBCMX_JSKPH','YXJJBC,YXJJBCMX','YXJJBC_LSBH=YXJJBCMX_LSBH','2','金税开票号','C',40,10,'1','1','金税开票号','','','','YXJJBCHZ_LSBH','YXJJBCMX', 'YXJJBCHZ_FLBH=YXJJBCMX_FLBH','2','1')
go
insert into LSBLM (LSBLM_XH,LSBLM_LJBM,LSBLM_DYLM,LSBLM_SJLM,LSBLM_LYBM,LSBLM_GLTJ,LSBLM_LMWZ,LSBLM_LMSM,LSBLM_LMLX,LSBLM_LMCD,LSBLM_XSCD,LSBLM_DYXZ,LSBLM_SFXS,LSBLM_YHMC,LSBLM_DXLB,LSBLM_SORT,LSBLM_CODE,LSBLM_GLLM,LSBLM_GLBM,LSBLM_GLGX,LSBLM_DYWZ,LSBLM_SFBB) values ('062','YXJJBC','@YXJJBCMX_PC@','YXJJBCMX_PC','YXJJBC,YXJJBCMX','YXJJBC_LSBH=YXJJBCMX_LSBH','2','批次','C',40,10,'1','1','批次','','','','YXJJBCHZ_LSBH','YXJJBCMX', 'YXJJBCHZ_FLBH=YXJJBCMX_FLBH','2','1')
go
insert into LSBLM (LSBLM_XH,LSBLM_LJBM,LSBLM_DYLM,LSBLM_SJLM,LSBLM_LYBM,LSBLM_GLTJ,LSBLM_LMWZ,LSBLM_LMSM,LSBLM_LMLX,LSBLM_LMCD,LSBLM_XSCD,LSBLM_DYXZ,LSBLM_SFXS,LSBLM_YHMC,LSBLM_DXLB,LSBLM_SORT,LSBLM_CODE,LSBLM_GLLM,LSBLM_GLBM,LSBLM_GLGX,LSBLM_DYWZ,LSBLM_SFBB) values ('063','YXJJBC','@YXJJBCMX_WLBH@','YXJJBCMX_WLBH','YXJJBC,YXJJBCMX','YXJJBC_LSBH=YXJJBCMX_LSBH','2','产品','C',40,12,'1','1','产品','','','','YXJJBCHZ_LSBH','YXJJBCMX', 'YXJJBCHZ_FLBH=YXJJBCMX_FLBH','2','1')
go
insert into LSBLM (LSBLM_XH,LSBLM_LJBM,LSBLM_DYLM,LSBLM_SJLM,LSBLM_LYBM,LSBLM_GLTJ,LSBLM_LMWZ,LSBLM_LMSM,LSBLM_LMLX,LSBLM_LMCD,LSBLM_XSCD,LSBLM_DYXZ,LSBLM_SFXS,LSBLM_YHMC,LSBLM_DXLB,LSBLM_SORT,LSBLM_CODE,LSBLM_GLLM,LSBLM_GLBM,LSBLM_GLGX,LSBLM_DYWZ,LSBLM_SFBB) values ('064','YXJJBC','@YXJJBCMX_WLBH_MC@','YXWLZD_WLMC','YXJJBC,YXJJBCMX,YXWLZD','YXJJBC_LSBH=YXJJBCMX_LSBH and YXJJBCMX_WLBH=YXWLZD_NM','2','产品名称','C',200,15,'1','1','产品名称','','','','YXJJBCMX_WLBH','YXWLZD','YXJJBCMX_WLBH=YXWLZD_NM','2','0')
go
insert into LSBLM (LSBLM_XH,LSBLM_LJBM,LSBLM_DYLM,LSBLM_SJLM,LSBLM_LYBM,LSBLM_GLTJ,LSBLM_LMWZ,LSBLM_LMSM,LSBLM_LMLX,LSBLM_LMCD,LSBLM_XSCD,LSBLM_DYXZ,LSBLM_SFXS,LSBLM_YHMC,LSBLM_DXLB,LSBLM_SORT,LSBLM_CODE,LSBLM_GLLM,LSBLM_GLBM,LSBLM_GLGX,LSBLM_DYWZ,LSBLM_SFBB) values ('065','YXJJBC','@YXJJBCMX_GG@','YXJJBCMX_GG','YXJJBC,YXJJBCMX','YXJJBC_LSBH=YXJJBCMX_LSBH','2','规格','C',100,10,'1','1','规格','','','','YXJJBCHZ_LSBH','YXJJBCMX', 'YXJJBCHZ_FLBH=YXJJBCMX_FLBH','2','1')
go
insert into LSBLM (LSBLM_XH,LSBLM_LJBM,LSBLM_DYLM,LSBLM_SJLM,LSBLM_LYBM,LSBLM_GLTJ,LSBLM_LMWZ,LSBLM_LMSM,LSBLM_LMLX,LSBLM_LMCD,LSBLM_XSCD,LSBLM_DYXZ,LSBLM_SFXS,LSBLM_YHMC,LSBLM_DXLB,LSBLM_SORT,LSBLM_CODE,LSBLM_GLLM,LSBLM_GLBM,LSBLM_GLGX,LSBLM_DYWZ,LSBLM_SFBB) values ('066','YXJJBC','@YXJJBCMX_JLDW@','YXJJBCMX_JLDW','YXJJBC,YXJJBCMX','YXJJBC_LSBH=YXJJBCMX_LSBH','2','计量单位','C',40,10,'1','1','计量单位','','','','YXJJBCHZ_LSBH','YXJJBCMX', 'YXJJBCHZ_FLBH=YXJJBCMX_FLBH','2','1')
go
insert into LSBLM (LSBLM_XH,LSBLM_LJBM,LSBLM_DYLM,LSBLM_SJLM,LSBLM_LYBM,LSBLM_GLTJ,LSBLM_LMWZ,LSBLM_LMSM,LSBLM_LMLX,LSBLM_LMCD,LSBLM_XSCD,LSBLM_DYXZ,LSBLM_SFXS,LSBLM_YHMC,LSBLM_DXLB,LSBLM_SORT,LSBLM_CODE,LSBLM_GLLM,LSBLM_GLBM,LSBLM_GLGX,LSBLM_DYWZ,LSBLM_SFBB) values ('067','YXJJBC','@YXJJBCMX_JLDW_MC@','ERPJLDW_MC','YXJJBC,YXJJBCMX,VW_ERPJLDW','YXJJBC_LSBH=YXJJBCMX_LSBH and YXJJBCMX_JLDW=ERPJLDW_NM','2','计量单位名称','C',200,15,'1','1','计量单位名称','','','','YXJJBCMX_JLDW','VW_ERPJLDW','YXJJBCMX_JLDW=ERPJLDW_NM','2','0')
go
insert into LSBLM (LSBLM_XH,LSBLM_LJBM,LSBLM_DYLM,LSBLM_SJLM,LSBLM_LYBM,LSBLM_GLTJ,LSBLM_LMWZ,LSBLM_LMSM,LSBLM_LMLX,LSBLM_LMCD,LSBLM_XSCD,LSBLM_DYXZ,LSBLM_SFXS,LSBLM_YHMC,LSBLM_DXLB,LSBLM_SORT,LSBLM_CODE,LSBLM_GLLM,LSBLM_GLBM,LSBLM_GLGX,LSBLM_DYWZ,LSBLM_SFBB) values ('068','YXJJBC','@YXJJBCMX_CKSL@','YXJJBCMX_CKSL','YXJJBC,YXJJBCMX','YXJJBC_LSBH=YXJJBCMX_LSBH','2','出库数量','3',20,10,'1','1','出库数量','','','','YXJJBCHZ_LSBH','YXJJBCMX', 'YXJJBCHZ_FLBH=YXJJBCMX_FLBH','2','1')
go
insert into LSBLM (LSBLM_XH,LSBLM_LJBM,LSBLM_DYLM,LSBLM_SJLM,LSBLM_LYBM,LSBLM_GLTJ,LSBLM_LMWZ,LSBLM_LMSM,LSBLM_LMLX,LSBLM_LMCD,LSBLM_XSCD,LSBLM_DYXZ,LSBLM_SFXS,LSBLM_YHMC,LSBLM_DXLB,LSBLM_SORT,LSBLM_CODE,LSBLM_GLLM,LSBLM_GLBM,LSBLM_GLGX,LSBLM_DYWZ,LSBLM_SFBB) values ('069','YXJJBC','@YXJJBCMX_XSDJ@','YXJJBCMX_XSDJ','YXJJBC,YXJJBCMX','YXJJBC_LSBH=YXJJBCMX_LSBH','2','销售单价','3',40,12,'1','1','销售单价','','','','YXJJBCHZ_LSBH','YXJJBCMX', 'YXJJBCHZ_FLBH=YXJJBCMX_FLBH','2','1')
go
insert into LSBLM (LSBLM_XH,LSBLM_LJBM,LSBLM_DYLM,LSBLM_SJLM,LSBLM_LYBM,LSBLM_GLTJ,LSBLM_LMWZ,LSBLM_LMSM,LSBLM_LMLX,LSBLM_LMCD,LSBLM_XSCD,LSBLM_DYXZ,LSBLM_SFXS,LSBLM_YHMC,LSBLM_DXLB,LSBLM_SORT,LSBLM_CODE,LSBLM_GLLM,LSBLM_GLBM,LSBLM_GLGX,LSBLM_DYWZ,LSBLM_SFBB) values ('070','YXJJBC','@YXJJBCMX_ZKDJ@','YXJJBCMX_ZKDJ','YXJJBC,YXJJBCMX','YXJJBC_LSBH=YXJJBCMX_LSBH','2','折扣后单价','3',20,10,'1','1','折扣后单价','','','','YXJJBCHZ_LSBH','YXJJBCMX', 'YXJJBCHZ_FLBH=YXJJBCMX_FLBH','2','1')
go
insert into LSBLM (LSBLM_XH,LSBLM_LJBM,LSBLM_DYLM,LSBLM_SJLM,LSBLM_LYBM,LSBLM_GLTJ,LSBLM_LMWZ,LSBLM_LMSM,LSBLM_LMLX,LSBLM_LMCD,LSBLM_XSCD,LSBLM_DYXZ,LSBLM_SFXS,LSBLM_YHMC,LSBLM_DXLB,LSBLM_SORT,LSBLM_CODE,LSBLM_GLLM,LSBLM_GLBM,LSBLM_GLGX,LSBLM_DYWZ,LSBLM_SFBB) values ('071','YXJJBC','@YXJJBCMX_FPSL@','YXJJBCMX_FPSL','YXJJBC,YXJJBCMX','YXJJBC_LSBH=YXJJBCMX_LSBH','2','发票税率','3',20,10,'1','1','发票税率','','','','YXJJBCHZ_LSBH','YXJJBCMX', 'YXJJBCHZ_FLBH=YXJJBCMX_FLBH','2','1')
go
insert into LSBLM (LSBLM_XH,LSBLM_LJBM,LSBLM_DYLM,LSBLM_SJLM,LSBLM_LYBM,LSBLM_GLTJ,LSBLM_LMWZ,LSBLM_LMSM,LSBLM_LMLX,LSBLM_LMCD,LSBLM_XSCD,LSBLM_DYXZ,LSBLM_SFXS,LSBLM_YHMC,LSBLM_DXLB,LSBLM_SORT,LSBLM_CODE,LSBLM_GLLM,LSBLM_GLBM,LSBLM_GLGX,LSBLM_DYWZ,LSBLM_SFBB) values ('072','YXJJBC','@YXJJBCMX_JJLX@','YXJJBCMX_JJLX','YXJJBC,YXJJBCMX','YXJJBC_LSBH=YXJJBCMX_LSBH','2','降价类型','C',200,12,'1','1','降价类型','','','1,一次降价;2,多次降价','YXJJBCHZ_LSBH','YXJJBCMX', 'YXJJBCHZ_FLBH=YXJJBCMX_FLBH','2','1')
go
insert into LSBLM (LSBLM_XH,LSBLM_LJBM,LSBLM_DYLM,LSBLM_SJLM,LSBLM_LYBM,LSBLM_GLTJ,LSBLM_LMWZ,LSBLM_LMSM,LSBLM_LMLX,LSBLM_LMCD,LSBLM_XSCD,LSBLM_DYXZ,LSBLM_SFXS,LSBLM_YHMC,LSBLM_DXLB,LSBLM_SORT,LSBLM_CODE,LSBLM_GLLM,LSBLM_GLBM,LSBLM_GLGX,LSBLM_DYWZ,LSBLM_SFBB) values ('073','YXJJBC','@YXJJBCMX_YFHKL@','YXJJBCMX_YFHKL','YXJJBC,YXJJBCMX','YXJJBC_LSBH=YXJJBCMX_LSBH','2','原发货扣率','3',20,10,'1','1','原发货扣率','','','','YXJJBCHZ_LSBH','YXJJBCMX', 'YXJJBCHZ_FLBH=YXJJBCMX_FLBH','2','1')
go
insert into LSBLM (LSBLM_XH,LSBLM_LJBM,LSBLM_DYLM,LSBLM_SJLM,LSBLM_LYBM,LSBLM_GLTJ,LSBLM_LMWZ,LSBLM_LMSM,LSBLM_LMLX,LSBLM_LMCD,LSBLM_XSCD,LSBLM_DYXZ,LSBLM_SFXS,LSBLM_YHMC,LSBLM_DXLB,LSBLM_SORT,LSBLM_CODE,LSBLM_GLLM,LSBLM_GLBM,LSBLM_GLGX,LSBLM_DYWZ,LSBLM_SFBB) values ('074','YXJJBC','@YXJJBCMX_YZBJ@','YXJJBCMX_YZBJ','YXJJBC,YXJJBCMX','YXJJBC_LSBH=YXJJBCMX_LSBH','2','原中标价','3',20,10,'1','1','原中标价','','','','YXJJBCHZ_LSBH','YXJJBCMX', 'YXJJBCHZ_FLBH=YXJJBCMX_FLBH','2','1')
go
insert into LSBLM (LSBLM_XH,LSBLM_LJBM,LSBLM_DYLM,LSBLM_SJLM,LSBLM_LYBM,LSBLM_GLTJ,LSBLM_LMWZ,LSBLM_LMSM,LSBLM_LMLX,LSBLM_LMCD,LSBLM_XSCD,LSBLM_DYXZ,LSBLM_SFXS,LSBLM_YHMC,LSBLM_DXLB,LSBLM_SORT,LSBLM_CODE,LSBLM_GLLM,LSBLM_GLBM,LSBLM_GLGX,LSBLM_DYWZ,LSBLM_SFBB) values ('075','YXJJBC','@YXJJBCMX_YFHJ@','YXJJBCMX_YFHJ','YXJJBC,YXJJBCMX','YXJJBC_LSBH=YXJJBCMX_LSBH','2','原发货价','3',20,10,'1','1','原发货价','','','','YXJJBCHZ_LSBH','YXJJBCMX', 'YXJJBCHZ_FLBH=YXJJBCMX_FLBH','2','1')
go
insert into LSBLM (LSBLM_XH,LSBLM_LJBM,LSBLM_DYLM,LSBLM_SJLM,LSBLM_LYBM,LSBLM_GLTJ,LSBLM_LMWZ,LSBLM_LMSM,LSBLM_LMLX,LSBLM_LMCD,LSBLM_XSCD,LSBLM_DYXZ,LSBLM_SFXS,LSBLM_YHMC,LSBLM_DXLB,LSBLM_SORT,LSBLM_CODE,LSBLM_GLLM,LSBLM_GLBM,LSBLM_GLGX,LSBLM_DYWZ,LSBLM_SFBB) values ('076','YXJJBC','@YXJJBCMX_XZBJ@','YXJJBCMX_XZBJ','YXJJBC,YXJJBCMX','YXJJBC_LSBH=YXJJBCMX_LSBH','2','现中标价','3',200,10,'1','1','现中标价','','',' ','YXJJBCHZ_LSBH','YXJJBCMX', 'YXJJBCHZ_FLBH=YXJJBCMX_FLBH','2','1')
go
insert into LSBLM (LSBLM_XH,LSBLM_LJBM,LSBLM_DYLM,LSBLM_SJLM,LSBLM_LYBM,LSBLM_GLTJ,LSBLM_LMWZ,LSBLM_LMSM,LSBLM_LMLX,LSBLM_LMCD,LSBLM_XSCD,LSBLM_DYXZ,LSBLM_SFXS,LSBLM_YHMC,LSBLM_DXLB,LSBLM_SORT,LSBLM_CODE,LSBLM_GLLM,LSBLM_GLBM,LSBLM_GLGX,LSBLM_DYWZ,LSBLM_SFBB) values ('077','YXJJBC','@YXJJBCMX_XFHJ@','YXJJBCMX_XFHJ','YXJJBC,YXJJBCMX','YXJJBC_LSBH=YXJJBCMX_LSBH','2','现发货价','3',20,10,'1','1','现发货价','','','','YXJJBCHZ_LSBH','YXJJBCMX', 'YXJJBCHZ_FLBH=YXJJBCMX_FLBH','2','1')
go
insert into LSBLM (LSBLM_XH,LSBLM_LJBM,LSBLM_DYLM,LSBLM_SJLM,LSBLM_LYBM,LSBLM_GLTJ,LSBLM_LMWZ,LSBLM_LMSM,LSBLM_LMLX,LSBLM_LMCD,LSBLM_XSCD,LSBLM_DYXZ,LSBLM_SFXS,LSBLM_YHMC,LSBLM_DXLB,LSBLM_SORT,LSBLM_CODE,LSBLM_GLLM,LSBLM_GLBM,LSBLM_GLGX,LSBLM_DYWZ,LSBLM_SFBB) values ('078','YXJJBC','@YXJJBCMX_BCCH@','YXJJBCMX_BCCH','YXJJBC,YXJJBCMX','YXJJBC_LSBH=YXJJBCMX_LSBH','2','补差差价','3',20,10,'1','1','补差差价','','','','YXJJBCHZ_LSBH','YXJJBCMX', 'YXJJBCHZ_FLBH=YXJJBCMX_FLBH','2','1')
go
insert into LSBLM (LSBLM_XH,LSBLM_LJBM,LSBLM_DYLM,LSBLM_SJLM,LSBLM_LYBM,LSBLM_GLTJ,LSBLM_LMWZ,LSBLM_LMSM,LSBLM_LMLX,LSBLM_LMCD,LSBLM_XSCD,LSBLM_DYXZ,LSBLM_SFXS,LSBLM_YHMC,LSBLM_DXLB,LSBLM_SORT,LSBLM_CODE,LSBLM_GLLM,LSBLM_GLBM,LSBLM_GLGX,LSBLM_DYWZ,LSBLM_SFBB) values ('079','YXJJBC','@YXJJBCMX_KCLX@','YXJJBCMX_KCLX','YXJJBC,YXJJBCMX','YXJJBC_LSBH=YXJJBCMX_LSBH','2','库存类型','C',200,10,'1','1','库存类型','','','1,商业库存;2,医院库存','YXJJBCHZ_LSBH','YXJJBCMX', 'YXJJBCHZ_FLBH=YXJJBCMX_FLBH','2','1')
go
insert into LSBLM (LSBLM_XH,LSBLM_LJBM,LSBLM_DYLM,LSBLM_SJLM,LSBLM_LYBM,LSBLM_GLTJ,LSBLM_LMWZ,LSBLM_LMSM,LSBLM_LMLX,LSBLM_LMCD,LSBLM_XSCD,LSBLM_DYXZ,LSBLM_SFXS,LSBLM_YHMC,LSBLM_DXLB,LSBLM_SORT,LSBLM_CODE,LSBLM_GLLM,LSBLM_GLBM,LSBLM_GLGX,LSBLM_DYWZ,LSBLM_SFBB) values ('080','YXJJBC','@YXJJBCMX_MINSL@','YXJJBCMX_MINSL','YXJJBC,YXJJBCMX','YXJJBC_LSBH=YXJJBCMX_LSBH','2','历史最小数量','1',40,12,'1','1','历史最小数量','','','','YXJJBCHZ_LSBH','YXJJBCMX', 'YXJJBCHZ_FLBH=YXJJBCMX_FLBH','2','1')
go
insert into LSBLM (LSBLM_XH,LSBLM_LJBM,LSBLM_DYLM,LSBLM_SJLM,LSBLM_LYBM,LSBLM_GLTJ,LSBLM_LMWZ,LSBLM_LMSM,LSBLM_LMLX,LSBLM_LMCD,LSBLM_XSCD,LSBLM_DYXZ,LSBLM_SFXS,LSBLM_YHMC,LSBLM_DXLB,LSBLM_SORT,LSBLM_CODE,LSBLM_GLLM,LSBLM_GLBM,LSBLM_GLGX,LSBLM_DYWZ,LSBLM_SFBB) values ('081','YXJJBC','@YXJJBCMX_SXSL@','YXJJBCMX_SXSL','YXJJBC,YXJJBCMX','YXJJBC_LSBH=YXJJBCMX_LSBH','2','历史合计数量','2',40,12,'1','1','历史合计数量','','','','YXJJBCHZ_LSBH','YXJJBCMX', 'YXJJBCHZ_FLBH=YXJJBCMX_FLBH','2','1')
go
insert into LSBLM (LSBLM_XH,LSBLM_LJBM,LSBLM_DYLM,LSBLM_SJLM,LSBLM_LYBM,LSBLM_GLTJ,LSBLM_LMWZ,LSBLM_LMSM,LSBLM_LMLX,LSBLM_LMCD,LSBLM_XSCD,LSBLM_DYXZ,LSBLM_SFXS,LSBLM_YHMC,LSBLM_DXLB,LSBLM_SORT,LSBLM_CODE,LSBLM_GLLM,LSBLM_GLBM,LSBLM_GLGX,LSBLM_DYWZ,LSBLM_SFBB) values ('082','YXJJBC','@YXJJBCMX_KCSL@','YXJJBCMX_KCSL','YXJJBC,YXJJBCMX','YXJJBC_LSBH=YXJJBCMX_LSBH','2','库存数量','2',200,10,'1','1','库存数量','','',' ','YXJJBCHZ_LSBH','YXJJBCMX', 'YXJJBCHZ_FLBH=YXJJBCMX_FLBH','2','1')
go
insert into LSBLM (LSBLM_XH,LSBLM_LJBM,LSBLM_DYLM,LSBLM_SJLM,LSBLM_LYBM,LSBLM_GLTJ,LSBLM_LMWZ,LSBLM_LMSM,LSBLM_LMLX,LSBLM_LMCD,LSBLM_XSCD,LSBLM_DYXZ,LSBLM_SFXS,LSBLM_YHMC,LSBLM_DXLB,LSBLM_SORT,LSBLM_CODE,LSBLM_GLLM,LSBLM_GLBM,LSBLM_GLGX,LSBLM_DYWZ,LSBLM_SFBB) values ('083','YXJJBC','@YXJJBCMX_ZRCHJE@','YXJJBCMX_ZRCHJE','YXJJBC,YXJJBCMX','YXJJBC_LSBH=YXJJBCMX_LSBH','2','折让冲红金额','1',20,10,'1','1','折让冲红金额','','','','YXJJBCHZ_LSBH','YXJJBCMX', 'YXJJBCHZ_FLBH=YXJJBCMX_FLBH','2','1')
go
insert into LSBLM (LSBLM_XH,LSBLM_LJBM,LSBLM_DYLM,LSBLM_SJLM,LSBLM_LYBM,LSBLM_GLTJ,LSBLM_LMWZ,LSBLM_LMSM,LSBLM_LMLX,LSBLM_LMCD,LSBLM_XSCD,LSBLM_DYXZ,LSBLM_SFXS,LSBLM_YHMC,LSBLM_DXLB,LSBLM_SORT,LSBLM_CODE,LSBLM_GLLM,LSBLM_GLBM,LSBLM_GLGX,LSBLM_DYWZ,LSBLM_SFBB) values ('084','YXJJBC','@YXJJBCMX_JJSJ@','YXJJBCMX_JJSJ','YXJJBC,YXJJBCMX','YXJJBC_LSBH=YXJJBCMX_LSBH','2','中标降价时间','2',20,10,'1','1','中标降价时间','','','','YXJJBCHZ_LSBH','YXJJBCMX', 'YXJJBCHZ_FLBH=YXJJBCMX_FLBH','2','1')
go
insert into LSBLM (LSBLM_XH,LSBLM_LJBM,LSBLM_DYLM,LSBLM_SJLM,LSBLM_LYBM,LSBLM_GLTJ,LSBLM_LMWZ,LSBLM_LMSM,LSBLM_LMLX,LSBLM_LMCD,LSBLM_XSCD,LSBLM_DYXZ,LSBLM_SFXS,LSBLM_YHMC,LSBLM_DXLB,LSBLM_SORT,LSBLM_CODE,LSBLM_GLLM,LSBLM_GLBM,LSBLM_GLGX,LSBLM_DYWZ,LSBLM_SFBB) values ('085','YXJJBC','@YXJJBCMX_SYB@','YXJJBCMX_SYB','YXJJBC,YXJJBCMX','YXJJBC_LSBH=YXJJBCMX_LSBH','2','事业部','C',20,10,'1','1','事业部','','','','YXJJBCHZ_LSBH','YXJJBCMX', 'YXJJBCHZ_FLBH=YXJJBCMX_FLBH','2','1')
go
insert into LSBLM (LSBLM_XH,LSBLM_LJBM,LSBLM_DYLM,LSBLM_SJLM,LSBLM_LYBM,LSBLM_GLTJ,LSBLM_LMWZ,LSBLM_LMSM,LSBLM_LMLX,LSBLM_LMCD,LSBLM_XSCD,LSBLM_DYXZ,LSBLM_SFXS,LSBLM_YHMC,LSBLM_DXLB,LSBLM_SORT,LSBLM_CODE,LSBLM_GLLM,LSBLM_GLBM,LSBLM_GLGX,LSBLM_DYWZ,LSBLM_SFBB) values ('086','YXJJBC','@YXJJBCMX_SYB_MC@','YXSYB_SYBMC','YXJJBC,YXJJBCMX,YXSYB','YXJJBC_LSBH=YXJJBCMX_LSBH and YXJJBCMX_SYB=YXSYB_NM','2','事业部名称','C',200,15,'1','1','事业部名称','','','','YXJJBCMX_SYB','YXSYB','YXJJBCMX_SYB=YXSYB_NM','2','0')
go
insert into LSBLM (LSBLM_XH,LSBLM_LJBM,LSBLM_DYLM,LSBLM_SJLM,LSBLM_LYBM,LSBLM_GLTJ,LSBLM_LMWZ,LSBLM_LMSM,LSBLM_LMLX,LSBLM_LMCD,LSBLM_XSCD,LSBLM_DYXZ,LSBLM_SFXS,LSBLM_YHMC,LSBLM_DXLB,LSBLM_SORT,LSBLM_CODE,LSBLM_GLLM,LSBLM_GLBM,LSBLM_GLGX,LSBLM_DYWZ,LSBLM_SFBB) values ('087','YXJJBC','@YXJJBCMX_KHPSJE@','YXJJBCMX_KHPSJE','YXJJBC,YXJJBCMX','YXJJBC_LSBH=YXJJBCMX_LSBH','2','扣除考核配送费金额','1',20,10,'1','1','扣除考核配送费金额','','','','YXJJBCHZ_LSBH','YXJJBCMX', 'YXJJBCHZ_FLBH=YXJJBCMX_FLBH','2','1')
go
insert into LSBLM (LSBLM_XH,LSBLM_LJBM,LSBLM_DYLM,LSBLM_SJLM,LSBLM_LYBM,LSBLM_GLTJ,LSBLM_LMWZ,LSBLM_LMSM,LSBLM_LMLX,LSBLM_LMCD,LSBLM_XSCD,LSBLM_DYXZ,LSBLM_SFXS,LSBLM_YHMC,LSBLM_DXLB,LSBLM_SORT,LSBLM_CODE,LSBLM_GLLM,LSBLM_GLBM,LSBLM_GLGX,LSBLM_DYWZ,LSBLM_SFBB) values ('088','YXJJBC','@YXJJBCMX_KCJZRQ@','YXJJBCMX_KCJZRQ','YXJJBC,YXJJBCMX','YXJJBC_LSBH=YXJJBCMX_LSBH','2','库存截止日期','D',200,10,'1','1','库存截止日期','','',' ','YXJJBCHZ_LSBH','YXJJBCMX', 'YXJJBCHZ_FLBH=YXJJBCMX_FLBH','2','1')
go
insert into LSBLM (LSBLM_XH,LSBLM_LJBM,LSBLM_DYLM,LSBLM_SJLM,LSBLM_LYBM,LSBLM_GLTJ,LSBLM_LMWZ,LSBLM_LMSM,LSBLM_LMLX,LSBLM_LMCD,LSBLM_XSCD,LSBLM_DYXZ,LSBLM_SFXS,LSBLM_YHMC,LSBLM_DXLB,LSBLM_SORT,LSBLM_CODE,LSBLM_GLLM,LSBLM_GLBM,LSBLM_GLGX,LSBLM_DYWZ,LSBLM_SFBB) values ('089','YXJJBC','@YXJJBCMX_ZBBZ@','YXJJBCMX_ZBBZ','YXJJBC,YXJJBCMX','YXJJBC_LSBH=YXJJBCMX_LSBH','2','招标修改备注','C',100,15,'1','1','招标修改备注','','','','YXJJBCHZ_LSBH','YXJJBCMX', 'YXJJBCHZ_FLBH=YXJJBCMX_FLBH','2','1')
go
insert into LSBLM (LSBLM_XH,LSBLM_LJBM,LSBLM_DYLM,LSBLM_SJLM,LSBLM_LYBM,LSBLM_GLTJ,LSBLM_LMWZ,LSBLM_LMSM,LSBLM_LMLX,LSBLM_LMCD,LSBLM_XSCD,LSBLM_DYXZ,LSBLM_SFXS,LSBLM_YHMC,LSBLM_DXLB,LSBLM_SORT,LSBLM_CODE,LSBLM_GLLM,LSBLM_GLBM,LSBLM_GLGX,LSBLM_DYWZ,LSBLM_SFBB) values ('090','YXJJBC','@YXJJBCMX_SWBZ@','YXJJBCMX_SWBZ','YXJJBC,YXJJBCMX','YXJJBC_LSBH=YXJJBCMX_LSBH','2','商务修改备注','C',100,15,'1','1','商务修改备注','','','','YXJJBCHZ_LSBH','YXJJBCMX', 'YXJJBCHZ_FLBH=YXJJBCMX_FLBH','2','1')
go
insert into LSBLM (LSBLM_XH,LSBLM_LJBM,LSBLM_DYLM,LSBLM_SJLM,LSBLM_LYBM,LSBLM_GLTJ,LSBLM_LMWZ,LSBLM_LMSM,LSBLM_LMLX,LSBLM_LMCD,LSBLM_XSCD,LSBLM_DYXZ,LSBLM_SFXS,LSBLM_YHMC,LSBLM_DXLB,LSBLM_SORT,LSBLM_CODE,LSBLM_GLLM,LSBLM_GLBM,LSBLM_GLGX,LSBLM_DYWZ,LSBLM_SFBB) values ('091','YXJJBC','@YXJJBCMX_CWBZ@','YXJJBCMX_CWBZ','YXJJBC,YXJJBCMX','YXJJBC_LSBH=YXJJBCMX_LSBH','2','财务修改备注','C',100,15,'1','1','财务修改备注','','','','YXJJBCHZ_LSBH','YXJJBCMX', 'YXJJBCHZ_FLBH=YXJJBCMX_FLBH','2','1')
go
insert into LSBLM (LSBLM_XH,LSBLM_LJBM,LSBLM_DYLM,LSBLM_SJLM,LSBLM_LYBM,LSBLM_GLTJ,LSBLM_LMWZ,LSBLM_LMSM,LSBLM_LMLX,LSBLM_LMCD,LSBLM_XSCD,LSBLM_DYXZ,LSBLM_SFXS,LSBLM_YHMC,LSBLM_DXLB,LSBLM_SORT,LSBLM_CODE,LSBLM_GLLM,LSBLM_GLBM,LSBLM_GLGX,LSBLM_DYWZ,LSBLM_SFBB) values ('092','YXJJBC','@YXJJBCLS_FLBH@','YXJJBCLS_FLBH','YXJJBC,YXJJBCLS','YXJJBC_LSBH=YXJJBCLS_LSBH','3','分录编号','C',40,0,'1','1','分录编号','','','','YXJJBCHZ_LSBH','YXJJBCLS', 'YXJJBCHZ_FLBH=YXJJBCLS_FLBH','3','1')
go
insert into LSBLM (LSBLM_XH,LSBLM_LJBM,LSBLM_DYLM,LSBLM_SJLM,LSBLM_LYBM,LSBLM_GLTJ,LSBLM_LMWZ,LSBLM_LMSM,LSBLM_LMLX,LSBLM_LMCD,LSBLM_XSCD,LSBLM_DYXZ,LSBLM_SFXS,LSBLM_YHMC,LSBLM_DXLB,LSBLM_SORT,LSBLM_CODE,LSBLM_GLLM,LSBLM_GLBM,LSBLM_GLGX,LSBLM_DYWZ,LSBLM_SFBB) values ('093','YXJJBC','@YXJJBCLS_LSBH@','YXJJBCLS_LSBH','YXJJBC,YXJJBCLS','YXJJBC_LSBH=YXJJBCLS_LSBH','3','流水编号','C',40,0,'1','1','流水编号','','','','YXJJBCHZ_LSBH','YXJJBCLS', 'YXJJBCHZ_FLBH=YXJJBCLS_FLBH','3','1')
go
insert into LSBLM (LSBLM_XH,LSBLM_LJBM,LSBLM_DYLM,LSBLM_SJLM,LSBLM_LYBM,LSBLM_GLTJ,LSBLM_LMWZ,LSBLM_LMSM,LSBLM_LMLX,LSBLM_LMCD,LSBLM_XSCD,LSBLM_DYXZ,LSBLM_SFXS,LSBLM_YHMC,LSBLM_DXLB,LSBLM_SORT,LSBLM_CODE,LSBLM_GLLM,LSBLM_GLBM,LSBLM_GLGX,LSBLM_DYWZ,LSBLM_SFBB) values ('094','YXJJBC','@YXJJBCLS_GSID@','YXJJBCLS_GSID','YXJJBC,YXJJBCLS','YXJJBC_LSBH=YXJJBCLS_LSBH','3','销售公司','C',40,10,'1','1','销售公司','','','','YXJJBCHZ_LSBH','YXJJBCLS', 'YXJJBCHZ_FLBH=YXJJBCLS_FLBH','3','1')
go
insert into LSBLM (LSBLM_XH,LSBLM_LJBM,LSBLM_DYLM,LSBLM_SJLM,LSBLM_LYBM,LSBLM_GLTJ,LSBLM_LMWZ,LSBLM_LMSM,LSBLM_LMLX,LSBLM_LMCD,LSBLM_XSCD,LSBLM_DYXZ,LSBLM_SFXS,LSBLM_YHMC,LSBLM_DXLB,LSBLM_SORT,LSBLM_CODE,LSBLM_GLLM,LSBLM_GLBM,LSBLM_GLGX,LSBLM_DYWZ,LSBLM_SFBB) values ('095','YXJJBC','@YXJJBCLS_GSID_MC@','LSBZDW_DWMC','YXJJBC,YXJJBCLS,LSBZDW','YXJJBC_LSBH=YXJJBCLS_LSBH and YXJJBCLS_GSID=LSBZDW_DWBH','3','销售公司名称','C',200,15,'1','1','销售公司名称','','','','YXJJBCLS_GSID','LSBZDW','YXJJBCLS_GSID=LSBZDW_DWBH','3','0')
go
insert into LSBLM (LSBLM_XH,LSBLM_LJBM,LSBLM_DYLM,LSBLM_SJLM,LSBLM_LYBM,LSBLM_GLTJ,LSBLM_LMWZ,LSBLM_LMSM,LSBLM_LMLX,LSBLM_LMCD,LSBLM_XSCD,LSBLM_DYXZ,LSBLM_SFXS,LSBLM_YHMC,LSBLM_DXLB,LSBLM_SORT,LSBLM_CODE,LSBLM_GLLM,LSBLM_GLBM,LSBLM_GLGX,LSBLM_DYWZ,LSBLM_SFBB) values ('096','YXJJBC','@YXJJBCLS_GUID@','YXJJBCLS_GUID','YXJJBC,YXJJBCLS','YXJJBC_LSBH=YXJJBCLS_LSBH','3','唯一标识','C',40,12,'1','1','唯一标识','','','','YXJJBCHZ_LSBH','YXJJBCLS', 'YXJJBCHZ_FLBH=YXJJBCLS_FLBH','3','1')
go
insert into LSBLM (LSBLM_XH,LSBLM_LJBM,LSBLM_DYLM,LSBLM_SJLM,LSBLM_LYBM,LSBLM_GLTJ,LSBLM_LMWZ,LSBLM_LMSM,LSBLM_LMLX,LSBLM_LMCD,LSBLM_XSCD,LSBLM_DYXZ,LSBLM_SFXS,LSBLM_YHMC,LSBLM_DXLB,LSBLM_SORT,LSBLM_CODE,LSBLM_GLLM,LSBLM_GLBM,LSBLM_GLGX,LSBLM_DYWZ,LSBLM_SFBB) values ('097','YXJJBC','@YXJJBCLS_QDLX@','YXJJBCLS_QDLX','YXJJBC,YXJJBCLS','YXJJBC_LSBH=YXJJBCLS_LSBH','3','渠道类型','C',40,10,'1','1','渠道类型','','','','YXJJBCHZ_LSBH','YXJJBCLS', 'YXJJBCHZ_FLBH=YXJJBCLS_FLBH','3','1')
go
insert into LSBLM (LSBLM_XH,LSBLM_LJBM,LSBLM_DYLM,LSBLM_SJLM,LSBLM_LYBM,LSBLM_GLTJ,LSBLM_LMWZ,LSBLM_LMSM,LSBLM_LMLX,LSBLM_LMCD,LSBLM_XSCD,LSBLM_DYXZ,LSBLM_SFXS,LSBLM_YHMC,LSBLM_DXLB,LSBLM_SORT,LSBLM_CODE,LSBLM_GLLM,LSBLM_GLBM,LSBLM_GLGX,LSBLM_DYWZ,LSBLM_SFBB) values ('098','YXJJBC','@YXJJBCLS_QDLX_MC@','YXDDYWLX_MC','YXJJBC,YXJJBCLS,YXDDYWLX','YXJJBC_LSBH=YXJJBCLS_LSBH and YXJJBCLS_QDLX=YXDDYWLX_NM','3','渠道类型名称','C',200,15,'1','1','渠道类型名称','','','','YXJJBCLS_QDLX','YXDDYWLX','YXJJBCLS_QDLX=YXDDYWLX_NM','3','0')
go
insert into LSBLM (LSBLM_XH,LSBLM_LJBM,LSBLM_DYLM,LSBLM_SJLM,LSBLM_LYBM,LSBLM_GLTJ,LSBLM_LMWZ,LSBLM_LMSM,LSBLM_LMLX,LSBLM_LMCD,LSBLM_XSCD,LSBLM_DYXZ,LSBLM_SFXS,LSBLM_YHMC,LSBLM_DXLB,LSBLM_SORT,LSBLM_CODE,LSBLM_GLLM,LSBLM_GLBM,LSBLM_GLGX,LSBLM_DYWZ,LSBLM_SFBB) values ('099','YXJJBC','@YXJJBCLS_BMBH@','YXJJBCLS_BMBH','YXJJBC,YXJJBCLS','YXJJBC_LSBH=YXJJBCLS_LSBH','3','区域','C',40,10,'1','1','区域','','','','YXJJBCHZ_LSBH','YXJJBCLS', 'YXJJBCHZ_FLBH=YXJJBCLS_FLBH','3','1')
go
insert into LSBLM (LSBLM_XH,LSBLM_LJBM,LSBLM_DYLM,LSBLM_SJLM,LSBLM_LYBM,LSBLM_GLTJ,LSBLM_LMWZ,LSBLM_LMSM,LSBLM_LMLX,LSBLM_LMCD,LSBLM_XSCD,LSBLM_DYXZ,LSBLM_SFXS,LSBLM_YHMC,LSBLM_DXLB,LSBLM_SORT,LSBLM_CODE,LSBLM_GLLM,LSBLM_GLBM,LSBLM_GLGX,LSBLM_DYWZ,LSBLM_SFBB) values ('100','YXJJBC','@YXJJBCLS_BMBH_MC@','YXBMZD_BMMC','YXJJBC,YXJJBCLS,YXBMZD','YXJJBC_LSBH=YXJJBCLS_LSBH and YXJJBCLS_BMBH=YXBMZD_NM','3','区域名称','C',200,15,'1','1','区域名称','','','','YXJJBCLS_BMBH','YXBMZD','YXJJBCLS_BMBH=YXBMZD_NM','3','0')
go
insert into LSBLM (LSBLM_XH,LSBLM_LJBM,LSBLM_DYLM,LSBLM_SJLM,LSBLM_LYBM,LSBLM_GLTJ,LSBLM_LMWZ,LSBLM_LMSM,LSBLM_LMLX,LSBLM_LMCD,LSBLM_XSCD,LSBLM_DYXZ,LSBLM_SFXS,LSBLM_YHMC,LSBLM_DXLB,LSBLM_SORT,LSBLM_CODE,LSBLM_GLLM,LSBLM_GLBM,LSBLM_GLGX,LSBLM_DYWZ,LSBLM_SFBB) values ('101','YXJJBC','@YXJJBCLS_CRMDDRQ@','YXJJBCLS_CRMDDRQ','YXJJBC,YXJJBCLS','YXJJBC_LSBH=YXJJBCLS_LSBH','3','CRM订单日期','C',8,10,'1','1','CRM订单日期','','','','YXJJBCHZ_LSBH','YXJJBCLS', 'YXJJBCHZ_FLBH=YXJJBCLS_FLBH','3','1')
go
insert into LSBLM (LSBLM_XH,LSBLM_LJBM,LSBLM_DYLM,LSBLM_SJLM,LSBLM_LYBM,LSBLM_GLTJ,LSBLM_LMWZ,LSBLM_LMSM,LSBLM_LMLX,LSBLM_LMCD,LSBLM_XSCD,LSBLM_DYXZ,LSBLM_SFXS,LSBLM_YHMC,LSBLM_DXLB,LSBLM_SORT,LSBLM_CODE,LSBLM_GLLM,LSBLM_GLBM,LSBLM_GLGX,LSBLM_DYWZ,LSBLM_SFBB) values ('102','YXJJBC','@YXJJBCLS_SAPTDH@','YXJJBCLS_SAPTDH','YXJJBC,YXJJBCLS','YXJJBC_LSBH=YXJJBCLS_LSBH','3','SAP提单号','C',40,10,'1','1','SAP提单号','','','','YXJJBCHZ_LSBH','YXJJBCLS', 'YXJJBCHZ_FLBH=YXJJBCLS_FLBH','3','1')
go
insert into LSBLM (LSBLM_XH,LSBLM_LJBM,LSBLM_DYLM,LSBLM_SJLM,LSBLM_LYBM,LSBLM_GLTJ,LSBLM_LMWZ,LSBLM_LMSM,LSBLM_LMLX,LSBLM_LMCD,LSBLM_XSCD,LSBLM_DYXZ,LSBLM_SFXS,LSBLM_YHMC,LSBLM_DXLB,LSBLM_SORT,LSBLM_CODE,LSBLM_GLLM,LSBLM_GLBM,LSBLM_GLGX,LSBLM_DYWZ,LSBLM_SFBB) values ('103','YXJJBC','@YXJJBCLS_JSKPH@','YXJJBCLS_JSKPH','YXJJBC,YXJJBCLS','YXJJBC_LSBH=YXJJBCLS_LSBH','3','金税开票号','C',40,10,'1','1','金税开票号','','','','YXJJBCHZ_LSBH','YXJJBCLS', 'YXJJBCHZ_FLBH=YXJJBCLS_FLBH','3','1')
go
insert into LSBLM (LSBLM_XH,LSBLM_LJBM,LSBLM_DYLM,LSBLM_SJLM,LSBLM_LYBM,LSBLM_GLTJ,LSBLM_LMWZ,LSBLM_LMSM,LSBLM_LMLX,LSBLM_LMCD,LSBLM_XSCD,LSBLM_DYXZ,LSBLM_SFXS,LSBLM_YHMC,LSBLM_DXLB,LSBLM_SORT,LSBLM_CODE,LSBLM_GLLM,LSBLM_GLBM,LSBLM_GLGX,LSBLM_DYWZ,LSBLM_SFBB) values ('104','YXJJBC','@YXJJBCLS_PC@','YXJJBCLS_PC','YXJJBC,YXJJBCLS','YXJJBC_LSBH=YXJJBCLS_LSBH','3','批次','C',40,10,'1','1','批次','','','','YXJJBCHZ_LSBH','YXJJBCLS', 'YXJJBCHZ_FLBH=YXJJBCLS_FLBH','3','1')
go
insert into LSBLM (LSBLM_XH,LSBLM_LJBM,LSBLM_DYLM,LSBLM_SJLM,LSBLM_LYBM,LSBLM_GLTJ,LSBLM_LMWZ,LSBLM_LMSM,LSBLM_LMLX,LSBLM_LMCD,LSBLM_XSCD,LSBLM_DYXZ,LSBLM_SFXS,LSBLM_YHMC,LSBLM_DXLB,LSBLM_SORT,LSBLM_CODE,LSBLM_GLLM,LSBLM_GLBM,LSBLM_GLGX,LSBLM_DYWZ,LSBLM_SFBB) values ('105','YXJJBC','@YXJJBCLS_WLBH@','YXJJBCLS_WLBH','YXJJBC,YXJJBCLS','YXJJBC_LSBH=YXJJBCLS_LSBH','3','产品','C',40,12,'1','1','产品','','','','YXJJBCHZ_LSBH','YXJJBCLS', 'YXJJBCHZ_FLBH=YXJJBCLS_FLBH','3','1')
go
insert into LSBLM (LSBLM_XH,LSBLM_LJBM,LSBLM_DYLM,LSBLM_SJLM,LSBLM_LYBM,LSBLM_GLTJ,LSBLM_LMWZ,LSBLM_LMSM,LSBLM_LMLX,LSBLM_LMCD,LSBLM_XSCD,LSBLM_DYXZ,LSBLM_SFXS,LSBLM_YHMC,LSBLM_DXLB,LSBLM_SORT,LSBLM_CODE,LSBLM_GLLM,LSBLM_GLBM,LSBLM_GLGX,LSBLM_DYWZ,LSBLM_SFBB) values ('106','YXJJBC','@YXJJBCLS_WLBH_MC@','YXWLZD_WLMC','YXJJBC,YXJJBCLS,YXWLZD','YXJJBC_LSBH=YXJJBCLS_LSBH and YXJJBCLS_WLBH=YXWLZD_NM','3','产品名称','C',200,15,'1','1','产品名称','','','','YXJJBCLS_WLBH','YXWLZD','YXJJBCLS_WLBH=YXWLZD_NM','3','0')
go
insert into LSBLM (LSBLM_XH,LSBLM_LJBM,LSBLM_DYLM,LSBLM_SJLM,LSBLM_LYBM,LSBLM_GLTJ,LSBLM_LMWZ,LSBLM_LMSM,LSBLM_LMLX,LSBLM_LMCD,LSBLM_XSCD,LSBLM_DYXZ,LSBLM_SFXS,LSBLM_YHMC,LSBLM_DXLB,LSBLM_SORT,LSBLM_CODE,LSBLM_GLLM,LSBLM_GLBM,LSBLM_GLGX,LSBLM_DYWZ,LSBLM_SFBB) values ('107','YXJJBC','@YXJJBCLS_GG@','YXJJBCLS_GG','YXJJBC,YXJJBCLS','YXJJBC_LSBH=YXJJBCLS_LSBH','3','规格','C',100,10,'1','1','规格','','','','YXJJBCHZ_LSBH','YXJJBCLS', 'YXJJBCHZ_FLBH=YXJJBCLS_FLBH','3','1')
go
insert into LSBLM (LSBLM_XH,LSBLM_LJBM,LSBLM_DYLM,LSBLM_SJLM,LSBLM_LYBM,LSBLM_GLTJ,LSBLM_LMWZ,LSBLM_LMSM,LSBLM_LMLX,LSBLM_LMCD,LSBLM_XSCD,LSBLM_DYXZ,LSBLM_SFXS,LSBLM_YHMC,LSBLM_DXLB,LSBLM_SORT,LSBLM_CODE,LSBLM_GLLM,LSBLM_GLBM,LSBLM_GLGX,LSBLM_DYWZ,LSBLM_SFBB) values ('108','YXJJBC','@YXJJBCLS_JLDW@','YXJJBCLS_JLDW','YXJJBC,YXJJBCLS','YXJJBC_LSBH=YXJJBCLS_LSBH','3','计量单位','C',40,10,'1','1','计量单位','','','','YXJJBCHZ_LSBH','YXJJBCLS', 'YXJJBCHZ_FLBH=YXJJBCLS_FLBH','3','1')
go
insert into LSBLM (LSBLM_XH,LSBLM_LJBM,LSBLM_DYLM,LSBLM_SJLM,LSBLM_LYBM,LSBLM_GLTJ,LSBLM_LMWZ,LSBLM_LMSM,LSBLM_LMLX,LSBLM_LMCD,LSBLM_XSCD,LSBLM_DYXZ,LSBLM_SFXS,LSBLM_YHMC,LSBLM_DXLB,LSBLM_SORT,LSBLM_CODE,LSBLM_GLLM,LSBLM_GLBM,LSBLM_GLGX,LSBLM_DYWZ,LSBLM_SFBB) values ('109','YXJJBC','@YXJJBCLS_JLDW_MC@','ERPJLDW_MC','YXJJBC,YXJJBCLS,VW_ERPJLDW','YXJJBC_LSBH=YXJJBCLS_LSBH and YXJJBCLS_JLDW=ERPJLDW_NM','3','计量单位名称','C',200,15,'1','1','计量单位名称','','','','YXJJBCLS_JLDW','VW_ERPJLDW','YXJJBCLS_JLDW=ERPJLDW_NM','3','0')
go
insert into LSBLM (LSBLM_XH,LSBLM_LJBM,LSBLM_DYLM,LSBLM_SJLM,LSBLM_LYBM,LSBLM_GLTJ,LSBLM_LMWZ,LSBLM_LMSM,LSBLM_LMLX,LSBLM_LMCD,LSBLM_XSCD,LSBLM_DYXZ,LSBLM_SFXS,LSBLM_YHMC,LSBLM_DXLB,LSBLM_SORT,LSBLM_CODE,LSBLM_GLLM,LSBLM_GLBM,LSBLM_GLGX,LSBLM_DYWZ,LSBLM_SFBB) values ('110','YXJJBC','@YXJJBCLS_CKSL@','YXJJBCLS_CKSL','YXJJBC,YXJJBCLS','YXJJBC_LSBH=YXJJBCLS_LSBH','3','出库数量','1',20,10,'1','1','出库数量','','','','YXJJBCHZ_LSBH','YXJJBCLS', 'YXJJBCHZ_FLBH=YXJJBCLS_FLBH','3','1')
go
insert into LSBLM (LSBLM_XH,LSBLM_LJBM,LSBLM_DYLM,LSBLM_SJLM,LSBLM_LYBM,LSBLM_GLTJ,LSBLM_LMWZ,LSBLM_LMSM,LSBLM_LMLX,LSBLM_LMCD,LSBLM_XSCD,LSBLM_DYXZ,LSBLM_SFXS,LSBLM_YHMC,LSBLM_DXLB,LSBLM_SORT,LSBLM_CODE,LSBLM_GLLM,LSBLM_GLBM,LSBLM_GLGX,LSBLM_DYWZ,LSBLM_SFBB) values ('111','YXJJBC','@YXJJBCLS_XSDJ@','YXJJBCLS_XSDJ','YXJJBC,YXJJBCLS','YXJJBC_LSBH=YXJJBCLS_LSBH','3','销售单价','3',40,12,'1','1','销售单价','','','','YXJJBCHZ_LSBH','YXJJBCLS', 'YXJJBCHZ_FLBH=YXJJBCLS_FLBH','3','1')
go
insert into LSBLM (LSBLM_XH,LSBLM_LJBM,LSBLM_DYLM,LSBLM_SJLM,LSBLM_LYBM,LSBLM_GLTJ,LSBLM_LMWZ,LSBLM_LMSM,LSBLM_LMLX,LSBLM_LMCD,LSBLM_XSCD,LSBLM_DYXZ,LSBLM_SFXS,LSBLM_YHMC,LSBLM_DXLB,LSBLM_SORT,LSBLM_CODE,LSBLM_GLLM,LSBLM_GLBM,LSBLM_GLGX,LSBLM_DYWZ,LSBLM_SFBB) values ('112','YXJJBC','@YXJJBCLS_ZKDJ@','YXJJBCLS_ZKDJ','YXJJBC,YXJJBCLS','YXJJBC_LSBH=YXJJBCLS_LSBH','3','折扣后单价','3',20,10,'1','1','折扣后单价','','','','YXJJBCHZ_LSBH','YXJJBCLS', 'YXJJBCHZ_FLBH=YXJJBCLS_FLBH','3','1')
go
insert into LSBLM (LSBLM_XH,LSBLM_LJBM,LSBLM_DYLM,LSBLM_SJLM,LSBLM_LYBM,LSBLM_GLTJ,LSBLM_LMWZ,LSBLM_LMSM,LSBLM_LMLX,LSBLM_LMCD,LSBLM_XSCD,LSBLM_DYXZ,LSBLM_SFXS,LSBLM_YHMC,LSBLM_DXLB,LSBLM_SORT,LSBLM_CODE,LSBLM_GLLM,LSBLM_GLBM,LSBLM_GLGX,LSBLM_DYWZ,LSBLM_SFBB) values ('113','YXJJBC','@YXJJBCLS_FPSL@','YXJJBCLS_FPSL','YXJJBC,YXJJBCLS','YXJJBC_LSBH=YXJJBCLS_LSBH','3','发票税率','3',20,10,'1','1','发票税率','','','','YXJJBCHZ_LSBH','YXJJBCLS', 'YXJJBCHZ_FLBH=YXJJBCLS_FLBH','3','1')
go
insert into LSBLM (LSBLM_XH,LSBLM_LJBM,LSBLM_DYLM,LSBLM_SJLM,LSBLM_LYBM,LSBLM_GLTJ,LSBLM_LMWZ,LSBLM_LMSM,LSBLM_LMLX,LSBLM_LMCD,LSBLM_XSCD,LSBLM_DYXZ,LSBLM_SFXS,LSBLM_YHMC,LSBLM_DXLB,LSBLM_SORT,LSBLM_CODE,LSBLM_GLLM,LSBLM_GLBM,LSBLM_GLGX,LSBLM_DYWZ,LSBLM_SFBB) values ('114','YXJJBC','@YXJJBCLS_JJLX@','YXJJBCLS_JJLX','YXJJBC,YXJJBCLS','YXJJBC_LSBH=YXJJBCLS_LSBH','3','降价类型','C',200,12,'1','1','降价类型','','','1,一次降价;2,多次降价','YXJJBCHZ_LSBH','YXJJBCLS', 'YXJJBCHZ_FLBH=YXJJBCLS_FLBH','3','1')
go
insert into LSBLM (LSBLM_XH,LSBLM_LJBM,LSBLM_DYLM,LSBLM_SJLM,LSBLM_LYBM,LSBLM_GLTJ,LSBLM_LMWZ,LSBLM_LMSM,LSBLM_LMLX,LSBLM_LMCD,LSBLM_XSCD,LSBLM_DYXZ,LSBLM_SFXS,LSBLM_YHMC,LSBLM_DXLB,LSBLM_SORT,LSBLM_CODE,LSBLM_GLLM,LSBLM_GLBM,LSBLM_GLGX,LSBLM_DYWZ,LSBLM_SFBB) values ('115','YXJJBC','@YXJJBCLS_YFHKL@','YXJJBCLS_YFHKL','YXJJBC,YXJJBCLS','YXJJBC_LSBH=YXJJBCLS_LSBH','3','原发货扣率','3',20,10,'1','1','原发货扣率','','','','YXJJBCHZ_LSBH','YXJJBCLS', 'YXJJBCHZ_FLBH=YXJJBCLS_FLBH','3','1')
go
insert into LSBLM (LSBLM_XH,LSBLM_LJBM,LSBLM_DYLM,LSBLM_SJLM,LSBLM_LYBM,LSBLM_GLTJ,LSBLM_LMWZ,LSBLM_LMSM,LSBLM_LMLX,LSBLM_LMCD,LSBLM_XSCD,LSBLM_DYXZ,LSBLM_SFXS,LSBLM_YHMC,LSBLM_DXLB,LSBLM_SORT,LSBLM_CODE,LSBLM_GLLM,LSBLM_GLBM,LSBLM_GLGX,LSBLM_DYWZ,LSBLM_SFBB) values ('116','YXJJBC','@YXJJBCLS_YZBJ@','YXJJBCLS_YZBJ','YXJJBC,YXJJBCLS','YXJJBC_LSBH=YXJJBCLS_LSBH','3','原中标价','3',20,10,'1','1','原中标价','','','','YXJJBCHZ_LSBH','YXJJBCLS', 'YXJJBCHZ_FLBH=YXJJBCLS_FLBH','3','1')
go
insert into LSBLM (LSBLM_XH,LSBLM_LJBM,LSBLM_DYLM,LSBLM_SJLM,LSBLM_LYBM,LSBLM_GLTJ,LSBLM_LMWZ,LSBLM_LMSM,LSBLM_LMLX,LSBLM_LMCD,LSBLM_XSCD,LSBLM_DYXZ,LSBLM_SFXS,LSBLM_YHMC,LSBLM_DXLB,LSBLM_SORT,LSBLM_CODE,LSBLM_GLLM,LSBLM_GLBM,LSBLM_GLGX,LSBLM_DYWZ,LSBLM_SFBB) values ('117','YXJJBC','@YXJJBCLS_YFHJ@','YXJJBCLS_YFHJ','YXJJBC,YXJJBCLS','YXJJBC_LSBH=YXJJBCLS_LSBH','3','原发货价','3',20,10,'1','1','原发货价','','','','YXJJBCHZ_LSBH','YXJJBCLS', 'YXJJBCHZ_FLBH=YXJJBCLS_FLBH','3','1')
go
insert into LSBLM (LSBLM_XH,LSBLM_LJBM,LSBLM_DYLM,LSBLM_SJLM,LSBLM_LYBM,LSBLM_GLTJ,LSBLM_LMWZ,LSBLM_LMSM,LSBLM_LMLX,LSBLM_LMCD,LSBLM_XSCD,LSBLM_DYXZ,LSBLM_SFXS,LSBLM_YHMC,LSBLM_DXLB,LSBLM_SORT,LSBLM_CODE,LSBLM_GLLM,LSBLM_GLBM,LSBLM_GLGX,LSBLM_DYWZ,LSBLM_SFBB) values ('118','YXJJBC','@YXJJBCLS_XZBJ@','YXJJBCLS_XZBJ','YXJJBC,YXJJBCLS','YXJJBC_LSBH=YXJJBCLS_LSBH','3','现中标价','3',20,10,'1','1','现中标价','','','','YXJJBCHZ_LSBH','YXJJBCLS', 'YXJJBCHZ_FLBH=YXJJBCLS_FLBH','3','1')
go
insert into LSBLM (LSBLM_XH,LSBLM_LJBM,LSBLM_DYLM,LSBLM_SJLM,LSBLM_LYBM,LSBLM_GLTJ,LSBLM_LMWZ,LSBLM_LMSM,LSBLM_LMLX,LSBLM_LMCD,LSBLM_XSCD,LSBLM_DYXZ,LSBLM_SFXS,LSBLM_YHMC,LSBLM_DXLB,LSBLM_SORT,LSBLM_CODE,LSBLM_GLLM,LSBLM_GLBM,LSBLM_GLGX,LSBLM_DYWZ,LSBLM_SFBB) values ('119','YXJJBC','@YXJJBCLS_XFHJ@','YXJJBCLS_XFHJ','YXJJBC,YXJJBCLS','YXJJBC_LSBH=YXJJBCLS_LSBH','3','现发货价','3',20,10,'1','1','现发货价','','','','YXJJBCHZ_LSBH','YXJJBCLS', 'YXJJBCHZ_FLBH=YXJJBCLS_FLBH','3','1')
go
insert into LSBLM (LSBLM_XH,LSBLM_LJBM,LSBLM_DYLM,LSBLM_SJLM,LSBLM_LYBM,LSBLM_GLTJ,LSBLM_LMWZ,LSBLM_LMSM,LSBLM_LMLX,LSBLM_LMCD,LSBLM_XSCD,LSBLM_DYXZ,LSBLM_SFXS,LSBLM_YHMC,LSBLM_DXLB,LSBLM_SORT,LSBLM_CODE,LSBLM_GLLM,LSBLM_GLBM,LSBLM_GLGX,LSBLM_DYWZ,LSBLM_SFBB) values ('120','YXJJBC','@YXJJBCLS_BCCH@','YXJJBCLS_BCCH','YXJJBC,YXJJBCLS','YXJJBC_LSBH=YXJJBCLS_LSBH','3','补差差价','3',20,10,'1','1','补差差价','','','','YXJJBCHZ_LSBH','YXJJBCLS', 'YXJJBCHZ_FLBH=YXJJBCLS_FLBH','3','1')
go
insert into LSBLM (LSBLM_XH,LSBLM_LJBM,LSBLM_DYLM,LSBLM_SJLM,LSBLM_LYBM,LSBLM_GLTJ,LSBLM_LMWZ,LSBLM_LMSM,LSBLM_LMLX,LSBLM_LMCD,LSBLM_XSCD,LSBLM_DYXZ,LSBLM_SFXS,LSBLM_YHMC,LSBLM_DXLB,LSBLM_SORT,LSBLM_CODE,LSBLM_GLLM,LSBLM_GLBM,LSBLM_GLGX,LSBLM_DYWZ,LSBLM_SFBB) values ('121','YXJJBC','@YXJJBCLS_KCLX@','YXJJBCLS_KCLX','YXJJBC,YXJJBCLS','YXJJBC_LSBH=YXJJBCLS_LSBH','3','库存类型','C',200,10,'1','1','库存类型','','','1,商业库存;2,医院库存','YXJJBCHZ_LSBH','YXJJBCLS', 'YXJJBCHZ_FLBH=YXJJBCLS_FLBH','3','1')
go
insert into LSBLM (LSBLM_XH,LSBLM_LJBM,LSBLM_DYLM,LSBLM_SJLM,LSBLM_LYBM,LSBLM_GLTJ,LSBLM_LMWZ,LSBLM_LMSM,LSBLM_LMLX,LSBLM_LMCD,LSBLM_XSCD,LSBLM_DYXZ,LSBLM_SFXS,LSBLM_YHMC,LSBLM_DXLB,LSBLM_SORT,LSBLM_CODE,LSBLM_GLLM,LSBLM_GLBM,LSBLM_GLGX,LSBLM_DYWZ,LSBLM_SFBB) values ('122','YXJJBC','@YXJJBCLS_SXSL@','YXJJBCLS_SXSL','YXJJBC,YXJJBCLS','YXJJBC_LSBH=YXJJBCLS_LSBH','3','上限数量','2',40,12,'1','1','上限数量','','','','YXJJBCHZ_LSBH','YXJJBCLS', 'YXJJBCHZ_FLBH=YXJJBCLS_FLBH','3','1')
go
insert into LSBLM (LSBLM_XH,LSBLM_LJBM,LSBLM_DYLM,LSBLM_SJLM,LSBLM_LYBM,LSBLM_GLTJ,LSBLM_LMWZ,LSBLM_LMSM,LSBLM_LMLX,LSBLM_LMCD,LSBLM_XSCD,LSBLM_DYXZ,LSBLM_SFXS,LSBLM_YHMC,LSBLM_DXLB,LSBLM_SORT,LSBLM_CODE,LSBLM_GLLM,LSBLM_GLBM,LSBLM_GLGX,LSBLM_DYWZ,LSBLM_SFBB) values ('123','YXJJBC','@YXJJBCLS_KCSL@','YXJJBCLS_KCSL','YXJJBC,YXJJBCLS','YXJJBC_LSBH=YXJJBCLS_LSBH','3','库存数量','3',20,10,'1','1','库存数量','','','','YXJJBCHZ_LSBH','YXJJBCLS', 'YXJJBCHZ_FLBH=YXJJBCLS_FLBH','3','1')
go
insert into LSBLM (LSBLM_XH,LSBLM_LJBM,LSBLM_DYLM,LSBLM_SJLM,LSBLM_LYBM,LSBLM_GLTJ,LSBLM_LMWZ,LSBLM_LMSM,LSBLM_LMLX,LSBLM_LMCD,LSBLM_XSCD,LSBLM_DYXZ,LSBLM_SFXS,LSBLM_YHMC,LSBLM_DXLB,LSBLM_SORT,LSBLM_CODE,LSBLM_GLLM,LSBLM_GLBM,LSBLM_GLGX,LSBLM_DYWZ,LSBLM_SFBB) values ('124','YXJJBC','@YXJJBCLS_ZRCHJE@','YXJJBCLS_ZRCHJE','YXJJBC,YXJJBCLS','YXJJBC_LSBH=YXJJBCLS_LSBH','3','折让冲红金额','1',20,10,'1','1','折让冲红金额','','','','YXJJBCHZ_LSBH','YXJJBCLS', 'YXJJBCHZ_FLBH=YXJJBCLS_FLBH','3','1')
go
insert into LSBLM (LSBLM_XH,LSBLM_LJBM,LSBLM_DYLM,LSBLM_SJLM,LSBLM_LYBM,LSBLM_GLTJ,LSBLM_LMWZ,LSBLM_LMSM,LSBLM_LMLX,LSBLM_LMCD,LSBLM_XSCD,LSBLM_DYXZ,LSBLM_SFXS,LSBLM_YHMC,LSBLM_DXLB,LSBLM_SORT,LSBLM_CODE,LSBLM_GLLM,LSBLM_GLBM,LSBLM_GLGX,LSBLM_DYWZ,LSBLM_SFBB) values ('125','YXJJBC','@YXJJBCLS_JJSJ@','YXJJBCLS_JJSJ','YXJJBC,YXJJBCLS','YXJJBC_LSBH=YXJJBCLS_LSBH','3','中标降价时间','2',20,10,'1','1','中标降价时间','','','','YXJJBCHZ_LSBH','YXJJBCLS', 'YXJJBCHZ_FLBH=YXJJBCLS_FLBH','3','1')
go
insert into LSBLM (LSBLM_XH,LSBLM_LJBM,LSBLM_DYLM,LSBLM_SJLM,LSBLM_LYBM,LSBLM_GLTJ,LSBLM_LMWZ,LSBLM_LMSM,LSBLM_LMLX,LSBLM_LMCD,LSBLM_XSCD,LSBLM_DYXZ,LSBLM_SFXS,LSBLM_YHMC,LSBLM_DXLB,LSBLM_SORT,LSBLM_CODE,LSBLM_GLLM,LSBLM_GLBM,LSBLM_GLGX,LSBLM_DYWZ,LSBLM_SFBB) values ('126','YXJJBC','@YXJJBCLS_SYB@','YXJJBCLS_SYB','YXJJBC,YXJJBCLS','YXJJBC_LSBH=YXJJBCLS_LSBH','3','事业部','C',20,10,'1','1','事业部','','','','YXJJBCHZ_LSBH','YXJJBCLS', 'YXJJBCHZ_FLBH=YXJJBCLS_FLBH','3','1')
go
insert into LSBLM (LSBLM_XH,LSBLM_LJBM,LSBLM_DYLM,LSBLM_SJLM,LSBLM_LYBM,LSBLM_GLTJ,LSBLM_LMWZ,LSBLM_LMSM,LSBLM_LMLX,LSBLM_LMCD,LSBLM_XSCD,LSBLM_DYXZ,LSBLM_SFXS,LSBLM_YHMC,LSBLM_DXLB,LSBLM_SORT,LSBLM_CODE,LSBLM_GLLM,LSBLM_GLBM,LSBLM_GLGX,LSBLM_DYWZ,LSBLM_SFBB) values ('127','YXJJBC','@YXJJBCLS_SYB_MC@','YXSYB_SYBMC','YXJJBC,YXJJBCLS,YXSYB','YXJJBC_LSBH=YXJJBCLS_LSBH and YXJJBCLS_SYB=YXSYB_NM','3','事业部名称','C',200,15,'1','1','事业部名称','','','','YXJJBCLS_SYB','YXSYB','YXJJBCLS_SYB=YXSYB_NM','3','0')
go
insert into LSBLM (LSBLM_XH,LSBLM_LJBM,LSBLM_DYLM,LSBLM_SJLM,LSBLM_LYBM,LSBLM_GLTJ,LSBLM_LMWZ,LSBLM_LMSM,LSBLM_LMLX,LSBLM_LMCD,LSBLM_XSCD,LSBLM_DYXZ,LSBLM_SFXS,LSBLM_YHMC,LSBLM_DXLB,LSBLM_SORT,LSBLM_CODE,LSBLM_GLLM,LSBLM_GLBM,LSBLM_GLGX,LSBLM_DYWZ,LSBLM_SFBB) values ('128','YXJJBC','@YXJJBCLS_KHPSJE@','YXJJBCLS_KHPSJE','YXJJBC,YXJJBCLS','YXJJBC_LSBH=YXJJBCLS_LSBH','3','扣除考核配送费金额','1',20,10,'1','1','扣除考核配送费金额','','','','YXJJBCHZ_LSBH','YXJJBCLS', 'YXJJBCHZ_FLBH=YXJJBCLS_FLBH','3','1')
go
insert into LSBLM (LSBLM_XH,LSBLM_LJBM,LSBLM_DYLM,LSBLM_SJLM,LSBLM_LYBM,LSBLM_GLTJ,LSBLM_LMWZ,LSBLM_LMSM,LSBLM_LMLX,LSBLM_LMCD,LSBLM_XSCD,LSBLM_DYXZ,LSBLM_SFXS,LSBLM_YHMC,LSBLM_DXLB,LSBLM_SORT,LSBLM_CODE,LSBLM_GLLM,LSBLM_GLBM,LSBLM_GLGX,LSBLM_DYWZ,LSBLM_SFBB) values ('129','YXJJBC','@YXJJBCLS_KCJZRQ@','YXJJBCLS_KCJZRQ','YXJJBC,YXJJBCLS','YXJJBC_LSBH=YXJJBCLS_LSBH','3','库存截止日期','D',8,10,'1','1','库存截止日期','','','','YXJJBCHZ_LSBH','YXJJBCLS', 'YXJJBCHZ_FLBH=YXJJBCLS_FLBH','3','1')
go
insert into LSBLM (LSBLM_XH,LSBLM_LJBM,LSBLM_DYLM,LSBLM_SJLM,LSBLM_LYBM,LSBLM_GLTJ,LSBLM_LMWZ,LSBLM_LMSM,LSBLM_LMLX,LSBLM_LMCD,LSBLM_XSCD,LSBLM_DYXZ,LSBLM_SFXS,LSBLM_YHMC,LSBLM_DXLB,LSBLM_SORT,LSBLM_CODE,LSBLM_GLLM,LSBLM_GLBM,LSBLM_GLGX,LSBLM_DYWZ,LSBLM_SFBB) values ('130','YXJJBC','@YXJJBCLS_ZBBZ@','YXJJBCLS_ZBBZ','YXJJBC,YXJJBCLS','YXJJBC_LSBH=YXJJBCLS_LSBH','3','招标修改备注','C',100,15,'1','1','招标修改备注','','','','YXJJBCHZ_LSBH','YXJJBCLS', 'YXJJBCHZ_FLBH=YXJJBCLS_FLBH','3','1')
go
insert into LSBLM (LSBLM_XH,LSBLM_LJBM,LSBLM_DYLM,LSBLM_SJLM,LSBLM_LYBM,LSBLM_GLTJ,LSBLM_LMWZ,LSBLM_LMSM,LSBLM_LMLX,LSBLM_LMCD,LSBLM_XSCD,LSBLM_DYXZ,LSBLM_SFXS,LSBLM_YHMC,LSBLM_DXLB,LSBLM_SORT,LSBLM_CODE,LSBLM_GLLM,LSBLM_GLBM,LSBLM_GLGX,LSBLM_DYWZ,LSBLM_SFBB) values ('131','YXJJBC','@YXJJBCLS_SWBZ@','YXJJBCLS_SWBZ','YXJJBC,YXJJBCLS','YXJJBC_LSBH=YXJJBCLS_LSBH','3','商务修改备注','C',100,15,'1','1','商务修改备注','','','','YXJJBCHZ_LSBH','YXJJBCLS', 'YXJJBCHZ_FLBH=YXJJBCLS_FLBH','3','1')
go
insert into LSBLM (LSBLM_XH,LSBLM_LJBM,LSBLM_DYLM,LSBLM_SJLM,LSBLM_LYBM,LSBLM_GLTJ,LSBLM_LMWZ,LSBLM_LMSM,LSBLM_LMLX,LSBLM_LMCD,LSBLM_XSCD,LSBLM_DYXZ,LSBLM_SFXS,LSBLM_YHMC,LSBLM_DXLB,LSBLM_SORT,LSBLM_CODE,LSBLM_GLLM,LSBLM_GLBM,LSBLM_GLGX,LSBLM_DYWZ,LSBLM_SFBB) values ('132','YXJJBC','@YXJJBCLS_CWBZ@','YXJJBCLS_CWBZ','YXJJBC,YXJJBCLS','YXJJBC_LSBH=YXJJBCLS_LSBH','3','财务修改备注','C',100,15,'1','1','财务修改备注','','','','YXJJBCHZ_LSBH','YXJJBCLS', 'YXJJBCHZ_FLBH=YXJJBCLS_FLBH','3','1')
go
delete from LSSTRU where F_TABN='YXJJBC'
go
delete from LSSTRU where F_TABN='YXJJBC_I1'
go
delete from LSSTRU where F_TABN='YXJJBC_I2'
go
delete from LSSTRU where F_TABN='YXJJBC_I3'
go
insert into LSSTRU(F_TABN,F_COLN,F_COLA,F_DISP,F_TYPE,F_CXBZ,F_HELP,F_CODE,LSSTRU_LYBM,LSSTRU_LYTJ) values('YXJJBC','YXJJBC_GSID','核算单位','001','C','','LSBZDW&YX01,LSBZDW_DWBH,LSBZDW_DWMC','','','')
go
insert into LSSTRU(F_TABN,F_COLN,F_COLA,F_DISP,F_TYPE,F_CXBZ,F_HELP,F_CODE,LSSTRU_LYBM,LSSTRU_LYTJ) values('YXJJBC','YXJJBC_DJBH','单据编号','002','C','','','','','')
go
insert into LSSTRU(F_TABN,F_COLN,F_COLA,F_DISP,F_TYPE,F_CXBZ,F_HELP,F_CODE,LSSTRU_LYBM,LSSTRU_LYTJ) values('YXJJBC','YXJJBC_BMBH','区域','003','C','','YXBMZD&YX1,YXBMZD_BMBH,YXBMZD_BMMC','','','')
go
insert into LSSTRU(F_TABN,F_COLN,F_COLA,F_DISP,F_TYPE,F_CXBZ,F_HELP,F_CODE,LSSTRU_LYBM,LSSTRU_LYTJ) values('YXJJBC','YXJJBC_SYBBH','事业部','004','C','','YXSYB&YX1,YXSYB_SYBBH,YXSYB_SYBMC','','','')
go
insert into LSSTRU(F_TABN,F_COLN,F_COLA,F_DISP,F_TYPE,F_CXBZ,F_HELP,F_CODE,LSSTRU_LYBM,LSSTRU_LYTJ) values('YXJJBC','YXJJBC_PQBH','大区','005','C','','YXPQZD&YX1,YXPQZD_PQBH,YXPQZD_PQMC','','','')
go
insert into LSSTRU(F_TABN,F_COLN,F_COLA,F_DISP,F_TYPE,F_CXBZ,F_HELP,F_CODE,LSSTRU_LYBM,LSSTRU_LYTJ) values('YXJJBC','YXJJBC_KHBH','商业客户','006','C','','YXKHZD&YX1,YXKHZD_KHBH,YXKHZD_KHMC','','','')
go
insert into LSSTRU(F_TABN,F_COLN,F_COLA,F_DISP,F_TYPE,F_CXBZ,F_HELP,F_CODE,LSSTRU_LYBM,LSSTRU_LYTJ) values('YXJJBC','YXJJBC_ZDR','制单人','007','C','','','','','')
go
insert into LSSTRU(F_TABN,F_COLN,F_COLA,F_DISP,F_TYPE,F_CXBZ,F_HELP,F_CODE,LSSTRU_LYBM,LSSTRU_LYTJ) values('YXJJBC_I2','YXJJBCMX_GUID','唯一标识','001','C','','','','YXJJBCMX','YXJJBC_LSBH=YXJJBCMX_LSBH')
go
insert into LSSTRU(F_TABN,F_COLN,F_COLA,F_DISP,F_TYPE,F_CXBZ,F_HELP,F_CODE,LSSTRU_LYBM,LSSTRU_LYTJ) values('YXJJBC_I2','YXJJBCMX_XSDJ','销售单价','002','N','','','','YXJJBCMX','YXJJBC_LSBH=YXJJBCMX_LSBH')
go
insert into LSSTRU(F_TABN,F_COLN,F_COLA,F_DISP,F_TYPE,F_CXBZ,F_HELP,F_CODE,LSSTRU_LYBM,LSSTRU_LYTJ) values('YXJJBC_I2','YXJJBCMX_JJLX','降价类型','003','C','','','1,一次降价;2,多次降价','YXJJBCMX','YXJJBC_LSBH=YXJJBCMX_LSBH')
go
insert into LSSTRU(F_TABN,F_COLN,F_COLA,F_DISP,F_TYPE,F_CXBZ,F_HELP,F_CODE,LSSTRU_LYBM,LSSTRU_LYTJ) values('YXJJBC_I2','YXJJBCMX_MINSL','历史最小数量','004','N','','','','YXJJBCMX','YXJJBC_LSBH=YXJJBCMX_LSBH')
go
insert into LSSTRU(F_TABN,F_COLN,F_COLA,F_DISP,F_TYPE,F_CXBZ,F_HELP,F_CODE,LSSTRU_LYBM,LSSTRU_LYTJ) values('YXJJBC_I2','YXJJBCMX_SXSL','历史合计数量','005','N','','','','YXJJBCMX','YXJJBC_LSBH=YXJJBCMX_LSBH')
go
insert into LSSTRU(F_TABN,F_COLN,F_COLA,F_DISP,F_TYPE,F_CXBZ,F_HELP,F_CODE,LSSTRU_LYBM,LSSTRU_LYTJ) values('YXJJBC_I3','YXJJBCLS_GUID','唯一标识','001','C','','','','YXJJBCLS','YXJJBC_LSBH=YXJJBCLS_LSBH')
go
insert into LSSTRU(F_TABN,F_COLN,F_COLA,F_DISP,F_TYPE,F_CXBZ,F_HELP,F_CODE,LSSTRU_LYBM,LSSTRU_LYTJ) values('YXJJBC_I3','YXJJBCLS_XSDJ','销售单价','002','N','','','','YXJJBCLS','YXJJBC_LSBH=YXJJBCLS_LSBH')
go
insert into LSSTRU(F_TABN,F_COLN,F_COLA,F_DISP,F_TYPE,F_CXBZ,F_HELP,F_CODE,LSSTRU_LYBM,LSSTRU_LYTJ) values('YXJJBC_I3','YXJJBCLS_JJLX','降价类型','003','C','','','1,一次降价;2,多次降价','YXJJBCLS','YXJJBC_LSBH=YXJJBCLS_LSBH')
go
insert into LSSTRU(F_TABN,F_COLN,F_COLA,F_DISP,F_TYPE,F_CXBZ,F_HELP,F_CODE,LSSTRU_LYBM,LSSTRU_LYTJ) values('YXJJBC_I3','YXJJBCLS_SXSL','上限数量','004','N','','','','YXJJBCLS','YXJJBC_LSBH=YXJJBCLS_LSBH')
go









--价格政策
/*SDBYS2010单据信息 */
/*20191111 17:13:24*/
Create table YXJGZCBM(
YXJGZCBM_GSID varchar(40) null /*销售公司*/,
YXJGZCBM_ID varchar(40) null /*唯一标识*/,
YXJGZCBM_LY varchar(40) null /*来源*/,
YXJGZCBM_LYLS varchar(40) null /*来源流水*/,
YXJGZCBM_QDLX varchar(40) null /*渠道类型*/,
YXJGZCBM_SYB varchar(40) null /*事业部*/,
YXJGZCBM_BM varchar(40) null /*区域*/,
YXJGZCBM_KHBH varchar(40) null /*客户*/,
YXJGZCBM_ZCLX varchar(40) null /*政策类型*/,
YXJGZCBM_DRBS varchar(40) null /*导入标识*/)
go

CREATE UNIQUE INDEX YXJGZCBM on YXJGZCBM(YXJGZCBM_ID)
go

CREATE TABLE [LC0019999].[YXJGZCBMX](
	[YXJGZCBMX_DRBS] [varchar](36) NULL,
	[YXJGZCBMX_ID] [varchar](36) NULL,
	[YXJGZCBMX_LYLS] [varchar](36) NULL,
	[YXJGZCBMX_XFLXR] [varchar](40) NULL,
	[YXJGZCBMX_XFSQR] [varchar](40) NULL,
	[YXJGZCBMX_YWLXR] [varchar](40) NULL,
	[YXJGZCBMX_GSID] [varchar](40) NULL,
	[YXJGZCBMX_SYB] [varchar](40) NULL,
	[YXJGZCBMX_BM] [varchar](40) NULL,
	[YXJGZCBMX_FLBH] [varchar](40) NULL,
	[YXJGZCBMX_KHBH] [varchar](40) NULL,
	[YXJGZCBMX_WLBH] [varchar](40) NULL,
	[YXJGZCBMX_KPJ] [float] NULL,
	[YXJGZCBMX_DJ] [float] NULL,
	[YXJGZCBMX_YWRY] [varchar](40) NULL,
	[YXJGZCBMX_XLDX] [float] NULL,
	[YXJGZCBMX_KSRQ] [varchar](40) NULL,
	[YXJGZCBMX_JSRQ] [varchar](40) NULL,
	[YXJGZCBMX_LY] [char](1) NULL,
	[YXJGZCBMX_DEMO] [varchar](255) NULL,
	[YXJGZCBMX_UFQDLX] [varchar](40) NULL,
	[YXJGZCBMX_UF_ZCLX] [varchar](40) NULL,
	[YXJGZCBMX_UF_TYM] [varchar](200) NULL,
	[YXJGZCBMX_UF_SPM] [varchar](200) NULL,
	[YXJGZCBMX_UF_GG] [varchar](200) NULL,
	[YXJGZCBMX_UF_JLDW] [varchar](40) NULL,
	[YXJGZCBMX_UFKPJ2] [float] NULL,
	[YXJGZCBMX_UF_SFPD] [varchar](40) NULL,
	[YXJGZCBMX_UF_ZDRQ] [varchar](40) NULL,
	[YXJGZCBMX_UF_ZDR] [varchar](40) NULL,
	[YXJGZCBMX_SYBZ] [varchar](40) NULL,
	[YXJGZCBMX_GUID] [varchar](40) NULL,
	[YXJGZCB_IDBAK] [varchar](40) NULL
) ON [PRIMARY]
go

CREATE UNIQUE INDEX YXJGZCBMX on YXJGZCBMX(YXJGZCBMX_ID,YXJGZCBMX_FLBH)
go
/*以下是表修正语句*/
alter table YXJGZCBM add YXJGZCBM_GSID varchar(40) null
go
alter table YXJGZCBM add YXJGZCBM_ID varchar(40) null
go
alter table YXJGZCBM add YXJGZCBM_LY varchar(40) null
go
alter table YXJGZCBM add YXJGZCBM_LYLS varchar(40) null
go
alter table YXJGZCBM add YXJGZCBM_QDLX varchar(40) null
go
alter table YXJGZCBM add YXJGZCBM_SYB varchar(40) null
go
alter table YXJGZCBM add YXJGZCBM_BM varchar(40) null
go
alter table YXJGZCBM add YXJGZCBM_KHBH varchar(40) null
go
alter table YXJGZCBM add YXJGZCBM_ZCLX varchar(40) null
go
alter table YXJGZCBM add YXJGZCBM_DRBS varchar(40) null
go
/*以下是字段修正SQL需要分数据库配置或项目化迁移使用*/
alter table YXJGZCBM ALTER COLUMN YXJGZCBM_GSID varchar(40) null
go
alter table YXJGZCBM ALTER COLUMN YXJGZCBM_ID varchar(40) null
go
alter table YXJGZCBM ALTER COLUMN YXJGZCBM_LY varchar(40) null
go
alter table YXJGZCBM ALTER COLUMN YXJGZCBM_LYLS varchar(40) null
go
alter table YXJGZCBM ALTER COLUMN YXJGZCBM_QDLX varchar(40) null
go
alter table YXJGZCBM ALTER COLUMN YXJGZCBM_SYB varchar(40) null
go
alter table YXJGZCBM ALTER COLUMN YXJGZCBM_BM varchar(40) null
go
alter table YXJGZCBM ALTER COLUMN YXJGZCBM_KHBH varchar(40) null
go
alter table YXJGZCBM ALTER COLUMN YXJGZCBM_ZCLX varchar(40) null
go
alter table YXJGZCBM ALTER COLUMN YXJGZCBM_DRBS varchar(40) null
go
alter table YXJGZCBMX add YXJGZCBMX_SYBZ varchar(40) null
go
alter table YXJGZCBMX add YXJGZCBMX_DRBS varchar(36) null
go
alter table YXJGZCBMX add YXJGZCBMX_ID varchar(36) null
go
alter table YXJGZCBMX add YXJGZCBMX_LYLS varchar(36) null
go
alter table YXJGZCBMX add YXJGZCBMX_XFLXR varchar(40) null
go
alter table YXJGZCBMX add YXJGZCBMX_XFSQR varchar(40) null
go
alter table YXJGZCBMX add YXJGZCBMX_YWLXR varchar(40) null
go
alter table YXJGZCBMX add YXJGZCBMX_FLBH varchar(40) null
go
alter table YXJGZCBMX add YXJGZCBMX_WLBH varchar(40) null
go
alter table YXJGZCBMX add YXJGZCBMX_KPJ float null
go
alter table YXJGZCBMX add YXJGZCBMX_DJ float null
go
alter table YXJGZCBMX add YXJGZCBMX_YWRY varchar(40) null
go
alter table YXJGZCBMX add YXJGZCBMX_XLDX float null
go
alter table YXJGZCBMX add YXJGZCBMX_KSRQ varchar(40) null
go
alter table YXJGZCBMX add YXJGZCBMX_JSRQ varchar(40) null
go
alter table YXJGZCBMX add YXJGZCBMX_LY char(1) null
go
alter table YXJGZCBMX add YXJGZCBMX_DEMO varchar(255) null
go
alter table YXJGZCBMX add YXJGZCBMX_GUID varchar(40) null
go
/*以下是字段修正SQL需要分数据库配置或项目化迁移使用*/
alter table YXJGZCBMX ALTER COLUMN YXJGZCBMX_SYBZ varchar(40) null
go
alter table YXJGZCBMX ALTER COLUMN YXJGZCBMX_DRBS varchar(36) null
go
alter table YXJGZCBMX ALTER COLUMN YXJGZCBMX_ID varchar(36) null
go
alter table YXJGZCBMX ALTER COLUMN YXJGZCBMX_LYLS varchar(36) null
go
alter table YXJGZCBMX ALTER COLUMN YXJGZCBMX_XFLXR varchar(40) null
go
alter table YXJGZCBMX ALTER COLUMN YXJGZCBMX_XFSQR varchar(40) null
go
alter table YXJGZCBMX ALTER COLUMN YXJGZCBMX_YWLXR varchar(40) null
go
alter table YXJGZCBMX ALTER COLUMN YXJGZCBMX_FLBH varchar(40) null
go
alter table YXJGZCBMX ALTER COLUMN YXJGZCBMX_WLBH varchar(40) null
go
alter table YXJGZCBMX ALTER COLUMN YXJGZCBMX_YWRY varchar(40) null
go
alter table YXJGZCBMX ALTER COLUMN YXJGZCBMX_KSRQ varchar(40) null
go
alter table YXJGZCBMX ALTER COLUMN YXJGZCBMX_JSRQ varchar(40) null
go
alter table YXJGZCBMX ALTER COLUMN YXJGZCBMX_DEMO varchar(255) null
go
alter table YXJGZCBMX ALTER COLUMN YXJGZCBMX_GUID varchar(40) null
go

go
delete from SDSYSBILL where SDSYSBILL_ID='SDBYS2010'
go
insert into SDSYSBILL(SDSYSBILL_MKBS,SDSYSBILL_ID,SDSYSBILL_MBMC,SDSYSBILL_DYLX,SDSYSBILL_OTMODI,SDSYSBILL_LASTOPEN,SDSYSBILL_BZ,SDSYSBILL_LJBM,SDSYSBILL_SPDX,SDSYSBILL_MTABTITLE,SDSYSBILL_ITABTITLE,SDSYSBILL_MTABCOUNT,SDSYSBILL_ITABCOUNT,SDSYSBILL_FLHS,SDSYSBILL_ISLINELAYOUT,SDSYSBILL_MLSZD,SDSYSBILL_MTABLE,SDSYSBILL_CTABLE,SDSYSBILL_SHRZD,SDSYSBILL_SHBZZD,SDSYSBILL_SHLCZD,SDSYSBILL_ZDRZD,SDSYSBILL_BMZD,SDSYSBILL_ILSZD,SDSYSBILL_IFLZD,SDSYSBILL_QXBZ,SDSYSBILL_ZDRQZD,SDSYSBILL_BFEXECUT,SDSYSBILL_AFEXECUT,SDSYSBILL_DJBHZD,SDSYSBILL_QUERYEXECUT,SDSYSBILL_TYPE,SDSYSBILL_DJRQ,SDSYSBILL_DRBSZD,SDSYSBILL_DREXECUT,SDSYSBILL_SQL,SDSYSBILL_DRBFEXECUT,SDSYSBILL_LSFF,SDSYSBILL_FLKZ,SDSYSBILL_QXKZ,SDSYSBILL_ORDERSTR,SDSYSBILL_ZDQXKZ ,SDSYSBILL_AFDELEXECUT,SDSYSBILL_APPROVEEXECUT,SDSYSBILL_UNAPPROVEEXECUT,SDSYSBILL_OSQL,SDSYSBILL_IORDER ,SDSYSBILL_DRBHFS,SDSYSBILL_DRAFEXECUT,SDSYSBILL_APPDOEXECUT,SDSYSBILL_DWZD,SDSYSBILL_SPDXZD,SDSYSBILL_SHOWLOG,SDSYSBILL_SHOWVERY,SDSYSBILL_CJR,SDSYSBILL_CJRSJ,SDSYSBILL_XGR,SDSYSBILL_XGRSJ) values('SDB','SDBYS2010','价格政策制单(手工)','S','0','0','','YXJGZCBM','YXJGZCBM','基本信息','明细信息', 1 , 1 ,'5','0','YXJGZCBM_ID','YXJGZCBM','YXJGZCBMX','','','','YXJGZCBM_UF_ZDR','','YXJGZCBMX_ID','YXJGZCBMX_FLBH','','YXJGZCBM_UF_ZDRQ','SP_SDB_JGZCSG_BEFORESAVE','SP_SDB_JGZCSG_SAVE','','','1','','YXJGZCBM_DRBS','SP_SDB_JGZCSG_DR','','','GUID','0','','','0','','','','','','0','','','','','0','0','','','','')
go
update SDSYSBILL set SDSYSBILL_SKEY='4k5+87C/3jkPqOIh6xC4nA==' where SDSYSBILL_ID='SDBYS2010'
go
delete from SDSYSBILLJS where SDSYSBILLJS_ID='SDBYS2010'
go
delete from SDSYSFIELD where SDSYSFIELD_ID='SDBYS2010'
go
insert into SDSYSFIELD(SDSYSFIELD_ID,SDSYSFIELD_LMMC,SDSYSFIELD_LMZT,SDSYSFIELD_LMBM,SDSYSFIELD_TITLE,SDSYSFIELD_TABLE,SDSYSFIELD_SFBZ,SDSYSFIELD_KZBZ,SDSYSFIELD_SFSPXM,SDSYSFIELD_BZBM,SDSYSFIELD_BZBH,SDSYSFIELD_BZTJ,SDSYSFIELD_SFBT,SDSYSFIELD_XSXH,SDSYSFIELD_GLBM,SDSYSFIELD_BHZD,SDSYSFIELD_NMZD,SDSYSFIELD_MCZD,SDSYSFIELD_SQL,SDSYSFIELD_WIDTH,SDSYSFIELD_SPJD,SDSYSFIELD_TABID,SDSYSFIELD_TYPE,SDSYSFIELD_COLSPAN,SDSYSFIELD_ROWSPAN,SDSYSFIELD_LENGTH,SDSYSFIELD_DEFAULT,SDSYSFIELD_LIST,SDSYSFIELD_PRECISION,SDSYSFIELD_FIELDTYPE,SDSYSFIELD_READONLY,SDSYSFIELD_LISTFLAG,SDSYSFIELD_LOCALESTRING,SDSYSFIELD_ZDQXBH,SDSYSFIELD_DXLB,SDSYSFIELD_DRBZ,SDSYSFIELD_DRBT,SDSYSFIELD_DRXH,SDSYSFIELD_LBXH,SDSYSFIELD_ISFILTER,SDSYSFIELD_FILTERDISP,SDSYSFIELD_NEWLINE,SDSYSFIELD_NEWLINESHOW,SDSYSFIELD_NEWLINETITLE,SDSYSFIELD_GUID,SDSYSFIELD_LINKDO,SDSYSFIELD_SETSQL,SDSYSFIELD_MIN,SDSYSFIELD_MAX,SDSYSFIELD_FJMAX,SDSYSFIELD_FJEXT) values('SDBYS2010','YXJGZCBM_GSID','1','销售公司','','YXJGZCBM',' ','0',' ','LSBZDW','YX01','','0','0010','LSBZDW','LSBZDW_DWBH',' ','LSBZDW_DWMC','', 12 ,'','M1','0', 0 , 0 , 40 ,' ',' ', 0 ,'0','0',' ',' ','','','1','0', 0 , 0 ,'1','',' ','1','',' ','','','','',0,'')
go
insert into SDSYSFIELD(SDSYSFIELD_ID,SDSYSFIELD_LMMC,SDSYSFIELD_LMZT,SDSYSFIELD_LMBM,SDSYSFIELD_TITLE,SDSYSFIELD_TABLE,SDSYSFIELD_SFBZ,SDSYSFIELD_KZBZ,SDSYSFIELD_SFSPXM,SDSYSFIELD_BZBM,SDSYSFIELD_BZBH,SDSYSFIELD_BZTJ,SDSYSFIELD_SFBT,SDSYSFIELD_XSXH,SDSYSFIELD_GLBM,SDSYSFIELD_BHZD,SDSYSFIELD_NMZD,SDSYSFIELD_MCZD,SDSYSFIELD_SQL,SDSYSFIELD_WIDTH,SDSYSFIELD_SPJD,SDSYSFIELD_TABID,SDSYSFIELD_TYPE,SDSYSFIELD_COLSPAN,SDSYSFIELD_ROWSPAN,SDSYSFIELD_LENGTH,SDSYSFIELD_DEFAULT,SDSYSFIELD_LIST,SDSYSFIELD_PRECISION,SDSYSFIELD_FIELDTYPE,SDSYSFIELD_READONLY,SDSYSFIELD_LISTFLAG,SDSYSFIELD_LOCALESTRING,SDSYSFIELD_ZDQXBH,SDSYSFIELD_DXLB,SDSYSFIELD_DRBZ,SDSYSFIELD_DRBT,SDSYSFIELD_DRXH,SDSYSFIELD_LBXH,SDSYSFIELD_ISFILTER,SDSYSFIELD_FILTERDISP,SDSYSFIELD_NEWLINE,SDSYSFIELD_NEWLINESHOW,SDSYSFIELD_NEWLINETITLE,SDSYSFIELD_GUID,SDSYSFIELD_LINKDO,SDSYSFIELD_SETSQL,SDSYSFIELD_MIN,SDSYSFIELD_MAX,SDSYSFIELD_FJMAX,SDSYSFIELD_FJEXT) values('SDBYS2010','YXJGZCBM_ID','0','唯一标识','','YXJGZCBM',' ','0',' ',' ',' ','','0','0020',' ',' ',' ',' ','', 12 ,'','M1','0', 1 , 1 , 40 ,' ',' ', 2 ,'1','0',' ',' ','','','0','0', 100 , 100 ,'1','',' ','1','',' ','','','','',0,'')
go
insert into SDSYSFIELD(SDSYSFIELD_ID,SDSYSFIELD_LMMC,SDSYSFIELD_LMZT,SDSYSFIELD_LMBM,SDSYSFIELD_TITLE,SDSYSFIELD_TABLE,SDSYSFIELD_SFBZ,SDSYSFIELD_KZBZ,SDSYSFIELD_SFSPXM,SDSYSFIELD_BZBM,SDSYSFIELD_BZBH,SDSYSFIELD_BZTJ,SDSYSFIELD_SFBT,SDSYSFIELD_XSXH,SDSYSFIELD_GLBM,SDSYSFIELD_BHZD,SDSYSFIELD_NMZD,SDSYSFIELD_MCZD,SDSYSFIELD_SQL,SDSYSFIELD_WIDTH,SDSYSFIELD_SPJD,SDSYSFIELD_TABID,SDSYSFIELD_TYPE,SDSYSFIELD_COLSPAN,SDSYSFIELD_ROWSPAN,SDSYSFIELD_LENGTH,SDSYSFIELD_DEFAULT,SDSYSFIELD_LIST,SDSYSFIELD_PRECISION,SDSYSFIELD_FIELDTYPE,SDSYSFIELD_READONLY,SDSYSFIELD_LISTFLAG,SDSYSFIELD_LOCALESTRING,SDSYSFIELD_ZDQXBH,SDSYSFIELD_DXLB,SDSYSFIELD_DRBZ,SDSYSFIELD_DRBT,SDSYSFIELD_DRXH,SDSYSFIELD_LBXH,SDSYSFIELD_ISFILTER,SDSYSFIELD_FILTERDISP,SDSYSFIELD_NEWLINE,SDSYSFIELD_NEWLINESHOW,SDSYSFIELD_NEWLINETITLE,SDSYSFIELD_GUID,SDSYSFIELD_LINKDO,SDSYSFIELD_SETSQL,SDSYSFIELD_MIN,SDSYSFIELD_MAX,SDSYSFIELD_FJMAX,SDSYSFIELD_FJEXT) values('SDBYS2010','YXJGZCBM_LY','1','来源','','YXJGZCBM',' ','0',' ',' ',' ','','0','0030',' ',' ',' ',' ','', 12 ,'','M1','0', 0 , 0 , 40 ,'4','1,协议;2,调整;3,最近上次价格;4,手工', 0 ,'0','1',' ',' ','','','0','0', 0 , 0 ,'1','',' ','1','',' ','','','','',0,'')
go
insert into SDSYSFIELD(SDSYSFIELD_ID,SDSYSFIELD_LMMC,SDSYSFIELD_LMZT,SDSYSFIELD_LMBM,SDSYSFIELD_TITLE,SDSYSFIELD_TABLE,SDSYSFIELD_SFBZ,SDSYSFIELD_KZBZ,SDSYSFIELD_SFSPXM,SDSYSFIELD_BZBM,SDSYSFIELD_BZBH,SDSYSFIELD_BZTJ,SDSYSFIELD_SFBT,SDSYSFIELD_XSXH,SDSYSFIELD_GLBM,SDSYSFIELD_BHZD,SDSYSFIELD_NMZD,SDSYSFIELD_MCZD,SDSYSFIELD_SQL,SDSYSFIELD_WIDTH,SDSYSFIELD_SPJD,SDSYSFIELD_TABID,SDSYSFIELD_TYPE,SDSYSFIELD_COLSPAN,SDSYSFIELD_ROWSPAN,SDSYSFIELD_LENGTH,SDSYSFIELD_DEFAULT,SDSYSFIELD_LIST,SDSYSFIELD_PRECISION,SDSYSFIELD_FIELDTYPE,SDSYSFIELD_READONLY,SDSYSFIELD_LISTFLAG,SDSYSFIELD_LOCALESTRING,SDSYSFIELD_ZDQXBH,SDSYSFIELD_DXLB,SDSYSFIELD_DRBZ,SDSYSFIELD_DRBT,SDSYSFIELD_DRXH,SDSYSFIELD_LBXH,SDSYSFIELD_ISFILTER,SDSYSFIELD_FILTERDISP,SDSYSFIELD_NEWLINE,SDSYSFIELD_NEWLINESHOW,SDSYSFIELD_NEWLINETITLE,SDSYSFIELD_GUID,SDSYSFIELD_LINKDO,SDSYSFIELD_SETSQL,SDSYSFIELD_MIN,SDSYSFIELD_MAX,SDSYSFIELD_FJMAX,SDSYSFIELD_FJEXT) values('SDBYS2010','YXJGZCBM_LYLS','0','来源流水','','YXJGZCBM',' ','0',' ',' ',' ','','0','0040',' ',' ',' ',' ','', 12 ,'','M1','0', 1 , 1 , 40 ,' ',' ', 2 ,'0','0',' ',' ','','','0','0', 100 , 100 ,'1','',' ','1','',' ','','','','',0,'')
go
insert into SDSYSFIELD(SDSYSFIELD_ID,SDSYSFIELD_LMMC,SDSYSFIELD_LMZT,SDSYSFIELD_LMBM,SDSYSFIELD_TITLE,SDSYSFIELD_TABLE,SDSYSFIELD_SFBZ,SDSYSFIELD_KZBZ,SDSYSFIELD_SFSPXM,SDSYSFIELD_BZBM,SDSYSFIELD_BZBH,SDSYSFIELD_BZTJ,SDSYSFIELD_SFBT,SDSYSFIELD_XSXH,SDSYSFIELD_GLBM,SDSYSFIELD_BHZD,SDSYSFIELD_NMZD,SDSYSFIELD_MCZD,SDSYSFIELD_SQL,SDSYSFIELD_WIDTH,SDSYSFIELD_SPJD,SDSYSFIELD_TABID,SDSYSFIELD_TYPE,SDSYSFIELD_COLSPAN,SDSYSFIELD_ROWSPAN,SDSYSFIELD_LENGTH,SDSYSFIELD_DEFAULT,SDSYSFIELD_LIST,SDSYSFIELD_PRECISION,SDSYSFIELD_FIELDTYPE,SDSYSFIELD_READONLY,SDSYSFIELD_LISTFLAG,SDSYSFIELD_LOCALESTRING,SDSYSFIELD_ZDQXBH,SDSYSFIELD_DXLB,SDSYSFIELD_DRBZ,SDSYSFIELD_DRBT,SDSYSFIELD_DRXH,SDSYSFIELD_LBXH,SDSYSFIELD_ISFILTER,SDSYSFIELD_FILTERDISP,SDSYSFIELD_NEWLINE,SDSYSFIELD_NEWLINESHOW,SDSYSFIELD_NEWLINETITLE,SDSYSFIELD_GUID,SDSYSFIELD_LINKDO,SDSYSFIELD_SETSQL,SDSYSFIELD_MIN,SDSYSFIELD_MAX,SDSYSFIELD_FJMAX,SDSYSFIELD_FJEXT) values('SDBYS2010','YXJGZCBM_QDLX','1','渠道类型','','YXJGZCBM',' ','0',' ','YXDDYWLX','YX1','','0','0050','YXDDYWLX','YXDDYWLX_BH','YXDDYWLX_NM','YXDDYWLX_MC','', 12 ,'','M1','0', 0 , 0 , 40 ,'','', 0 ,'0','0','0',' ','','','1','0', 0 , 0 ,'1','',' ','1','',' ','','','','',0,'')
go
insert into SDSYSFIELD(SDSYSFIELD_ID,SDSYSFIELD_LMMC,SDSYSFIELD_LMZT,SDSYSFIELD_LMBM,SDSYSFIELD_TITLE,SDSYSFIELD_TABLE,SDSYSFIELD_SFBZ,SDSYSFIELD_KZBZ,SDSYSFIELD_SFSPXM,SDSYSFIELD_BZBM,SDSYSFIELD_BZBH,SDSYSFIELD_BZTJ,SDSYSFIELD_SFBT,SDSYSFIELD_XSXH,SDSYSFIELD_GLBM,SDSYSFIELD_BHZD,SDSYSFIELD_NMZD,SDSYSFIELD_MCZD,SDSYSFIELD_SQL,SDSYSFIELD_WIDTH,SDSYSFIELD_SPJD,SDSYSFIELD_TABID,SDSYSFIELD_TYPE,SDSYSFIELD_COLSPAN,SDSYSFIELD_ROWSPAN,SDSYSFIELD_LENGTH,SDSYSFIELD_DEFAULT,SDSYSFIELD_LIST,SDSYSFIELD_PRECISION,SDSYSFIELD_FIELDTYPE,SDSYSFIELD_READONLY,SDSYSFIELD_LISTFLAG,SDSYSFIELD_LOCALESTRING,SDSYSFIELD_ZDQXBH,SDSYSFIELD_DXLB,SDSYSFIELD_DRBZ,SDSYSFIELD_DRBT,SDSYSFIELD_DRXH,SDSYSFIELD_LBXH,SDSYSFIELD_ISFILTER,SDSYSFIELD_FILTERDISP,SDSYSFIELD_NEWLINE,SDSYSFIELD_NEWLINESHOW,SDSYSFIELD_NEWLINETITLE,SDSYSFIELD_GUID,SDSYSFIELD_LINKDO,SDSYSFIELD_SETSQL,SDSYSFIELD_MIN,SDSYSFIELD_MAX,SDSYSFIELD_FJMAX,SDSYSFIELD_FJEXT) values('SDBYS2010','YXJGZCBM_SYB','1','事业部','','YXJGZCBM',' ','0',' ','YXSYB','YX1','','0','0060','YXSYB','YXSYB_SYBBH','YXSYB_NM','YXSYB_SYBMC','', 12 ,'','M1','0', 0 , 0 , 40 ,' ',' ', 0 ,'0','0',' ',' ','','','0','0', 0 , 0 ,'1','',' ','1','',' ','','','','',0,'')
go
insert into SDSYSFIELD(SDSYSFIELD_ID,SDSYSFIELD_LMMC,SDSYSFIELD_LMZT,SDSYSFIELD_LMBM,SDSYSFIELD_TITLE,SDSYSFIELD_TABLE,SDSYSFIELD_SFBZ,SDSYSFIELD_KZBZ,SDSYSFIELD_SFSPXM,SDSYSFIELD_BZBM,SDSYSFIELD_BZBH,SDSYSFIELD_BZTJ,SDSYSFIELD_SFBT,SDSYSFIELD_XSXH,SDSYSFIELD_GLBM,SDSYSFIELD_BHZD,SDSYSFIELD_NMZD,SDSYSFIELD_MCZD,SDSYSFIELD_SQL,SDSYSFIELD_WIDTH,SDSYSFIELD_SPJD,SDSYSFIELD_TABID,SDSYSFIELD_TYPE,SDSYSFIELD_COLSPAN,SDSYSFIELD_ROWSPAN,SDSYSFIELD_LENGTH,SDSYSFIELD_DEFAULT,SDSYSFIELD_LIST,SDSYSFIELD_PRECISION,SDSYSFIELD_FIELDTYPE,SDSYSFIELD_READONLY,SDSYSFIELD_LISTFLAG,SDSYSFIELD_LOCALESTRING,SDSYSFIELD_ZDQXBH,SDSYSFIELD_DXLB,SDSYSFIELD_DRBZ,SDSYSFIELD_DRBT,SDSYSFIELD_DRXH,SDSYSFIELD_LBXH,SDSYSFIELD_ISFILTER,SDSYSFIELD_FILTERDISP,SDSYSFIELD_NEWLINE,SDSYSFIELD_NEWLINESHOW,SDSYSFIELD_NEWLINETITLE,SDSYSFIELD_GUID,SDSYSFIELD_LINKDO,SDSYSFIELD_SETSQL,SDSYSFIELD_MIN,SDSYSFIELD_MAX,SDSYSFIELD_FJMAX,SDSYSFIELD_FJEXT) values('SDBYS2010','YXJGZCBM_BM','1','区域','','YXJGZCBM',' ','0',' ','YXBMZD','YX1','YXBMZD_SYBZ=''1'' AND ISNULL(YXBMZD_XSBSYBZ,'''')<>''0''','0','0070','YXBMZD','YXBMZD_BMBH','YXBMZD_NM','YXBMZD_BMMC','', 12 ,'','M1','0', 0 , 0 , 40 ,' ',' ', 0 ,'0','0',' ',' ','','','0','0', 0 , 0 ,'1','',' ','1','',' ','','','','',0,'')
go
insert into SDSYSFIELD(SDSYSFIELD_ID,SDSYSFIELD_LMMC,SDSYSFIELD_LMZT,SDSYSFIELD_LMBM,SDSYSFIELD_TITLE,SDSYSFIELD_TABLE,SDSYSFIELD_SFBZ,SDSYSFIELD_KZBZ,SDSYSFIELD_SFSPXM,SDSYSFIELD_BZBM,SDSYSFIELD_BZBH,SDSYSFIELD_BZTJ,SDSYSFIELD_SFBT,SDSYSFIELD_XSXH,SDSYSFIELD_GLBM,SDSYSFIELD_BHZD,SDSYSFIELD_NMZD,SDSYSFIELD_MCZD,SDSYSFIELD_SQL,SDSYSFIELD_WIDTH,SDSYSFIELD_SPJD,SDSYSFIELD_TABID,SDSYSFIELD_TYPE,SDSYSFIELD_COLSPAN,SDSYSFIELD_ROWSPAN,SDSYSFIELD_LENGTH,SDSYSFIELD_DEFAULT,SDSYSFIELD_LIST,SDSYSFIELD_PRECISION,SDSYSFIELD_FIELDTYPE,SDSYSFIELD_READONLY,SDSYSFIELD_LISTFLAG,SDSYSFIELD_LOCALESTRING,SDSYSFIELD_ZDQXBH,SDSYSFIELD_DXLB,SDSYSFIELD_DRBZ,SDSYSFIELD_DRBT,SDSYSFIELD_DRXH,SDSYSFIELD_LBXH,SDSYSFIELD_ISFILTER,SDSYSFIELD_FILTERDISP,SDSYSFIELD_NEWLINE,SDSYSFIELD_NEWLINESHOW,SDSYSFIELD_NEWLINETITLE,SDSYSFIELD_GUID,SDSYSFIELD_LINKDO,SDSYSFIELD_SETSQL,SDSYSFIELD_MIN,SDSYSFIELD_MAX,SDSYSFIELD_FJMAX,SDSYSFIELD_FJEXT) values('SDBYS2010','YXJGZCBM_KHBH','1','客户','','YXJGZCBM',' ','0',' ','YXKHZD','YX1','','0','0080','YXKHZD','YXKHZD_KHBH','YXKHZD_NM','YXKHZD_KHMC','', 12 ,'','M1','0', 0 , 0 , 40 ,' ',' ', 0 ,'0','0',' ',' ','','','0','0', 0 , 0 ,'1','',' ','1','',' ','','','','',0,'')
go
insert into SDSYSFIELD(SDSYSFIELD_ID,SDSYSFIELD_LMMC,SDSYSFIELD_LMZT,SDSYSFIELD_LMBM,SDSYSFIELD_TITLE,SDSYSFIELD_TABLE,SDSYSFIELD_SFBZ,SDSYSFIELD_KZBZ,SDSYSFIELD_SFSPXM,SDSYSFIELD_BZBM,SDSYSFIELD_BZBH,SDSYSFIELD_BZTJ,SDSYSFIELD_SFBT,SDSYSFIELD_XSXH,SDSYSFIELD_GLBM,SDSYSFIELD_BHZD,SDSYSFIELD_NMZD,SDSYSFIELD_MCZD,SDSYSFIELD_SQL,SDSYSFIELD_WIDTH,SDSYSFIELD_SPJD,SDSYSFIELD_TABID,SDSYSFIELD_TYPE,SDSYSFIELD_COLSPAN,SDSYSFIELD_ROWSPAN,SDSYSFIELD_LENGTH,SDSYSFIELD_DEFAULT,SDSYSFIELD_LIST,SDSYSFIELD_PRECISION,SDSYSFIELD_FIELDTYPE,SDSYSFIELD_READONLY,SDSYSFIELD_LISTFLAG,SDSYSFIELD_LOCALESTRING,SDSYSFIELD_ZDQXBH,SDSYSFIELD_DXLB,SDSYSFIELD_DRBZ,SDSYSFIELD_DRBT,SDSYSFIELD_DRXH,SDSYSFIELD_LBXH,SDSYSFIELD_ISFILTER,SDSYSFIELD_FILTERDISP,SDSYSFIELD_NEWLINE,SDSYSFIELD_NEWLINESHOW,SDSYSFIELD_NEWLINETITLE,SDSYSFIELD_GUID,SDSYSFIELD_LINKDO,SDSYSFIELD_SETSQL,SDSYSFIELD_MIN,SDSYSFIELD_MAX,SDSYSFIELD_FJMAX,SDSYSFIELD_FJEXT) values('SDBYS2010','YXJGZCBM_ZCLX','1','政策类型','','YXJGZCBM',' ','0',' ',' ',' ','','0','0090',' ',' ',' ',' ','', 12 ,'','M1','0', 0 , 0 , 40 ,' ','0,各事业部普调政策;1,一般政策;2,特殊地区政策;3,特殊客户政策', 0 ,'0','0',' ',' ','','','0','0', 0 , 0 ,'1','',' ','1','',' ','','','','',0,'')
go
insert into SDSYSFIELD(SDSYSFIELD_ID,SDSYSFIELD_LMMC,SDSYSFIELD_LMZT,SDSYSFIELD_LMBM,SDSYSFIELD_TITLE,SDSYSFIELD_TABLE,SDSYSFIELD_SFBZ,SDSYSFIELD_KZBZ,SDSYSFIELD_SFSPXM,SDSYSFIELD_BZBM,SDSYSFIELD_BZBH,SDSYSFIELD_BZTJ,SDSYSFIELD_SFBT,SDSYSFIELD_XSXH,SDSYSFIELD_GLBM,SDSYSFIELD_BHZD,SDSYSFIELD_NMZD,SDSYSFIELD_MCZD,SDSYSFIELD_SQL,SDSYSFIELD_WIDTH,SDSYSFIELD_SPJD,SDSYSFIELD_TABID,SDSYSFIELD_TYPE,SDSYSFIELD_COLSPAN,SDSYSFIELD_ROWSPAN,SDSYSFIELD_LENGTH,SDSYSFIELD_DEFAULT,SDSYSFIELD_LIST,SDSYSFIELD_PRECISION,SDSYSFIELD_FIELDTYPE,SDSYSFIELD_READONLY,SDSYSFIELD_LISTFLAG,SDSYSFIELD_LOCALESTRING,SDSYSFIELD_ZDQXBH,SDSYSFIELD_DXLB,SDSYSFIELD_DRBZ,SDSYSFIELD_DRBT,SDSYSFIELD_DRXH,SDSYSFIELD_LBXH,SDSYSFIELD_ISFILTER,SDSYSFIELD_FILTERDISP,SDSYSFIELD_NEWLINE,SDSYSFIELD_NEWLINESHOW,SDSYSFIELD_NEWLINETITLE,SDSYSFIELD_GUID,SDSYSFIELD_LINKDO,SDSYSFIELD_SETSQL,SDSYSFIELD_MIN,SDSYSFIELD_MAX,SDSYSFIELD_FJMAX,SDSYSFIELD_FJEXT) values('SDBYS2010','YXJGZCBM_DRBS','1','导入标识','','YXJGZCBM',' ','0',' ',' ',' ','','0','0100',' ',' ',' ',' ','', 12 ,'','M1','0', 0 , 0 , 40 ,' ',' ', 0 ,'0','0','0',' ','','','0','0', 0 , 0 ,'1','',' ','1','',' ','','','','',0,'')
go
insert into SDSYSFIELD(SDSYSFIELD_ID,SDSYSFIELD_LMMC,SDSYSFIELD_LMZT,SDSYSFIELD_LMBM,SDSYSFIELD_TITLE,SDSYSFIELD_TABLE,SDSYSFIELD_SFBZ,SDSYSFIELD_KZBZ,SDSYSFIELD_SFSPXM,SDSYSFIELD_BZBM,SDSYSFIELD_BZBH,SDSYSFIELD_BZTJ,SDSYSFIELD_SFBT,SDSYSFIELD_XSXH,SDSYSFIELD_GLBM,SDSYSFIELD_BHZD,SDSYSFIELD_NMZD,SDSYSFIELD_MCZD,SDSYSFIELD_SQL,SDSYSFIELD_WIDTH,SDSYSFIELD_SPJD,SDSYSFIELD_TABID,SDSYSFIELD_TYPE,SDSYSFIELD_COLSPAN,SDSYSFIELD_ROWSPAN,SDSYSFIELD_LENGTH,SDSYSFIELD_DEFAULT,SDSYSFIELD_LIST,SDSYSFIELD_PRECISION,SDSYSFIELD_FIELDTYPE,SDSYSFIELD_READONLY,SDSYSFIELD_LISTFLAG,SDSYSFIELD_LOCALESTRING,SDSYSFIELD_ZDQXBH,SDSYSFIELD_DXLB,SDSYSFIELD_DRBZ,SDSYSFIELD_DRBT,SDSYSFIELD_DRXH,SDSYSFIELD_LBXH,SDSYSFIELD_ISFILTER,SDSYSFIELD_FILTERDISP,SDSYSFIELD_NEWLINE,SDSYSFIELD_NEWLINESHOW,SDSYSFIELD_NEWLINETITLE,SDSYSFIELD_GUID,SDSYSFIELD_LINKDO,SDSYSFIELD_SETSQL,SDSYSFIELD_MIN,SDSYSFIELD_MAX,SDSYSFIELD_FJMAX,SDSYSFIELD_FJEXT) values('SDBYS2010','YXJGZCBMX_SYBZ','1','使用标志','','YXJGZCBMX',' ','0',' ',' ',' ','','0','0110',' ',' ',' ',' ','', 12 ,'','I1','0', 0 , 0 , 40 ,'1','0,不使用;1,使用', 0 ,'0','0',' ',' ','','','0','0', 0 , 0 ,'1','',' ','1','',' ','','','','',0,'')
go
insert into SDSYSFIELD(SDSYSFIELD_ID,SDSYSFIELD_LMMC,SDSYSFIELD_LMZT,SDSYSFIELD_LMBM,SDSYSFIELD_TITLE,SDSYSFIELD_TABLE,SDSYSFIELD_SFBZ,SDSYSFIELD_KZBZ,SDSYSFIELD_SFSPXM,SDSYSFIELD_BZBM,SDSYSFIELD_BZBH,SDSYSFIELD_BZTJ,SDSYSFIELD_SFBT,SDSYSFIELD_XSXH,SDSYSFIELD_GLBM,SDSYSFIELD_BHZD,SDSYSFIELD_NMZD,SDSYSFIELD_MCZD,SDSYSFIELD_SQL,SDSYSFIELD_WIDTH,SDSYSFIELD_SPJD,SDSYSFIELD_TABID,SDSYSFIELD_TYPE,SDSYSFIELD_COLSPAN,SDSYSFIELD_ROWSPAN,SDSYSFIELD_LENGTH,SDSYSFIELD_DEFAULT,SDSYSFIELD_LIST,SDSYSFIELD_PRECISION,SDSYSFIELD_FIELDTYPE,SDSYSFIELD_READONLY,SDSYSFIELD_LISTFLAG,SDSYSFIELD_LOCALESTRING,SDSYSFIELD_ZDQXBH,SDSYSFIELD_DXLB,SDSYSFIELD_DRBZ,SDSYSFIELD_DRBT,SDSYSFIELD_DRXH,SDSYSFIELD_LBXH,SDSYSFIELD_ISFILTER,SDSYSFIELD_FILTERDISP,SDSYSFIELD_NEWLINE,SDSYSFIELD_NEWLINESHOW,SDSYSFIELD_NEWLINETITLE,SDSYSFIELD_GUID,SDSYSFIELD_LINKDO,SDSYSFIELD_SETSQL,SDSYSFIELD_MIN,SDSYSFIELD_MAX,SDSYSFIELD_FJMAX,SDSYSFIELD_FJEXT) values('SDBYS2010','YXJGZCBMX_DRBS','0','导入标识','','YXJGZCBMX','0','0','0',' ',' ','','0','0120',' ',' ',' ',' ','', 0 ,'','I1','0', 1 , 1 , 36 ,' ',' ', 2 ,'0','0','0','0','','','0','0', 0 , 0 ,'0','','0','1','',' ','','','','',0,'')
go
insert into SDSYSFIELD(SDSYSFIELD_ID,SDSYSFIELD_LMMC,SDSYSFIELD_LMZT,SDSYSFIELD_LMBM,SDSYSFIELD_TITLE,SDSYSFIELD_TABLE,SDSYSFIELD_SFBZ,SDSYSFIELD_KZBZ,SDSYSFIELD_SFSPXM,SDSYSFIELD_BZBM,SDSYSFIELD_BZBH,SDSYSFIELD_BZTJ,SDSYSFIELD_SFBT,SDSYSFIELD_XSXH,SDSYSFIELD_GLBM,SDSYSFIELD_BHZD,SDSYSFIELD_NMZD,SDSYSFIELD_MCZD,SDSYSFIELD_SQL,SDSYSFIELD_WIDTH,SDSYSFIELD_SPJD,SDSYSFIELD_TABID,SDSYSFIELD_TYPE,SDSYSFIELD_COLSPAN,SDSYSFIELD_ROWSPAN,SDSYSFIELD_LENGTH,SDSYSFIELD_DEFAULT,SDSYSFIELD_LIST,SDSYSFIELD_PRECISION,SDSYSFIELD_FIELDTYPE,SDSYSFIELD_READONLY,SDSYSFIELD_LISTFLAG,SDSYSFIELD_LOCALESTRING,SDSYSFIELD_ZDQXBH,SDSYSFIELD_DXLB,SDSYSFIELD_DRBZ,SDSYSFIELD_DRBT,SDSYSFIELD_DRXH,SDSYSFIELD_LBXH,SDSYSFIELD_ISFILTER,SDSYSFIELD_FILTERDISP,SDSYSFIELD_NEWLINE,SDSYSFIELD_NEWLINESHOW,SDSYSFIELD_NEWLINETITLE,SDSYSFIELD_GUID,SDSYSFIELD_LINKDO,SDSYSFIELD_SETSQL,SDSYSFIELD_MIN,SDSYSFIELD_MAX,SDSYSFIELD_FJMAX,SDSYSFIELD_FJEXT) values('SDBYS2010','YXJGZCBMX_ID','0','单据流水','','YXJGZCBMX','0','0','0',' ',' ',' ','0','0130',' ',' ',' ',' ',' ', 15 ,'','I1','0', 1 , 1 , 36 ,' ',' ', 2 ,'1','0','0','0','','','0','0', 0 , 0 ,'0','','0','1','',' ','','','','',0,'')
go
insert into SDSYSFIELD(SDSYSFIELD_ID,SDSYSFIELD_LMMC,SDSYSFIELD_LMZT,SDSYSFIELD_LMBM,SDSYSFIELD_TITLE,SDSYSFIELD_TABLE,SDSYSFIELD_SFBZ,SDSYSFIELD_KZBZ,SDSYSFIELD_SFSPXM,SDSYSFIELD_BZBM,SDSYSFIELD_BZBH,SDSYSFIELD_BZTJ,SDSYSFIELD_SFBT,SDSYSFIELD_XSXH,SDSYSFIELD_GLBM,SDSYSFIELD_BHZD,SDSYSFIELD_NMZD,SDSYSFIELD_MCZD,SDSYSFIELD_SQL,SDSYSFIELD_WIDTH,SDSYSFIELD_SPJD,SDSYSFIELD_TABID,SDSYSFIELD_TYPE,SDSYSFIELD_COLSPAN,SDSYSFIELD_ROWSPAN,SDSYSFIELD_LENGTH,SDSYSFIELD_DEFAULT,SDSYSFIELD_LIST,SDSYSFIELD_PRECISION,SDSYSFIELD_FIELDTYPE,SDSYSFIELD_READONLY,SDSYSFIELD_LISTFLAG,SDSYSFIELD_LOCALESTRING,SDSYSFIELD_ZDQXBH,SDSYSFIELD_DXLB,SDSYSFIELD_DRBZ,SDSYSFIELD_DRBT,SDSYSFIELD_DRXH,SDSYSFIELD_LBXH,SDSYSFIELD_ISFILTER,SDSYSFIELD_FILTERDISP,SDSYSFIELD_NEWLINE,SDSYSFIELD_NEWLINESHOW,SDSYSFIELD_NEWLINETITLE,SDSYSFIELD_GUID,SDSYSFIELD_LINKDO,SDSYSFIELD_SETSQL,SDSYSFIELD_MIN,SDSYSFIELD_MAX,SDSYSFIELD_FJMAX,SDSYSFIELD_FJEXT) values('SDBYS2010','YXJGZCBMX_LYLS','1','来原流水','','YXJGZCBMX','0','0','0',' ',' ','','0','0140',' ',' ',' ',' ','', 0 ,'','I1','0', 1 , 1 , 36 ,' ',' ', 2 ,'0','0','0','0','','','0','0', 0 , 0 ,'0','','0','1','',' ','','','','',0,'')
go
insert into SDSYSFIELD(SDSYSFIELD_ID,SDSYSFIELD_LMMC,SDSYSFIELD_LMZT,SDSYSFIELD_LMBM,SDSYSFIELD_TITLE,SDSYSFIELD_TABLE,SDSYSFIELD_SFBZ,SDSYSFIELD_KZBZ,SDSYSFIELD_SFSPXM,SDSYSFIELD_BZBM,SDSYSFIELD_BZBH,SDSYSFIELD_BZTJ,SDSYSFIELD_SFBT,SDSYSFIELD_XSXH,SDSYSFIELD_GLBM,SDSYSFIELD_BHZD,SDSYSFIELD_NMZD,SDSYSFIELD_MCZD,SDSYSFIELD_SQL,SDSYSFIELD_WIDTH,SDSYSFIELD_SPJD,SDSYSFIELD_TABID,SDSYSFIELD_TYPE,SDSYSFIELD_COLSPAN,SDSYSFIELD_ROWSPAN,SDSYSFIELD_LENGTH,SDSYSFIELD_DEFAULT,SDSYSFIELD_LIST,SDSYSFIELD_PRECISION,SDSYSFIELD_FIELDTYPE,SDSYSFIELD_READONLY,SDSYSFIELD_LISTFLAG,SDSYSFIELD_LOCALESTRING,SDSYSFIELD_ZDQXBH,SDSYSFIELD_DXLB,SDSYSFIELD_DRBZ,SDSYSFIELD_DRBT,SDSYSFIELD_DRXH,SDSYSFIELD_LBXH,SDSYSFIELD_ISFILTER,SDSYSFIELD_FILTERDISP,SDSYSFIELD_NEWLINE,SDSYSFIELD_NEWLINESHOW,SDSYSFIELD_NEWLINETITLE,SDSYSFIELD_GUID,SDSYSFIELD_LINKDO,SDSYSFIELD_SETSQL,SDSYSFIELD_MIN,SDSYSFIELD_MAX,SDSYSFIELD_FJMAX,SDSYSFIELD_FJEXT) values('SDBYS2010','YXJGZCBMX_XFLXR','0','需方联系人','','YXJGZCBMX','0','0','0',' ',' ',' ','0','0150',' ',' ',' ',' ',' ', 15 ,'','I1','0', 1 , 1 , 40 ,' ',' ', 2 ,'0','0','0','0','','','0','0', 0 , 0 ,'0','','0','1','',' ','','','','',0,'')
go
insert into SDSYSFIELD(SDSYSFIELD_ID,SDSYSFIELD_LMMC,SDSYSFIELD_LMZT,SDSYSFIELD_LMBM,SDSYSFIELD_TITLE,SDSYSFIELD_TABLE,SDSYSFIELD_SFBZ,SDSYSFIELD_KZBZ,SDSYSFIELD_SFSPXM,SDSYSFIELD_BZBM,SDSYSFIELD_BZBH,SDSYSFIELD_BZTJ,SDSYSFIELD_SFBT,SDSYSFIELD_XSXH,SDSYSFIELD_GLBM,SDSYSFIELD_BHZD,SDSYSFIELD_NMZD,SDSYSFIELD_MCZD,SDSYSFIELD_SQL,SDSYSFIELD_WIDTH,SDSYSFIELD_SPJD,SDSYSFIELD_TABID,SDSYSFIELD_TYPE,SDSYSFIELD_COLSPAN,SDSYSFIELD_ROWSPAN,SDSYSFIELD_LENGTH,SDSYSFIELD_DEFAULT,SDSYSFIELD_LIST,SDSYSFIELD_PRECISION,SDSYSFIELD_FIELDTYPE,SDSYSFIELD_READONLY,SDSYSFIELD_LISTFLAG,SDSYSFIELD_LOCALESTRING,SDSYSFIELD_ZDQXBH,SDSYSFIELD_DXLB,SDSYSFIELD_DRBZ,SDSYSFIELD_DRBT,SDSYSFIELD_DRXH,SDSYSFIELD_LBXH,SDSYSFIELD_ISFILTER,SDSYSFIELD_FILTERDISP,SDSYSFIELD_NEWLINE,SDSYSFIELD_NEWLINESHOW,SDSYSFIELD_NEWLINETITLE,SDSYSFIELD_GUID,SDSYSFIELD_LINKDO,SDSYSFIELD_SETSQL,SDSYSFIELD_MIN,SDSYSFIELD_MAX,SDSYSFIELD_FJMAX,SDSYSFIELD_FJEXT) values('SDBYS2010','YXJGZCBMX_XFSQR','0','需方授权人','','YXJGZCBMX','0','0','0',' ',' ',' ','0','0160',' ',' ',' ',' ',' ', 15 ,'','I1','0', 1 , 1 , 40 ,' ',' ', 2 ,'0','0','0','0','','','0','0', 0 , 0 ,'0','','0','1','',' ','','','','',0,'')
go
insert into SDSYSFIELD(SDSYSFIELD_ID,SDSYSFIELD_LMMC,SDSYSFIELD_LMZT,SDSYSFIELD_LMBM,SDSYSFIELD_TITLE,SDSYSFIELD_TABLE,SDSYSFIELD_SFBZ,SDSYSFIELD_KZBZ,SDSYSFIELD_SFSPXM,SDSYSFIELD_BZBM,SDSYSFIELD_BZBH,SDSYSFIELD_BZTJ,SDSYSFIELD_SFBT,SDSYSFIELD_XSXH,SDSYSFIELD_GLBM,SDSYSFIELD_BHZD,SDSYSFIELD_NMZD,SDSYSFIELD_MCZD,SDSYSFIELD_SQL,SDSYSFIELD_WIDTH,SDSYSFIELD_SPJD,SDSYSFIELD_TABID,SDSYSFIELD_TYPE,SDSYSFIELD_COLSPAN,SDSYSFIELD_ROWSPAN,SDSYSFIELD_LENGTH,SDSYSFIELD_DEFAULT,SDSYSFIELD_LIST,SDSYSFIELD_PRECISION,SDSYSFIELD_FIELDTYPE,SDSYSFIELD_READONLY,SDSYSFIELD_LISTFLAG,SDSYSFIELD_LOCALESTRING,SDSYSFIELD_ZDQXBH,SDSYSFIELD_DXLB,SDSYSFIELD_DRBZ,SDSYSFIELD_DRBT,SDSYSFIELD_DRXH,SDSYSFIELD_LBXH,SDSYSFIELD_ISFILTER,SDSYSFIELD_FILTERDISP,SDSYSFIELD_NEWLINE,SDSYSFIELD_NEWLINESHOW,SDSYSFIELD_NEWLINETITLE,SDSYSFIELD_GUID,SDSYSFIELD_LINKDO,SDSYSFIELD_SETSQL,SDSYSFIELD_MIN,SDSYSFIELD_MAX,SDSYSFIELD_FJMAX,SDSYSFIELD_FJEXT) values('SDBYS2010','YXJGZCBMX_YWLXR','0','业务联系人','','YXJGZCBMX','0','0','0',' ',' ',' ','0','0170',' ',' ',' ',' ',' ', 15 ,'','I1','0', 1 , 1 , 40 ,' ',' ', 2 ,'0','0','0','0','','','0','0', 0 , 0 ,'0','','0','1','',' ','','','','',0,'')
go
insert into SDSYSFIELD(SDSYSFIELD_ID,SDSYSFIELD_LMMC,SDSYSFIELD_LMZT,SDSYSFIELD_LMBM,SDSYSFIELD_TITLE,SDSYSFIELD_TABLE,SDSYSFIELD_SFBZ,SDSYSFIELD_KZBZ,SDSYSFIELD_SFSPXM,SDSYSFIELD_BZBM,SDSYSFIELD_BZBH,SDSYSFIELD_BZTJ,SDSYSFIELD_SFBT,SDSYSFIELD_XSXH,SDSYSFIELD_GLBM,SDSYSFIELD_BHZD,SDSYSFIELD_NMZD,SDSYSFIELD_MCZD,SDSYSFIELD_SQL,SDSYSFIELD_WIDTH,SDSYSFIELD_SPJD,SDSYSFIELD_TABID,SDSYSFIELD_TYPE,SDSYSFIELD_COLSPAN,SDSYSFIELD_ROWSPAN,SDSYSFIELD_LENGTH,SDSYSFIELD_DEFAULT,SDSYSFIELD_LIST,SDSYSFIELD_PRECISION,SDSYSFIELD_FIELDTYPE,SDSYSFIELD_READONLY,SDSYSFIELD_LISTFLAG,SDSYSFIELD_LOCALESTRING,SDSYSFIELD_ZDQXBH,SDSYSFIELD_DXLB,SDSYSFIELD_DRBZ,SDSYSFIELD_DRBT,SDSYSFIELD_DRXH,SDSYSFIELD_LBXH,SDSYSFIELD_ISFILTER,SDSYSFIELD_FILTERDISP,SDSYSFIELD_NEWLINE,SDSYSFIELD_NEWLINESHOW,SDSYSFIELD_NEWLINETITLE,SDSYSFIELD_GUID,SDSYSFIELD_LINKDO,SDSYSFIELD_SETSQL,SDSYSFIELD_MIN,SDSYSFIELD_MAX,SDSYSFIELD_FJMAX,SDSYSFIELD_FJEXT) values('SDBYS2010','YXJGZCBMX_FLBH','0','分录编号','','YXJGZCBMX',' ','0',' ',' ',' ','','0','0180',' ',' ',' ',' ','', 12 ,'','I1','0', 1 , 1 , 40 ,' ',' ', 2 ,'4','0',' ',' ','','','0','0', 100 , 100 ,'1','',' ','1','',' ','','','','',0,'')
go
insert into SDSYSFIELD(SDSYSFIELD_ID,SDSYSFIELD_LMMC,SDSYSFIELD_LMZT,SDSYSFIELD_LMBM,SDSYSFIELD_TITLE,SDSYSFIELD_TABLE,SDSYSFIELD_SFBZ,SDSYSFIELD_KZBZ,SDSYSFIELD_SFSPXM,SDSYSFIELD_BZBM,SDSYSFIELD_BZBH,SDSYSFIELD_BZTJ,SDSYSFIELD_SFBT,SDSYSFIELD_XSXH,SDSYSFIELD_GLBM,SDSYSFIELD_BHZD,SDSYSFIELD_NMZD,SDSYSFIELD_MCZD,SDSYSFIELD_SQL,SDSYSFIELD_WIDTH,SDSYSFIELD_SPJD,SDSYSFIELD_TABID,SDSYSFIELD_TYPE,SDSYSFIELD_COLSPAN,SDSYSFIELD_ROWSPAN,SDSYSFIELD_LENGTH,SDSYSFIELD_DEFAULT,SDSYSFIELD_LIST,SDSYSFIELD_PRECISION,SDSYSFIELD_FIELDTYPE,SDSYSFIELD_READONLY,SDSYSFIELD_LISTFLAG,SDSYSFIELD_LOCALESTRING,SDSYSFIELD_ZDQXBH,SDSYSFIELD_DXLB,SDSYSFIELD_DRBZ,SDSYSFIELD_DRBT,SDSYSFIELD_DRXH,SDSYSFIELD_LBXH,SDSYSFIELD_ISFILTER,SDSYSFIELD_FILTERDISP,SDSYSFIELD_NEWLINE,SDSYSFIELD_NEWLINESHOW,SDSYSFIELD_NEWLINETITLE,SDSYSFIELD_GUID,SDSYSFIELD_LINKDO,SDSYSFIELD_SETSQL,SDSYSFIELD_MIN,SDSYSFIELD_MAX,SDSYSFIELD_FJMAX,SDSYSFIELD_FJEXT) values('SDBYS2010','YXJGZCBMX_WLBH','1','产品','','YXJGZCBMX','1','0','0','YXWLZD','YX1',' ','1','0190','YXWLZD','YXWLZD_WLBH','YXWLZD_NM','YXWLZD_WLMC',' ', 15 ,'','I1','0', 1 , 1 , 40 ,' ',' ', 2 ,'0','0','1','0','','','1','1', 0 , 0 ,'1','','0','1','',' ','','','','',0,'')
go
insert into SDSYSFIELD(SDSYSFIELD_ID,SDSYSFIELD_LMMC,SDSYSFIELD_LMZT,SDSYSFIELD_LMBM,SDSYSFIELD_TITLE,SDSYSFIELD_TABLE,SDSYSFIELD_SFBZ,SDSYSFIELD_KZBZ,SDSYSFIELD_SFSPXM,SDSYSFIELD_BZBM,SDSYSFIELD_BZBH,SDSYSFIELD_BZTJ,SDSYSFIELD_SFBT,SDSYSFIELD_XSXH,SDSYSFIELD_GLBM,SDSYSFIELD_BHZD,SDSYSFIELD_NMZD,SDSYSFIELD_MCZD,SDSYSFIELD_SQL,SDSYSFIELD_WIDTH,SDSYSFIELD_SPJD,SDSYSFIELD_TABID,SDSYSFIELD_TYPE,SDSYSFIELD_COLSPAN,SDSYSFIELD_ROWSPAN,SDSYSFIELD_LENGTH,SDSYSFIELD_DEFAULT,SDSYSFIELD_LIST,SDSYSFIELD_PRECISION,SDSYSFIELD_FIELDTYPE,SDSYSFIELD_READONLY,SDSYSFIELD_LISTFLAG,SDSYSFIELD_LOCALESTRING,SDSYSFIELD_ZDQXBH,SDSYSFIELD_DXLB,SDSYSFIELD_DRBZ,SDSYSFIELD_DRBT,SDSYSFIELD_DRXH,SDSYSFIELD_LBXH,SDSYSFIELD_ISFILTER,SDSYSFIELD_FILTERDISP,SDSYSFIELD_NEWLINE,SDSYSFIELD_NEWLINESHOW,SDSYSFIELD_NEWLINETITLE,SDSYSFIELD_GUID,SDSYSFIELD_LINKDO,SDSYSFIELD_SETSQL,SDSYSFIELD_MIN,SDSYSFIELD_MAX,SDSYSFIELD_FJMAX,SDSYSFIELD_FJEXT) values('SDBYS2010','YXJGZCBMX_KPJ','1','开票价','','YXJGZCBMX','0','4','0',' ',' ',' ','1','0200',' ',' ',' ',' ',' ', 15 ,'','I1','1', 1 , 1 , 17 ,' ',' ', 2 ,'0','0','1','0','','','1','1', 0 , 0 ,'0','','0','1','',' ','','','','',0,'')
go
insert into SDSYSFIELD(SDSYSFIELD_ID,SDSYSFIELD_LMMC,SDSYSFIELD_LMZT,SDSYSFIELD_LMBM,SDSYSFIELD_TITLE,SDSYSFIELD_TABLE,SDSYSFIELD_SFBZ,SDSYSFIELD_KZBZ,SDSYSFIELD_SFSPXM,SDSYSFIELD_BZBM,SDSYSFIELD_BZBH,SDSYSFIELD_BZTJ,SDSYSFIELD_SFBT,SDSYSFIELD_XSXH,SDSYSFIELD_GLBM,SDSYSFIELD_BHZD,SDSYSFIELD_NMZD,SDSYSFIELD_MCZD,SDSYSFIELD_SQL,SDSYSFIELD_WIDTH,SDSYSFIELD_SPJD,SDSYSFIELD_TABID,SDSYSFIELD_TYPE,SDSYSFIELD_COLSPAN,SDSYSFIELD_ROWSPAN,SDSYSFIELD_LENGTH,SDSYSFIELD_DEFAULT,SDSYSFIELD_LIST,SDSYSFIELD_PRECISION,SDSYSFIELD_FIELDTYPE,SDSYSFIELD_READONLY,SDSYSFIELD_LISTFLAG,SDSYSFIELD_LOCALESTRING,SDSYSFIELD_ZDQXBH,SDSYSFIELD_DXLB,SDSYSFIELD_DRBZ,SDSYSFIELD_DRBT,SDSYSFIELD_DRXH,SDSYSFIELD_LBXH,SDSYSFIELD_ISFILTER,SDSYSFIELD_FILTERDISP,SDSYSFIELD_NEWLINE,SDSYSFIELD_NEWLINESHOW,SDSYSFIELD_NEWLINETITLE,SDSYSFIELD_GUID,SDSYSFIELD_LINKDO,SDSYSFIELD_SETSQL,SDSYSFIELD_MIN,SDSYSFIELD_MAX,SDSYSFIELD_FJMAX,SDSYSFIELD_FJEXT) values('SDBYS2010','YXJGZCBMX_DJ','1','底价','','YXJGZCBMX','0','4','0',' ',' ',' ','1','0210',' ',' ',' ',' ',' ', 15 ,'','I1','1', 1 , 1 , 17 ,' ',' ', 2 ,'0','0','1','0','','','1','1', 0 , 0 ,'0','','0','1','',' ','','','','',0,'')
go
insert into SDSYSFIELD(SDSYSFIELD_ID,SDSYSFIELD_LMMC,SDSYSFIELD_LMZT,SDSYSFIELD_LMBM,SDSYSFIELD_TITLE,SDSYSFIELD_TABLE,SDSYSFIELD_SFBZ,SDSYSFIELD_KZBZ,SDSYSFIELD_SFSPXM,SDSYSFIELD_BZBM,SDSYSFIELD_BZBH,SDSYSFIELD_BZTJ,SDSYSFIELD_SFBT,SDSYSFIELD_XSXH,SDSYSFIELD_GLBM,SDSYSFIELD_BHZD,SDSYSFIELD_NMZD,SDSYSFIELD_MCZD,SDSYSFIELD_SQL,SDSYSFIELD_WIDTH,SDSYSFIELD_SPJD,SDSYSFIELD_TABID,SDSYSFIELD_TYPE,SDSYSFIELD_COLSPAN,SDSYSFIELD_ROWSPAN,SDSYSFIELD_LENGTH,SDSYSFIELD_DEFAULT,SDSYSFIELD_LIST,SDSYSFIELD_PRECISION,SDSYSFIELD_FIELDTYPE,SDSYSFIELD_READONLY,SDSYSFIELD_LISTFLAG,SDSYSFIELD_LOCALESTRING,SDSYSFIELD_ZDQXBH,SDSYSFIELD_DXLB,SDSYSFIELD_DRBZ,SDSYSFIELD_DRBT,SDSYSFIELD_DRXH,SDSYSFIELD_LBXH,SDSYSFIELD_ISFILTER,SDSYSFIELD_FILTERDISP,SDSYSFIELD_NEWLINE,SDSYSFIELD_NEWLINESHOW,SDSYSFIELD_NEWLINETITLE,SDSYSFIELD_GUID,SDSYSFIELD_LINKDO,SDSYSFIELD_SETSQL,SDSYSFIELD_MIN,SDSYSFIELD_MAX,SDSYSFIELD_FJMAX,SDSYSFIELD_FJEXT) values('SDBYS2010','YXJGZCBMX_YWRY','1','业务人员','','YXJGZCBMX','1','0','0','YXRYZD','YX1','','0','0220','YXRYZD','YXRYZD_RYBH','YXRYZD_NM','YXRYZD_RYXM','', 15 ,'','I1','0', 1 , 1 , 40 ,' ',' ', 2 ,'0','0','1','0','','','1','0', 0 , 0 ,'0','','0','1','',' ','','','','',0,'')
go
insert into SDSYSFIELD(SDSYSFIELD_ID,SDSYSFIELD_LMMC,SDSYSFIELD_LMZT,SDSYSFIELD_LMBM,SDSYSFIELD_TITLE,SDSYSFIELD_TABLE,SDSYSFIELD_SFBZ,SDSYSFIELD_KZBZ,SDSYSFIELD_SFSPXM,SDSYSFIELD_BZBM,SDSYSFIELD_BZBH,SDSYSFIELD_BZTJ,SDSYSFIELD_SFBT,SDSYSFIELD_XSXH,SDSYSFIELD_GLBM,SDSYSFIELD_BHZD,SDSYSFIELD_NMZD,SDSYSFIELD_MCZD,SDSYSFIELD_SQL,SDSYSFIELD_WIDTH,SDSYSFIELD_SPJD,SDSYSFIELD_TABID,SDSYSFIELD_TYPE,SDSYSFIELD_COLSPAN,SDSYSFIELD_ROWSPAN,SDSYSFIELD_LENGTH,SDSYSFIELD_DEFAULT,SDSYSFIELD_LIST,SDSYSFIELD_PRECISION,SDSYSFIELD_FIELDTYPE,SDSYSFIELD_READONLY,SDSYSFIELD_LISTFLAG,SDSYSFIELD_LOCALESTRING,SDSYSFIELD_ZDQXBH,SDSYSFIELD_DXLB,SDSYSFIELD_DRBZ,SDSYSFIELD_DRBT,SDSYSFIELD_DRXH,SDSYSFIELD_LBXH,SDSYSFIELD_ISFILTER,SDSYSFIELD_FILTERDISP,SDSYSFIELD_NEWLINE,SDSYSFIELD_NEWLINESHOW,SDSYSFIELD_NEWLINETITLE,SDSYSFIELD_GUID,SDSYSFIELD_LINKDO,SDSYSFIELD_SETSQL,SDSYSFIELD_MIN,SDSYSFIELD_MAX,SDSYSFIELD_FJMAX,SDSYSFIELD_FJEXT) values('SDBYS2010','YXJGZCBMX_XLDX','1','销量底线','','YXJGZCBMX','0','2','0',' ',' ',' ','0','0230',' ',' ',' ',' ',' ', 15 ,'','I1','1', 1 , 1 , 17 ,' ',' ', 2 ,'0','0','1','0','','','1','0', 0 , 0 ,'0','','0','1','',' ','','','','',0,'')
go
insert into SDSYSFIELD(SDSYSFIELD_ID,SDSYSFIELD_LMMC,SDSYSFIELD_LMZT,SDSYSFIELD_LMBM,SDSYSFIELD_TITLE,SDSYSFIELD_TABLE,SDSYSFIELD_SFBZ,SDSYSFIELD_KZBZ,SDSYSFIELD_SFSPXM,SDSYSFIELD_BZBM,SDSYSFIELD_BZBH,SDSYSFIELD_BZTJ,SDSYSFIELD_SFBT,SDSYSFIELD_XSXH,SDSYSFIELD_GLBM,SDSYSFIELD_BHZD,SDSYSFIELD_NMZD,SDSYSFIELD_MCZD,SDSYSFIELD_SQL,SDSYSFIELD_WIDTH,SDSYSFIELD_SPJD,SDSYSFIELD_TABID,SDSYSFIELD_TYPE,SDSYSFIELD_COLSPAN,SDSYSFIELD_ROWSPAN,SDSYSFIELD_LENGTH,SDSYSFIELD_DEFAULT,SDSYSFIELD_LIST,SDSYSFIELD_PRECISION,SDSYSFIELD_FIELDTYPE,SDSYSFIELD_READONLY,SDSYSFIELD_LISTFLAG,SDSYSFIELD_LOCALESTRING,SDSYSFIELD_ZDQXBH,SDSYSFIELD_DXLB,SDSYSFIELD_DRBZ,SDSYSFIELD_DRBT,SDSYSFIELD_DRXH,SDSYSFIELD_LBXH,SDSYSFIELD_ISFILTER,SDSYSFIELD_FILTERDISP,SDSYSFIELD_NEWLINE,SDSYSFIELD_NEWLINESHOW,SDSYSFIELD_NEWLINETITLE,SDSYSFIELD_GUID,SDSYSFIELD_LINKDO,SDSYSFIELD_SETSQL,SDSYSFIELD_MIN,SDSYSFIELD_MAX,SDSYSFIELD_FJMAX,SDSYSFIELD_FJEXT) values('SDBYS2010','YXJGZCBMX_KSRQ','1','开始日期','','YXJGZCBMX','0','1','0',' ',' ',' ','1','0240',' ',' ',' ',' ',' ', 15 ,'','I1','0', 1 , 1 , 40 ,'YYYYMMDD',' ', 2 ,'0','0','1','0','','','1','1', 0 , 0 ,'0','','0','1','',' ','','','','',0,'')
go
insert into SDSYSFIELD(SDSYSFIELD_ID,SDSYSFIELD_LMMC,SDSYSFIELD_LMZT,SDSYSFIELD_LMBM,SDSYSFIELD_TITLE,SDSYSFIELD_TABLE,SDSYSFIELD_SFBZ,SDSYSFIELD_KZBZ,SDSYSFIELD_SFSPXM,SDSYSFIELD_BZBM,SDSYSFIELD_BZBH,SDSYSFIELD_BZTJ,SDSYSFIELD_SFBT,SDSYSFIELD_XSXH,SDSYSFIELD_GLBM,SDSYSFIELD_BHZD,SDSYSFIELD_NMZD,SDSYSFIELD_MCZD,SDSYSFIELD_SQL,SDSYSFIELD_WIDTH,SDSYSFIELD_SPJD,SDSYSFIELD_TABID,SDSYSFIELD_TYPE,SDSYSFIELD_COLSPAN,SDSYSFIELD_ROWSPAN,SDSYSFIELD_LENGTH,SDSYSFIELD_DEFAULT,SDSYSFIELD_LIST,SDSYSFIELD_PRECISION,SDSYSFIELD_FIELDTYPE,SDSYSFIELD_READONLY,SDSYSFIELD_LISTFLAG,SDSYSFIELD_LOCALESTRING,SDSYSFIELD_ZDQXBH,SDSYSFIELD_DXLB,SDSYSFIELD_DRBZ,SDSYSFIELD_DRBT,SDSYSFIELD_DRXH,SDSYSFIELD_LBXH,SDSYSFIELD_ISFILTER,SDSYSFIELD_FILTERDISP,SDSYSFIELD_NEWLINE,SDSYSFIELD_NEWLINESHOW,SDSYSFIELD_NEWLINETITLE,SDSYSFIELD_GUID,SDSYSFIELD_LINKDO,SDSYSFIELD_SETSQL,SDSYSFIELD_MIN,SDSYSFIELD_MAX,SDSYSFIELD_FJMAX,SDSYSFIELD_FJEXT) values('SDBYS2010','YXJGZCBMX_JSRQ','1','结束日期','','YXJGZCBMX','0','1','0',' ',' ',' ','1','0250',' ',' ',' ',' ',' ', 15 ,'','I1','0', 1 , 1 , 40 ,'30001231',' ', 2 ,'0','0','1','0','','','1','0', 0 , 0 ,'0','','0','1','',' ','','','','',0,'')
go
insert into SDSYSFIELD(SDSYSFIELD_ID,SDSYSFIELD_LMMC,SDSYSFIELD_LMZT,SDSYSFIELD_LMBM,SDSYSFIELD_TITLE,SDSYSFIELD_TABLE,SDSYSFIELD_SFBZ,SDSYSFIELD_KZBZ,SDSYSFIELD_SFSPXM,SDSYSFIELD_BZBM,SDSYSFIELD_BZBH,SDSYSFIELD_BZTJ,SDSYSFIELD_SFBT,SDSYSFIELD_XSXH,SDSYSFIELD_GLBM,SDSYSFIELD_BHZD,SDSYSFIELD_NMZD,SDSYSFIELD_MCZD,SDSYSFIELD_SQL,SDSYSFIELD_WIDTH,SDSYSFIELD_SPJD,SDSYSFIELD_TABID,SDSYSFIELD_TYPE,SDSYSFIELD_COLSPAN,SDSYSFIELD_ROWSPAN,SDSYSFIELD_LENGTH,SDSYSFIELD_DEFAULT,SDSYSFIELD_LIST,SDSYSFIELD_PRECISION,SDSYSFIELD_FIELDTYPE,SDSYSFIELD_READONLY,SDSYSFIELD_LISTFLAG,SDSYSFIELD_LOCALESTRING,SDSYSFIELD_ZDQXBH,SDSYSFIELD_DXLB,SDSYSFIELD_DRBZ,SDSYSFIELD_DRBT,SDSYSFIELD_DRXH,SDSYSFIELD_LBXH,SDSYSFIELD_ISFILTER,SDSYSFIELD_FILTERDISP,SDSYSFIELD_NEWLINE,SDSYSFIELD_NEWLINESHOW,SDSYSFIELD_NEWLINETITLE,SDSYSFIELD_GUID,SDSYSFIELD_LINKDO,SDSYSFIELD_SETSQL,SDSYSFIELD_MIN,SDSYSFIELD_MAX,SDSYSFIELD_FJMAX,SDSYSFIELD_FJEXT) values('SDBYS2010','YXJGZCBMX_LY','0','来源','','YXJGZCBMX','0','0','0',' ',' ','','0','0260',' ',' ',' ',' ','', 15 ,'','I1','0', 1 , 1 , 1 ,'4','1,协议;2,调整;3,最近上次价格;4,手工', 2 ,'0','1','1','0','','','0','0', 0 , 0 ,'0','','1','1','',' ','','','','',0,'')
go
insert into SDSYSFIELD(SDSYSFIELD_ID,SDSYSFIELD_LMMC,SDSYSFIELD_LMZT,SDSYSFIELD_LMBM,SDSYSFIELD_TITLE,SDSYSFIELD_TABLE,SDSYSFIELD_SFBZ,SDSYSFIELD_KZBZ,SDSYSFIELD_SFSPXM,SDSYSFIELD_BZBM,SDSYSFIELD_BZBH,SDSYSFIELD_BZTJ,SDSYSFIELD_SFBT,SDSYSFIELD_XSXH,SDSYSFIELD_GLBM,SDSYSFIELD_BHZD,SDSYSFIELD_NMZD,SDSYSFIELD_MCZD,SDSYSFIELD_SQL,SDSYSFIELD_WIDTH,SDSYSFIELD_SPJD,SDSYSFIELD_TABID,SDSYSFIELD_TYPE,SDSYSFIELD_COLSPAN,SDSYSFIELD_ROWSPAN,SDSYSFIELD_LENGTH,SDSYSFIELD_DEFAULT,SDSYSFIELD_LIST,SDSYSFIELD_PRECISION,SDSYSFIELD_FIELDTYPE,SDSYSFIELD_READONLY,SDSYSFIELD_LISTFLAG,SDSYSFIELD_LOCALESTRING,SDSYSFIELD_ZDQXBH,SDSYSFIELD_DXLB,SDSYSFIELD_DRBZ,SDSYSFIELD_DRBT,SDSYSFIELD_DRXH,SDSYSFIELD_LBXH,SDSYSFIELD_ISFILTER,SDSYSFIELD_FILTERDISP,SDSYSFIELD_NEWLINE,SDSYSFIELD_NEWLINESHOW,SDSYSFIELD_NEWLINETITLE,SDSYSFIELD_GUID,SDSYSFIELD_LINKDO,SDSYSFIELD_SETSQL,SDSYSFIELD_MIN,SDSYSFIELD_MAX,SDSYSFIELD_FJMAX,SDSYSFIELD_FJEXT) values('SDBYS2010','YXJGZCBMX_DEMO','1','备注','','YXJGZCBMX','0','0','0','','','','0','0270','','','','','', 15 ,'','I1','0', 1 , 1 , 255 ,'','', 2 ,'0','0','0','0','','','1','0', 0 , 0 ,'1','','0','1','',' ','','','','',0,'')
go
insert into SDSYSFIELD(SDSYSFIELD_ID,SDSYSFIELD_LMMC,SDSYSFIELD_LMZT,SDSYSFIELD_LMBM,SDSYSFIELD_TITLE,SDSYSFIELD_TABLE,SDSYSFIELD_SFBZ,SDSYSFIELD_KZBZ,SDSYSFIELD_SFSPXM,SDSYSFIELD_BZBM,SDSYSFIELD_BZBH,SDSYSFIELD_BZTJ,SDSYSFIELD_SFBT,SDSYSFIELD_XSXH,SDSYSFIELD_GLBM,SDSYSFIELD_BHZD,SDSYSFIELD_NMZD,SDSYSFIELD_MCZD,SDSYSFIELD_SQL,SDSYSFIELD_WIDTH,SDSYSFIELD_SPJD,SDSYSFIELD_TABID,SDSYSFIELD_TYPE,SDSYSFIELD_COLSPAN,SDSYSFIELD_ROWSPAN,SDSYSFIELD_LENGTH,SDSYSFIELD_DEFAULT,SDSYSFIELD_LIST,SDSYSFIELD_PRECISION,SDSYSFIELD_FIELDTYPE,SDSYSFIELD_READONLY,SDSYSFIELD_LISTFLAG,SDSYSFIELD_LOCALESTRING,SDSYSFIELD_ZDQXBH,SDSYSFIELD_DXLB,SDSYSFIELD_DRBZ,SDSYSFIELD_DRBT,SDSYSFIELD_DRXH,SDSYSFIELD_LBXH,SDSYSFIELD_ISFILTER,SDSYSFIELD_FILTERDISP,SDSYSFIELD_NEWLINE,SDSYSFIELD_NEWLINESHOW,SDSYSFIELD_NEWLINETITLE,SDSYSFIELD_GUID,SDSYSFIELD_LINKDO,SDSYSFIELD_SETSQL,SDSYSFIELD_MIN,SDSYSFIELD_MAX,SDSYSFIELD_FJMAX,SDSYSFIELD_FJEXT) values('SDBYS2010','YXJGZCBMX_GUID','0','行唯一标识','','YXJGZCBMX',' ','0',' ',' ',' ','','0','0280',' ',' ',' ',' ','', 12 ,'','I1','0', 0 , 0 , 40 ,' ',' ', 0 ,'0','0',' ','','','','0','0', 0 , 0 ,'1','',' ','1','',' ','','','','',0,'')
go
delete from SDBILLMGR where SDBILLMGR_ID='SDBYS2010'
go
insert into SDBILLMGR(SDBILLMGR_ID,SDBILLMGR_TYPE,SDBILLMGR_NAME,SDBILLMGR_GNXH,SDBILLMGR_GNBH,SDBILLMGR_URL,SDBILLMGR_ICO) values('SDBYS2010','0','价格政策制单(手工)','0','SDBYS2010A','NetBill/NetBillMain.aspx?BILLID=SDBYS2010&CHECK=0',' ')
go
delete from LSGNZD where F_GNBH='SDBYS2010A'
go
insert into LSGNZD(F_GNBH,F_GNMC ) values('SDBYS2010A','价格政策制单(手工)')
go
delete from LSGNZDEX where LSGNZDEX_GNBH='SDBYS2010A'
go
insert into LSGNZDEX( LSGNZDEX_GNBH,LSGNZDEX_URL ,LSGNZDEX_XTYL, LSGNZDEX_LJBM ,LSGNZDEX_DJLS,LSGNZDEX_ICO) values('SDBYS2010A','NetBill/NetBillMain.aspx?BILLID=SDBYS2010&CHECK=0','S','YXJGZCBM','YXJGZCBM_ID',' ')
go
insert into SDBILLMGR(SDBILLMGR_ID,SDBILLMGR_TYPE,SDBILLMGR_NAME,SDBILLMGR_GNXH,SDBILLMGR_GNBH,SDBILLMGR_URL,SDBILLMGR_ICO) values('SDBYS2010','1','价格政策查询(手工)','11','SDBYS2010H','NetBill/SD_ListMgr/SD_List_Mgr.aspx?ListID=SDBYS2010H',' ')
go
delete from LSGNZD where F_GNBH='SDBYS2010H'
go
insert into LSGNZD(F_GNBH,F_GNMC ) values('SDBYS2010H','价格政策查询(手工)')
go
delete from LSGNZDEX where LSGNZDEX_GNBH='SDBYS2010H'
go
insert into LSGNZDEX( LSGNZDEX_GNBH,LSGNZDEX_URL ,LSGNZDEX_XTYL, LSGNZDEX_LJBM ,LSGNZDEX_DJLS,LSGNZDEX_ICO) values('SDBYS2010H','NetBill/SD_ListMgr/SD_List_Mgr.aspx?ListID=SDBYS2010H','S','YXJGZCBM','YXJGZCBM_ID',' ')
go
delete from SDSYSBUTTON where SDSYSBUTTON_ID='SDBYS2010'
go
insert into SDSYSBUTTON(SDSYSBUTTON_ID,SDSYSBUTTON_BTNID,SDSYSBUTTON_BTNNAME,SDSYSBUTTON_TITLE,SDSYSBUTTON_TYPE,SDSYSBUTTON_SYBZ,SDSYSBUTTON_POSITION,SDSYSBUTTON_ORDER,SDSYSBUTTON_ALTK,SDSYSBUTTON_CLASSNAME,SDSYSBUTTON_ZDSD,SDSYSBUTTON_JHAN,SDSYSBUTTON_SDAN,SDSYSBUTTON_SCRIPT) values('SDBYS2010','BtnS01','增加','','0','1','0', 1 ,' ',' ','0',' ',' ',' 
newBill();')
go
insert into SDSYSBUTTON(SDSYSBUTTON_ID,SDSYSBUTTON_BTNID,SDSYSBUTTON_BTNNAME,SDSYSBUTTON_TITLE,SDSYSBUTTON_TYPE,SDSYSBUTTON_SYBZ,SDSYSBUTTON_POSITION,SDSYSBUTTON_ORDER,SDSYSBUTTON_ALTK,SDSYSBUTTON_CLASSNAME,SDSYSBUTTON_ZDSD,SDSYSBUTTON_JHAN,SDSYSBUTTON_SDAN,SDSYSBUTTON_SCRIPT) values('SDBYS2010','BtnS02','修改','','0','1','0', 5 ,'M',' ','0',' ',' ',' 
modifyBill();')
go
insert into SDSYSBUTTON(SDSYSBUTTON_ID,SDSYSBUTTON_BTNID,SDSYSBUTTON_BTNNAME,SDSYSBUTTON_TITLE,SDSYSBUTTON_TYPE,SDSYSBUTTON_SYBZ,SDSYSBUTTON_POSITION,SDSYSBUTTON_ORDER,SDSYSBUTTON_ALTK,SDSYSBUTTON_CLASSNAME,SDSYSBUTTON_ZDSD,SDSYSBUTTON_JHAN,SDSYSBUTTON_SDAN,SDSYSBUTTON_SCRIPT) values('SDBYS2010','BtnS03','删除','','0','1','0', 10 ,'D',' ','0',' ',' ',' 
deleteBill();')
go
insert into SDSYSBUTTON(SDSYSBUTTON_ID,SDSYSBUTTON_BTNID,SDSYSBUTTON_BTNNAME,SDSYSBUTTON_TITLE,SDSYSBUTTON_TYPE,SDSYSBUTTON_SYBZ,SDSYSBUTTON_POSITION,SDSYSBUTTON_ORDER,SDSYSBUTTON_ALTK,SDSYSBUTTON_CLASSNAME,SDSYSBUTTON_ZDSD,SDSYSBUTTON_JHAN,SDSYSBUTTON_SDAN,SDSYSBUTTON_SCRIPT) values('SDBYS2010','BtnS04','保存','','0','1','0', 15 ,'S',' ','0',' ',' ',' 
Save(''0'');')
go
insert into SDSYSBUTTON(SDSYSBUTTON_ID,SDSYSBUTTON_BTNID,SDSYSBUTTON_BTNNAME,SDSYSBUTTON_TITLE,SDSYSBUTTON_TYPE,SDSYSBUTTON_SYBZ,SDSYSBUTTON_POSITION,SDSYSBUTTON_ORDER,SDSYSBUTTON_ALTK,SDSYSBUTTON_CLASSNAME,SDSYSBUTTON_ZDSD,SDSYSBUTTON_JHAN,SDSYSBUTTON_SDAN,SDSYSBUTTON_SCRIPT) values('SDBYS2010','BtnRAdd','分录','','0','1','0', 16 ,' ',' ','0',' ',' ',' 
  var my_Menu  = new class_Menu(null,gs_Item_Menu,100,71); ')
go
insert into SDSYSBUTTON(SDSYSBUTTON_ID,SDSYSBUTTON_BTNID,SDSYSBUTTON_BTNNAME,SDSYSBUTTON_TITLE,SDSYSBUTTON_TYPE,SDSYSBUTTON_SYBZ,SDSYSBUTTON_POSITION,SDSYSBUTTON_ORDER,SDSYSBUTTON_ALTK,SDSYSBUTTON_CLASSNAME,SDSYSBUTTON_ZDSD,SDSYSBUTTON_JHAN,SDSYSBUTTON_SDAN,SDSYSBUTTON_SCRIPT) values('SDBYS2010','BtnS28','数据导入','','0','1','0', 135 ,' ',' ','0',' ',' ',' 
if(checkModify()==false)  
 return ;  
window.open("TeledataInport.aspx?BILLID=SDBYS2010","_self","");')
go
insert into SDSYSBUTTON(SDSYSBUTTON_ID,SDSYSBUTTON_BTNID,SDSYSBUTTON_BTNNAME,SDSYSBUTTON_TITLE,SDSYSBUTTON_TYPE,SDSYSBUTTON_SYBZ,SDSYSBUTTON_POSITION,SDSYSBUTTON_ORDER,SDSYSBUTTON_ALTK,SDSYSBUTTON_CLASSNAME,SDSYSBUTTON_ZDSD,SDSYSBUTTON_JHAN,SDSYSBUTTON_SDAN,SDSYSBUTTON_SCRIPT) values('SDBYS2010','BtnS21','查找','','1','1','0', 0 ,'F',' ','0',' ',' ',' 
  
var my_Menu  = new class_Menu(null,gs_Find_Menu,100,135);')
go
insert into SDSYSBUTTON(SDSYSBUTTON_ID,SDSYSBUTTON_BTNID,SDSYSBUTTON_BTNNAME,SDSYSBUTTON_TITLE,SDSYSBUTTON_TYPE,SDSYSBUTTON_SYBZ,SDSYSBUTTON_POSITION,SDSYSBUTTON_ORDER,SDSYSBUTTON_ALTK,SDSYSBUTTON_CLASSNAME,SDSYSBUTTON_ZDSD,SDSYSBUTTON_JHAN,SDSYSBUTTON_SDAN,SDSYSBUTTON_SCRIPT) values('SDBYS2010','BtnSPXG','修改','审批修改','1','1','0', 1 ,' ',' ','0',' ',' ','approve(0);')
go
insert into SDSYSBUTTON(SDSYSBUTTON_ID,SDSYSBUTTON_BTNID,SDSYSBUTTON_BTNNAME,SDSYSBUTTON_TITLE,SDSYSBUTTON_TYPE,SDSYSBUTTON_SYBZ,SDSYSBUTTON_POSITION,SDSYSBUTTON_ORDER,SDSYSBUTTON_ALTK,SDSYSBUTTON_CLASSNAME,SDSYSBUTTON_ZDSD,SDSYSBUTTON_JHAN,SDSYSBUTTON_SDAN,SDSYSBUTTON_SCRIPT) values('SDBYS2010','BtnSPBC','保存','审批保存','1','1','0', 2 ,' ',' ','0',' ',' ','Save(''1'');')
go
insert into SDSYSBUTTON(SDSYSBUTTON_ID,SDSYSBUTTON_BTNID,SDSYSBUTTON_BTNNAME,SDSYSBUTTON_TITLE,SDSYSBUTTON_TYPE,SDSYSBUTTON_SYBZ,SDSYSBUTTON_POSITION,SDSYSBUTTON_ORDER,SDSYSBUTTON_ALTK,SDSYSBUTTON_CLASSNAME,SDSYSBUTTON_ZDSD,SDSYSBUTTON_JHAN,SDSYSBUTTON_SDAN,SDSYSBUTTON_SCRIPT) values('SDBYS2010','BtnS22','通过','','1','1','0', 5 ,'P',' ','0',' ',' ',' 
approve(1);')
go
insert into SDSYSBUTTON(SDSYSBUTTON_ID,SDSYSBUTTON_BTNID,SDSYSBUTTON_BTNNAME,SDSYSBUTTON_TITLE,SDSYSBUTTON_TYPE,SDSYSBUTTON_SYBZ,SDSYSBUTTON_POSITION,SDSYSBUTTON_ORDER,SDSYSBUTTON_ALTK,SDSYSBUTTON_CLASSNAME,SDSYSBUTTON_ZDSD,SDSYSBUTTON_JHAN,SDSYSBUTTON_SDAN,SDSYSBUTTON_SCRIPT) values('SDBYS2010','BtnS23','否决','','1','1','0', 15 ,'N',' ','0',' ',' ',' 
approve(2);')
go
insert into SDSYSBUTTON(SDSYSBUTTON_ID,SDSYSBUTTON_BTNID,SDSYSBUTTON_BTNNAME,SDSYSBUTTON_TITLE,SDSYSBUTTON_TYPE,SDSYSBUTTON_SYBZ,SDSYSBUTTON_POSITION,SDSYSBUTTON_ORDER,SDSYSBUTTON_ALTK,SDSYSBUTTON_CLASSNAME,SDSYSBUTTON_ZDSD,SDSYSBUTTON_JHAN,SDSYSBUTTON_SDAN,SDSYSBUTTON_SCRIPT) values('SDBYS2010','BtnS24','取消','','1','1','0', 20 ,'U',' ','0',' ',' ',' 
approve(3);')
go
insert into SDSYSBUTTON(SDSYSBUTTON_ID,SDSYSBUTTON_BTNID,SDSYSBUTTON_BTNNAME,SDSYSBUTTON_TITLE,SDSYSBUTTON_TYPE,SDSYSBUTTON_SYBZ,SDSYSBUTTON_POSITION,SDSYSBUTTON_ORDER,SDSYSBUTTON_ALTK,SDSYSBUTTON_CLASSNAME,SDSYSBUTTON_ZDSD,SDSYSBUTTON_JHAN,SDSYSBUTTON_SDAN,SDSYSBUTTON_SCRIPT) values('SDBYS2010','BtnS25','审批','','1','1','0', 26 ,'O',' ','0',' ',' ',' 
  
var my_Approve  = new class_Menu(null,gs_Approve_Menu,100,373);')
go
insert into SDSYSBUTTON(SDSYSBUTTON_ID,SDSYSBUTTON_BTNID,SDSYSBUTTON_BTNNAME,SDSYSBUTTON_TITLE,SDSYSBUTTON_TYPE,SDSYSBUTTON_SYBZ,SDSYSBUTTON_POSITION,SDSYSBUTTON_ORDER,SDSYSBUTTON_ALTK,SDSYSBUTTON_CLASSNAME,SDSYSBUTTON_ZDSD,SDSYSBUTTON_JHAN,SDSYSBUTTON_SDAN,SDSYSBUTTON_SCRIPT) values('SDBYS2010','BtnS27','审批','','2','1','0', 130 ,' ',' ','0',' ',' ',' 
  
var my_Approve  = new class_Menu(null,gs_Approve_Menu,100,373);')
go
/*单据高级设置*/
delete from SDSYSBILLAD where SDSYSBILLAD_ID='SDBYS2010'
go
delete from WDSQL where WDSQL_DJBH='YXJGZCBM'
go
delete from PPSPDX where PPSPDX_YWID='YXJGZCBM'
go
insert into PPSPDX(PPSPDX_YWID,PPSPDX_YWMC,PPSPDX_SFXY,PPSPDX_SYS,PPSPDX_ZDTJ,PPSPDX_TSTJ,PPSPDX_DXTZ,PPSPDX_ISMSLC,PPSPDX_QXBZ) values('YXJGZCBM','价格政策制单(手工)','1','SDB','0','0','0','1','')
go
delete from PPSPGS where PPSPGS_YWID='YXJGZCBM'
go
insert into PPSPGS(PPSPGS_YWID,PPSPGS_GSBH, PPSPGS_GSMC, PPSPGS_GSLX, PPSPGS_GSNR,PPSPGS_HELP, PPSPGS_CODE ) values('YXJGZCBM','001','$区域$','C','select YXJGZCBM_BM from YXJGZCBM where YXJGZCBM_ID=?','YXBMZD&YX1,YXBMZD_BMBH,YXBMZD_BMMC','')
go
insert into PPSPGS(PPSPGS_YWID,PPSPGS_GSBH, PPSPGS_GSMC, PPSPGS_GSLX, PPSPGS_GSNR,PPSPGS_HELP, PPSPGS_CODE ) values('YXJGZCBM','002','$导入标识$','C','select YXJGZCBM_DRBS from YXJGZCBM where YXJGZCBM_ID=?',' ','')
go
insert into PPSPGS(PPSPGS_YWID,PPSPGS_GSBH, PPSPGS_GSMC, PPSPGS_GSLX, PPSPGS_GSNR,PPSPGS_HELP, PPSPGS_CODE ) values('YXJGZCBM','003','$销售公司$','C','select YXJGZCBM_GSID from YXJGZCBM where YXJGZCBM_ID=?','LSBZDW&YX01,LSBZDW_DWBH,LSBZDW_DWMC','')
go
insert into PPSPGS(PPSPGS_YWID,PPSPGS_GSBH, PPSPGS_GSMC, PPSPGS_GSLX, PPSPGS_GSNR,PPSPGS_HELP, PPSPGS_CODE ) values('YXJGZCBM','004','$唯一标识$','C','select YXJGZCBM_ID from YXJGZCBM where YXJGZCBM_ID=?',' ','')
go
insert into PPSPGS(PPSPGS_YWID,PPSPGS_GSBH, PPSPGS_GSMC, PPSPGS_GSLX, PPSPGS_GSNR,PPSPGS_HELP, PPSPGS_CODE ) values('YXJGZCBM','005','$客户$','C','select YXJGZCBM_KHBH from YXJGZCBM where YXJGZCBM_ID=?','YXKHZD&YX1,YXKHZD_KHBH,YXKHZD_KHMC','')
go
insert into PPSPGS(PPSPGS_YWID,PPSPGS_GSBH, PPSPGS_GSMC, PPSPGS_GSLX, PPSPGS_GSNR,PPSPGS_HELP, PPSPGS_CODE ) values('YXJGZCBM','006','$来源$','C','select YXJGZCBM_LY from YXJGZCBM where YXJGZCBM_ID=?',' ','1,协议;2,调整;3,最近上次价格;4,手工')
go
insert into PPSPGS(PPSPGS_YWID,PPSPGS_GSBH, PPSPGS_GSMC, PPSPGS_GSLX, PPSPGS_GSNR,PPSPGS_HELP, PPSPGS_CODE ) values('YXJGZCBM','007','$来源流水$','C','select YXJGZCBM_LYLS from YXJGZCBM where YXJGZCBM_ID=?',' ','')
go
insert into PPSPGS(PPSPGS_YWID,PPSPGS_GSBH, PPSPGS_GSMC, PPSPGS_GSLX, PPSPGS_GSNR,PPSPGS_HELP, PPSPGS_CODE ) values('YXJGZCBM','008','$渠道类型$','C','select YXJGZCBM_QDLX from YXJGZCBM where YXJGZCBM_ID=?','YXDDYWLX&YX1,YXDDYWLX_BH,YXDDYWLX_MC','')
go
insert into PPSPGS(PPSPGS_YWID,PPSPGS_GSBH, PPSPGS_GSMC, PPSPGS_GSLX, PPSPGS_GSNR,PPSPGS_HELP, PPSPGS_CODE ) values('YXJGZCBM','009','$事业部$','C','select YXJGZCBM_SYB from YXJGZCBM where YXJGZCBM_ID=?','YXSYB&YX1,YXSYB_SYBBH,YXSYB_SYBMC','')
go
insert into PPSPGS(PPSPGS_YWID,PPSPGS_GSBH, PPSPGS_GSMC, PPSPGS_GSLX, PPSPGS_GSNR,PPSPGS_HELP, PPSPGS_CODE ) values('YXJGZCBM','010','$政策类型$','C','select YXJGZCBM_ZCLX from YXJGZCBM where YXJGZCBM_ID=?',' ','0,各事业部普调政策;1,一般政策;2,特殊地区政策;3,特殊客户政策')
go
delete from JSBHOBJ where JSBHOBJ_OBJID='YXJGZCBM'
go
delete from JSBHRULE where JSBHRULE_OBJID='YXJGZCBM'
go
DELETE FROM YXGN WHERE YXGN_BH='YXJGZCBM'
go
insert into YXGN(YXGN_BH,YXGN_MC,YXGN_ZXT,YXGN_LX,YXGN_BZ) values('YXJGZCBM','价格政策制单(手工)','SD','0','表名')
go
DELETE FROM LSSJB WHERE LSSJB_LJBM='YXJGZCBM'
go
INSERT INTO LSSJB (LSSJB_XTBH,LSSJB_LJBM,LSSJB_BSM,LSSJB_FLSX,LSSJB_DYGS,LSSJB_SJBM,LSSJB_FLTJ,LSSJB_GLTJ,LSSJB_GLGX,LSSJB_SORT) VALUES('SDB','YXJGZCBM','价格政策制单(手工)','2',' ','YXJGZCBM,YXJGZCBMX','','YXJGZCBM_ID=YXJGZCBMX_ID','唯一标识@YXJGZCBM_ID@,单据流水@YXJGZCBMX_ID@','YXJGZCBM_ID#YXJGZCBMX_ID')
go
DELETE FROM LSSJBEX WHERE LSSJBEX_LJBM='YXJGZCBM'
go
INSERT INTO LSSJBEX (LSSJBEX_LJBM,LSSJBEX_FXBM,LSSJBEX_FXMC,LSSJBEX_SJBM,LSSJBEX_LMWZ,LSSJBEX_GLTJ,LSSJBEX_ZB,LSSJBEX_ZBGLZD,LSSJBEX_CBGLZD,LSSJBEX_SORT) VALUES('YXJGZCBM','YXJGZCBM','价格政策制单(手工)','YXJGZCBM','0',' ',' ',' ',' ','YXJGZCBM_ID')
go
delete from LSBLM where LSBLM_LJBM='YXJGZCBM' and LSBLM_XH not like 'Z%'
go
insert into LSBLM (LSBLM_XH,LSBLM_LJBM,LSBLM_DYLM,LSBLM_SJLM,LSBLM_LYBM,LSBLM_GLTJ,LSBLM_LMWZ,LSBLM_LMSM,LSBLM_LMLX,LSBLM_LMCD,LSBLM_XSCD,LSBLM_DYXZ,LSBLM_SFXS,LSBLM_YHMC,LSBLM_DXLB,LSBLM_SORT,LSBLM_CODE,LSBLM_GLLM,LSBLM_GLBM,LSBLM_GLGX,LSBLM_DYWZ,LSBLM_SFBB) values ('001','YXJGZCBM','@YXJGZCBM_GSID@','YXJGZCBM_GSID','YXJGZCBM','','0','销售公司','C',200,12,'1','1','销售公司','','',' ',' ',' ',' ','0','1')
go
insert into LSBLM (LSBLM_XH,LSBLM_LJBM,LSBLM_DYLM,LSBLM_SJLM,LSBLM_LYBM,LSBLM_GLTJ,LSBLM_LMWZ,LSBLM_LMSM,LSBLM_LMLX,LSBLM_LMCD,LSBLM_XSCD,LSBLM_DYXZ,LSBLM_SFXS,LSBLM_YHMC,LSBLM_DXLB,LSBLM_SORT,LSBLM_CODE,LSBLM_GLLM,LSBLM_GLBM,LSBLM_GLGX,LSBLM_DYWZ,LSBLM_SFBB) values ('002','YXJGZCBM','@YXJGZCBM_GSID_MC@','LSBZDW_DWMC','YXJGZCBM,LSBZDW','YXJGZCBM_GSID=LSBZDW_DWBH','0','销售公司名称','C',200,15,'1','1','销售公司名称','','','','YXJGZCBM_GSID','LSBZDW','YXJGZCBM_GSID=LSBZDW_DWBH','0','0')
go
insert into LSBLM (LSBLM_XH,LSBLM_LJBM,LSBLM_DYLM,LSBLM_SJLM,LSBLM_LYBM,LSBLM_GLTJ,LSBLM_LMWZ,LSBLM_LMSM,LSBLM_LMLX,LSBLM_LMCD,LSBLM_XSCD,LSBLM_DYXZ,LSBLM_SFXS,LSBLM_YHMC,LSBLM_DXLB,LSBLM_SORT,LSBLM_CODE,LSBLM_GLLM,LSBLM_GLBM,LSBLM_GLGX,LSBLM_DYWZ,LSBLM_SFBB) values ('003','YXJGZCBM','@YXJGZCBM_ID@','YXJGZCBM_ID','YXJGZCBM','','0','唯一标识','C',200,12,'1','1','唯一标识','','',' ',' ',' ',' ','0','1')
go
insert into LSBLM (LSBLM_XH,LSBLM_LJBM,LSBLM_DYLM,LSBLM_SJLM,LSBLM_LYBM,LSBLM_GLTJ,LSBLM_LMWZ,LSBLM_LMSM,LSBLM_LMLX,LSBLM_LMCD,LSBLM_XSCD,LSBLM_DYXZ,LSBLM_SFXS,LSBLM_YHMC,LSBLM_DXLB,LSBLM_SORT,LSBLM_CODE,LSBLM_GLLM,LSBLM_GLBM,LSBLM_GLGX,LSBLM_DYWZ,LSBLM_SFBB) values ('004','YXJGZCBM','@YXJGZCBM_LY@','YXJGZCBM_LY','YXJGZCBM','','0','来源','C',200,12,'1','1','来源','','','1,协议;2,调整;3,最近上次价格;4,手工',' ',' ',' ','0','1')
go
insert into LSBLM (LSBLM_XH,LSBLM_LJBM,LSBLM_DYLM,LSBLM_SJLM,LSBLM_LYBM,LSBLM_GLTJ,LSBLM_LMWZ,LSBLM_LMSM,LSBLM_LMLX,LSBLM_LMCD,LSBLM_XSCD,LSBLM_DYXZ,LSBLM_SFXS,LSBLM_YHMC,LSBLM_DXLB,LSBLM_SORT,LSBLM_CODE,LSBLM_GLLM,LSBLM_GLBM,LSBLM_GLGX,LSBLM_DYWZ,LSBLM_SFBB) values ('005','YXJGZCBM','@YXJGZCBM_LYLS@','YXJGZCBM_LYLS','YXJGZCBM','','0','来源流水','C',200,12,'1','1','来源流水','','',' ',' ',' ',' ','0','1')
go
insert into LSBLM (LSBLM_XH,LSBLM_LJBM,LSBLM_DYLM,LSBLM_SJLM,LSBLM_LYBM,LSBLM_GLTJ,LSBLM_LMWZ,LSBLM_LMSM,LSBLM_LMLX,LSBLM_LMCD,LSBLM_XSCD,LSBLM_DYXZ,LSBLM_SFXS,LSBLM_YHMC,LSBLM_DXLB,LSBLM_SORT,LSBLM_CODE,LSBLM_GLLM,LSBLM_GLBM,LSBLM_GLGX,LSBLM_DYWZ,LSBLM_SFBB) values ('006','YXJGZCBM','@YXJGZCBM_QDLX@','YXJGZCBM_QDLX','YXJGZCBM','','0','渠道类型','C',40,12,'1','1','渠道类型','','','',' ',' ',' ','0','1')
go
insert into LSBLM (LSBLM_XH,LSBLM_LJBM,LSBLM_DYLM,LSBLM_SJLM,LSBLM_LYBM,LSBLM_GLTJ,LSBLM_LMWZ,LSBLM_LMSM,LSBLM_LMLX,LSBLM_LMCD,LSBLM_XSCD,LSBLM_DYXZ,LSBLM_SFXS,LSBLM_YHMC,LSBLM_DXLB,LSBLM_SORT,LSBLM_CODE,LSBLM_GLLM,LSBLM_GLBM,LSBLM_GLGX,LSBLM_DYWZ,LSBLM_SFBB) values ('007','YXJGZCBM','@YXJGZCBM_QDLX_MC@','YXDDYWLX_MC','YXJGZCBM,YXDDYWLX','YXJGZCBM_QDLX=YXDDYWLX_NM','0','渠道类型名称','C',200,15,'1','1','渠道类型名称','','','','YXJGZCBM_QDLX','YXDDYWLX','YXJGZCBM_QDLX=YXDDYWLX_NM','0','0')
go
insert into LSBLM (LSBLM_XH,LSBLM_LJBM,LSBLM_DYLM,LSBLM_SJLM,LSBLM_LYBM,LSBLM_GLTJ,LSBLM_LMWZ,LSBLM_LMSM,LSBLM_LMLX,LSBLM_LMCD,LSBLM_XSCD,LSBLM_DYXZ,LSBLM_SFXS,LSBLM_YHMC,LSBLM_DXLB,LSBLM_SORT,LSBLM_CODE,LSBLM_GLLM,LSBLM_GLBM,LSBLM_GLGX,LSBLM_DYWZ,LSBLM_SFBB) values ('008','YXJGZCBM','@YXJGZCBM_SYB@','YXJGZCBM_SYB','YXJGZCBM','','0','事业部','C',200,12,'1','1','事业部','','',' ',' ',' ',' ','0','1')
go
insert into LSBLM (LSBLM_XH,LSBLM_LJBM,LSBLM_DYLM,LSBLM_SJLM,LSBLM_LYBM,LSBLM_GLTJ,LSBLM_LMWZ,LSBLM_LMSM,LSBLM_LMLX,LSBLM_LMCD,LSBLM_XSCD,LSBLM_DYXZ,LSBLM_SFXS,LSBLM_YHMC,LSBLM_DXLB,LSBLM_SORT,LSBLM_CODE,LSBLM_GLLM,LSBLM_GLBM,LSBLM_GLGX,LSBLM_DYWZ,LSBLM_SFBB) values ('009','YXJGZCBM','@YXJGZCBM_SYB_MC@','YXSYB_SYBMC','YXJGZCBM,YXSYB','YXJGZCBM_SYB=YXSYB_NM','0','事业部名称','C',200,15,'1','1','事业部名称','','','','YXJGZCBM_SYB','YXSYB','YXJGZCBM_SYB=YXSYB_NM','0','0')
go
insert into LSBLM (LSBLM_XH,LSBLM_LJBM,LSBLM_DYLM,LSBLM_SJLM,LSBLM_LYBM,LSBLM_GLTJ,LSBLM_LMWZ,LSBLM_LMSM,LSBLM_LMLX,LSBLM_LMCD,LSBLM_XSCD,LSBLM_DYXZ,LSBLM_SFXS,LSBLM_YHMC,LSBLM_DXLB,LSBLM_SORT,LSBLM_CODE,LSBLM_GLLM,LSBLM_GLBM,LSBLM_GLGX,LSBLM_DYWZ,LSBLM_SFBB) values ('010','YXJGZCBM','@YXJGZCBM_BM@','YXJGZCBM_BM','YXJGZCBM','','0','区域','C',200,12,'1','1','区域','','',' ',' ',' ',' ','0','1')
go
insert into LSBLM (LSBLM_XH,LSBLM_LJBM,LSBLM_DYLM,LSBLM_SJLM,LSBLM_LYBM,LSBLM_GLTJ,LSBLM_LMWZ,LSBLM_LMSM,LSBLM_LMLX,LSBLM_LMCD,LSBLM_XSCD,LSBLM_DYXZ,LSBLM_SFXS,LSBLM_YHMC,LSBLM_DXLB,LSBLM_SORT,LSBLM_CODE,LSBLM_GLLM,LSBLM_GLBM,LSBLM_GLGX,LSBLM_DYWZ,LSBLM_SFBB) values ('011','YXJGZCBM','@YXJGZCBM_BM_MC@','YXBMZD_BMMC','YXJGZCBM,YXBMZD','YXJGZCBM_BM=YXBMZD_NM','0','区域名称','C',200,15,'1','1','区域名称','','','','YXJGZCBM_BM','YXBMZD','YXJGZCBM_BM=YXBMZD_NM','0','0')
go
insert into LSBLM (LSBLM_XH,LSBLM_LJBM,LSBLM_DYLM,LSBLM_SJLM,LSBLM_LYBM,LSBLM_GLTJ,LSBLM_LMWZ,LSBLM_LMSM,LSBLM_LMLX,LSBLM_LMCD,LSBLM_XSCD,LSBLM_DYXZ,LSBLM_SFXS,LSBLM_YHMC,LSBLM_DXLB,LSBLM_SORT,LSBLM_CODE,LSBLM_GLLM,LSBLM_GLBM,LSBLM_GLGX,LSBLM_DYWZ,LSBLM_SFBB) values ('012','YXJGZCBM','@YXJGZCBM_KHBH@','YXJGZCBM_KHBH','YXJGZCBM','','0','客户','C',200,12,'1','1','客户','','',' ',' ',' ',' ','0','1')
go
insert into LSBLM (LSBLM_XH,LSBLM_LJBM,LSBLM_DYLM,LSBLM_SJLM,LSBLM_LYBM,LSBLM_GLTJ,LSBLM_LMWZ,LSBLM_LMSM,LSBLM_LMLX,LSBLM_LMCD,LSBLM_XSCD,LSBLM_DYXZ,LSBLM_SFXS,LSBLM_YHMC,LSBLM_DXLB,LSBLM_SORT,LSBLM_CODE,LSBLM_GLLM,LSBLM_GLBM,LSBLM_GLGX,LSBLM_DYWZ,LSBLM_SFBB) values ('013','YXJGZCBM','@YXJGZCBM_KHBH_MC@','YXKHZD_KHMC','YXJGZCBM,YXKHZD','YXJGZCBM_KHBH=YXKHZD_NM','0','客户名称','C',200,15,'1','1','客户名称','','','','YXJGZCBM_KHBH','YXKHZD','YXJGZCBM_KHBH=YXKHZD_NM','0','0')
go
insert into LSBLM (LSBLM_XH,LSBLM_LJBM,LSBLM_DYLM,LSBLM_SJLM,LSBLM_LYBM,LSBLM_GLTJ,LSBLM_LMWZ,LSBLM_LMSM,LSBLM_LMLX,LSBLM_LMCD,LSBLM_XSCD,LSBLM_DYXZ,LSBLM_SFXS,LSBLM_YHMC,LSBLM_DXLB,LSBLM_SORT,LSBLM_CODE,LSBLM_GLLM,LSBLM_GLBM,LSBLM_GLGX,LSBLM_DYWZ,LSBLM_SFBB) values ('014','YXJGZCBM','@YXJGZCBM_ZCLX@','YXJGZCBM_ZCLX','YXJGZCBM','','0','政策类型','C',200,12,'1','1','政策类型','','','0,各事业部普调政策;1,一般政策;2,特殊地区政策;3,特殊客户政策',' ',' ',' ','0','1')
go
insert into LSBLM (LSBLM_XH,LSBLM_LJBM,LSBLM_DYLM,LSBLM_SJLM,LSBLM_LYBM,LSBLM_GLTJ,LSBLM_LMWZ,LSBLM_LMSM,LSBLM_LMLX,LSBLM_LMCD,LSBLM_XSCD,LSBLM_DYXZ,LSBLM_SFXS,LSBLM_YHMC,LSBLM_DXLB,LSBLM_SORT,LSBLM_CODE,LSBLM_GLLM,LSBLM_GLBM,LSBLM_GLGX,LSBLM_DYWZ,LSBLM_SFBB) values ('015','YXJGZCBM','@YXJGZCBM_DRBS@','YXJGZCBM_DRBS','YXJGZCBM','','0','导入标识','C',200,12,'1','1','导入标识','','',' ',' ',' ',' ','0','1')
go
insert into LSBLM (LSBLM_XH,LSBLM_LJBM,LSBLM_DYLM,LSBLM_SJLM,LSBLM_LYBM,LSBLM_GLTJ,LSBLM_LMWZ,LSBLM_LMSM,LSBLM_LMLX,LSBLM_LMCD,LSBLM_XSCD,LSBLM_DYXZ,LSBLM_SFXS,LSBLM_YHMC,LSBLM_DXLB,LSBLM_SORT,LSBLM_CODE,LSBLM_GLLM,LSBLM_GLBM,LSBLM_GLGX,LSBLM_DYWZ,LSBLM_SFBB) values ('016','YXJGZCBM','@YXJGZCBMX_SYBZ@','YXJGZCBMX_SYBZ','YXJGZCBM,YXJGZCBMX','YXJGZCBM_ID=YXJGZCBMX_ID','1','使用标志','C',200,12,'1','1','使用标志','','','0,不使用;1,使用',' ',' ',' ','1','1')
go
insert into LSBLM (LSBLM_XH,LSBLM_LJBM,LSBLM_DYLM,LSBLM_SJLM,LSBLM_LYBM,LSBLM_GLTJ,LSBLM_LMWZ,LSBLM_LMSM,LSBLM_LMLX,LSBLM_LMCD,LSBLM_XSCD,LSBLM_DYXZ,LSBLM_SFXS,LSBLM_YHMC,LSBLM_DXLB,LSBLM_SORT,LSBLM_CODE,LSBLM_GLLM,LSBLM_GLBM,LSBLM_GLGX,LSBLM_DYWZ,LSBLM_SFBB) values ('017','YXJGZCBM','@YXJGZCBMX_DRBS@','YXJGZCBMX_DRBS','YXJGZCBM,YXJGZCBMX','YXJGZCBM_ID=YXJGZCBMX_ID','1','导入标识','C',200,0,'1','1','导入标识','','',' ',' ',' ',' ','1','1')
go
insert into LSBLM (LSBLM_XH,LSBLM_LJBM,LSBLM_DYLM,LSBLM_SJLM,LSBLM_LYBM,LSBLM_GLTJ,LSBLM_LMWZ,LSBLM_LMSM,LSBLM_LMLX,LSBLM_LMCD,LSBLM_XSCD,LSBLM_DYXZ,LSBLM_SFXS,LSBLM_YHMC,LSBLM_DXLB,LSBLM_SORT,LSBLM_CODE,LSBLM_GLLM,LSBLM_GLBM,LSBLM_GLGX,LSBLM_DYWZ,LSBLM_SFBB) values ('018','YXJGZCBM','@YXJGZCBMX_ID@','YXJGZCBMX_ID','YXJGZCBM,YXJGZCBMX','YXJGZCBM_ID=YXJGZCBMX_ID','1','单据流水','C',200,15,'1','1','单据流水','','',' ',' ',' ',' ','1','1')
go
insert into LSBLM (LSBLM_XH,LSBLM_LJBM,LSBLM_DYLM,LSBLM_SJLM,LSBLM_LYBM,LSBLM_GLTJ,LSBLM_LMWZ,LSBLM_LMSM,LSBLM_LMLX,LSBLM_LMCD,LSBLM_XSCD,LSBLM_DYXZ,LSBLM_SFXS,LSBLM_YHMC,LSBLM_DXLB,LSBLM_SORT,LSBLM_CODE,LSBLM_GLLM,LSBLM_GLBM,LSBLM_GLGX,LSBLM_DYWZ,LSBLM_SFBB) values ('019','YXJGZCBM','@YXJGZCBMX_LYLS@','YXJGZCBMX_LYLS','YXJGZCBM,YXJGZCBMX','YXJGZCBM_ID=YXJGZCBMX_ID','1','来原流水','C',200,0,'1','1','来原流水','','',' ',' ',' ',' ','1','1')
go
insert into LSBLM (LSBLM_XH,LSBLM_LJBM,LSBLM_DYLM,LSBLM_SJLM,LSBLM_LYBM,LSBLM_GLTJ,LSBLM_LMWZ,LSBLM_LMSM,LSBLM_LMLX,LSBLM_LMCD,LSBLM_XSCD,LSBLM_DYXZ,LSBLM_SFXS,LSBLM_YHMC,LSBLM_DXLB,LSBLM_SORT,LSBLM_CODE,LSBLM_GLLM,LSBLM_GLBM,LSBLM_GLGX,LSBLM_DYWZ,LSBLM_SFBB) values ('020','YXJGZCBM','@YXJGZCBMX_XFLXR@','YXJGZCBMX_XFLXR','YXJGZCBM,YXJGZCBMX','YXJGZCBM_ID=YXJGZCBMX_ID','1','需方联系人','C',200,15,'1','1','需方联系人','','',' ',' ',' ',' ','1','1')
go
insert into LSBLM (LSBLM_XH,LSBLM_LJBM,LSBLM_DYLM,LSBLM_SJLM,LSBLM_LYBM,LSBLM_GLTJ,LSBLM_LMWZ,LSBLM_LMSM,LSBLM_LMLX,LSBLM_LMCD,LSBLM_XSCD,LSBLM_DYXZ,LSBLM_SFXS,LSBLM_YHMC,LSBLM_DXLB,LSBLM_SORT,LSBLM_CODE,LSBLM_GLLM,LSBLM_GLBM,LSBLM_GLGX,LSBLM_DYWZ,LSBLM_SFBB) values ('021','YXJGZCBM','@YXJGZCBMX_XFSQR@','YXJGZCBMX_XFSQR','YXJGZCBM,YXJGZCBMX','YXJGZCBM_ID=YXJGZCBMX_ID','1','需方授权人','C',200,15,'1','1','需方授权人','','',' ',' ',' ',' ','1','1')
go
insert into LSBLM (LSBLM_XH,LSBLM_LJBM,LSBLM_DYLM,LSBLM_SJLM,LSBLM_LYBM,LSBLM_GLTJ,LSBLM_LMWZ,LSBLM_LMSM,LSBLM_LMLX,LSBLM_LMCD,LSBLM_XSCD,LSBLM_DYXZ,LSBLM_SFXS,LSBLM_YHMC,LSBLM_DXLB,LSBLM_SORT,LSBLM_CODE,LSBLM_GLLM,LSBLM_GLBM,LSBLM_GLGX,LSBLM_DYWZ,LSBLM_SFBB) values ('022','YXJGZCBM','@YXJGZCBMX_YWLXR@','YXJGZCBMX_YWLXR','YXJGZCBM,YXJGZCBMX','YXJGZCBM_ID=YXJGZCBMX_ID','1','业务联系人','C',200,15,'1','1','业务联系人','','',' ',' ',' ',' ','1','1')
go
insert into LSBLM (LSBLM_XH,LSBLM_LJBM,LSBLM_DYLM,LSBLM_SJLM,LSBLM_LYBM,LSBLM_GLTJ,LSBLM_LMWZ,LSBLM_LMSM,LSBLM_LMLX,LSBLM_LMCD,LSBLM_XSCD,LSBLM_DYXZ,LSBLM_SFXS,LSBLM_YHMC,LSBLM_DXLB,LSBLM_SORT,LSBLM_CODE,LSBLM_GLLM,LSBLM_GLBM,LSBLM_GLGX,LSBLM_DYWZ,LSBLM_SFBB) values ('023','YXJGZCBM','@YXJGZCBMX_FLBH@','YXJGZCBMX_FLBH','YXJGZCBM,YXJGZCBMX','YXJGZCBM_ID=YXJGZCBMX_ID','1','分录编号','C',200,12,'1','1','分录编号','','',' ',' ',' ',' ','1','1')
go
insert into LSBLM (LSBLM_XH,LSBLM_LJBM,LSBLM_DYLM,LSBLM_SJLM,LSBLM_LYBM,LSBLM_GLTJ,LSBLM_LMWZ,LSBLM_LMSM,LSBLM_LMLX,LSBLM_LMCD,LSBLM_XSCD,LSBLM_DYXZ,LSBLM_SFXS,LSBLM_YHMC,LSBLM_DXLB,LSBLM_SORT,LSBLM_CODE,LSBLM_GLLM,LSBLM_GLBM,LSBLM_GLGX,LSBLM_DYWZ,LSBLM_SFBB) values ('024','YXJGZCBM','@YXJGZCBMX_WLBH@','YXJGZCBMX_WLBH','YXJGZCBM,YXJGZCBMX','YXJGZCBM_ID=YXJGZCBMX_ID','1','产品','C',200,15,'1','1','产品','','',' ',' ',' ',' ','1','1')
go
insert into LSBLM (LSBLM_XH,LSBLM_LJBM,LSBLM_DYLM,LSBLM_SJLM,LSBLM_LYBM,LSBLM_GLTJ,LSBLM_LMWZ,LSBLM_LMSM,LSBLM_LMLX,LSBLM_LMCD,LSBLM_XSCD,LSBLM_DYXZ,LSBLM_SFXS,LSBLM_YHMC,LSBLM_DXLB,LSBLM_SORT,LSBLM_CODE,LSBLM_GLLM,LSBLM_GLBM,LSBLM_GLGX,LSBLM_DYWZ,LSBLM_SFBB) values ('025','YXJGZCBM','@YXJGZCBMX_WLBH_MC@','YXWLZD_WLMC','YXJGZCBM,YXJGZCBMX,YXWLZD', 'YXJGZCBM_ID=YXJGZCBMX_ID and YXJGZCBMX_WLBH=YXWLZD_NM','1','产品名称','C',200,15,'1','1','产品名称','','','','YXJGZCBMX_WLBH','YXWLZD','YXJGZCBMX_WLBH=YXWLZD_NM and ','1','0')
go
insert into LSBLM (LSBLM_XH,LSBLM_LJBM,LSBLM_DYLM,LSBLM_SJLM,LSBLM_LYBM,LSBLM_GLTJ,LSBLM_LMWZ,LSBLM_LMSM,LSBLM_LMLX,LSBLM_LMCD,LSBLM_XSCD,LSBLM_DYXZ,LSBLM_SFXS,LSBLM_YHMC,LSBLM_DXLB,LSBLM_SORT,LSBLM_CODE,LSBLM_GLLM,LSBLM_GLBM,LSBLM_GLGX,LSBLM_DYWZ,LSBLM_SFBB) values ('026','YXJGZCBM','@YXJGZCBMX_WLBH_GGXH@','YXWLZD_GGXH','YXJGZCBM,YXJGZCBMX,YXWLZD', 'YXJGZCBM_ID=YXJGZCBMX_ID and YXJGZCBMX_WLBH=YXWLZD_NM','1','产品规格','C',200,15,'1','1','产品规格','','','','YXJGZCBMX_WLBH','YXWLZD','YXJGZCBMX_WLBH=YXWLZD_NM and ','1','0')
go
insert into LSBLM (LSBLM_XH,LSBLM_LJBM,LSBLM_DYLM,LSBLM_SJLM,LSBLM_LYBM,LSBLM_GLTJ,LSBLM_LMWZ,LSBLM_LMSM,LSBLM_LMLX,LSBLM_LMCD,LSBLM_XSCD,LSBLM_DYXZ,LSBLM_SFXS,LSBLM_YHMC,LSBLM_DXLB,LSBLM_SORT,LSBLM_CODE,LSBLM_GLLM,LSBLM_GLBM,LSBLM_GLGX,LSBLM_DYWZ,LSBLM_SFBB) values ('027','YXJGZCBM','@YXJGZCBMX_KPJ@','YXJGZCBMX_KPJ','YXJGZCBM,YXJGZCBMX','YXJGZCBM_ID=YXJGZCBMX_ID','1','开票价','1',200,15,'1','1','开票价','','',' ',' ',' ',' ','1','1')
go
insert into LSBLM (LSBLM_XH,LSBLM_LJBM,LSBLM_DYLM,LSBLM_SJLM,LSBLM_LYBM,LSBLM_GLTJ,LSBLM_LMWZ,LSBLM_LMSM,LSBLM_LMLX,LSBLM_LMCD,LSBLM_XSCD,LSBLM_DYXZ,LSBLM_SFXS,LSBLM_YHMC,LSBLM_DXLB,LSBLM_SORT,LSBLM_CODE,LSBLM_GLLM,LSBLM_GLBM,LSBLM_GLGX,LSBLM_DYWZ,LSBLM_SFBB) values ('028','YXJGZCBM','@YXJGZCBMX_DJ@','YXJGZCBMX_DJ','YXJGZCBM,YXJGZCBMX','YXJGZCBM_ID=YXJGZCBMX_ID','1','底价','1',200,15,'1','1','底价','','',' ',' ',' ',' ','1','1')
go
insert into LSBLM (LSBLM_XH,LSBLM_LJBM,LSBLM_DYLM,LSBLM_SJLM,LSBLM_LYBM,LSBLM_GLTJ,LSBLM_LMWZ,LSBLM_LMSM,LSBLM_LMLX,LSBLM_LMCD,LSBLM_XSCD,LSBLM_DYXZ,LSBLM_SFXS,LSBLM_YHMC,LSBLM_DXLB,LSBLM_SORT,LSBLM_CODE,LSBLM_GLLM,LSBLM_GLBM,LSBLM_GLGX,LSBLM_DYWZ,LSBLM_SFBB) values ('029','YXJGZCBM','@YXJGZCBMX_YWRY@','YXJGZCBMX_YWRY','YXJGZCBM,YXJGZCBMX','YXJGZCBM_ID=YXJGZCBMX_ID','1','业务人员','C',200,15,'1','1','业务人员','','',' ',' ',' ',' ','1','1')
go
insert into LSBLM (LSBLM_XH,LSBLM_LJBM,LSBLM_DYLM,LSBLM_SJLM,LSBLM_LYBM,LSBLM_GLTJ,LSBLM_LMWZ,LSBLM_LMSM,LSBLM_LMLX,LSBLM_LMCD,LSBLM_XSCD,LSBLM_DYXZ,LSBLM_SFXS,LSBLM_YHMC,LSBLM_DXLB,LSBLM_SORT,LSBLM_CODE,LSBLM_GLLM,LSBLM_GLBM,LSBLM_GLGX,LSBLM_DYWZ,LSBLM_SFBB) values ('030','YXJGZCBM','@YXJGZCBMX_YWRY_MC@','YXRYZD_RYXM','YXJGZCBM,YXJGZCBMX,YXRYZD', 'YXJGZCBM_ID=YXJGZCBMX_ID and YXJGZCBMX_YWRY=YXRYZD_NM','1','业务人员名称','C',200,15,'1','1','业务人员名称','','','','YXJGZCBMX_YWRY','YXRYZD','YXJGZCBMX_YWRY=YXRYZD_NM and ','1','0')
go
insert into LSBLM (LSBLM_XH,LSBLM_LJBM,LSBLM_DYLM,LSBLM_SJLM,LSBLM_LYBM,LSBLM_GLTJ,LSBLM_LMWZ,LSBLM_LMSM,LSBLM_LMLX,LSBLM_LMCD,LSBLM_XSCD,LSBLM_DYXZ,LSBLM_SFXS,LSBLM_YHMC,LSBLM_DXLB,LSBLM_SORT,LSBLM_CODE,LSBLM_GLLM,LSBLM_GLBM,LSBLM_GLGX,LSBLM_DYWZ,LSBLM_SFBB) values ('031','YXJGZCBM','@YXJGZCBMX_XLDX@','YXJGZCBMX_XLDX','YXJGZCBM,YXJGZCBMX','YXJGZCBM_ID=YXJGZCBMX_ID','1','销量底线','2',200,15,'1','1','销量底线','','',' ',' ',' ',' ','1','1')
go
insert into LSBLM (LSBLM_XH,LSBLM_LJBM,LSBLM_DYLM,LSBLM_SJLM,LSBLM_LYBM,LSBLM_GLTJ,LSBLM_LMWZ,LSBLM_LMSM,LSBLM_LMLX,LSBLM_LMCD,LSBLM_XSCD,LSBLM_DYXZ,LSBLM_SFXS,LSBLM_YHMC,LSBLM_DXLB,LSBLM_SORT,LSBLM_CODE,LSBLM_GLLM,LSBLM_GLBM,LSBLM_GLGX,LSBLM_DYWZ,LSBLM_SFBB) values ('032','YXJGZCBM','@YXJGZCBMX_KSRQ@','YXJGZCBMX_KSRQ','YXJGZCBM,YXJGZCBMX','YXJGZCBM_ID=YXJGZCBMX_ID','1','开始日期','D',200,15,'1','1','开始日期','','',' ',' ',' ',' ','1','1')
go
insert into LSBLM (LSBLM_XH,LSBLM_LJBM,LSBLM_DYLM,LSBLM_SJLM,LSBLM_LYBM,LSBLM_GLTJ,LSBLM_LMWZ,LSBLM_LMSM,LSBLM_LMLX,LSBLM_LMCD,LSBLM_XSCD,LSBLM_DYXZ,LSBLM_SFXS,LSBLM_YHMC,LSBLM_DXLB,LSBLM_SORT,LSBLM_CODE,LSBLM_GLLM,LSBLM_GLBM,LSBLM_GLGX,LSBLM_DYWZ,LSBLM_SFBB) values ('033','YXJGZCBM','@YXJGZCBMX_JSRQ@','YXJGZCBMX_JSRQ','YXJGZCBM,YXJGZCBMX','YXJGZCBM_ID=YXJGZCBMX_ID','1','结束日期','D',200,15,'1','1','结束日期','','',' ',' ',' ',' ','1','1')
go
insert into LSBLM (LSBLM_XH,LSBLM_LJBM,LSBLM_DYLM,LSBLM_SJLM,LSBLM_LYBM,LSBLM_GLTJ,LSBLM_LMWZ,LSBLM_LMSM,LSBLM_LMLX,LSBLM_LMCD,LSBLM_XSCD,LSBLM_DYXZ,LSBLM_SFXS,LSBLM_YHMC,LSBLM_DXLB,LSBLM_SORT,LSBLM_CODE,LSBLM_GLLM,LSBLM_GLBM,LSBLM_GLGX,LSBLM_DYWZ,LSBLM_SFBB) values ('034','YXJGZCBM','@YXJGZCBMX_LY@','YXJGZCBMX_LY','YXJGZCBM,YXJGZCBMX','YXJGZCBM_ID=YXJGZCBMX_ID','1','来源','C',200,15,'1','1','来源','','','1,协议;2,调整;3,最近上次价格;4,手工',' ',' ',' ','1','1')
go
insert into LSBLM (LSBLM_XH,LSBLM_LJBM,LSBLM_DYLM,LSBLM_SJLM,LSBLM_LYBM,LSBLM_GLTJ,LSBLM_LMWZ,LSBLM_LMSM,LSBLM_LMLX,LSBLM_LMCD,LSBLM_XSCD,LSBLM_DYXZ,LSBLM_SFXS,LSBLM_YHMC,LSBLM_DXLB,LSBLM_SORT,LSBLM_CODE,LSBLM_GLLM,LSBLM_GLBM,LSBLM_GLGX,LSBLM_DYWZ,LSBLM_SFBB) values ('035','YXJGZCBM','@YXJGZCBMX_DEMO@','YXJGZCBMX_DEMO','YXJGZCBM,YXJGZCBMX','YXJGZCBM_ID=YXJGZCBMX_ID','1','备注','C',255,15,'1','1','备注','','','',' ',' ',' ','1','1')
go
insert into LSBLM (LSBLM_XH,LSBLM_LJBM,LSBLM_DYLM,LSBLM_SJLM,LSBLM_LYBM,LSBLM_GLTJ,LSBLM_LMWZ,LSBLM_LMSM,LSBLM_LMLX,LSBLM_LMCD,LSBLM_XSCD,LSBLM_DYXZ,LSBLM_SFXS,LSBLM_YHMC,LSBLM_DXLB,LSBLM_SORT,LSBLM_CODE,LSBLM_GLLM,LSBLM_GLBM,LSBLM_GLGX,LSBLM_DYWZ,LSBLM_SFBB) values ('036','YXJGZCBM','@YXJGZCBMX_GUID@','YXJGZCBMX_GUID','YXJGZCBM,YXJGZCBMX','YXJGZCBM_ID=YXJGZCBMX_ID','1','行唯一标识','C',200,12,'1','1','行唯一标识','','',' ',' ',' ',' ','1','1')
go
delete from LSSTRU where F_TABN='YXJGZCBM'
go
delete from LSSTRU where F_TABN='YXJGZCBM_I1'
go
insert into LSSTRU(F_TABN,F_COLN,F_COLA,F_DISP,F_TYPE,F_CXBZ,F_HELP,F_CODE,LSSTRU_LYBM,LSSTRU_LYTJ) values('YXJGZCBM','YXJGZCBM_GSID','销售公司','001','C','','LSBZDW&YX01,LSBZDW_DWBH,LSBZDW_DWMC','','','')
go
insert into LSSTRU(F_TABN,F_COLN,F_COLA,F_DISP,F_TYPE,F_CXBZ,F_HELP,F_CODE,LSSTRU_LYBM,LSSTRU_LYTJ) values('YXJGZCBM','YXJGZCBM_ID','唯一标识','002','C','','','','','')
go
insert into LSSTRU(F_TABN,F_COLN,F_COLA,F_DISP,F_TYPE,F_CXBZ,F_HELP,F_CODE,LSSTRU_LYBM,LSSTRU_LYTJ) values('YXJGZCBM','YXJGZCBM_LY','来源','003','C','','','1,协议;2,调整;3,最近上次价格;4,手工','','')
go
insert into LSSTRU(F_TABN,F_COLN,F_COLA,F_DISP,F_TYPE,F_CXBZ,F_HELP,F_CODE,LSSTRU_LYBM,LSSTRU_LYTJ) values('YXJGZCBM','YXJGZCBM_LYLS','来源流水','004','C','','','','','')
go
insert into LSSTRU(F_TABN,F_COLN,F_COLA,F_DISP,F_TYPE,F_CXBZ,F_HELP,F_CODE,LSSTRU_LYBM,LSSTRU_LYTJ) values('YXJGZCBM','YXJGZCBM_QDLX','渠道类型','005','C','','YXDDYWLX&YX1,YXDDYWLX_BH,YXDDYWLX_MC','','','')
go
insert into LSSTRU(F_TABN,F_COLN,F_COLA,F_DISP,F_TYPE,F_CXBZ,F_HELP,F_CODE,LSSTRU_LYBM,LSSTRU_LYTJ) values('YXJGZCBM','YXJGZCBM_SYB','事业部','006','C','','YXSYB&YX1,YXSYB_SYBBH,YXSYB_SYBMC','','','')
go
insert into LSSTRU(F_TABN,F_COLN,F_COLA,F_DISP,F_TYPE,F_CXBZ,F_HELP,F_CODE,LSSTRU_LYBM,LSSTRU_LYTJ) values('YXJGZCBM','YXJGZCBM_BM','区域','007','C','','YXBMZD&YX1,YXBMZD_BMBH,YXBMZD_BMMC','','','')
go
insert into LSSTRU(F_TABN,F_COLN,F_COLA,F_DISP,F_TYPE,F_CXBZ,F_HELP,F_CODE,LSSTRU_LYBM,LSSTRU_LYTJ) values('YXJGZCBM','YXJGZCBM_KHBH','客户','008','C','','YXKHZD&YX1,YXKHZD_KHBH,YXKHZD_KHMC','','','')
go
insert into LSSTRU(F_TABN,F_COLN,F_COLA,F_DISP,F_TYPE,F_CXBZ,F_HELP,F_CODE,LSSTRU_LYBM,LSSTRU_LYTJ) values('YXJGZCBM','YXJGZCBM_ZCLX','政策类型','009','C','','','0,各事业部普调政策;1,一般政策;2,特殊地区政策;3,特殊客户政策','','')
go
insert into LSSTRU(F_TABN,F_COLN,F_COLA,F_DISP,F_TYPE,F_CXBZ,F_HELP,F_CODE,LSSTRU_LYBM,LSSTRU_LYTJ) values('YXJGZCBM','YXJGZCBM_DRBS','导入标识','010','C','','','','','')
go
insert into LSSTRU(F_TABN,F_COLN,F_COLA,F_DISP,F_TYPE,F_CXBZ,F_HELP,F_CODE,LSSTRU_LYBM,LSSTRU_LYTJ) values('YXJGZCBM_I1','YXJGZCBMX_SYBZ','使用标志','001','C','',' & ,,','0,不使用;1,使用','YXJGZCBMX','YXJGZCBM_ID=YXJGZCBMX_ID')
go
insert into LSSTRU(F_TABN,F_COLN,F_COLA,F_DISP,F_TYPE,F_CXBZ,F_HELP,F_CODE,LSSTRU_LYBM,LSSTRU_LYTJ) values('YXJGZCBM_I1','YXJGZCBMX_FLBH','分录编号','002','C','',' & ,,','','YXJGZCBMX','YXJGZCBM_ID=YXJGZCBMX_ID')
go
insert into LSSTRU(F_TABN,F_COLN,F_COLA,F_DISP,F_TYPE,F_CXBZ,F_HELP,F_CODE,LSSTRU_LYBM,LSSTRU_LYTJ) values('YXJGZCBM_I1','YXJGZCBMX_WLBH','产品','003','C','','YXWLZD&YX1,YXWLZD_WLBH,YXWLZD_WLMC','','YXJGZCBMX','YXJGZCBM_ID=YXJGZCBMX_ID')
go
insert into LSSTRU(F_TABN,F_COLN,F_COLA,F_DISP,F_TYPE,F_CXBZ,F_HELP,F_CODE,LSSTRU_LYBM,LSSTRU_LYTJ) values('YXJGZCBM_I1','YXJGZCBMX_DEMO','备注','004','C','','','','YXJGZCBMX','YXJGZCBM_ID=YXJGZCBMX_ID')
go
insert into LSSTRU(F_TABN,F_COLN,F_COLA,F_DISP,F_TYPE,F_CXBZ,F_HELP,F_CODE,LSSTRU_LYBM,LSSTRU_LYTJ) values('YXJGZCBM_I1','YXJGZCBMX_GUID','行唯一标识','005','C','',' & ,,','','YXJGZCBMX','YXJGZCBM_ID=YXJGZCBMX_ID')
go

delete from GSPBIZOBJECTOP where ID='SDBYS2010A'
go
INSERT INTO GSPBIZOBJECTOP(ID,BIZOBJID,CODE,NAME,TYPE,ORGCATSCOPE,DESCRIPTION) VALUES ('SDBYS2010A','SDBYS1010','SDBYS2010A','价格政策制单(手工)',' ','2','')
go
delete from GSPBIZOBJECTOP where ID='SDBYS2010H'
go
INSERT INTO GSPBIZOBJECTOP(ID,BIZOBJID,CODE,NAME,TYPE,ORGCATSCOPE,DESCRIPTION) VALUES ('SDBYS2010H','SDBYS1010','SDBYS2010H','价格政策查询列表(手工)',' ','2','')
go









/*SDBYS9001单据信息 */
/*20191225 15:50:15*/
Create table YXJGZCBM(
YXJGZCBM_DJBH varchar(40) null /*单据编号*/,
YXJGZCBM_ZDRQ varchar(8) null /*制单日期*/,
YXJGZCBM_GSID varchar(40) null /*销售公司*/,
YXJGZCBM_ID varchar(40) null /*单据流水*/,
YXJGZCBM_LY varchar(40) null /*来源*/,
YXJGZCBM_LYLS varchar(40) null /*来源流水*/,
YXJGZCBM_QDLX varchar(40) null /*渠道类型*/,
YXJGZCBM_SYB varchar(40) null /*事业部*/,
YXJGZCBM_BM varchar(40) null /*区域*/,
YXJGZCBM_KHBH varchar(40) null /*客户*/,
YXJGZCBM_ZCLX varchar(40) null /*政策类型*/,
YXJGZCBM_DRBS varchar(40) null /*导入标识*/,
YXJGZCBM_BZ varchar(255) null /*备注*/,
YXJGZCBM_ZDR varchar(20) null /*制单人*/,
YXJGZCBM_SHBZ char(1) null /*审核标志*/,
YXJGZCBM_SHRQ varchar(200) null /*审核日期*/,
YXJGZCBM_SHLC varchar(4) null /*审核流程*/,
YXJGZCBM_SPDX varchar(40) null /*审批对象*/,
YXJGZCBM_SHR varchar(100) null /*审核人*/,
Creator varchar(128) null, 
CreatedDate varchar(19) null, 
LastModifier varchar(128) null, 
LastModifiedDate varchar(19) null)
go

CREATE UNIQUE INDEX YXJGZCBM on YXJGZCBM(YXJGZCBM_ID)
go
Create table YXJGZCBMX(
YXJGZCBMX_ID varchar(40) null /*单据流水*/,
YXJGZCBMX_FLBH varchar(4) null /*分录流水*/,
YXJGZCBMX_LYLS varchar(40) null /*来源流水*/,
YXJGZCBMX_XFLXR varchar(40) null /*需方联系人*/,
YXJGZCBMX_XFSQR varchar(40) null /*需方授权人*/,
YXJGZCBMX_YWLXR varchar(40) null /*业务联系人*/,
YXJGZCBMX_WLBH varchar(40) null /*产品*/,
YXJGZCBMX_KPJ float null /*开票价*/,
YXJGZCBMX_DJ float null /*底价*/,
YXJGZCBMX_YWRY varchar(40) null /*业务人员*/,
YXJGZCBMX_XLDX float null /*销量底线*/,
YXJGZCBMX_KSRQ varchar(40) null /*开始日期*/,
YXJGZCBMX_JSRQ varchar(40) null /*结束日期*/,
YXJGZCBMX_LY char(1) null /*来源*/,
YXJGZCBMX_DEMO varchar(255) null /*备注*/,
YXJGZCBMX_GUID varchar(40) null /*唯一标识*/,
YXJGZCBMX_SYBZ varchar(40) null /*使用标志*/)
go

CREATE UNIQUE INDEX YXJGZCBMX on YXJGZCBMX(YXJGZCBMX_ID,YXJGZCBMX_FLBH)
go
/*以下是表修正语句*/ 
alter table YXJGZCBM add YXJGZCBM_DJBH varchar(40) null 
go
alter table YXJGZCBM add YXJGZCBM_ZDRQ varchar(8) null 
go
alter table YXJGZCBM add YXJGZCBM_GSID varchar(40) null 
go
alter table YXJGZCBM add YXJGZCBM_ID varchar(40) null 
go
alter table YXJGZCBM add YXJGZCBM_LY varchar(40) null 
go
alter table YXJGZCBM add YXJGZCBM_LYLS varchar(40) null 
go
alter table YXJGZCBM add YXJGZCBM_QDLX varchar(40) null 
go
alter table YXJGZCBM add YXJGZCBM_SYB varchar(40) null 
go
alter table YXJGZCBM add YXJGZCBM_BM varchar(40) null 
go
alter table YXJGZCBM add YXJGZCBM_KHBH varchar(40) null 
go
alter table YXJGZCBM add YXJGZCBM_ZCLX varchar(40) null 
go
alter table YXJGZCBM add YXJGZCBM_DRBS varchar(40) null 
go
alter table YXJGZCBM add YXJGZCBM_BZ varchar(255) null 
go
alter table YXJGZCBM add YXJGZCBM_ZDR varchar(20) null 
go
alter table YXJGZCBM add YXJGZCBM_SHBZ char(1) null 
go
alter table YXJGZCBM add YXJGZCBM_SHRQ varchar(200) null 
go
alter table YXJGZCBM add YXJGZCBM_SHLC varchar(4) null 
go
alter table YXJGZCBM add YXJGZCBM_SPDX varchar(40) null 
go
alter table YXJGZCBM add YXJGZCBM_SHR varchar(100) null 
go
alter table YXJGZCBM add Creator varchar(128) null 
go
alter table YXJGZCBM add CreatedDate varchar(19) null 
go
alter table YXJGZCBM add LastModifier varchar(128) null 
go
alter table YXJGZCBM add LastModifiedDate varchar(19) null 
go
/*以下是字段修正SQL需要分数据库配置或项目化迁移使用*/
alter table YXJGZCBM ALTER COLUMN YXJGZCBM_DJBH varchar(40) null 
go
alter table YXJGZCBM ALTER COLUMN YXJGZCBM_ZDRQ varchar(8) null 
go
alter table YXJGZCBM ALTER COLUMN YXJGZCBM_GSID varchar(40) null 
go
alter table YXJGZCBM ALTER COLUMN YXJGZCBM_ID varchar(40) null 
go
alter table YXJGZCBM ALTER COLUMN YXJGZCBM_LY varchar(40) null 
go
alter table YXJGZCBM ALTER COLUMN YXJGZCBM_LYLS varchar(40) null 
go
alter table YXJGZCBM ALTER COLUMN YXJGZCBM_QDLX varchar(40) null 
go
alter table YXJGZCBM ALTER COLUMN YXJGZCBM_SYB varchar(40) null 
go
alter table YXJGZCBM ALTER COLUMN YXJGZCBM_BM varchar(40) null 
go
alter table YXJGZCBM ALTER COLUMN YXJGZCBM_KHBH varchar(40) null 
go
alter table YXJGZCBM ALTER COLUMN YXJGZCBM_ZCLX varchar(40) null 
go
alter table YXJGZCBM ALTER COLUMN YXJGZCBM_DRBS varchar(40) null 
go
alter table YXJGZCBM ALTER COLUMN YXJGZCBM_BZ varchar(255) null 
go
alter table YXJGZCBM ALTER COLUMN YXJGZCBM_ZDR varchar(20) null 
go
alter table YXJGZCBM ALTER COLUMN YXJGZCBM_SHRQ varchar(200) null 
go
alter table YXJGZCBM ALTER COLUMN YXJGZCBM_SHLC varchar(4) null 
go
alter table YXJGZCBM ALTER COLUMN YXJGZCBM_SPDX varchar(40) null 
go
alter table YXJGZCBM ALTER COLUMN YXJGZCBM_SHR varchar(100) null 
go
alter table YXJGZCBMX add YXJGZCBMX_ID varchar(40) null 
go
alter table YXJGZCBMX add YXJGZCBMX_FLBH varchar(4) null 
go
alter table YXJGZCBMX add YXJGZCBMX_LYLS varchar(40) null 
go
alter table YXJGZCBMX add YXJGZCBMX_XFLXR varchar(40) null 
go
alter table YXJGZCBMX add YXJGZCBMX_XFSQR varchar(40) null 
go
alter table YXJGZCBMX add YXJGZCBMX_YWLXR varchar(40) null 
go
alter table YXJGZCBMX add YXJGZCBMX_WLBH varchar(40) null 
go
alter table YXJGZCBMX add YXJGZCBMX_KPJ float null 
go
alter table YXJGZCBMX add YXJGZCBMX_DJ float null 
go
alter table YXJGZCBMX add YXJGZCBMX_YWRY varchar(40) null 
go
alter table YXJGZCBMX add YXJGZCBMX_XLDX float null 
go
alter table YXJGZCBMX add YXJGZCBMX_KSRQ varchar(40) null 
go
alter table YXJGZCBMX add YXJGZCBMX_JSRQ varchar(40) null 
go
alter table YXJGZCBMX add YXJGZCBMX_LY char(1) null 
go
alter table YXJGZCBMX add YXJGZCBMX_DEMO varchar(255) null 
go
alter table YXJGZCBMX add YXJGZCBMX_GUID varchar(40) null 
go
alter table YXJGZCBMX add YXJGZCBMX_SYBZ varchar(40) null 
go
/*以下是字段修正SQL需要分数据库配置或项目化迁移使用*/
alter table YXJGZCBMX ALTER COLUMN YXJGZCBMX_ID varchar(40) null 
go
alter table YXJGZCBMX ALTER COLUMN YXJGZCBMX_FLBH varchar(4) null 
go
alter table YXJGZCBMX ALTER COLUMN YXJGZCBMX_LYLS varchar(40) null 
go
alter table YXJGZCBMX ALTER COLUMN YXJGZCBMX_XFLXR varchar(40) null 
go
alter table YXJGZCBMX ALTER COLUMN YXJGZCBMX_XFSQR varchar(40) null 
go
alter table YXJGZCBMX ALTER COLUMN YXJGZCBMX_YWLXR varchar(40) null 
go
alter table YXJGZCBMX ALTER COLUMN YXJGZCBMX_WLBH varchar(40) null 
go
alter table YXJGZCBMX ALTER COLUMN YXJGZCBMX_YWRY varchar(40) null 
go
alter table YXJGZCBMX ALTER COLUMN YXJGZCBMX_KSRQ varchar(40) null 
go
alter table YXJGZCBMX ALTER COLUMN YXJGZCBMX_JSRQ varchar(40) null 
go
alter table YXJGZCBMX ALTER COLUMN YXJGZCBMX_DEMO varchar(255) null 
go
alter table YXJGZCBMX ALTER COLUMN YXJGZCBMX_GUID varchar(40) null 
go
alter table YXJGZCBMX ALTER COLUMN YXJGZCBMX_SYBZ varchar(40) null 
go

go
delete from SDSYSBILL where SDSYSBILL_ID='SDBYS9001' 
go
insert into SDSYSBILL(SDSYSBILL_MKBS,SDSYSBILL_ID,SDSYSBILL_MBMC,SDSYSBILL_DYLX,SDSYSBILL_OTMODI,SDSYSBILL_LASTOPEN,SDSYSBILL_BZ,SDSYSBILL_LJBM,SDSYSBILL_SPDX,SDSYSBILL_MTABTITLE,SDSYSBILL_ITABTITLE,SDSYSBILL_MTABCOUNT,SDSYSBILL_ITABCOUNT,SDSYSBILL_FLHS,SDSYSBILL_ISLINELAYOUT,SDSYSBILL_MLSZD,SDSYSBILL_MTABLE,SDSYSBILL_CTABLE,SDSYSBILL_SHRZD,SDSYSBILL_SHBZZD,SDSYSBILL_SHLCZD,SDSYSBILL_ZDRZD,SDSYSBILL_BMZD,SDSYSBILL_ILSZD,SDSYSBILL_IFLZD,SDSYSBILL_QXBZ,SDSYSBILL_ZDRQZD,SDSYSBILL_BFEXECUT,SDSYSBILL_AFEXECUT,SDSYSBILL_DJBHZD,SDSYSBILL_QUERYEXECUT,SDSYSBILL_TYPE,SDSYSBILL_DJRQ,SDSYSBILL_DRBSZD,SDSYSBILL_DREXECUT,SDSYSBILL_SQL,SDSYSBILL_DRBFEXECUT,SDSYSBILL_LSFF,SDSYSBILL_FLKZ,SDSYSBILL_QXKZ,SDSYSBILL_ORDERSTR,SDSYSBILL_ZDQXKZ ,SDSYSBILL_AFDELEXECUT,SDSYSBILL_APPROVEEXECUT,SDSYSBILL_UNAPPROVEEXECUT,SDSYSBILL_OSQL,SDSYSBILL_IORDER ,SDSYSBILL_DRBHFS,SDSYSBILL_DRAFEXECUT,SDSYSBILL_APPDOEXECUT,SDSYSBILL_DWZD,SDSYSBILL_SPDXZD,SDSYSBILL_SHOWLOG,SDSYSBILL_SHOWVERY,SDSYSBILL_CJR,SDSYSBILL_CJRSJ,SDSYSBILL_XGR,SDSYSBILL_XGRSJ) values('SDB','SDBYS9001','价格政策新(手工)','S','0','','','YXJGZCBM','YXJGZCBM','基本信息','明细信息', 1 , 1 ,'5','0','YXJGZCBM_ID','YXJGZCBM','YXJGZCBMX','YXJGZCBM_SHR','YXJGZCBM_SHBZ','YXJGZCBM_SHLC','YXJGZCBM_ZDR','YXJGZCBM_BM','YXJGZCBMX_ID','YXJGZCBMX_FLBH','','YXJGZCBM_ZDRQ','SP_SDB_JGZCSG_BEFORESAVE','SP_SDB_JGZCSG_SAVE','YXJGZCBM_DJBH','','0','YXJGZCBM_ZDRQ','YXJGZCBM_DRBS','SP_SDB_JGZCSG_DR','','','GUID','1','','','0','','','','','','0','','','YXJGZCBM_GSID','YXJGZCBM_SPDX','','','Creator','CreatedDate','LastModifier','LastModifiedDate')
go
update SDSYSBILL set SDSYSBILL_SKEY='1BFL7qE7fCnW8twEO9XTcQ==' where SDSYSBILL_ID='SDBYS9001'
go
delete from SDSYSBILLJS where SDSYSBILLJS_ID='SDBYS9001' 
go
delete from SDSYSFIELD where SDSYSFIELD_ID='SDBYS9001' 
go
insert into SDSYSFIELD(SDSYSFIELD_ID,SDSYSFIELD_LMMC,SDSYSFIELD_LMZT,SDSYSFIELD_LMBM,SDSYSFIELD_TITLE,SDSYSFIELD_TABLE,SDSYSFIELD_SFBZ,SDSYSFIELD_KZBZ,SDSYSFIELD_SFSPXM,SDSYSFIELD_BZBM,SDSYSFIELD_BZBH,SDSYSFIELD_BZTJ,SDSYSFIELD_SFBT,SDSYSFIELD_XSXH,SDSYSFIELD_GLBM,SDSYSFIELD_BHZD,SDSYSFIELD_NMZD,SDSYSFIELD_MCZD,SDSYSFIELD_SQL,SDSYSFIELD_WIDTH,SDSYSFIELD_SPJD,SDSYSFIELD_TABID,SDSYSFIELD_TYPE,SDSYSFIELD_COLSPAN,SDSYSFIELD_ROWSPAN,SDSYSFIELD_LENGTH,SDSYSFIELD_DEFAULT,SDSYSFIELD_LIST,SDSYSFIELD_PRECISION,SDSYSFIELD_FIELDTYPE,SDSYSFIELD_READONLY,SDSYSFIELD_LISTFLAG,SDSYSFIELD_LOCALESTRING,SDSYSFIELD_ZDQXBH,SDSYSFIELD_DXLB,SDSYSFIELD_DRBZ,SDSYSFIELD_DRBT,SDSYSFIELD_DRXH,SDSYSFIELD_LBXH,SDSYSFIELD_ISFILTER,SDSYSFIELD_FILTERDISP,SDSYSFIELD_NEWLINE,SDSYSFIELD_NEWLINESHOW,SDSYSFIELD_NEWLINETITLE,SDSYSFIELD_GUID,SDSYSFIELD_LINKDO,SDSYSFIELD_SETSQL,SDSYSFIELD_MIN,SDSYSFIELD_MAX,SDSYSFIELD_FJMAX,SDSYSFIELD_FJEXT) values('SDBYS9001','YXJGZCBM_DJBH','1','单据编号','','YXJGZCBM','','0','',' ',' ','','1','0010',' ',' ',' ',' ','', 15 ,'','M1','0', 1, 1, 40 ,' ',' ', 2,'2','0','','','','','0','0', 100, 100,'1','','','1','','','','','','',0,'')
go
insert into SDSYSFIELD(SDSYSFIELD_ID,SDSYSFIELD_LMMC,SDSYSFIELD_LMZT,SDSYSFIELD_LMBM,SDSYSFIELD_TITLE,SDSYSFIELD_TABLE,SDSYSFIELD_SFBZ,SDSYSFIELD_KZBZ,SDSYSFIELD_SFSPXM,SDSYSFIELD_BZBM,SDSYSFIELD_BZBH,SDSYSFIELD_BZTJ,SDSYSFIELD_SFBT,SDSYSFIELD_XSXH,SDSYSFIELD_GLBM,SDSYSFIELD_BHZD,SDSYSFIELD_NMZD,SDSYSFIELD_MCZD,SDSYSFIELD_SQL,SDSYSFIELD_WIDTH,SDSYSFIELD_SPJD,SDSYSFIELD_TABID,SDSYSFIELD_TYPE,SDSYSFIELD_COLSPAN,SDSYSFIELD_ROWSPAN,SDSYSFIELD_LENGTH,SDSYSFIELD_DEFAULT,SDSYSFIELD_LIST,SDSYSFIELD_PRECISION,SDSYSFIELD_FIELDTYPE,SDSYSFIELD_READONLY,SDSYSFIELD_LISTFLAG,SDSYSFIELD_LOCALESTRING,SDSYSFIELD_ZDQXBH,SDSYSFIELD_DXLB,SDSYSFIELD_DRBZ,SDSYSFIELD_DRBT,SDSYSFIELD_DRXH,SDSYSFIELD_LBXH,SDSYSFIELD_ISFILTER,SDSYSFIELD_FILTERDISP,SDSYSFIELD_NEWLINE,SDSYSFIELD_NEWLINESHOW,SDSYSFIELD_NEWLINETITLE,SDSYSFIELD_GUID,SDSYSFIELD_LINKDO,SDSYSFIELD_SETSQL,SDSYSFIELD_MIN,SDSYSFIELD_MAX,SDSYSFIELD_FJMAX,SDSYSFIELD_FJEXT) values('SDBYS9001','YXJGZCBM_ZDRQ','1','制单日期','','YXJGZCBM','','1','',' ',' ','','1','0020',' ',' ',' ',' ','', 15 ,'','M1','0', 1, 1, 8 ,'@YYYYMMDD@',' ', 2,'3','0','','','','','0','0', 100, 100,'1','','','1','','','','','','',0,'')
go
insert into SDSYSFIELD(SDSYSFIELD_ID,SDSYSFIELD_LMMC,SDSYSFIELD_LMZT,SDSYSFIELD_LMBM,SDSYSFIELD_TITLE,SDSYSFIELD_TABLE,SDSYSFIELD_SFBZ,SDSYSFIELD_KZBZ,SDSYSFIELD_SFSPXM,SDSYSFIELD_BZBM,SDSYSFIELD_BZBH,SDSYSFIELD_BZTJ,SDSYSFIELD_SFBT,SDSYSFIELD_XSXH,SDSYSFIELD_GLBM,SDSYSFIELD_BHZD,SDSYSFIELD_NMZD,SDSYSFIELD_MCZD,SDSYSFIELD_SQL,SDSYSFIELD_WIDTH,SDSYSFIELD_SPJD,SDSYSFIELD_TABID,SDSYSFIELD_TYPE,SDSYSFIELD_COLSPAN,SDSYSFIELD_ROWSPAN,SDSYSFIELD_LENGTH,SDSYSFIELD_DEFAULT,SDSYSFIELD_LIST,SDSYSFIELD_PRECISION,SDSYSFIELD_FIELDTYPE,SDSYSFIELD_READONLY,SDSYSFIELD_LISTFLAG,SDSYSFIELD_LOCALESTRING,SDSYSFIELD_ZDQXBH,SDSYSFIELD_DXLB,SDSYSFIELD_DRBZ,SDSYSFIELD_DRBT,SDSYSFIELD_DRXH,SDSYSFIELD_LBXH,SDSYSFIELD_ISFILTER,SDSYSFIELD_FILTERDISP,SDSYSFIELD_NEWLINE,SDSYSFIELD_NEWLINESHOW,SDSYSFIELD_NEWLINETITLE,SDSYSFIELD_GUID,SDSYSFIELD_LINKDO,SDSYSFIELD_SETSQL,SDSYSFIELD_MIN,SDSYSFIELD_MAX,SDSYSFIELD_FJMAX,SDSYSFIELD_FJEXT) values('SDBYS9001','YXJGZCBM_GSID','1','销售公司','','YXJGZCBM','','0','','LSBZDW','YX01','','1','0030','LSBZDW','LSBZDW_DWBH','LSBZDW_DWBH','LSBZDW_DWMC','', 15 ,'','M1','0', 1, 1, 40 ,' ',' ', 2,'0','0','','','','','1','1', 100, 100,'1','','','1','','','','','','',0,'')
go
insert into SDSYSFIELD(SDSYSFIELD_ID,SDSYSFIELD_LMMC,SDSYSFIELD_LMZT,SDSYSFIELD_LMBM,SDSYSFIELD_TITLE,SDSYSFIELD_TABLE,SDSYSFIELD_SFBZ,SDSYSFIELD_KZBZ,SDSYSFIELD_SFSPXM,SDSYSFIELD_BZBM,SDSYSFIELD_BZBH,SDSYSFIELD_BZTJ,SDSYSFIELD_SFBT,SDSYSFIELD_XSXH,SDSYSFIELD_GLBM,SDSYSFIELD_BHZD,SDSYSFIELD_NMZD,SDSYSFIELD_MCZD,SDSYSFIELD_SQL,SDSYSFIELD_WIDTH,SDSYSFIELD_SPJD,SDSYSFIELD_TABID,SDSYSFIELD_TYPE,SDSYSFIELD_COLSPAN,SDSYSFIELD_ROWSPAN,SDSYSFIELD_LENGTH,SDSYSFIELD_DEFAULT,SDSYSFIELD_LIST,SDSYSFIELD_PRECISION,SDSYSFIELD_FIELDTYPE,SDSYSFIELD_READONLY,SDSYSFIELD_LISTFLAG,SDSYSFIELD_LOCALESTRING,SDSYSFIELD_ZDQXBH,SDSYSFIELD_DXLB,SDSYSFIELD_DRBZ,SDSYSFIELD_DRBT,SDSYSFIELD_DRXH,SDSYSFIELD_LBXH,SDSYSFIELD_ISFILTER,SDSYSFIELD_FILTERDISP,SDSYSFIELD_NEWLINE,SDSYSFIELD_NEWLINESHOW,SDSYSFIELD_NEWLINETITLE,SDSYSFIELD_GUID,SDSYSFIELD_LINKDO,SDSYSFIELD_SETSQL,SDSYSFIELD_MIN,SDSYSFIELD_MAX,SDSYSFIELD_FJMAX,SDSYSFIELD_FJEXT) values('SDBYS9001','YXJGZCBM_ID','0','单据流水','','YXJGZCBM','','0','',' ',' ','','1','0040',' ',' ',' ',' ','', 15 ,'','M1','0', 1, 1, 40 ,' ',' ', 2,'1','0','','','','','0','0', 100, 100,'1','','','1','','','','','','',0,'')
go
insert into SDSYSFIELD(SDSYSFIELD_ID,SDSYSFIELD_LMMC,SDSYSFIELD_LMZT,SDSYSFIELD_LMBM,SDSYSFIELD_TITLE,SDSYSFIELD_TABLE,SDSYSFIELD_SFBZ,SDSYSFIELD_KZBZ,SDSYSFIELD_SFSPXM,SDSYSFIELD_BZBM,SDSYSFIELD_BZBH,SDSYSFIELD_BZTJ,SDSYSFIELD_SFBT,SDSYSFIELD_XSXH,SDSYSFIELD_GLBM,SDSYSFIELD_BHZD,SDSYSFIELD_NMZD,SDSYSFIELD_MCZD,SDSYSFIELD_SQL,SDSYSFIELD_WIDTH,SDSYSFIELD_SPJD,SDSYSFIELD_TABID,SDSYSFIELD_TYPE,SDSYSFIELD_COLSPAN,SDSYSFIELD_ROWSPAN,SDSYSFIELD_LENGTH,SDSYSFIELD_DEFAULT,SDSYSFIELD_LIST,SDSYSFIELD_PRECISION,SDSYSFIELD_FIELDTYPE,SDSYSFIELD_READONLY,SDSYSFIELD_LISTFLAG,SDSYSFIELD_LOCALESTRING,SDSYSFIELD_ZDQXBH,SDSYSFIELD_DXLB,SDSYSFIELD_DRBZ,SDSYSFIELD_DRBT,SDSYSFIELD_DRXH,SDSYSFIELD_LBXH,SDSYSFIELD_ISFILTER,SDSYSFIELD_FILTERDISP,SDSYSFIELD_NEWLINE,SDSYSFIELD_NEWLINESHOW,SDSYSFIELD_NEWLINETITLE,SDSYSFIELD_GUID,SDSYSFIELD_LINKDO,SDSYSFIELD_SETSQL,SDSYSFIELD_MIN,SDSYSFIELD_MAX,SDSYSFIELD_FJMAX,SDSYSFIELD_FJEXT) values('SDBYS9001','YXJGZCBM_LY','1','来源','','YXJGZCBM',' ','0',' ','','','','0','0050','','','','','', 12 ,'','M1','0', 0 , 0 , 40 ,'4','1,协议;2,调整;3,最近上次价格;4,手工', 0 ,'0','1',' ','','','','0','0', 0 , 0 ,'1','',' ','1','',' ','','','','',0,'')
go
insert into SDSYSFIELD(SDSYSFIELD_ID,SDSYSFIELD_LMMC,SDSYSFIELD_LMZT,SDSYSFIELD_LMBM,SDSYSFIELD_TITLE,SDSYSFIELD_TABLE,SDSYSFIELD_SFBZ,SDSYSFIELD_KZBZ,SDSYSFIELD_SFSPXM,SDSYSFIELD_BZBM,SDSYSFIELD_BZBH,SDSYSFIELD_BZTJ,SDSYSFIELD_SFBT,SDSYSFIELD_XSXH,SDSYSFIELD_GLBM,SDSYSFIELD_BHZD,SDSYSFIELD_NMZD,SDSYSFIELD_MCZD,SDSYSFIELD_SQL,SDSYSFIELD_WIDTH,SDSYSFIELD_SPJD,SDSYSFIELD_TABID,SDSYSFIELD_TYPE,SDSYSFIELD_COLSPAN,SDSYSFIELD_ROWSPAN,SDSYSFIELD_LENGTH,SDSYSFIELD_DEFAULT,SDSYSFIELD_LIST,SDSYSFIELD_PRECISION,SDSYSFIELD_FIELDTYPE,SDSYSFIELD_READONLY,SDSYSFIELD_LISTFLAG,SDSYSFIELD_LOCALESTRING,SDSYSFIELD_ZDQXBH,SDSYSFIELD_DXLB,SDSYSFIELD_DRBZ,SDSYSFIELD_DRBT,SDSYSFIELD_DRXH,SDSYSFIELD_LBXH,SDSYSFIELD_ISFILTER,SDSYSFIELD_FILTERDISP,SDSYSFIELD_NEWLINE,SDSYSFIELD_NEWLINESHOW,SDSYSFIELD_NEWLINETITLE,SDSYSFIELD_GUID,SDSYSFIELD_LINKDO,SDSYSFIELD_SETSQL,SDSYSFIELD_MIN,SDSYSFIELD_MAX,SDSYSFIELD_FJMAX,SDSYSFIELD_FJEXT) values('SDBYS9001','YXJGZCBM_LYLS','0','来源流水','','YXJGZCBM','','0','',' ',' ','','0','0060',' ',' ',' ',' ','', 12 ,'','M1','0', 1, 1, 40 ,' ',' ', 2,'0','0','','','','','0','0', 100, 100,'1','','','1','','','','','','',0,'')
go
insert into SDSYSFIELD(SDSYSFIELD_ID,SDSYSFIELD_LMMC,SDSYSFIELD_LMZT,SDSYSFIELD_LMBM,SDSYSFIELD_TITLE,SDSYSFIELD_TABLE,SDSYSFIELD_SFBZ,SDSYSFIELD_KZBZ,SDSYSFIELD_SFSPXM,SDSYSFIELD_BZBM,SDSYSFIELD_BZBH,SDSYSFIELD_BZTJ,SDSYSFIELD_SFBT,SDSYSFIELD_XSXH,SDSYSFIELD_GLBM,SDSYSFIELD_BHZD,SDSYSFIELD_NMZD,SDSYSFIELD_MCZD,SDSYSFIELD_SQL,SDSYSFIELD_WIDTH,SDSYSFIELD_SPJD,SDSYSFIELD_TABID,SDSYSFIELD_TYPE,SDSYSFIELD_COLSPAN,SDSYSFIELD_ROWSPAN,SDSYSFIELD_LENGTH,SDSYSFIELD_DEFAULT,SDSYSFIELD_LIST,SDSYSFIELD_PRECISION,SDSYSFIELD_FIELDTYPE,SDSYSFIELD_READONLY,SDSYSFIELD_LISTFLAG,SDSYSFIELD_LOCALESTRING,SDSYSFIELD_ZDQXBH,SDSYSFIELD_DXLB,SDSYSFIELD_DRBZ,SDSYSFIELD_DRBT,SDSYSFIELD_DRXH,SDSYSFIELD_LBXH,SDSYSFIELD_ISFILTER,SDSYSFIELD_FILTERDISP,SDSYSFIELD_NEWLINE,SDSYSFIELD_NEWLINESHOW,SDSYSFIELD_NEWLINETITLE,SDSYSFIELD_GUID,SDSYSFIELD_LINKDO,SDSYSFIELD_SETSQL,SDSYSFIELD_MIN,SDSYSFIELD_MAX,SDSYSFIELD_FJMAX,SDSYSFIELD_FJEXT) values('SDBYS9001','YXJGZCBM_QDLX','1','渠道类型','','YXJGZCBM',' ','0',' ','YXDDYWLX','YX1','','0','0070','YXDDYWLX','YXDDYWLX_BH','YXDDYWLX_NM','YXDDYWLX_MC','', 12 ,'','M1','0', 0 , 0 , 40 ,' ',' ', 0 ,'0','0',' ','','','','0','0', 0 , 0 ,'1','',' ','1','',' ','','','','',0,'')
go
insert into SDSYSFIELD(SDSYSFIELD_ID,SDSYSFIELD_LMMC,SDSYSFIELD_LMZT,SDSYSFIELD_LMBM,SDSYSFIELD_TITLE,SDSYSFIELD_TABLE,SDSYSFIELD_SFBZ,SDSYSFIELD_KZBZ,SDSYSFIELD_SFSPXM,SDSYSFIELD_BZBM,SDSYSFIELD_BZBH,SDSYSFIELD_BZTJ,SDSYSFIELD_SFBT,SDSYSFIELD_XSXH,SDSYSFIELD_GLBM,SDSYSFIELD_BHZD,SDSYSFIELD_NMZD,SDSYSFIELD_MCZD,SDSYSFIELD_SQL,SDSYSFIELD_WIDTH,SDSYSFIELD_SPJD,SDSYSFIELD_TABID,SDSYSFIELD_TYPE,SDSYSFIELD_COLSPAN,SDSYSFIELD_ROWSPAN,SDSYSFIELD_LENGTH,SDSYSFIELD_DEFAULT,SDSYSFIELD_LIST,SDSYSFIELD_PRECISION,SDSYSFIELD_FIELDTYPE,SDSYSFIELD_READONLY,SDSYSFIELD_LISTFLAG,SDSYSFIELD_LOCALESTRING,SDSYSFIELD_ZDQXBH,SDSYSFIELD_DXLB,SDSYSFIELD_DRBZ,SDSYSFIELD_DRBT,SDSYSFIELD_DRXH,SDSYSFIELD_LBXH,SDSYSFIELD_ISFILTER,SDSYSFIELD_FILTERDISP,SDSYSFIELD_NEWLINE,SDSYSFIELD_NEWLINESHOW,SDSYSFIELD_NEWLINETITLE,SDSYSFIELD_GUID,SDSYSFIELD_LINKDO,SDSYSFIELD_SETSQL,SDSYSFIELD_MIN,SDSYSFIELD_MAX,SDSYSFIELD_FJMAX,SDSYSFIELD_FJEXT) values('SDBYS9001','YXJGZCBM_SYB','1','事业部','','YXJGZCBM',' ','0',' ','YXSYB','YX1','','0','0080','YXSYB','YXSYB_SYBBH','YXSYB_NM','YXSYB_SYBMC','', 12 ,'','M1','0', 0 , 0 , 40 ,' ',' ', 0 ,'0','0',' ','','','','0','0', 0 , 0 ,'1','',' ','1','',' ','','','','',0,'')
go
insert into SDSYSFIELD(SDSYSFIELD_ID,SDSYSFIELD_LMMC,SDSYSFIELD_LMZT,SDSYSFIELD_LMBM,SDSYSFIELD_TITLE,SDSYSFIELD_TABLE,SDSYSFIELD_SFBZ,SDSYSFIELD_KZBZ,SDSYSFIELD_SFSPXM,SDSYSFIELD_BZBM,SDSYSFIELD_BZBH,SDSYSFIELD_BZTJ,SDSYSFIELD_SFBT,SDSYSFIELD_XSXH,SDSYSFIELD_GLBM,SDSYSFIELD_BHZD,SDSYSFIELD_NMZD,SDSYSFIELD_MCZD,SDSYSFIELD_SQL,SDSYSFIELD_WIDTH,SDSYSFIELD_SPJD,SDSYSFIELD_TABID,SDSYSFIELD_TYPE,SDSYSFIELD_COLSPAN,SDSYSFIELD_ROWSPAN,SDSYSFIELD_LENGTH,SDSYSFIELD_DEFAULT,SDSYSFIELD_LIST,SDSYSFIELD_PRECISION,SDSYSFIELD_FIELDTYPE,SDSYSFIELD_READONLY,SDSYSFIELD_LISTFLAG,SDSYSFIELD_LOCALESTRING,SDSYSFIELD_ZDQXBH,SDSYSFIELD_DXLB,SDSYSFIELD_DRBZ,SDSYSFIELD_DRBT,SDSYSFIELD_DRXH,SDSYSFIELD_LBXH,SDSYSFIELD_ISFILTER,SDSYSFIELD_FILTERDISP,SDSYSFIELD_NEWLINE,SDSYSFIELD_NEWLINESHOW,SDSYSFIELD_NEWLINETITLE,SDSYSFIELD_GUID,SDSYSFIELD_LINKDO,SDSYSFIELD_SETSQL,SDSYSFIELD_MIN,SDSYSFIELD_MAX,SDSYSFIELD_FJMAX,SDSYSFIELD_FJEXT) values('SDBYS9001','YXJGZCBM_BM','1','区域','','YXJGZCBM',' ','0',' ','YXBMZD','YX1','YXBMZD_SYBZ=''1'' AND ISNULL(YXBMZD_XSBSYBZ,'''')<>''0''','1','0090','YXBMZD','YXBMZD_BMBH','YXBMZD_NM','YXBMZD_BMMC','', 15 ,'','M1','0', 0 , 0 , 40 ,'','', 0 ,'5','0',' ','','','','1','1', 0 , 0 ,'1','',' ','1','',' ','','','','',0,'')
go
insert into SDSYSFIELD(SDSYSFIELD_ID,SDSYSFIELD_LMMC,SDSYSFIELD_LMZT,SDSYSFIELD_LMBM,SDSYSFIELD_TITLE,SDSYSFIELD_TABLE,SDSYSFIELD_SFBZ,SDSYSFIELD_KZBZ,SDSYSFIELD_SFSPXM,SDSYSFIELD_BZBM,SDSYSFIELD_BZBH,SDSYSFIELD_BZTJ,SDSYSFIELD_SFBT,SDSYSFIELD_XSXH,SDSYSFIELD_GLBM,SDSYSFIELD_BHZD,SDSYSFIELD_NMZD,SDSYSFIELD_MCZD,SDSYSFIELD_SQL,SDSYSFIELD_WIDTH,SDSYSFIELD_SPJD,SDSYSFIELD_TABID,SDSYSFIELD_TYPE,SDSYSFIELD_COLSPAN,SDSYSFIELD_ROWSPAN,SDSYSFIELD_LENGTH,SDSYSFIELD_DEFAULT,SDSYSFIELD_LIST,SDSYSFIELD_PRECISION,SDSYSFIELD_FIELDTYPE,SDSYSFIELD_READONLY,SDSYSFIELD_LISTFLAG,SDSYSFIELD_LOCALESTRING,SDSYSFIELD_ZDQXBH,SDSYSFIELD_DXLB,SDSYSFIELD_DRBZ,SDSYSFIELD_DRBT,SDSYSFIELD_DRXH,SDSYSFIELD_LBXH,SDSYSFIELD_ISFILTER,SDSYSFIELD_FILTERDISP,SDSYSFIELD_NEWLINE,SDSYSFIELD_NEWLINESHOW,SDSYSFIELD_NEWLINETITLE,SDSYSFIELD_GUID,SDSYSFIELD_LINKDO,SDSYSFIELD_SETSQL,SDSYSFIELD_MIN,SDSYSFIELD_MAX,SDSYSFIELD_FJMAX,SDSYSFIELD_FJEXT) values('SDBYS9001','YXJGZCBM_KHBH','1','客户','','YXJGZCBM',' ','0',' ','YXKHZD','YX1','','0','0100','YXKHZD','YXKHZD_KHBH','YXKHZD_NM','YXKHZD_KHMC','', 12 ,'','M1','0', 0 , 0 , 40 ,' ',' ', 0 ,'0','0',' ','','','','0','0', 0 , 0 ,'1','',' ','1','',' ','','','','',0,'')
go
insert into SDSYSFIELD(SDSYSFIELD_ID,SDSYSFIELD_LMMC,SDSYSFIELD_LMZT,SDSYSFIELD_LMBM,SDSYSFIELD_TITLE,SDSYSFIELD_TABLE,SDSYSFIELD_SFBZ,SDSYSFIELD_KZBZ,SDSYSFIELD_SFSPXM,SDSYSFIELD_BZBM,SDSYSFIELD_BZBH,SDSYSFIELD_BZTJ,SDSYSFIELD_SFBT,SDSYSFIELD_XSXH,SDSYSFIELD_GLBM,SDSYSFIELD_BHZD,SDSYSFIELD_NMZD,SDSYSFIELD_MCZD,SDSYSFIELD_SQL,SDSYSFIELD_WIDTH,SDSYSFIELD_SPJD,SDSYSFIELD_TABID,SDSYSFIELD_TYPE,SDSYSFIELD_COLSPAN,SDSYSFIELD_ROWSPAN,SDSYSFIELD_LENGTH,SDSYSFIELD_DEFAULT,SDSYSFIELD_LIST,SDSYSFIELD_PRECISION,SDSYSFIELD_FIELDTYPE,SDSYSFIELD_READONLY,SDSYSFIELD_LISTFLAG,SDSYSFIELD_LOCALESTRING,SDSYSFIELD_ZDQXBH,SDSYSFIELD_DXLB,SDSYSFIELD_DRBZ,SDSYSFIELD_DRBT,SDSYSFIELD_DRXH,SDSYSFIELD_LBXH,SDSYSFIELD_ISFILTER,SDSYSFIELD_FILTERDISP,SDSYSFIELD_NEWLINE,SDSYSFIELD_NEWLINESHOW,SDSYSFIELD_NEWLINETITLE,SDSYSFIELD_GUID,SDSYSFIELD_LINKDO,SDSYSFIELD_SETSQL,SDSYSFIELD_MIN,SDSYSFIELD_MAX,SDSYSFIELD_FJMAX,SDSYSFIELD_FJEXT) values('SDBYS9001','YXJGZCBM_ZCLX','1','政策类型','','YXJGZCBM',' ','0',' ',' ',' ','','0','0110',' ',' ',' ',' ','', 12 ,'','M1','0', 0 , 0 , 40 ,' ','0,各事业部普调政策;1,一般政策;2,特殊地区政策;3,特殊客户政策', 0 ,'0','0',' ','','','','0','0', 0 , 0 ,'1','',' ','1','',' ','','','','',0,'')
go
insert into SDSYSFIELD(SDSYSFIELD_ID,SDSYSFIELD_LMMC,SDSYSFIELD_LMZT,SDSYSFIELD_LMBM,SDSYSFIELD_TITLE,SDSYSFIELD_TABLE,SDSYSFIELD_SFBZ,SDSYSFIELD_KZBZ,SDSYSFIELD_SFSPXM,SDSYSFIELD_BZBM,SDSYSFIELD_BZBH,SDSYSFIELD_BZTJ,SDSYSFIELD_SFBT,SDSYSFIELD_XSXH,SDSYSFIELD_GLBM,SDSYSFIELD_BHZD,SDSYSFIELD_NMZD,SDSYSFIELD_MCZD,SDSYSFIELD_SQL,SDSYSFIELD_WIDTH,SDSYSFIELD_SPJD,SDSYSFIELD_TABID,SDSYSFIELD_TYPE,SDSYSFIELD_COLSPAN,SDSYSFIELD_ROWSPAN,SDSYSFIELD_LENGTH,SDSYSFIELD_DEFAULT,SDSYSFIELD_LIST,SDSYSFIELD_PRECISION,SDSYSFIELD_FIELDTYPE,SDSYSFIELD_READONLY,SDSYSFIELD_LISTFLAG,SDSYSFIELD_LOCALESTRING,SDSYSFIELD_ZDQXBH,SDSYSFIELD_DXLB,SDSYSFIELD_DRBZ,SDSYSFIELD_DRBT,SDSYSFIELD_DRXH,SDSYSFIELD_LBXH,SDSYSFIELD_ISFILTER,SDSYSFIELD_FILTERDISP,SDSYSFIELD_NEWLINE,SDSYSFIELD_NEWLINESHOW,SDSYSFIELD_NEWLINETITLE,SDSYSFIELD_GUID,SDSYSFIELD_LINKDO,SDSYSFIELD_SETSQL,SDSYSFIELD_MIN,SDSYSFIELD_MAX,SDSYSFIELD_FJMAX,SDSYSFIELD_FJEXT) values('SDBYS9001','YXJGZCBM_DRBS','0','导入标识','','YXJGZCBM','','0','',' ',' ','','0','0120',' ',' ',' ',' ','', 15 ,'','M1','0', 1, 1, 40 ,' ',' ', 2,'0','0','','','','','1','0', 100, 100,'1','','','1','','','','','','',0,'')
go
insert into SDSYSFIELD(SDSYSFIELD_ID,SDSYSFIELD_LMMC,SDSYSFIELD_LMZT,SDSYSFIELD_LMBM,SDSYSFIELD_TITLE,SDSYSFIELD_TABLE,SDSYSFIELD_SFBZ,SDSYSFIELD_KZBZ,SDSYSFIELD_SFSPXM,SDSYSFIELD_BZBM,SDSYSFIELD_BZBH,SDSYSFIELD_BZTJ,SDSYSFIELD_SFBT,SDSYSFIELD_XSXH,SDSYSFIELD_GLBM,SDSYSFIELD_BHZD,SDSYSFIELD_NMZD,SDSYSFIELD_MCZD,SDSYSFIELD_SQL,SDSYSFIELD_WIDTH,SDSYSFIELD_SPJD,SDSYSFIELD_TABID,SDSYSFIELD_TYPE,SDSYSFIELD_COLSPAN,SDSYSFIELD_ROWSPAN,SDSYSFIELD_LENGTH,SDSYSFIELD_DEFAULT,SDSYSFIELD_LIST,SDSYSFIELD_PRECISION,SDSYSFIELD_FIELDTYPE,SDSYSFIELD_READONLY,SDSYSFIELD_LISTFLAG,SDSYSFIELD_LOCALESTRING,SDSYSFIELD_ZDQXBH,SDSYSFIELD_DXLB,SDSYSFIELD_DRBZ,SDSYSFIELD_DRBT,SDSYSFIELD_DRXH,SDSYSFIELD_LBXH,SDSYSFIELD_ISFILTER,SDSYSFIELD_FILTERDISP,SDSYSFIELD_NEWLINE,SDSYSFIELD_NEWLINESHOW,SDSYSFIELD_NEWLINETITLE,SDSYSFIELD_GUID,SDSYSFIELD_LINKDO,SDSYSFIELD_SETSQL,SDSYSFIELD_MIN,SDSYSFIELD_MAX,SDSYSFIELD_FJMAX,SDSYSFIELD_FJEXT) values('SDBYS9001','YXJGZCBM_BZ','1','备注','','YXJGZCBM','','0','',' ',' ','','0','0130',' ',' ',' ',' ','', 15 ,'','M1','0', 1, 1, 255 ,' ',' ', 2,'0','0','','','','','1','0', 100, 100,'1','','','1','','','','','','',0,'')
go
insert into SDSYSFIELD(SDSYSFIELD_ID,SDSYSFIELD_LMMC,SDSYSFIELD_LMZT,SDSYSFIELD_LMBM,SDSYSFIELD_TITLE,SDSYSFIELD_TABLE,SDSYSFIELD_SFBZ,SDSYSFIELD_KZBZ,SDSYSFIELD_SFSPXM,SDSYSFIELD_BZBM,SDSYSFIELD_BZBH,SDSYSFIELD_BZTJ,SDSYSFIELD_SFBT,SDSYSFIELD_XSXH,SDSYSFIELD_GLBM,SDSYSFIELD_BHZD,SDSYSFIELD_NMZD,SDSYSFIELD_MCZD,SDSYSFIELD_SQL,SDSYSFIELD_WIDTH,SDSYSFIELD_SPJD,SDSYSFIELD_TABID,SDSYSFIELD_TYPE,SDSYSFIELD_COLSPAN,SDSYSFIELD_ROWSPAN,SDSYSFIELD_LENGTH,SDSYSFIELD_DEFAULT,SDSYSFIELD_LIST,SDSYSFIELD_PRECISION,SDSYSFIELD_FIELDTYPE,SDSYSFIELD_READONLY,SDSYSFIELD_LISTFLAG,SDSYSFIELD_LOCALESTRING,SDSYSFIELD_ZDQXBH,SDSYSFIELD_DXLB,SDSYSFIELD_DRBZ,SDSYSFIELD_DRBT,SDSYSFIELD_DRXH,SDSYSFIELD_LBXH,SDSYSFIELD_ISFILTER,SDSYSFIELD_FILTERDISP,SDSYSFIELD_NEWLINE,SDSYSFIELD_NEWLINESHOW,SDSYSFIELD_NEWLINETITLE,SDSYSFIELD_GUID,SDSYSFIELD_LINKDO,SDSYSFIELD_SETSQL,SDSYSFIELD_MIN,SDSYSFIELD_MAX,SDSYSFIELD_FJMAX,SDSYSFIELD_FJEXT) values('SDBYS9001','YXJGZCBM_ZDR','1','制单人','','YXJGZCBM','','0','',' ',' ','','0','0140',' ',' ',' ',' ','', 15 ,'','MB','0', 1, 1, 20 ,'@UserName@',' ', 2,'9','1','','','','','0','0', 100, 100,'1','','','1','','','','','','',0,'')
go
insert into SDSYSFIELD(SDSYSFIELD_ID,SDSYSFIELD_LMMC,SDSYSFIELD_LMZT,SDSYSFIELD_LMBM,SDSYSFIELD_TITLE,SDSYSFIELD_TABLE,SDSYSFIELD_SFBZ,SDSYSFIELD_KZBZ,SDSYSFIELD_SFSPXM,SDSYSFIELD_BZBM,SDSYSFIELD_BZBH,SDSYSFIELD_BZTJ,SDSYSFIELD_SFBT,SDSYSFIELD_XSXH,SDSYSFIELD_GLBM,SDSYSFIELD_BHZD,SDSYSFIELD_NMZD,SDSYSFIELD_MCZD,SDSYSFIELD_SQL,SDSYSFIELD_WIDTH,SDSYSFIELD_SPJD,SDSYSFIELD_TABID,SDSYSFIELD_TYPE,SDSYSFIELD_COLSPAN,SDSYSFIELD_ROWSPAN,SDSYSFIELD_LENGTH,SDSYSFIELD_DEFAULT,SDSYSFIELD_LIST,SDSYSFIELD_PRECISION,SDSYSFIELD_FIELDTYPE,SDSYSFIELD_READONLY,SDSYSFIELD_LISTFLAG,SDSYSFIELD_LOCALESTRING,SDSYSFIELD_ZDQXBH,SDSYSFIELD_DXLB,SDSYSFIELD_DRBZ,SDSYSFIELD_DRBT,SDSYSFIELD_DRXH,SDSYSFIELD_LBXH,SDSYSFIELD_ISFILTER,SDSYSFIELD_FILTERDISP,SDSYSFIELD_NEWLINE,SDSYSFIELD_NEWLINESHOW,SDSYSFIELD_NEWLINETITLE,SDSYSFIELD_GUID,SDSYSFIELD_LINKDO,SDSYSFIELD_SETSQL,SDSYSFIELD_MIN,SDSYSFIELD_MAX,SDSYSFIELD_FJMAX,SDSYSFIELD_FJEXT) values('SDBYS9001','YXJGZCBM_SHBZ','1','审核标志','','YXJGZCBM','','0','',' ',' ','','0','0150',' ',' ',' ',' ','', 15 ,'','MB','0', 1, 1, 1 ,' ','1,审批通过;0,未提交;2,审批否决;3,正在审批;4,免审', 2,'6','1','','','','','0','0', 100, 100,'1','','','1','','','','','','',0,'')
go
insert into SDSYSFIELD(SDSYSFIELD_ID,SDSYSFIELD_LMMC,SDSYSFIELD_LMZT,SDSYSFIELD_LMBM,SDSYSFIELD_TITLE,SDSYSFIELD_TABLE,SDSYSFIELD_SFBZ,SDSYSFIELD_KZBZ,SDSYSFIELD_SFSPXM,SDSYSFIELD_BZBM,SDSYSFIELD_BZBH,SDSYSFIELD_BZTJ,SDSYSFIELD_SFBT,SDSYSFIELD_XSXH,SDSYSFIELD_GLBM,SDSYSFIELD_BHZD,SDSYSFIELD_NMZD,SDSYSFIELD_MCZD,SDSYSFIELD_SQL,SDSYSFIELD_WIDTH,SDSYSFIELD_SPJD,SDSYSFIELD_TABID,SDSYSFIELD_TYPE,SDSYSFIELD_COLSPAN,SDSYSFIELD_ROWSPAN,SDSYSFIELD_LENGTH,SDSYSFIELD_DEFAULT,SDSYSFIELD_LIST,SDSYSFIELD_PRECISION,SDSYSFIELD_FIELDTYPE,SDSYSFIELD_READONLY,SDSYSFIELD_LISTFLAG,SDSYSFIELD_LOCALESTRING,SDSYSFIELD_ZDQXBH,SDSYSFIELD_DXLB,SDSYSFIELD_DRBZ,SDSYSFIELD_DRBT,SDSYSFIELD_DRXH,SDSYSFIELD_LBXH,SDSYSFIELD_ISFILTER,SDSYSFIELD_FILTERDISP,SDSYSFIELD_NEWLINE,SDSYSFIELD_NEWLINESHOW,SDSYSFIELD_NEWLINETITLE,SDSYSFIELD_GUID,SDSYSFIELD_LINKDO,SDSYSFIELD_SETSQL,SDSYSFIELD_MIN,SDSYSFIELD_MAX,SDSYSFIELD_FJMAX,SDSYSFIELD_FJEXT) values('SDBYS9001','YXJGZCBM_SHRQ','1','审核日期','','YXJGZCBM','','0','',' ',' ','','0','0160',' ',' ',' ',' ','', 15 ,'','MB','0', 1, 1, 200 ,' ',' ', 2,'8','1','','','','','0','0', 100, 100,'1','','','1','','','','','','',0,'')
go
insert into SDSYSFIELD(SDSYSFIELD_ID,SDSYSFIELD_LMMC,SDSYSFIELD_LMZT,SDSYSFIELD_LMBM,SDSYSFIELD_TITLE,SDSYSFIELD_TABLE,SDSYSFIELD_SFBZ,SDSYSFIELD_KZBZ,SDSYSFIELD_SFSPXM,SDSYSFIELD_BZBM,SDSYSFIELD_BZBH,SDSYSFIELD_BZTJ,SDSYSFIELD_SFBT,SDSYSFIELD_XSXH,SDSYSFIELD_GLBM,SDSYSFIELD_BHZD,SDSYSFIELD_NMZD,SDSYSFIELD_MCZD,SDSYSFIELD_SQL,SDSYSFIELD_WIDTH,SDSYSFIELD_SPJD,SDSYSFIELD_TABID,SDSYSFIELD_TYPE,SDSYSFIELD_COLSPAN,SDSYSFIELD_ROWSPAN,SDSYSFIELD_LENGTH,SDSYSFIELD_DEFAULT,SDSYSFIELD_LIST,SDSYSFIELD_PRECISION,SDSYSFIELD_FIELDTYPE,SDSYSFIELD_READONLY,SDSYSFIELD_LISTFLAG,SDSYSFIELD_LOCALESTRING,SDSYSFIELD_ZDQXBH,SDSYSFIELD_DXLB,SDSYSFIELD_DRBZ,SDSYSFIELD_DRBT,SDSYSFIELD_DRXH,SDSYSFIELD_LBXH,SDSYSFIELD_ISFILTER,SDSYSFIELD_FILTERDISP,SDSYSFIELD_NEWLINE,SDSYSFIELD_NEWLINESHOW,SDSYSFIELD_NEWLINETITLE,SDSYSFIELD_GUID,SDSYSFIELD_LINKDO,SDSYSFIELD_SETSQL,SDSYSFIELD_MIN,SDSYSFIELD_MAX,SDSYSFIELD_FJMAX,SDSYSFIELD_FJEXT) values('SDBYS9001','YXJGZCBM_SHLC','0','审核流程','','YXJGZCBM','','0','',' ',' ','','0','0170',' ',' ',' ',' ','', 15 ,'','MB','0', 1, 1, 4 ,' ',' ', 2,'0','1','','','','','0','0', 100, 100,'1','','','1','','','','','','',0,'')
go
insert into SDSYSFIELD(SDSYSFIELD_ID,SDSYSFIELD_LMMC,SDSYSFIELD_LMZT,SDSYSFIELD_LMBM,SDSYSFIELD_TITLE,SDSYSFIELD_TABLE,SDSYSFIELD_SFBZ,SDSYSFIELD_KZBZ,SDSYSFIELD_SFSPXM,SDSYSFIELD_BZBM,SDSYSFIELD_BZBH,SDSYSFIELD_BZTJ,SDSYSFIELD_SFBT,SDSYSFIELD_XSXH,SDSYSFIELD_GLBM,SDSYSFIELD_BHZD,SDSYSFIELD_NMZD,SDSYSFIELD_MCZD,SDSYSFIELD_SQL,SDSYSFIELD_WIDTH,SDSYSFIELD_SPJD,SDSYSFIELD_TABID,SDSYSFIELD_TYPE,SDSYSFIELD_COLSPAN,SDSYSFIELD_ROWSPAN,SDSYSFIELD_LENGTH,SDSYSFIELD_DEFAULT,SDSYSFIELD_LIST,SDSYSFIELD_PRECISION,SDSYSFIELD_FIELDTYPE,SDSYSFIELD_READONLY,SDSYSFIELD_LISTFLAG,SDSYSFIELD_LOCALESTRING,SDSYSFIELD_ZDQXBH,SDSYSFIELD_DXLB,SDSYSFIELD_DRBZ,SDSYSFIELD_DRBT,SDSYSFIELD_DRXH,SDSYSFIELD_LBXH,SDSYSFIELD_ISFILTER,SDSYSFIELD_FILTERDISP,SDSYSFIELD_NEWLINE,SDSYSFIELD_NEWLINESHOW,SDSYSFIELD_NEWLINETITLE,SDSYSFIELD_GUID,SDSYSFIELD_LINKDO,SDSYSFIELD_SETSQL,SDSYSFIELD_MIN,SDSYSFIELD_MAX,SDSYSFIELD_FJMAX,SDSYSFIELD_FJEXT) values('SDBYS9001','YXJGZCBM_SPDX','1','审批对象','','YXJGZCBM','','0','',' ',' ','','0','0180',' ',' ',' ',' ','', 0 ,'','MB','0', 1, 1, 40 ,' ',' ', 2,'0','1','','','','','0','0', 100, 100,'1','','','1','','','','','','',0,'')
go
insert into SDSYSFIELD(SDSYSFIELD_ID,SDSYSFIELD_LMMC,SDSYSFIELD_LMZT,SDSYSFIELD_LMBM,SDSYSFIELD_TITLE,SDSYSFIELD_TABLE,SDSYSFIELD_SFBZ,SDSYSFIELD_KZBZ,SDSYSFIELD_SFSPXM,SDSYSFIELD_BZBM,SDSYSFIELD_BZBH,SDSYSFIELD_BZTJ,SDSYSFIELD_SFBT,SDSYSFIELD_XSXH,SDSYSFIELD_GLBM,SDSYSFIELD_BHZD,SDSYSFIELD_NMZD,SDSYSFIELD_MCZD,SDSYSFIELD_SQL,SDSYSFIELD_WIDTH,SDSYSFIELD_SPJD,SDSYSFIELD_TABID,SDSYSFIELD_TYPE,SDSYSFIELD_COLSPAN,SDSYSFIELD_ROWSPAN,SDSYSFIELD_LENGTH,SDSYSFIELD_DEFAULT,SDSYSFIELD_LIST,SDSYSFIELD_PRECISION,SDSYSFIELD_FIELDTYPE,SDSYSFIELD_READONLY,SDSYSFIELD_LISTFLAG,SDSYSFIELD_LOCALESTRING,SDSYSFIELD_ZDQXBH,SDSYSFIELD_DXLB,SDSYSFIELD_DRBZ,SDSYSFIELD_DRBT,SDSYSFIELD_DRXH,SDSYSFIELD_LBXH,SDSYSFIELD_ISFILTER,SDSYSFIELD_FILTERDISP,SDSYSFIELD_NEWLINE,SDSYSFIELD_NEWLINESHOW,SDSYSFIELD_NEWLINETITLE,SDSYSFIELD_GUID,SDSYSFIELD_LINKDO,SDSYSFIELD_SETSQL,SDSYSFIELD_MIN,SDSYSFIELD_MAX,SDSYSFIELD_FJMAX,SDSYSFIELD_FJEXT) values('SDBYS9001','YXJGZCBM_SHR','1','审核人','','YXJGZCBM','','0','',' ',' ','','0','0190',' ',' ',' ',' ','', 15 ,'','MB','0', 1, 1, 100 ,' ',' ', 2,'7','1','','','','','0','0', 100, 100,'1','','','1','','','','','','',0,'')
go
insert into SDSYSFIELD(SDSYSFIELD_ID,SDSYSFIELD_LMMC,SDSYSFIELD_LMZT,SDSYSFIELD_LMBM,SDSYSFIELD_TITLE,SDSYSFIELD_TABLE,SDSYSFIELD_SFBZ,SDSYSFIELD_KZBZ,SDSYSFIELD_SFSPXM,SDSYSFIELD_BZBM,SDSYSFIELD_BZBH,SDSYSFIELD_BZTJ,SDSYSFIELD_SFBT,SDSYSFIELD_XSXH,SDSYSFIELD_GLBM,SDSYSFIELD_BHZD,SDSYSFIELD_NMZD,SDSYSFIELD_MCZD,SDSYSFIELD_SQL,SDSYSFIELD_WIDTH,SDSYSFIELD_SPJD,SDSYSFIELD_TABID,SDSYSFIELD_TYPE,SDSYSFIELD_COLSPAN,SDSYSFIELD_ROWSPAN,SDSYSFIELD_LENGTH,SDSYSFIELD_DEFAULT,SDSYSFIELD_LIST,SDSYSFIELD_PRECISION,SDSYSFIELD_FIELDTYPE,SDSYSFIELD_READONLY,SDSYSFIELD_LISTFLAG,SDSYSFIELD_LOCALESTRING,SDSYSFIELD_ZDQXBH,SDSYSFIELD_DXLB,SDSYSFIELD_DRBZ,SDSYSFIELD_DRBT,SDSYSFIELD_DRXH,SDSYSFIELD_LBXH,SDSYSFIELD_ISFILTER,SDSYSFIELD_FILTERDISP,SDSYSFIELD_NEWLINE,SDSYSFIELD_NEWLINESHOW,SDSYSFIELD_NEWLINETITLE,SDSYSFIELD_GUID,SDSYSFIELD_LINKDO,SDSYSFIELD_SETSQL,SDSYSFIELD_MIN,SDSYSFIELD_MAX,SDSYSFIELD_FJMAX,SDSYSFIELD_FJEXT) values('SDBYS9001','YXJGZCBMX_ID','0','单据流水','','YXJGZCBMX','','0','',' ',' ','','0','0200',' ',' ',' ',' ','', 15 ,'','I1','0', 1, 1, 40 ,' ',' ', 2,'1','0','','','','','0','0', 100, 100,'1','','','1','','','','','','',0,'')
go
insert into SDSYSFIELD(SDSYSFIELD_ID,SDSYSFIELD_LMMC,SDSYSFIELD_LMZT,SDSYSFIELD_LMBM,SDSYSFIELD_TITLE,SDSYSFIELD_TABLE,SDSYSFIELD_SFBZ,SDSYSFIELD_KZBZ,SDSYSFIELD_SFSPXM,SDSYSFIELD_BZBM,SDSYSFIELD_BZBH,SDSYSFIELD_BZTJ,SDSYSFIELD_SFBT,SDSYSFIELD_XSXH,SDSYSFIELD_GLBM,SDSYSFIELD_BHZD,SDSYSFIELD_NMZD,SDSYSFIELD_MCZD,SDSYSFIELD_SQL,SDSYSFIELD_WIDTH,SDSYSFIELD_SPJD,SDSYSFIELD_TABID,SDSYSFIELD_TYPE,SDSYSFIELD_COLSPAN,SDSYSFIELD_ROWSPAN,SDSYSFIELD_LENGTH,SDSYSFIELD_DEFAULT,SDSYSFIELD_LIST,SDSYSFIELD_PRECISION,SDSYSFIELD_FIELDTYPE,SDSYSFIELD_READONLY,SDSYSFIELD_LISTFLAG,SDSYSFIELD_LOCALESTRING,SDSYSFIELD_ZDQXBH,SDSYSFIELD_DXLB,SDSYSFIELD_DRBZ,SDSYSFIELD_DRBT,SDSYSFIELD_DRXH,SDSYSFIELD_LBXH,SDSYSFIELD_ISFILTER,SDSYSFIELD_FILTERDISP,SDSYSFIELD_NEWLINE,SDSYSFIELD_NEWLINESHOW,SDSYSFIELD_NEWLINETITLE,SDSYSFIELD_GUID,SDSYSFIELD_LINKDO,SDSYSFIELD_SETSQL,SDSYSFIELD_MIN,SDSYSFIELD_MAX,SDSYSFIELD_FJMAX,SDSYSFIELD_FJEXT) values('SDBYS9001','YXJGZCBMX_FLBH','0','分录流水','','YXJGZCBMX','','0','',' ',' ','','0','0210',' ',' ',' ',' ','', 15 ,'','I1','0', 1, 1, 4 ,' ',' ', 2,'4','0','','','','','0','0', 100, 100,'1','','','1','','','','','','',0,'')
go
insert into SDSYSFIELD(SDSYSFIELD_ID,SDSYSFIELD_LMMC,SDSYSFIELD_LMZT,SDSYSFIELD_LMBM,SDSYSFIELD_TITLE,SDSYSFIELD_TABLE,SDSYSFIELD_SFBZ,SDSYSFIELD_KZBZ,SDSYSFIELD_SFSPXM,SDSYSFIELD_BZBM,SDSYSFIELD_BZBH,SDSYSFIELD_BZTJ,SDSYSFIELD_SFBT,SDSYSFIELD_XSXH,SDSYSFIELD_GLBM,SDSYSFIELD_BHZD,SDSYSFIELD_NMZD,SDSYSFIELD_MCZD,SDSYSFIELD_SQL,SDSYSFIELD_WIDTH,SDSYSFIELD_SPJD,SDSYSFIELD_TABID,SDSYSFIELD_TYPE,SDSYSFIELD_COLSPAN,SDSYSFIELD_ROWSPAN,SDSYSFIELD_LENGTH,SDSYSFIELD_DEFAULT,SDSYSFIELD_LIST,SDSYSFIELD_PRECISION,SDSYSFIELD_FIELDTYPE,SDSYSFIELD_READONLY,SDSYSFIELD_LISTFLAG,SDSYSFIELD_LOCALESTRING,SDSYSFIELD_ZDQXBH,SDSYSFIELD_DXLB,SDSYSFIELD_DRBZ,SDSYSFIELD_DRBT,SDSYSFIELD_DRXH,SDSYSFIELD_LBXH,SDSYSFIELD_ISFILTER,SDSYSFIELD_FILTERDISP,SDSYSFIELD_NEWLINE,SDSYSFIELD_NEWLINESHOW,SDSYSFIELD_NEWLINETITLE,SDSYSFIELD_GUID,SDSYSFIELD_LINKDO,SDSYSFIELD_SETSQL,SDSYSFIELD_MIN,SDSYSFIELD_MAX,SDSYSFIELD_FJMAX,SDSYSFIELD_FJEXT) values('SDBYS9001','YXJGZCBMX_LYLS','1','来源流水','','YXJGZCBMX','','0','',' ',' ','','0','0220',' ',' ',' ',' ','', 0 ,'','I1','0', 1, 1, 40 ,' ',' ', 2,'0','0','','','','','0','0', 100, 100,'1','','','1','','','','','','',0,'')
go
insert into SDSYSFIELD(SDSYSFIELD_ID,SDSYSFIELD_LMMC,SDSYSFIELD_LMZT,SDSYSFIELD_LMBM,SDSYSFIELD_TITLE,SDSYSFIELD_TABLE,SDSYSFIELD_SFBZ,SDSYSFIELD_KZBZ,SDSYSFIELD_SFSPXM,SDSYSFIELD_BZBM,SDSYSFIELD_BZBH,SDSYSFIELD_BZTJ,SDSYSFIELD_SFBT,SDSYSFIELD_XSXH,SDSYSFIELD_GLBM,SDSYSFIELD_BHZD,SDSYSFIELD_NMZD,SDSYSFIELD_MCZD,SDSYSFIELD_SQL,SDSYSFIELD_WIDTH,SDSYSFIELD_SPJD,SDSYSFIELD_TABID,SDSYSFIELD_TYPE,SDSYSFIELD_COLSPAN,SDSYSFIELD_ROWSPAN,SDSYSFIELD_LENGTH,SDSYSFIELD_DEFAULT,SDSYSFIELD_LIST,SDSYSFIELD_PRECISION,SDSYSFIELD_FIELDTYPE,SDSYSFIELD_READONLY,SDSYSFIELD_LISTFLAG,SDSYSFIELD_LOCALESTRING,SDSYSFIELD_ZDQXBH,SDSYSFIELD_DXLB,SDSYSFIELD_DRBZ,SDSYSFIELD_DRBT,SDSYSFIELD_DRXH,SDSYSFIELD_LBXH,SDSYSFIELD_ISFILTER,SDSYSFIELD_FILTERDISP,SDSYSFIELD_NEWLINE,SDSYSFIELD_NEWLINESHOW,SDSYSFIELD_NEWLINETITLE,SDSYSFIELD_GUID,SDSYSFIELD_LINKDO,SDSYSFIELD_SETSQL,SDSYSFIELD_MIN,SDSYSFIELD_MAX,SDSYSFIELD_FJMAX,SDSYSFIELD_FJEXT) values('SDBYS9001','YXJGZCBMX_XFLXR','0','需方联系人','','YXJGZCBMX','','0','',' ',' ','','0','0230',' ',' ',' ',' ','', 12 ,'','I1','0', 1, 1, 40 ,' ',' ', 2,'0','0','','','','','0','0', 100, 100,'1','','','1','','','','','','',0,'')
go
insert into SDSYSFIELD(SDSYSFIELD_ID,SDSYSFIELD_LMMC,SDSYSFIELD_LMZT,SDSYSFIELD_LMBM,SDSYSFIELD_TITLE,SDSYSFIELD_TABLE,SDSYSFIELD_SFBZ,SDSYSFIELD_KZBZ,SDSYSFIELD_SFSPXM,SDSYSFIELD_BZBM,SDSYSFIELD_BZBH,SDSYSFIELD_BZTJ,SDSYSFIELD_SFBT,SDSYSFIELD_XSXH,SDSYSFIELD_GLBM,SDSYSFIELD_BHZD,SDSYSFIELD_NMZD,SDSYSFIELD_MCZD,SDSYSFIELD_SQL,SDSYSFIELD_WIDTH,SDSYSFIELD_SPJD,SDSYSFIELD_TABID,SDSYSFIELD_TYPE,SDSYSFIELD_COLSPAN,SDSYSFIELD_ROWSPAN,SDSYSFIELD_LENGTH,SDSYSFIELD_DEFAULT,SDSYSFIELD_LIST,SDSYSFIELD_PRECISION,SDSYSFIELD_FIELDTYPE,SDSYSFIELD_READONLY,SDSYSFIELD_LISTFLAG,SDSYSFIELD_LOCALESTRING,SDSYSFIELD_ZDQXBH,SDSYSFIELD_DXLB,SDSYSFIELD_DRBZ,SDSYSFIELD_DRBT,SDSYSFIELD_DRXH,SDSYSFIELD_LBXH,SDSYSFIELD_ISFILTER,SDSYSFIELD_FILTERDISP,SDSYSFIELD_NEWLINE,SDSYSFIELD_NEWLINESHOW,SDSYSFIELD_NEWLINETITLE,SDSYSFIELD_GUID,SDSYSFIELD_LINKDO,SDSYSFIELD_SETSQL,SDSYSFIELD_MIN,SDSYSFIELD_MAX,SDSYSFIELD_FJMAX,SDSYSFIELD_FJEXT) values('SDBYS9001','YXJGZCBMX_XFSQR','0','需方授权人','','YXJGZCBMX','','0','',' ',' ','','0','0240',' ',' ',' ',' ','', 12 ,'','I1','0', 1, 1, 40 ,' ',' ', 2,'0','0','','','','','0','0', 100, 100,'1','','','1','','','','','','',0,'')
go
insert into SDSYSFIELD(SDSYSFIELD_ID,SDSYSFIELD_LMMC,SDSYSFIELD_LMZT,SDSYSFIELD_LMBM,SDSYSFIELD_TITLE,SDSYSFIELD_TABLE,SDSYSFIELD_SFBZ,SDSYSFIELD_KZBZ,SDSYSFIELD_SFSPXM,SDSYSFIELD_BZBM,SDSYSFIELD_BZBH,SDSYSFIELD_BZTJ,SDSYSFIELD_SFBT,SDSYSFIELD_XSXH,SDSYSFIELD_GLBM,SDSYSFIELD_BHZD,SDSYSFIELD_NMZD,SDSYSFIELD_MCZD,SDSYSFIELD_SQL,SDSYSFIELD_WIDTH,SDSYSFIELD_SPJD,SDSYSFIELD_TABID,SDSYSFIELD_TYPE,SDSYSFIELD_COLSPAN,SDSYSFIELD_ROWSPAN,SDSYSFIELD_LENGTH,SDSYSFIELD_DEFAULT,SDSYSFIELD_LIST,SDSYSFIELD_PRECISION,SDSYSFIELD_FIELDTYPE,SDSYSFIELD_READONLY,SDSYSFIELD_LISTFLAG,SDSYSFIELD_LOCALESTRING,SDSYSFIELD_ZDQXBH,SDSYSFIELD_DXLB,SDSYSFIELD_DRBZ,SDSYSFIELD_DRBT,SDSYSFIELD_DRXH,SDSYSFIELD_LBXH,SDSYSFIELD_ISFILTER,SDSYSFIELD_FILTERDISP,SDSYSFIELD_NEWLINE,SDSYSFIELD_NEWLINESHOW,SDSYSFIELD_NEWLINETITLE,SDSYSFIELD_GUID,SDSYSFIELD_LINKDO,SDSYSFIELD_SETSQL,SDSYSFIELD_MIN,SDSYSFIELD_MAX,SDSYSFIELD_FJMAX,SDSYSFIELD_FJEXT) values('SDBYS9001','YXJGZCBMX_YWLXR','0','业务联系人','','YXJGZCBMX','','0','',' ',' ','','0','0250',' ',' ',' ',' ','', 12 ,'','I1','0', 1, 1, 40 ,' ',' ', 2,'0','0','','','','','0','0', 100, 100,'1','','','1','','','','','','',0,'')
go
insert into SDSYSFIELD(SDSYSFIELD_ID,SDSYSFIELD_LMMC,SDSYSFIELD_LMZT,SDSYSFIELD_LMBM,SDSYSFIELD_TITLE,SDSYSFIELD_TABLE,SDSYSFIELD_SFBZ,SDSYSFIELD_KZBZ,SDSYSFIELD_SFSPXM,SDSYSFIELD_BZBM,SDSYSFIELD_BZBH,SDSYSFIELD_BZTJ,SDSYSFIELD_SFBT,SDSYSFIELD_XSXH,SDSYSFIELD_GLBM,SDSYSFIELD_BHZD,SDSYSFIELD_NMZD,SDSYSFIELD_MCZD,SDSYSFIELD_SQL,SDSYSFIELD_WIDTH,SDSYSFIELD_SPJD,SDSYSFIELD_TABID,SDSYSFIELD_TYPE,SDSYSFIELD_COLSPAN,SDSYSFIELD_ROWSPAN,SDSYSFIELD_LENGTH,SDSYSFIELD_DEFAULT,SDSYSFIELD_LIST,SDSYSFIELD_PRECISION,SDSYSFIELD_FIELDTYPE,SDSYSFIELD_READONLY,SDSYSFIELD_LISTFLAG,SDSYSFIELD_LOCALESTRING,SDSYSFIELD_ZDQXBH,SDSYSFIELD_DXLB,SDSYSFIELD_DRBZ,SDSYSFIELD_DRBT,SDSYSFIELD_DRXH,SDSYSFIELD_LBXH,SDSYSFIELD_ISFILTER,SDSYSFIELD_FILTERDISP,SDSYSFIELD_NEWLINE,SDSYSFIELD_NEWLINESHOW,SDSYSFIELD_NEWLINETITLE,SDSYSFIELD_GUID,SDSYSFIELD_LINKDO,SDSYSFIELD_SETSQL,SDSYSFIELD_MIN,SDSYSFIELD_MAX,SDSYSFIELD_FJMAX,SDSYSFIELD_FJEXT) values('SDBYS9001','YXJGZCBMX_WLBH','1','产品','','YXJGZCBMX',' ','0',' ','YXWLZD','YX1','','0','0260','YXWLZD','YXWLZD_WLBH','YXWLZD_NM','YXWLZD_WLMC','', 12 ,'','I1','0', 0 , 0 , 40 ,' ',' ', 0 ,'0','0',' ','','','','0','0', 0 , 0 ,'1','',' ','1','',' ','','','','',0,'')
go
insert into SDSYSFIELD(SDSYSFIELD_ID,SDSYSFIELD_LMMC,SDSYSFIELD_LMZT,SDSYSFIELD_LMBM,SDSYSFIELD_TITLE,SDSYSFIELD_TABLE,SDSYSFIELD_SFBZ,SDSYSFIELD_KZBZ,SDSYSFIELD_SFSPXM,SDSYSFIELD_BZBM,SDSYSFIELD_BZBH,SDSYSFIELD_BZTJ,SDSYSFIELD_SFBT,SDSYSFIELD_XSXH,SDSYSFIELD_GLBM,SDSYSFIELD_BHZD,SDSYSFIELD_NMZD,SDSYSFIELD_MCZD,SDSYSFIELD_SQL,SDSYSFIELD_WIDTH,SDSYSFIELD_SPJD,SDSYSFIELD_TABID,SDSYSFIELD_TYPE,SDSYSFIELD_COLSPAN,SDSYSFIELD_ROWSPAN,SDSYSFIELD_LENGTH,SDSYSFIELD_DEFAULT,SDSYSFIELD_LIST,SDSYSFIELD_PRECISION,SDSYSFIELD_FIELDTYPE,SDSYSFIELD_READONLY,SDSYSFIELD_LISTFLAG,SDSYSFIELD_LOCALESTRING,SDSYSFIELD_ZDQXBH,SDSYSFIELD_DXLB,SDSYSFIELD_DRBZ,SDSYSFIELD_DRBT,SDSYSFIELD_DRXH,SDSYSFIELD_LBXH,SDSYSFIELD_ISFILTER,SDSYSFIELD_FILTERDISP,SDSYSFIELD_NEWLINE,SDSYSFIELD_NEWLINESHOW,SDSYSFIELD_NEWLINETITLE,SDSYSFIELD_GUID,SDSYSFIELD_LINKDO,SDSYSFIELD_SETSQL,SDSYSFIELD_MIN,SDSYSFIELD_MAX,SDSYSFIELD_FJMAX,SDSYSFIELD_FJEXT) values('SDBYS9001','YXJGZCBMX_KPJ','1','开票价','','YXJGZCBMX',' ','4',' ',' ',' ','','1','0270',' ',' ',' ',' ','', 12 ,'','I1','1', 0 , 0 , 17 ,' ',' ', 0 ,'0','0',' ','','','','0','0', 0 , 0 ,'1','',' ','1','',' ','','','','',0,'')
go
insert into SDSYSFIELD(SDSYSFIELD_ID,SDSYSFIELD_LMMC,SDSYSFIELD_LMZT,SDSYSFIELD_LMBM,SDSYSFIELD_TITLE,SDSYSFIELD_TABLE,SDSYSFIELD_SFBZ,SDSYSFIELD_KZBZ,SDSYSFIELD_SFSPXM,SDSYSFIELD_BZBM,SDSYSFIELD_BZBH,SDSYSFIELD_BZTJ,SDSYSFIELD_SFBT,SDSYSFIELD_XSXH,SDSYSFIELD_GLBM,SDSYSFIELD_BHZD,SDSYSFIELD_NMZD,SDSYSFIELD_MCZD,SDSYSFIELD_SQL,SDSYSFIELD_WIDTH,SDSYSFIELD_SPJD,SDSYSFIELD_TABID,SDSYSFIELD_TYPE,SDSYSFIELD_COLSPAN,SDSYSFIELD_ROWSPAN,SDSYSFIELD_LENGTH,SDSYSFIELD_DEFAULT,SDSYSFIELD_LIST,SDSYSFIELD_PRECISION,SDSYSFIELD_FIELDTYPE,SDSYSFIELD_READONLY,SDSYSFIELD_LISTFLAG,SDSYSFIELD_LOCALESTRING,SDSYSFIELD_ZDQXBH,SDSYSFIELD_DXLB,SDSYSFIELD_DRBZ,SDSYSFIELD_DRBT,SDSYSFIELD_DRXH,SDSYSFIELD_LBXH,SDSYSFIELD_ISFILTER,SDSYSFIELD_FILTERDISP,SDSYSFIELD_NEWLINE,SDSYSFIELD_NEWLINESHOW,SDSYSFIELD_NEWLINETITLE,SDSYSFIELD_GUID,SDSYSFIELD_LINKDO,SDSYSFIELD_SETSQL,SDSYSFIELD_MIN,SDSYSFIELD_MAX,SDSYSFIELD_FJMAX,SDSYSFIELD_FJEXT) values('SDBYS9001','YXJGZCBMX_DJ','1','底价','','YXJGZCBMX',' ','4',' ',' ',' ','','1','0280',' ',' ',' ',' ','', 12 ,'','I1','1', 0 , 0 , 17 ,' ',' ', 0 ,'0','0',' ','','','','0','0', 0 , 0 ,'1','',' ','1','',' ','','','','',0,'')
go
insert into SDSYSFIELD(SDSYSFIELD_ID,SDSYSFIELD_LMMC,SDSYSFIELD_LMZT,SDSYSFIELD_LMBM,SDSYSFIELD_TITLE,SDSYSFIELD_TABLE,SDSYSFIELD_SFBZ,SDSYSFIELD_KZBZ,SDSYSFIELD_SFSPXM,SDSYSFIELD_BZBM,SDSYSFIELD_BZBH,SDSYSFIELD_BZTJ,SDSYSFIELD_SFBT,SDSYSFIELD_XSXH,SDSYSFIELD_GLBM,SDSYSFIELD_BHZD,SDSYSFIELD_NMZD,SDSYSFIELD_MCZD,SDSYSFIELD_SQL,SDSYSFIELD_WIDTH,SDSYSFIELD_SPJD,SDSYSFIELD_TABID,SDSYSFIELD_TYPE,SDSYSFIELD_COLSPAN,SDSYSFIELD_ROWSPAN,SDSYSFIELD_LENGTH,SDSYSFIELD_DEFAULT,SDSYSFIELD_LIST,SDSYSFIELD_PRECISION,SDSYSFIELD_FIELDTYPE,SDSYSFIELD_READONLY,SDSYSFIELD_LISTFLAG,SDSYSFIELD_LOCALESTRING,SDSYSFIELD_ZDQXBH,SDSYSFIELD_DXLB,SDSYSFIELD_DRBZ,SDSYSFIELD_DRBT,SDSYSFIELD_DRXH,SDSYSFIELD_LBXH,SDSYSFIELD_ISFILTER,SDSYSFIELD_FILTERDISP,SDSYSFIELD_NEWLINE,SDSYSFIELD_NEWLINESHOW,SDSYSFIELD_NEWLINETITLE,SDSYSFIELD_GUID,SDSYSFIELD_LINKDO,SDSYSFIELD_SETSQL,SDSYSFIELD_MIN,SDSYSFIELD_MAX,SDSYSFIELD_FJMAX,SDSYSFIELD_FJEXT) values('SDBYS9001','YXJGZCBMX_YWRY','0','业务人员','','YXJGZCBMX',' ','0',' ','YXRYZD','YX1','','0','0290','YXRYZD','YXRYZD_RYBH','YXRYZD_NM','YXRYZD_RYXM','', 12 ,'','I1','0', 0 , 0 , 40 ,' ',' ', 0 ,'0','0',' ','','','','0','0', 0 , 0 ,'1','',' ','1','',' ','','','','',0,'')
go
insert into SDSYSFIELD(SDSYSFIELD_ID,SDSYSFIELD_LMMC,SDSYSFIELD_LMZT,SDSYSFIELD_LMBM,SDSYSFIELD_TITLE,SDSYSFIELD_TABLE,SDSYSFIELD_SFBZ,SDSYSFIELD_KZBZ,SDSYSFIELD_SFSPXM,SDSYSFIELD_BZBM,SDSYSFIELD_BZBH,SDSYSFIELD_BZTJ,SDSYSFIELD_SFBT,SDSYSFIELD_XSXH,SDSYSFIELD_GLBM,SDSYSFIELD_BHZD,SDSYSFIELD_NMZD,SDSYSFIELD_MCZD,SDSYSFIELD_SQL,SDSYSFIELD_WIDTH,SDSYSFIELD_SPJD,SDSYSFIELD_TABID,SDSYSFIELD_TYPE,SDSYSFIELD_COLSPAN,SDSYSFIELD_ROWSPAN,SDSYSFIELD_LENGTH,SDSYSFIELD_DEFAULT,SDSYSFIELD_LIST,SDSYSFIELD_PRECISION,SDSYSFIELD_FIELDTYPE,SDSYSFIELD_READONLY,SDSYSFIELD_LISTFLAG,SDSYSFIELD_LOCALESTRING,SDSYSFIELD_ZDQXBH,SDSYSFIELD_DXLB,SDSYSFIELD_DRBZ,SDSYSFIELD_DRBT,SDSYSFIELD_DRXH,SDSYSFIELD_LBXH,SDSYSFIELD_ISFILTER,SDSYSFIELD_FILTERDISP,SDSYSFIELD_NEWLINE,SDSYSFIELD_NEWLINESHOW,SDSYSFIELD_NEWLINETITLE,SDSYSFIELD_GUID,SDSYSFIELD_LINKDO,SDSYSFIELD_SETSQL,SDSYSFIELD_MIN,SDSYSFIELD_MAX,SDSYSFIELD_FJMAX,SDSYSFIELD_FJEXT) values('SDBYS9001','YXJGZCBMX_XLDX','1','销量底线','','YXJGZCBMX','','4','',' ',' ','','0','0300',' ',' ',' ',' ','', 12 ,'','I1','1', 1, 1, 17 ,' ',' ', 2,'0','0','','','','','0','0', 100, 100,'1','','','1','','','','','','',0,'')
go
insert into SDSYSFIELD(SDSYSFIELD_ID,SDSYSFIELD_LMMC,SDSYSFIELD_LMZT,SDSYSFIELD_LMBM,SDSYSFIELD_TITLE,SDSYSFIELD_TABLE,SDSYSFIELD_SFBZ,SDSYSFIELD_KZBZ,SDSYSFIELD_SFSPXM,SDSYSFIELD_BZBM,SDSYSFIELD_BZBH,SDSYSFIELD_BZTJ,SDSYSFIELD_SFBT,SDSYSFIELD_XSXH,SDSYSFIELD_GLBM,SDSYSFIELD_BHZD,SDSYSFIELD_NMZD,SDSYSFIELD_MCZD,SDSYSFIELD_SQL,SDSYSFIELD_WIDTH,SDSYSFIELD_SPJD,SDSYSFIELD_TABID,SDSYSFIELD_TYPE,SDSYSFIELD_COLSPAN,SDSYSFIELD_ROWSPAN,SDSYSFIELD_LENGTH,SDSYSFIELD_DEFAULT,SDSYSFIELD_LIST,SDSYSFIELD_PRECISION,SDSYSFIELD_FIELDTYPE,SDSYSFIELD_READONLY,SDSYSFIELD_LISTFLAG,SDSYSFIELD_LOCALESTRING,SDSYSFIELD_ZDQXBH,SDSYSFIELD_DXLB,SDSYSFIELD_DRBZ,SDSYSFIELD_DRBT,SDSYSFIELD_DRXH,SDSYSFIELD_LBXH,SDSYSFIELD_ISFILTER,SDSYSFIELD_FILTERDISP,SDSYSFIELD_NEWLINE,SDSYSFIELD_NEWLINESHOW,SDSYSFIELD_NEWLINETITLE,SDSYSFIELD_GUID,SDSYSFIELD_LINKDO,SDSYSFIELD_SETSQL,SDSYSFIELD_MIN,SDSYSFIELD_MAX,SDSYSFIELD_FJMAX,SDSYSFIELD_FJEXT) values('SDBYS9001','YXJGZCBMX_KSRQ','1','开始日期','','YXJGZCBMX',' ','1',' ',' ',' ','','0','0310',' ',' ',' ',' ','', 12 ,'','I1','0', 0 , 0 , 40 ,'YYYYMMDD',' ', 0 ,'0','0',' ','','','','0','0', 0 , 0 ,'1','',' ','1','',' ','','','','',0,'')
go
insert into SDSYSFIELD(SDSYSFIELD_ID,SDSYSFIELD_LMMC,SDSYSFIELD_LMZT,SDSYSFIELD_LMBM,SDSYSFIELD_TITLE,SDSYSFIELD_TABLE,SDSYSFIELD_SFBZ,SDSYSFIELD_KZBZ,SDSYSFIELD_SFSPXM,SDSYSFIELD_BZBM,SDSYSFIELD_BZBH,SDSYSFIELD_BZTJ,SDSYSFIELD_SFBT,SDSYSFIELD_XSXH,SDSYSFIELD_GLBM,SDSYSFIELD_BHZD,SDSYSFIELD_NMZD,SDSYSFIELD_MCZD,SDSYSFIELD_SQL,SDSYSFIELD_WIDTH,SDSYSFIELD_SPJD,SDSYSFIELD_TABID,SDSYSFIELD_TYPE,SDSYSFIELD_COLSPAN,SDSYSFIELD_ROWSPAN,SDSYSFIELD_LENGTH,SDSYSFIELD_DEFAULT,SDSYSFIELD_LIST,SDSYSFIELD_PRECISION,SDSYSFIELD_FIELDTYPE,SDSYSFIELD_READONLY,SDSYSFIELD_LISTFLAG,SDSYSFIELD_LOCALESTRING,SDSYSFIELD_ZDQXBH,SDSYSFIELD_DXLB,SDSYSFIELD_DRBZ,SDSYSFIELD_DRBT,SDSYSFIELD_DRXH,SDSYSFIELD_LBXH,SDSYSFIELD_ISFILTER,SDSYSFIELD_FILTERDISP,SDSYSFIELD_NEWLINE,SDSYSFIELD_NEWLINESHOW,SDSYSFIELD_NEWLINETITLE,SDSYSFIELD_GUID,SDSYSFIELD_LINKDO,SDSYSFIELD_SETSQL,SDSYSFIELD_MIN,SDSYSFIELD_MAX,SDSYSFIELD_FJMAX,SDSYSFIELD_FJEXT) values('SDBYS9001','YXJGZCBMX_JSRQ','1','结束日期','','YXJGZCBMX',' ','1',' ',' ',' ','','0','0320',' ',' ',' ',' ','', 12 ,'','I1','0', 0 , 0 , 40 ,'30001231',' ', 0 ,'0','0',' ','','','','0','0', 0 , 0 ,'1','',' ','1','',' ','','','','',0,'')
go
insert into SDSYSFIELD(SDSYSFIELD_ID,SDSYSFIELD_LMMC,SDSYSFIELD_LMZT,SDSYSFIELD_LMBM,SDSYSFIELD_TITLE,SDSYSFIELD_TABLE,SDSYSFIELD_SFBZ,SDSYSFIELD_KZBZ,SDSYSFIELD_SFSPXM,SDSYSFIELD_BZBM,SDSYSFIELD_BZBH,SDSYSFIELD_BZTJ,SDSYSFIELD_SFBT,SDSYSFIELD_XSXH,SDSYSFIELD_GLBM,SDSYSFIELD_BHZD,SDSYSFIELD_NMZD,SDSYSFIELD_MCZD,SDSYSFIELD_SQL,SDSYSFIELD_WIDTH,SDSYSFIELD_SPJD,SDSYSFIELD_TABID,SDSYSFIELD_TYPE,SDSYSFIELD_COLSPAN,SDSYSFIELD_ROWSPAN,SDSYSFIELD_LENGTH,SDSYSFIELD_DEFAULT,SDSYSFIELD_LIST,SDSYSFIELD_PRECISION,SDSYSFIELD_FIELDTYPE,SDSYSFIELD_READONLY,SDSYSFIELD_LISTFLAG,SDSYSFIELD_LOCALESTRING,SDSYSFIELD_ZDQXBH,SDSYSFIELD_DXLB,SDSYSFIELD_DRBZ,SDSYSFIELD_DRBT,SDSYSFIELD_DRXH,SDSYSFIELD_LBXH,SDSYSFIELD_ISFILTER,SDSYSFIELD_FILTERDISP,SDSYSFIELD_NEWLINE,SDSYSFIELD_NEWLINESHOW,SDSYSFIELD_NEWLINETITLE,SDSYSFIELD_GUID,SDSYSFIELD_LINKDO,SDSYSFIELD_SETSQL,SDSYSFIELD_MIN,SDSYSFIELD_MAX,SDSYSFIELD_FJMAX,SDSYSFIELD_FJEXT) values('SDBYS9001','YXJGZCBMX_LY','0','来源','','YXJGZCBMX',' ','0',' ',' ',' ','','0','0330',' ',' ',' ',' ','', 12 ,'','I1','0', 0 , 0 , 1 ,' ','1,协议;2,调整;3,最近上次价格;4,手工', 0 ,'0','0',' ','','','','0','0', 0 , 0 ,'1','',' ','1','',' ','','','','',0,'')
go
insert into SDSYSFIELD(SDSYSFIELD_ID,SDSYSFIELD_LMMC,SDSYSFIELD_LMZT,SDSYSFIELD_LMBM,SDSYSFIELD_TITLE,SDSYSFIELD_TABLE,SDSYSFIELD_SFBZ,SDSYSFIELD_KZBZ,SDSYSFIELD_SFSPXM,SDSYSFIELD_BZBM,SDSYSFIELD_BZBH,SDSYSFIELD_BZTJ,SDSYSFIELD_SFBT,SDSYSFIELD_XSXH,SDSYSFIELD_GLBM,SDSYSFIELD_BHZD,SDSYSFIELD_NMZD,SDSYSFIELD_MCZD,SDSYSFIELD_SQL,SDSYSFIELD_WIDTH,SDSYSFIELD_SPJD,SDSYSFIELD_TABID,SDSYSFIELD_TYPE,SDSYSFIELD_COLSPAN,SDSYSFIELD_ROWSPAN,SDSYSFIELD_LENGTH,SDSYSFIELD_DEFAULT,SDSYSFIELD_LIST,SDSYSFIELD_PRECISION,SDSYSFIELD_FIELDTYPE,SDSYSFIELD_READONLY,SDSYSFIELD_LISTFLAG,SDSYSFIELD_LOCALESTRING,SDSYSFIELD_ZDQXBH,SDSYSFIELD_DXLB,SDSYSFIELD_DRBZ,SDSYSFIELD_DRBT,SDSYSFIELD_DRXH,SDSYSFIELD_LBXH,SDSYSFIELD_ISFILTER,SDSYSFIELD_FILTERDISP,SDSYSFIELD_NEWLINE,SDSYSFIELD_NEWLINESHOW,SDSYSFIELD_NEWLINETITLE,SDSYSFIELD_GUID,SDSYSFIELD_LINKDO,SDSYSFIELD_SETSQL,SDSYSFIELD_MIN,SDSYSFIELD_MAX,SDSYSFIELD_FJMAX,SDSYSFIELD_FJEXT) values('SDBYS9001','YXJGZCBMX_DEMO','1','备注','','YXJGZCBMX','','0','',' ',' ','','0','0340',' ',' ',' ',' ','', 12 ,'','I1','0', 1, 1, 255 ,' ',' ', 2,'0','0','','','','','0','0', 100, 100,'1','','','1','','','','','','',0,'')
go
insert into SDSYSFIELD(SDSYSFIELD_ID,SDSYSFIELD_LMMC,SDSYSFIELD_LMZT,SDSYSFIELD_LMBM,SDSYSFIELD_TITLE,SDSYSFIELD_TABLE,SDSYSFIELD_SFBZ,SDSYSFIELD_KZBZ,SDSYSFIELD_SFSPXM,SDSYSFIELD_BZBM,SDSYSFIELD_BZBH,SDSYSFIELD_BZTJ,SDSYSFIELD_SFBT,SDSYSFIELD_XSXH,SDSYSFIELD_GLBM,SDSYSFIELD_BHZD,SDSYSFIELD_NMZD,SDSYSFIELD_MCZD,SDSYSFIELD_SQL,SDSYSFIELD_WIDTH,SDSYSFIELD_SPJD,SDSYSFIELD_TABID,SDSYSFIELD_TYPE,SDSYSFIELD_COLSPAN,SDSYSFIELD_ROWSPAN,SDSYSFIELD_LENGTH,SDSYSFIELD_DEFAULT,SDSYSFIELD_LIST,SDSYSFIELD_PRECISION,SDSYSFIELD_FIELDTYPE,SDSYSFIELD_READONLY,SDSYSFIELD_LISTFLAG,SDSYSFIELD_LOCALESTRING,SDSYSFIELD_ZDQXBH,SDSYSFIELD_DXLB,SDSYSFIELD_DRBZ,SDSYSFIELD_DRBT,SDSYSFIELD_DRXH,SDSYSFIELD_LBXH,SDSYSFIELD_ISFILTER,SDSYSFIELD_FILTERDISP,SDSYSFIELD_NEWLINE,SDSYSFIELD_NEWLINESHOW,SDSYSFIELD_NEWLINETITLE,SDSYSFIELD_GUID,SDSYSFIELD_LINKDO,SDSYSFIELD_SETSQL,SDSYSFIELD_MIN,SDSYSFIELD_MAX,SDSYSFIELD_FJMAX,SDSYSFIELD_FJEXT) values('SDBYS9001','YXJGZCBMX_GUID','0','唯一标识','','YXJGZCBMX','','0','',' ',' ','','0','0350',' ',' ',' ',' ','', 12 ,'','I1','0', 1, 1, 40 ,' ',' ', 2,'0','0','','','','','0','0', 100, 100,'1','','','1','','','','','','',0,'')
go
insert into SDSYSFIELD(SDSYSFIELD_ID,SDSYSFIELD_LMMC,SDSYSFIELD_LMZT,SDSYSFIELD_LMBM,SDSYSFIELD_TITLE,SDSYSFIELD_TABLE,SDSYSFIELD_SFBZ,SDSYSFIELD_KZBZ,SDSYSFIELD_SFSPXM,SDSYSFIELD_BZBM,SDSYSFIELD_BZBH,SDSYSFIELD_BZTJ,SDSYSFIELD_SFBT,SDSYSFIELD_XSXH,SDSYSFIELD_GLBM,SDSYSFIELD_BHZD,SDSYSFIELD_NMZD,SDSYSFIELD_MCZD,SDSYSFIELD_SQL,SDSYSFIELD_WIDTH,SDSYSFIELD_SPJD,SDSYSFIELD_TABID,SDSYSFIELD_TYPE,SDSYSFIELD_COLSPAN,SDSYSFIELD_ROWSPAN,SDSYSFIELD_LENGTH,SDSYSFIELD_DEFAULT,SDSYSFIELD_LIST,SDSYSFIELD_PRECISION,SDSYSFIELD_FIELDTYPE,SDSYSFIELD_READONLY,SDSYSFIELD_LISTFLAG,SDSYSFIELD_LOCALESTRING,SDSYSFIELD_ZDQXBH,SDSYSFIELD_DXLB,SDSYSFIELD_DRBZ,SDSYSFIELD_DRBT,SDSYSFIELD_DRXH,SDSYSFIELD_LBXH,SDSYSFIELD_ISFILTER,SDSYSFIELD_FILTERDISP,SDSYSFIELD_NEWLINE,SDSYSFIELD_NEWLINESHOW,SDSYSFIELD_NEWLINETITLE,SDSYSFIELD_GUID,SDSYSFIELD_LINKDO,SDSYSFIELD_SETSQL,SDSYSFIELD_MIN,SDSYSFIELD_MAX,SDSYSFIELD_FJMAX,SDSYSFIELD_FJEXT) values('SDBYS9001','YXJGZCBMX_SYBZ','1','使用标志','','YXJGZCBMX',' ','0',' ','','','','0','0360','','','','','', 12 ,'','I1','0', 0 , 0 , 40 ,'1','0,不使用;1,使用', 0 ,'0','0',' ','','','','0','0', 0 , 0 ,'1','',' ','1','',' ','','','','',0,'')
go
delete from SDBILLMGR where SDBILLMGR_ID='SDBYS9001' 
go
insert into SDBILLMGR(SDBILLMGR_ID,SDBILLMGR_TYPE,SDBILLMGR_NAME,SDBILLMGR_GNXH,SDBILLMGR_GNBH,SDBILLMGR_URL,SDBILLMGR_ICO) values('SDBYS9001','0','价格政策新(手工)维护','0','SDBYS9001A','NetBill/NetBillMain.aspx?BILLID=SDBYS9001&CHECK=0',' ')
go
delete from LSGNZD where F_GNBH='SDBYS9001A' 
go
insert into LSGNZD(F_GNBH,F_GNMC ) values('SDBYS9001A','价格政策新(手工)维护')
go
delete from LSGNZDEX where LSGNZDEX_GNBH='SDBYS9001A' 
go
insert into LSGNZDEX( LSGNZDEX_GNBH,LSGNZDEX_URL ,LSGNZDEX_XTYL, LSGNZDEX_LJBM ,LSGNZDEX_DJLS,LSGNZDEX_ICO) values('SDBYS9001A','NetBill/NetBillMain.aspx?BILLID=SDBYS9001&CHECK=0','S','YXJGZCBM','YXJGZCBM_ID',' ')
go
insert into SDBILLMGR(SDBILLMGR_ID,SDBILLMGR_TYPE,SDBILLMGR_NAME,SDBILLMGR_GNXH,SDBILLMGR_GNBH,SDBILLMGR_URL,SDBILLMGR_ICO) values('SDBYS9001','1','价格政策新(手工)审批','1','SDBYS9001B','NetBill/NetBillMain.aspx?BILLID=SDBYS9001&CHECK=1',' ')
go
delete from LSGNZD where F_GNBH='SDBYS9001B' 
go
insert into LSGNZD(F_GNBH,F_GNMC ) values('SDBYS9001B','价格政策新(手工)审批')
go
delete from LSGNZDEX where LSGNZDEX_GNBH='SDBYS9001B' 
go
insert into LSGNZDEX( LSGNZDEX_GNBH,LSGNZDEX_URL ,LSGNZDEX_XTYL, LSGNZDEX_LJBM ,LSGNZDEX_DJLS,LSGNZDEX_ICO) values('SDBYS9001B','NetBill/NetBillMain.aspx?BILLID=SDBYS9001&CHECK=1','S','YXJGZCBM','YXJGZCBM_ID',' ')
go
insert into SDBILLMGR(SDBILLMGR_ID,SDBILLMGR_TYPE,SDBILLMGR_NAME,SDBILLMGR_GNXH,SDBILLMGR_GNBH,SDBILLMGR_URL,SDBILLMGR_ICO) values('SDBYS9001','1','价格政策查询列表新(手工)','11','SDBYS9001H','NetBill/SD_ListMgr/SD_List_Mgr.aspx?ListID=SDBYS9001H',' ')
go
delete from LSGNZD where F_GNBH='SDBYS9001H' 
go
insert into LSGNZD(F_GNBH,F_GNMC ) values('SDBYS9001H','价格政策查询列表新(手工)')
go
delete from LSGNZDEX where LSGNZDEX_GNBH='SDBYS9001H' 
go
insert into LSGNZDEX( LSGNZDEX_GNBH,LSGNZDEX_URL ,LSGNZDEX_XTYL, LSGNZDEX_LJBM ,LSGNZDEX_DJLS,LSGNZDEX_ICO) values('SDBYS9001H','NetBill/SD_ListMgr/SD_List_Mgr.aspx?ListID=SDBYS9001H','S','YXJGZCBM','YXJGZCBM_ID',' ')
go
delete from SDSYSBUTTON where SDSYSBUTTON_ID='SDBYS9001' 
go
insert into SDSYSBUTTON(SDSYSBUTTON_ID,SDSYSBUTTON_BTNID,SDSYSBUTTON_BTNNAME,SDSYSBUTTON_TITLE,SDSYSBUTTON_TYPE,SDSYSBUTTON_SYBZ,SDSYSBUTTON_POSITION,SDSYSBUTTON_ORDER,SDSYSBUTTON_ALTK,SDSYSBUTTON_CLASSNAME,SDSYSBUTTON_ZDSD,SDSYSBUTTON_JHAN,SDSYSBUTTON_SDAN,SDSYSBUTTON_SCRIPT) values('SDBYS9001','BtnS01','增加','','0','1','0', 1 ,' ',' ','0',' ',' ','return newBill();')
go
insert into SDSYSBUTTON(SDSYSBUTTON_ID,SDSYSBUTTON_BTNID,SDSYSBUTTON_BTNNAME,SDSYSBUTTON_TITLE,SDSYSBUTTON_TYPE,SDSYSBUTTON_SYBZ,SDSYSBUTTON_POSITION,SDSYSBUTTON_ORDER,SDSYSBUTTON_ALTK,SDSYSBUTTON_CLASSNAME,SDSYSBUTTON_ZDSD,SDSYSBUTTON_JHAN,SDSYSBUTTON_SDAN,SDSYSBUTTON_SCRIPT) values('SDBYS9001','BtnI1Add','增加','','0','1','1', 1 ,' ','新增分录16.png','0',' ',' ','addEmptyItem(0)')
go
insert into SDSYSBUTTON(SDSYSBUTTON_ID,SDSYSBUTTON_BTNID,SDSYSBUTTON_BTNNAME,SDSYSBUTTON_TITLE,SDSYSBUTTON_TYPE,SDSYSBUTTON_SYBZ,SDSYSBUTTON_POSITION,SDSYSBUTTON_ORDER,SDSYSBUTTON_ALTK,SDSYSBUTTON_CLASSNAME,SDSYSBUTTON_ZDSD,SDSYSBUTTON_JHAN,SDSYSBUTTON_SDAN,SDSYSBUTTON_SCRIPT) values('SDBYS9001','BtnI1Del','删除','','0','1','1', 3 ,' ','删除行16.png','0',' ',' ','DeleteRowWithCheck(0)')
go
insert into SDSYSBUTTON(SDSYSBUTTON_ID,SDSYSBUTTON_BTNID,SDSYSBUTTON_BTNNAME,SDSYSBUTTON_TITLE,SDSYSBUTTON_TYPE,SDSYSBUTTON_SYBZ,SDSYSBUTTON_POSITION,SDSYSBUTTON_ORDER,SDSYSBUTTON_ALTK,SDSYSBUTTON_CLASSNAME,SDSYSBUTTON_ZDSD,SDSYSBUTTON_JHAN,SDSYSBUTTON_SDAN,SDSYSBUTTON_SCRIPT) values('SDBYS9001','BtnS02','修改','','0','1','0', 5 ,' ',' ','0',' ',' ','return modifyBill();')
go
insert into SDSYSBUTTON(SDSYSBUTTON_ID,SDSYSBUTTON_BTNID,SDSYSBUTTON_BTNNAME,SDSYSBUTTON_TITLE,SDSYSBUTTON_TYPE,SDSYSBUTTON_SYBZ,SDSYSBUTTON_POSITION,SDSYSBUTTON_ORDER,SDSYSBUTTON_ALTK,SDSYSBUTTON_CLASSNAME,SDSYSBUTTON_ZDSD,SDSYSBUTTON_JHAN,SDSYSBUTTON_SDAN,SDSYSBUTTON_SCRIPT) values('SDBYS9001','BtnS03','删除','','0','1','0', 10 ,' ',' ','0',' ',' ','return deleteBill();')
go
insert into SDSYSBUTTON(SDSYSBUTTON_ID,SDSYSBUTTON_BTNID,SDSYSBUTTON_BTNNAME,SDSYSBUTTON_TITLE,SDSYSBUTTON_TYPE,SDSYSBUTTON_SYBZ,SDSYSBUTTON_POSITION,SDSYSBUTTON_ORDER,SDSYSBUTTON_ALTK,SDSYSBUTTON_CLASSNAME,SDSYSBUTTON_ZDSD,SDSYSBUTTON_JHAN,SDSYSBUTTON_SDAN,SDSYSBUTTON_SCRIPT) values('SDBYS9001','BtnS04','保存','','0','1','0', 15 ,' ',' ','0',' ',' ','return Save(''0'');')
go
insert into SDSYSBUTTON(SDSYSBUTTON_ID,SDSYSBUTTON_BTNID,SDSYSBUTTON_BTNNAME,SDSYSBUTTON_TITLE,SDSYSBUTTON_TYPE,SDSYSBUTTON_SYBZ,SDSYSBUTTON_POSITION,SDSYSBUTTON_ORDER,SDSYSBUTTON_ALTK,SDSYSBUTTON_CLASSNAME,SDSYSBUTTON_ZDSD,SDSYSBUTTON_JHAN,SDSYSBUTTON_SDAN,SDSYSBUTTON_SCRIPT) values('SDBYS9001','BtnS05','提交','','0','1','0', 20 ,' ',' ','0',' ',' ','return submitbill(false);')
go
insert into SDSYSBUTTON(SDSYSBUTTON_ID,SDSYSBUTTON_BTNID,SDSYSBUTTON_BTNNAME,SDSYSBUTTON_TITLE,SDSYSBUTTON_TYPE,SDSYSBUTTON_SYBZ,SDSYSBUTTON_POSITION,SDSYSBUTTON_ORDER,SDSYSBUTTON_ALTK,SDSYSBUTTON_CLASSNAME,SDSYSBUTTON_ZDSD,SDSYSBUTTON_JHAN,SDSYSBUTTON_SDAN,SDSYSBUTTON_SCRIPT) values('SDBYS9001','BtnS06','取消提交','','0','1','0', 25 ,' ',' ','0',' ',' ','return submitbill_undo();')
go
insert into SDSYSBUTTON(SDSYSBUTTON_ID,SDSYSBUTTON_BTNID,SDSYSBUTTON_BTNNAME,SDSYSBUTTON_TITLE,SDSYSBUTTON_TYPE,SDSYSBUTTON_SYBZ,SDSYSBUTTON_POSITION,SDSYSBUTTON_ORDER,SDSYSBUTTON_ALTK,SDSYSBUTTON_CLASSNAME,SDSYSBUTTON_ZDSD,SDSYSBUTTON_JHAN,SDSYSBUTTON_SDAN,SDSYSBUTTON_SCRIPT) values('SDBYS9001','BtnS08','查找','','0','1','0', 40 ,' ',' ','0',' ',' ','var my_Menu  = new class_Menu(null,gs_Find_Menu,100,135);')
go
insert into SDSYSBUTTON(SDSYSBUTTON_ID,SDSYSBUTTON_BTNID,SDSYSBUTTON_BTNNAME,SDSYSBUTTON_TITLE,SDSYSBUTTON_TYPE,SDSYSBUTTON_SYBZ,SDSYSBUTTON_POSITION,SDSYSBUTTON_ORDER,SDSYSBUTTON_ALTK,SDSYSBUTTON_CLASSNAME,SDSYSBUTTON_ZDSD,SDSYSBUTTON_JHAN,SDSYSBUTTON_SDAN,SDSYSBUTTON_SCRIPT) values('SDBYS9001','BtnS09','附件上传','','0','0','0', 42 ,' ','附件16.png','0',' ',' ','return G_Attachment_Add();')
go
insert into SDSYSBUTTON(SDSYSBUTTON_ID,SDSYSBUTTON_BTNID,SDSYSBUTTON_BTNNAME,SDSYSBUTTON_TITLE,SDSYSBUTTON_TYPE,SDSYSBUTTON_SYBZ,SDSYSBUTTON_POSITION,SDSYSBUTTON_ORDER,SDSYSBUTTON_ALTK,SDSYSBUTTON_CLASSNAME,SDSYSBUTTON_ZDSD,SDSYSBUTTON_JHAN,SDSYSBUTTON_SDAN,SDSYSBUTTON_SCRIPT) values('SDBYS9001','BtnS10','附件查看','','0','0','0', 44 ,' ','培训资料16.png','0',' ',' ','return G_Attachment_Look();')
go
insert into SDSYSBUTTON(SDSYSBUTTON_ID,SDSYSBUTTON_BTNID,SDSYSBUTTON_BTNNAME,SDSYSBUTTON_TITLE,SDSYSBUTTON_TYPE,SDSYSBUTTON_SYBZ,SDSYSBUTTON_POSITION,SDSYSBUTTON_ORDER,SDSYSBUTTON_ALTK,SDSYSBUTTON_CLASSNAME,SDSYSBUTTON_ZDSD,SDSYSBUTTON_JHAN,SDSYSBUTTON_SDAN,SDSYSBUTTON_SCRIPT) values('SDBYS9001','BtnS11','数据导入','','0','0','0', 45 ,' ','导入EXCEL16.png','0',' ',' ','return G_Bill_Inport();')
go
insert into SDSYSBUTTON(SDSYSBUTTON_ID,SDSYSBUTTON_BTNID,SDSYSBUTTON_BTNNAME,SDSYSBUTTON_TITLE,SDSYSBUTTON_TYPE,SDSYSBUTTON_SYBZ,SDSYSBUTTON_POSITION,SDSYSBUTTON_ORDER,SDSYSBUTTON_ALTK,SDSYSBUTTON_CLASSNAME,SDSYSBUTTON_ZDSD,SDSYSBUTTON_JHAN,SDSYSBUTTON_SDAN,SDSYSBUTTON_SCRIPT) values('SDBYS9001','BtnS21','查找','','1','1','0', 1 ,' ',' ','0',' ',' ','var my_Menu  = new class_Menu(null,gs_Find_Menu,100,135);')
go
insert into SDSYSBUTTON(SDSYSBUTTON_ID,SDSYSBUTTON_BTNID,SDSYSBUTTON_BTNNAME,SDSYSBUTTON_TITLE,SDSYSBUTTON_TYPE,SDSYSBUTTON_SYBZ,SDSYSBUTTON_POSITION,SDSYSBUTTON_ORDER,SDSYSBUTTON_ALTK,SDSYSBUTTON_CLASSNAME,SDSYSBUTTON_ZDSD,SDSYSBUTTON_JHAN,SDSYSBUTTON_SDAN,SDSYSBUTTON_SCRIPT) values('SDBYS9001','BtnS22','通过','','1','1','0', 5 ,' ',' ','0',' ',' ','return approve(1);')
go
insert into SDSYSBUTTON(SDSYSBUTTON_ID,SDSYSBUTTON_BTNID,SDSYSBUTTON_BTNNAME,SDSYSBUTTON_TITLE,SDSYSBUTTON_TYPE,SDSYSBUTTON_SYBZ,SDSYSBUTTON_POSITION,SDSYSBUTTON_ORDER,SDSYSBUTTON_ALTK,SDSYSBUTTON_CLASSNAME,SDSYSBUTTON_ZDSD,SDSYSBUTTON_JHAN,SDSYSBUTTON_SDAN,SDSYSBUTTON_SCRIPT) values('SDBYS9001','BtnS23','否决','','1','1','0', 15 ,' ',' ','0',' ',' ','return approve(2);')
go
insert into SDSYSBUTTON(SDSYSBUTTON_ID,SDSYSBUTTON_BTNID,SDSYSBUTTON_BTNNAME,SDSYSBUTTON_TITLE,SDSYSBUTTON_TYPE,SDSYSBUTTON_SYBZ,SDSYSBUTTON_POSITION,SDSYSBUTTON_ORDER,SDSYSBUTTON_ALTK,SDSYSBUTTON_CLASSNAME,SDSYSBUTTON_ZDSD,SDSYSBUTTON_JHAN,SDSYSBUTTON_SDAN,SDSYSBUTTON_SCRIPT) values('SDBYS9001','BtnS24','取消','','1','1','0', 20 ,' ',' ','0',' ',' ','return approve(3);')
go
insert into SDSYSBUTTON(SDSYSBUTTON_ID,SDSYSBUTTON_BTNID,SDSYSBUTTON_BTNNAME,SDSYSBUTTON_TITLE,SDSYSBUTTON_TYPE,SDSYSBUTTON_SYBZ,SDSYSBUTTON_POSITION,SDSYSBUTTON_ORDER,SDSYSBUTTON_ALTK,SDSYSBUTTON_CLASSNAME,SDSYSBUTTON_ZDSD,SDSYSBUTTON_JHAN,SDSYSBUTTON_SDAN,SDSYSBUTTON_SCRIPT) values('SDBYS9001','BtnS25','审批','','1','1','0', 26 ,' ',' ','0',' ',' ','var my_Approve = new class_Menu(null,gs_Approve_Menu,130,373); ')
go
insert into SDSYSBUTTON(SDSYSBUTTON_ID,SDSYSBUTTON_BTNID,SDSYSBUTTON_BTNNAME,SDSYSBUTTON_TITLE,SDSYSBUTTON_TYPE,SDSYSBUTTON_SYBZ,SDSYSBUTTON_POSITION,SDSYSBUTTON_ORDER,SDSYSBUTTON_ALTK,SDSYSBUTTON_CLASSNAME,SDSYSBUTTON_ZDSD,SDSYSBUTTON_JHAN,SDSYSBUTTON_SDAN,SDSYSBUTTON_SCRIPT) values('SDBYS9001','BtnS27','附件查看','','1','0','0', 28 ,' ','培训资料16.png','0',' ',' ','return G_Attachment_Look();')
go
/*单据高级设置*/ 
delete from SDSYSBILLAD where SDSYSBILLAD_ID='SDBYS9001' 
go
delete from WDSQL where WDSQL_DJBH='YXJGZCBM' 
go
delete from PPSPDX where PPSPDX_YWID='YXJGZCBM' 
go
insert into PPSPDX(PPSPDX_YWID,PPSPDX_YWMC,PPSPDX_SFXY,PPSPDX_SYS,PPSPDX_ZDTJ,PPSPDX_TSTJ,PPSPDX_DXTZ,PPSPDX_ISMSLC,PPSPDX_QXBZ) values('YXJGZCBM','价格政策新(手工)','1','SDB','0','0','0','1','')
go
delete from PPSPGS where PPSPGS_YWID='YXJGZCBM' 
go
insert into PPSPGS(PPSPGS_YWID,PPSPGS_GSBH, PPSPGS_GSMC, PPSPGS_GSLX, PPSPGS_GSNR,PPSPGS_HELP, PPSPGS_CODE ) values('YXJGZCBM','001','$区域$','C','select YXJGZCBM_BM from YXJGZCBM where YXJGZCBM_LSBH=?','YXBMZD&YX1,YXBMZD_BMBH,YXBMZD_BMMC','')
go
insert into PPSPGS(PPSPGS_YWID,PPSPGS_GSBH, PPSPGS_GSMC, PPSPGS_GSLX, PPSPGS_GSNR,PPSPGS_HELP, PPSPGS_CODE ) values('YXJGZCBM','002','$备注$','C','select YXJGZCBM_BZ from YXJGZCBM where YXJGZCBM_LSBH=?',' ','')
go
insert into PPSPGS(PPSPGS_YWID,PPSPGS_GSBH, PPSPGS_GSMC, PPSPGS_GSLX, PPSPGS_GSNR,PPSPGS_HELP, PPSPGS_CODE ) values('YXJGZCBM','003','$单据编号$','C','select YXJGZCBM_DJBH from YXJGZCBM where YXJGZCBM_LSBH=?',' ','')
go
insert into PPSPGS(PPSPGS_YWID,PPSPGS_GSBH, PPSPGS_GSMC, PPSPGS_GSLX, PPSPGS_GSNR,PPSPGS_HELP, PPSPGS_CODE ) values('YXJGZCBM','004','$导入标识$','C','select YXJGZCBM_DRBS from YXJGZCBM where YXJGZCBM_LSBH=?',' ','')
go
insert into PPSPGS(PPSPGS_YWID,PPSPGS_GSBH, PPSPGS_GSMC, PPSPGS_GSLX, PPSPGS_GSNR,PPSPGS_HELP, PPSPGS_CODE ) values('YXJGZCBM','005','$销售公司$','C','select YXJGZCBM_GSID from YXJGZCBM where YXJGZCBM_LSBH=?','LSBZDW&YX01,LSBZDW_DWBH,LSBZDW_DWMC','')
go
insert into PPSPGS(PPSPGS_YWID,PPSPGS_GSBH, PPSPGS_GSMC, PPSPGS_GSLX, PPSPGS_GSNR,PPSPGS_HELP, PPSPGS_CODE ) values('YXJGZCBM','006','$单据流水$','C','select YXJGZCBM_ID from YXJGZCBM where YXJGZCBM_LSBH=?',' ','')
go
insert into PPSPGS(PPSPGS_YWID,PPSPGS_GSBH, PPSPGS_GSMC, PPSPGS_GSLX, PPSPGS_GSNR,PPSPGS_HELP, PPSPGS_CODE ) values('YXJGZCBM','007','$客户$','C','select YXJGZCBM_KHBH from YXJGZCBM where YXJGZCBM_LSBH=?','YXKHZD&YX1,YXKHZD_KHBH,YXKHZD_KHMC','')
go
insert into PPSPGS(PPSPGS_YWID,PPSPGS_GSBH, PPSPGS_GSMC, PPSPGS_GSLX, PPSPGS_GSNR,PPSPGS_HELP, PPSPGS_CODE ) values('YXJGZCBM','008','$来源$','C','select YXJGZCBM_LY from YXJGZCBM where YXJGZCBM_LSBH=?',' ','1,协议;2,调整;3,最近上次价格;4,手工')
go
insert into PPSPGS(PPSPGS_YWID,PPSPGS_GSBH, PPSPGS_GSMC, PPSPGS_GSLX, PPSPGS_GSNR,PPSPGS_HELP, PPSPGS_CODE ) values('YXJGZCBM','009','$来源流水$','C','select YXJGZCBM_LYLS from YXJGZCBM where YXJGZCBM_LSBH=?',' ','')
go
insert into PPSPGS(PPSPGS_YWID,PPSPGS_GSBH, PPSPGS_GSMC, PPSPGS_GSLX, PPSPGS_GSNR,PPSPGS_HELP, PPSPGS_CODE ) values('YXJGZCBM','010','$渠道类型$','C','select YXJGZCBM_QDLX from YXJGZCBM where YXJGZCBM_LSBH=?','YXDDYWLX&YX1,YXDDYWLX_BH,YXDDYWLX_MC','')
go
insert into PPSPGS(PPSPGS_YWID,PPSPGS_GSBH, PPSPGS_GSMC, PPSPGS_GSLX, PPSPGS_GSNR,PPSPGS_HELP, PPSPGS_CODE ) values('YXJGZCBM','011','$审核标志$','C','select YXJGZCBM_SHBZ from YXJGZCBM where YXJGZCBM_LSBH=?',' ','1,审批通过;0,未提交;2,审批否决;3,正在审批;4,免审')
go
insert into PPSPGS(PPSPGS_YWID,PPSPGS_GSBH, PPSPGS_GSMC, PPSPGS_GSLX, PPSPGS_GSNR,PPSPGS_HELP, PPSPGS_CODE ) values('YXJGZCBM','012','$审核流程$','C','select YXJGZCBM_SHLC from YXJGZCBM where YXJGZCBM_LSBH=?',' ','')
go
insert into PPSPGS(PPSPGS_YWID,PPSPGS_GSBH, PPSPGS_GSMC, PPSPGS_GSLX, PPSPGS_GSNR,PPSPGS_HELP, PPSPGS_CODE ) values('YXJGZCBM','013','$审核人$','C','select YXJGZCBM_SHR from YXJGZCBM where YXJGZCBM_LSBH=?',' ','')
go
insert into PPSPGS(PPSPGS_YWID,PPSPGS_GSBH, PPSPGS_GSMC, PPSPGS_GSLX, PPSPGS_GSNR,PPSPGS_HELP, PPSPGS_CODE ) values('YXJGZCBM','014','$审核日期$','C','select YXJGZCBM_SHRQ from YXJGZCBM where YXJGZCBM_LSBH=?',' ','')
go
insert into PPSPGS(PPSPGS_YWID,PPSPGS_GSBH, PPSPGS_GSMC, PPSPGS_GSLX, PPSPGS_GSNR,PPSPGS_HELP, PPSPGS_CODE ) values('YXJGZCBM','015','$审批对象$','C','select YXJGZCBM_SPDX from YXJGZCBM where YXJGZCBM_LSBH=?',' ','')
go
insert into PPSPGS(PPSPGS_YWID,PPSPGS_GSBH, PPSPGS_GSMC, PPSPGS_GSLX, PPSPGS_GSNR,PPSPGS_HELP, PPSPGS_CODE ) values('YXJGZCBM','016','$事业部$','C','select YXJGZCBM_SYB from YXJGZCBM where YXJGZCBM_LSBH=?','YXSYB&YX1,YXSYB_SYBBH,YXSYB_SYBMC','')
go
insert into PPSPGS(PPSPGS_YWID,PPSPGS_GSBH, PPSPGS_GSMC, PPSPGS_GSLX, PPSPGS_GSNR,PPSPGS_HELP, PPSPGS_CODE ) values('YXJGZCBM','017','$政策类型$','C','select YXJGZCBM_ZCLX from YXJGZCBM where YXJGZCBM_LSBH=?',' ','0,各事业部普调政策;1,一般政策;2,特殊地区政策;3,特殊客户政策')
go
insert into PPSPGS(PPSPGS_YWID,PPSPGS_GSBH, PPSPGS_GSMC, PPSPGS_GSLX, PPSPGS_GSNR,PPSPGS_HELP, PPSPGS_CODE ) values('YXJGZCBM','018','$制单人$','C','select YXJGZCBM_ZDR from YXJGZCBM where YXJGZCBM_LSBH=?',' ','')
go
insert into PPSPGS(PPSPGS_YWID,PPSPGS_GSBH, PPSPGS_GSMC, PPSPGS_GSLX, PPSPGS_GSNR,PPSPGS_HELP, PPSPGS_CODE ) values('YXJGZCBM','019','$制单日期$','C','select YXJGZCBM_ZDRQ from YXJGZCBM where YXJGZCBM_LSBH=?',' ','')
go
delete from JSBHOBJ where JSBHOBJ_OBJID='YXJGZCBM' 
go
INSERT INTO JSBHOBJ (JSBHOBJ_OBJID,JSBHOBJ_OBJNAME,JSBHOBJ_SYS,JSBHOBJ_FLSX,JSBHOBJ_BHCD,JSBHOBJ_BHCOLCD,JSBHOBJ_TABLE,JSBHOBJ_BHCOL,JSBHOBJ_LSBHCOL,JSBHOBJ_SFQY) values('YXJGZCBM','价格政策制单(手工)','SDB ','2','20','20','YXJGZCBM','YXJGZCBM_DJBH ','YXJGZCBM_ID','1')
go
delete from JSBHRULE where JSBHRULE_OBJID='YXJGZCBM' 
go
INSERT INTO JSBHRULE (JSBHRULE_OBJID,JSBHRULE_SEQ,JSBHRULE_SXH,JSBHRULE_LYLB,JSBHRULE_COL,JSBHRULE_RQLM,JSBHRULE_GDZF,JSBHRULE_DCD,JSBHRULE_SFFLYJ, JSBHRULE_BQZF ) values('YXJGZCBM','1','1','Z','YXJGZCBM_ZDRQ',' ',' ','8','1',' ')
go
INSERT INTO JSBHRULE (JSBHRULE_OBJID,JSBHRULE_SEQ,JSBHRULE_SXH,JSBHRULE_LYLB,JSBHRULE_COL,JSBHRULE_RQLM,JSBHRULE_GDZF,JSBHRULE_DCD,JSBHRULE_SFFLYJ, JSBHRULE_BQZF ) values('YXJGZCBM','2','2','L','','','','8','1',' ')
go
DELETE FROM YXGN WHERE YXGN_BH='YXJGZCBM'
go
insert into YXGN(YXGN_BH,YXGN_MC,YXGN_ZXT,YXGN_LX,YXGN_BZ) values('YXJGZCBM','价格政策新(手工)','SD','0','表名')
go
DELETE FROM LSSJB WHERE LSSJB_LJBM='YXJGZCBM'
go
INSERT INTO LSSJB (LSSJB_XTBH,LSSJB_LJBM,LSSJB_BSM,LSSJB_FLSX,LSSJB_DYGS,LSSJB_SJBM,LSSJB_FLTJ,LSSJB_GLTJ,LSSJB_GLGX,LSSJB_SORT) VALUES('SDB','YXJGZCBM','价格政策新(手工)','2',' ','YXJGZCBM,YXJGZCBMX','','YXJGZCBM_ID=YXJGZCBMX_ID','单据流水@YXJGZCBM_ID@,单据流水@YXJGZCBMX_ID@','YXJGZCBM_ID#YXJGZCBMX_ID')
go
DELETE FROM LSSJBEX WHERE LSSJBEX_LJBM='YXJGZCBM'
go
INSERT INTO LSSJBEX (LSSJBEX_LJBM,LSSJBEX_FXBM,LSSJBEX_FXMC,LSSJBEX_SJBM,LSSJBEX_LMWZ,LSSJBEX_GLTJ,LSSJBEX_ZB,LSSJBEX_ZBGLZD,LSSJBEX_CBGLZD,LSSJBEX_SORT) VALUES('YXJGZCBM','YXJGZCBM','价格政策新(手工)','YXJGZCBM','0',' ',' ',' ',' ','YXJGZCBM_ID')
go
delete from LSBLM where LSBLM_LJBM='YXJGZCBM' and LSBLM_XH not like 'Z%'
go
insert into LSBLM (LSBLM_XH,LSBLM_LJBM,LSBLM_DYLM,LSBLM_SJLM,LSBLM_LYBM,LSBLM_GLTJ,LSBLM_LMWZ,LSBLM_LMSM,LSBLM_LMLX,LSBLM_LMCD,LSBLM_XSCD,LSBLM_DYXZ,LSBLM_SFXS,LSBLM_YHMC,LSBLM_DXLB,LSBLM_SORT,LSBLM_CODE,LSBLM_GLLM,LSBLM_GLBM,LSBLM_GLGX,LSBLM_DYWZ,LSBLM_SFBB) values ('001','YXJGZCBM','@YXJGZCBM_DJBH@','YXJGZCBM_DJBH','YXJGZCBM','','0','单据编号','C',200,15,'1','1','单据编号','','',' ',' ',' ',' ','0','1')
go
insert into LSBLM (LSBLM_XH,LSBLM_LJBM,LSBLM_DYLM,LSBLM_SJLM,LSBLM_LYBM,LSBLM_GLTJ,LSBLM_LMWZ,LSBLM_LMSM,LSBLM_LMLX,LSBLM_LMCD,LSBLM_XSCD,LSBLM_DYXZ,LSBLM_SFXS,LSBLM_YHMC,LSBLM_DXLB,LSBLM_SORT,LSBLM_CODE,LSBLM_GLLM,LSBLM_GLBM,LSBLM_GLGX,LSBLM_DYWZ,LSBLM_SFBB) values ('002','YXJGZCBM','@YXJGZCBM_ZDRQ@','YXJGZCBM_ZDRQ','YXJGZCBM','','0','制单日期','D',200,15,'1','1','制单日期','','',' ',' ',' ',' ','0','1')
go
insert into LSBLM (LSBLM_XH,LSBLM_LJBM,LSBLM_DYLM,LSBLM_SJLM,LSBLM_LYBM,LSBLM_GLTJ,LSBLM_LMWZ,LSBLM_LMSM,LSBLM_LMLX,LSBLM_LMCD,LSBLM_XSCD,LSBLM_DYXZ,LSBLM_SFXS,LSBLM_YHMC,LSBLM_DXLB,LSBLM_SORT,LSBLM_CODE,LSBLM_GLLM,LSBLM_GLBM,LSBLM_GLGX,LSBLM_DYWZ,LSBLM_SFBB) values ('003','YXJGZCBM','@YXJGZCBM_GSID@','YXJGZCBM_GSID','YXJGZCBM','','0','销售公司','C',200,15,'1','1','销售公司','','',' ',' ',' ',' ','0','1')
go
insert into LSBLM (LSBLM_XH,LSBLM_LJBM,LSBLM_DYLM,LSBLM_SJLM,LSBLM_LYBM,LSBLM_GLTJ,LSBLM_LMWZ,LSBLM_LMSM,LSBLM_LMLX,LSBLM_LMCD,LSBLM_XSCD,LSBLM_DYXZ,LSBLM_SFXS,LSBLM_YHMC,LSBLM_DXLB,LSBLM_SORT,LSBLM_CODE,LSBLM_GLLM,LSBLM_GLBM,LSBLM_GLGX,LSBLM_DYWZ,LSBLM_SFBB) values ('004','YXJGZCBM','@YXJGZCBM_GSID_MC@','LSBZDW_DWMC','YXJGZCBM,LSBZDW','YXJGZCBM_GSID=LSBZDW_DWBH','0','销售公司名称','C',200,15,'1','1','销售公司名称','','','','YXJGZCBM_GSID','LSBZDW','YXJGZCBM_GSID=LSBZDW_DWBH','0','0')
go
insert into LSBLM (LSBLM_XH,LSBLM_LJBM,LSBLM_DYLM,LSBLM_SJLM,LSBLM_LYBM,LSBLM_GLTJ,LSBLM_LMWZ,LSBLM_LMSM,LSBLM_LMLX,LSBLM_LMCD,LSBLM_XSCD,LSBLM_DYXZ,LSBLM_SFXS,LSBLM_YHMC,LSBLM_DXLB,LSBLM_SORT,LSBLM_CODE,LSBLM_GLLM,LSBLM_GLBM,LSBLM_GLGX,LSBLM_DYWZ,LSBLM_SFBB) values ('005','YXJGZCBM','@YXJGZCBM_ID@','YXJGZCBM_ID','YXJGZCBM','','0','单据流水','C',200,15,'1','1','单据流水','','',' ',' ',' ',' ','0','1')
go
insert into LSBLM (LSBLM_XH,LSBLM_LJBM,LSBLM_DYLM,LSBLM_SJLM,LSBLM_LYBM,LSBLM_GLTJ,LSBLM_LMWZ,LSBLM_LMSM,LSBLM_LMLX,LSBLM_LMCD,LSBLM_XSCD,LSBLM_DYXZ,LSBLM_SFXS,LSBLM_YHMC,LSBLM_DXLB,LSBLM_SORT,LSBLM_CODE,LSBLM_GLLM,LSBLM_GLBM,LSBLM_GLGX,LSBLM_DYWZ,LSBLM_SFBB) values ('006','YXJGZCBM','@YXJGZCBM_LY@','YXJGZCBM_LY','YXJGZCBM','','0','来源','C',200,12,'1','1','来源','','','1,协议;2,调整;3,最近上次价格;4,手工',' ',' ',' ','0','1')
go
insert into LSBLM (LSBLM_XH,LSBLM_LJBM,LSBLM_DYLM,LSBLM_SJLM,LSBLM_LYBM,LSBLM_GLTJ,LSBLM_LMWZ,LSBLM_LMSM,LSBLM_LMLX,LSBLM_LMCD,LSBLM_XSCD,LSBLM_DYXZ,LSBLM_SFXS,LSBLM_YHMC,LSBLM_DXLB,LSBLM_SORT,LSBLM_CODE,LSBLM_GLLM,LSBLM_GLBM,LSBLM_GLGX,LSBLM_DYWZ,LSBLM_SFBB) values ('007','YXJGZCBM','@YXJGZCBM_LYLS@','YXJGZCBM_LYLS','YXJGZCBM','','0','来源流水','C',200,12,'1','1','来源流水','','',' ',' ',' ',' ','0','1')
go
insert into LSBLM (LSBLM_XH,LSBLM_LJBM,LSBLM_DYLM,LSBLM_SJLM,LSBLM_LYBM,LSBLM_GLTJ,LSBLM_LMWZ,LSBLM_LMSM,LSBLM_LMLX,LSBLM_LMCD,LSBLM_XSCD,LSBLM_DYXZ,LSBLM_SFXS,LSBLM_YHMC,LSBLM_DXLB,LSBLM_SORT,LSBLM_CODE,LSBLM_GLLM,LSBLM_GLBM,LSBLM_GLGX,LSBLM_DYWZ,LSBLM_SFBB) values ('008','YXJGZCBM','@YXJGZCBM_QDLX@','YXJGZCBM_QDLX','YXJGZCBM','','0','渠道类型','C',200,12,'1','1','渠道类型','','',' ',' ',' ',' ','0','1')
go
insert into LSBLM (LSBLM_XH,LSBLM_LJBM,LSBLM_DYLM,LSBLM_SJLM,LSBLM_LYBM,LSBLM_GLTJ,LSBLM_LMWZ,LSBLM_LMSM,LSBLM_LMLX,LSBLM_LMCD,LSBLM_XSCD,LSBLM_DYXZ,LSBLM_SFXS,LSBLM_YHMC,LSBLM_DXLB,LSBLM_SORT,LSBLM_CODE,LSBLM_GLLM,LSBLM_GLBM,LSBLM_GLGX,LSBLM_DYWZ,LSBLM_SFBB) values ('009','YXJGZCBM','@YXJGZCBM_QDLX_MC@','YXDDYWLX_MC','YXJGZCBM,YXDDYWLX','YXJGZCBM_QDLX=YXDDYWLX_NM','0','渠道类型名称','C',200,15,'1','1','渠道类型名称','','','','YXJGZCBM_QDLX','YXDDYWLX','YXJGZCBM_QDLX=YXDDYWLX_NM','0','0')
go
insert into LSBLM (LSBLM_XH,LSBLM_LJBM,LSBLM_DYLM,LSBLM_SJLM,LSBLM_LYBM,LSBLM_GLTJ,LSBLM_LMWZ,LSBLM_LMSM,LSBLM_LMLX,LSBLM_LMCD,LSBLM_XSCD,LSBLM_DYXZ,LSBLM_SFXS,LSBLM_YHMC,LSBLM_DXLB,LSBLM_SORT,LSBLM_CODE,LSBLM_GLLM,LSBLM_GLBM,LSBLM_GLGX,LSBLM_DYWZ,LSBLM_SFBB) values ('010','YXJGZCBM','@YXJGZCBM_SYB@','YXJGZCBM_SYB','YXJGZCBM','','0','事业部','C',200,12,'1','1','事业部','','',' ',' ',' ',' ','0','1')
go
insert into LSBLM (LSBLM_XH,LSBLM_LJBM,LSBLM_DYLM,LSBLM_SJLM,LSBLM_LYBM,LSBLM_GLTJ,LSBLM_LMWZ,LSBLM_LMSM,LSBLM_LMLX,LSBLM_LMCD,LSBLM_XSCD,LSBLM_DYXZ,LSBLM_SFXS,LSBLM_YHMC,LSBLM_DXLB,LSBLM_SORT,LSBLM_CODE,LSBLM_GLLM,LSBLM_GLBM,LSBLM_GLGX,LSBLM_DYWZ,LSBLM_SFBB) values ('011','YXJGZCBM','@YXJGZCBM_SYB_MC@','YXSYB_SYBMC','YXJGZCBM,YXSYB','YXJGZCBM_SYB=YXSYB_NM','0','事业部名称','C',200,15,'1','1','事业部名称','','','','YXJGZCBM_SYB','YXSYB','YXJGZCBM_SYB=YXSYB_NM','0','0')
go
insert into LSBLM (LSBLM_XH,LSBLM_LJBM,LSBLM_DYLM,LSBLM_SJLM,LSBLM_LYBM,LSBLM_GLTJ,LSBLM_LMWZ,LSBLM_LMSM,LSBLM_LMLX,LSBLM_LMCD,LSBLM_XSCD,LSBLM_DYXZ,LSBLM_SFXS,LSBLM_YHMC,LSBLM_DXLB,LSBLM_SORT,LSBLM_CODE,LSBLM_GLLM,LSBLM_GLBM,LSBLM_GLGX,LSBLM_DYWZ,LSBLM_SFBB) values ('012','YXJGZCBM','@YXJGZCBM_BM@','YXJGZCBM_BM','YXJGZCBM','','0','区域','C',40,15,'1','1','区域','','','',' ',' ',' ','0','1')
go
insert into LSBLM (LSBLM_XH,LSBLM_LJBM,LSBLM_DYLM,LSBLM_SJLM,LSBLM_LYBM,LSBLM_GLTJ,LSBLM_LMWZ,LSBLM_LMSM,LSBLM_LMLX,LSBLM_LMCD,LSBLM_XSCD,LSBLM_DYXZ,LSBLM_SFXS,LSBLM_YHMC,LSBLM_DXLB,LSBLM_SORT,LSBLM_CODE,LSBLM_GLLM,LSBLM_GLBM,LSBLM_GLGX,LSBLM_DYWZ,LSBLM_SFBB) values ('013','YXJGZCBM','@YXJGZCBM_BM_MC@','YXBMZD_BMMC','YXJGZCBM,YXBMZD','YXJGZCBM_BM=YXBMZD_NM','0','区域名称','C',200,15,'1','1','区域名称','','','','YXJGZCBM_BM','YXBMZD','YXJGZCBM_BM=YXBMZD_NM','0','0')
go
insert into LSBLM (LSBLM_XH,LSBLM_LJBM,LSBLM_DYLM,LSBLM_SJLM,LSBLM_LYBM,LSBLM_GLTJ,LSBLM_LMWZ,LSBLM_LMSM,LSBLM_LMLX,LSBLM_LMCD,LSBLM_XSCD,LSBLM_DYXZ,LSBLM_SFXS,LSBLM_YHMC,LSBLM_DXLB,LSBLM_SORT,LSBLM_CODE,LSBLM_GLLM,LSBLM_GLBM,LSBLM_GLGX,LSBLM_DYWZ,LSBLM_SFBB) values ('014','YXJGZCBM','@YXJGZCBM_KHBH@','YXJGZCBM_KHBH','YXJGZCBM','','0','客户','C',200,12,'1','1','客户','','',' ',' ',' ',' ','0','1')
go
insert into LSBLM (LSBLM_XH,LSBLM_LJBM,LSBLM_DYLM,LSBLM_SJLM,LSBLM_LYBM,LSBLM_GLTJ,LSBLM_LMWZ,LSBLM_LMSM,LSBLM_LMLX,LSBLM_LMCD,LSBLM_XSCD,LSBLM_DYXZ,LSBLM_SFXS,LSBLM_YHMC,LSBLM_DXLB,LSBLM_SORT,LSBLM_CODE,LSBLM_GLLM,LSBLM_GLBM,LSBLM_GLGX,LSBLM_DYWZ,LSBLM_SFBB) values ('015','YXJGZCBM','@YXJGZCBM_KHBH_MC@','YXKHZD_KHMC','YXJGZCBM,YXKHZD','YXJGZCBM_KHBH=YXKHZD_NM','0','客户名称','C',200,15,'1','1','客户名称','','','','YXJGZCBM_KHBH','YXKHZD','YXJGZCBM_KHBH=YXKHZD_NM','0','0')
go
insert into LSBLM (LSBLM_XH,LSBLM_LJBM,LSBLM_DYLM,LSBLM_SJLM,LSBLM_LYBM,LSBLM_GLTJ,LSBLM_LMWZ,LSBLM_LMSM,LSBLM_LMLX,LSBLM_LMCD,LSBLM_XSCD,LSBLM_DYXZ,LSBLM_SFXS,LSBLM_YHMC,LSBLM_DXLB,LSBLM_SORT,LSBLM_CODE,LSBLM_GLLM,LSBLM_GLBM,LSBLM_GLGX,LSBLM_DYWZ,LSBLM_SFBB) values ('016','YXJGZCBM','@YXJGZCBM_ZCLX@','YXJGZCBM_ZCLX','YXJGZCBM','','0','政策类型','C',200,12,'1','1','政策类型','','','0,各事业部普调政策;1,一般政策;2,特殊地区政策;3,特殊客户政策',' ',' ',' ','0','1')
go
insert into LSBLM (LSBLM_XH,LSBLM_LJBM,LSBLM_DYLM,LSBLM_SJLM,LSBLM_LYBM,LSBLM_GLTJ,LSBLM_LMWZ,LSBLM_LMSM,LSBLM_LMLX,LSBLM_LMCD,LSBLM_XSCD,LSBLM_DYXZ,LSBLM_SFXS,LSBLM_YHMC,LSBLM_DXLB,LSBLM_SORT,LSBLM_CODE,LSBLM_GLLM,LSBLM_GLBM,LSBLM_GLGX,LSBLM_DYWZ,LSBLM_SFBB) values ('017','YXJGZCBM','@YXJGZCBM_DRBS@','YXJGZCBM_DRBS','YXJGZCBM','','0','导入标识','C',200,15,'1','1','导入标识','','',' ',' ',' ',' ','0','1')
go
insert into LSBLM (LSBLM_XH,LSBLM_LJBM,LSBLM_DYLM,LSBLM_SJLM,LSBLM_LYBM,LSBLM_GLTJ,LSBLM_LMWZ,LSBLM_LMSM,LSBLM_LMLX,LSBLM_LMCD,LSBLM_XSCD,LSBLM_DYXZ,LSBLM_SFXS,LSBLM_YHMC,LSBLM_DXLB,LSBLM_SORT,LSBLM_CODE,LSBLM_GLLM,LSBLM_GLBM,LSBLM_GLGX,LSBLM_DYWZ,LSBLM_SFBB) values ('018','YXJGZCBM','@YXJGZCBM_BZ@','YXJGZCBM_BZ','YXJGZCBM','','0','备注','C',200,15,'1','1','备注','','',' ',' ',' ',' ','0','1')
go
insert into LSBLM (LSBLM_XH,LSBLM_LJBM,LSBLM_DYLM,LSBLM_SJLM,LSBLM_LYBM,LSBLM_GLTJ,LSBLM_LMWZ,LSBLM_LMSM,LSBLM_LMLX,LSBLM_LMCD,LSBLM_XSCD,LSBLM_DYXZ,LSBLM_SFXS,LSBLM_YHMC,LSBLM_DXLB,LSBLM_SORT,LSBLM_CODE,LSBLM_GLLM,LSBLM_GLBM,LSBLM_GLGX,LSBLM_DYWZ,LSBLM_SFBB) values ('019','YXJGZCBM','@YXJGZCBM_ZDR@','YXJGZCBM_ZDR','YXJGZCBM','','0','制单人','C',200,15,'1','1','制单人','','',' ',' ',' ',' ','0','1')
go
insert into LSBLM (LSBLM_XH,LSBLM_LJBM,LSBLM_DYLM,LSBLM_SJLM,LSBLM_LYBM,LSBLM_GLTJ,LSBLM_LMWZ,LSBLM_LMSM,LSBLM_LMLX,LSBLM_LMCD,LSBLM_XSCD,LSBLM_DYXZ,LSBLM_SFXS,LSBLM_YHMC,LSBLM_DXLB,LSBLM_SORT,LSBLM_CODE,LSBLM_GLLM,LSBLM_GLBM,LSBLM_GLGX,LSBLM_DYWZ,LSBLM_SFBB) values ('020','YXJGZCBM','@YXJGZCBM_SHBZ@','YXJGZCBM_SHBZ','YXJGZCBM','','0','审核标志','C',200,15,'1','1','审核标志','','','1,审批通过;0,未提交;2,审批否决;3,正在审批;4,免审',' ',' ',' ','0','1')
go
insert into LSBLM (LSBLM_XH,LSBLM_LJBM,LSBLM_DYLM,LSBLM_SJLM,LSBLM_LYBM,LSBLM_GLTJ,LSBLM_LMWZ,LSBLM_LMSM,LSBLM_LMLX,LSBLM_LMCD,LSBLM_XSCD,LSBLM_DYXZ,LSBLM_SFXS,LSBLM_YHMC,LSBLM_DXLB,LSBLM_SORT,LSBLM_CODE,LSBLM_GLLM,LSBLM_GLBM,LSBLM_GLGX,LSBLM_DYWZ,LSBLM_SFBB) values ('021','YXJGZCBM','@YXJGZCBM_SHRQ@','YXJGZCBM_SHRQ','YXJGZCBM','','0','审核日期','C',200,15,'1','1','审核日期','','',' ',' ',' ',' ','0','1')
go
insert into LSBLM (LSBLM_XH,LSBLM_LJBM,LSBLM_DYLM,LSBLM_SJLM,LSBLM_LYBM,LSBLM_GLTJ,LSBLM_LMWZ,LSBLM_LMSM,LSBLM_LMLX,LSBLM_LMCD,LSBLM_XSCD,LSBLM_DYXZ,LSBLM_SFXS,LSBLM_YHMC,LSBLM_DXLB,LSBLM_SORT,LSBLM_CODE,LSBLM_GLLM,LSBLM_GLBM,LSBLM_GLGX,LSBLM_DYWZ,LSBLM_SFBB) values ('022','YXJGZCBM','@YXJGZCBM_SHLC@','YXJGZCBM_SHLC','YXJGZCBM','','0','审核流程','C',200,15,'1','1','审核流程','','',' ',' ',' ',' ','0','1')
go
insert into LSBLM (LSBLM_XH,LSBLM_LJBM,LSBLM_DYLM,LSBLM_SJLM,LSBLM_LYBM,LSBLM_GLTJ,LSBLM_LMWZ,LSBLM_LMSM,LSBLM_LMLX,LSBLM_LMCD,LSBLM_XSCD,LSBLM_DYXZ,LSBLM_SFXS,LSBLM_YHMC,LSBLM_DXLB,LSBLM_SORT,LSBLM_CODE,LSBLM_GLLM,LSBLM_GLBM,LSBLM_GLGX,LSBLM_DYWZ,LSBLM_SFBB) values ('023','YXJGZCBM','@YXJGZCBM_SPDX@','YXJGZCBM_SPDX','YXJGZCBM','','0','审批对象','C',200,0,'1','1','审批对象','','',' ',' ',' ',' ','0','1')
go
insert into LSBLM (LSBLM_XH,LSBLM_LJBM,LSBLM_DYLM,LSBLM_SJLM,LSBLM_LYBM,LSBLM_GLTJ,LSBLM_LMWZ,LSBLM_LMSM,LSBLM_LMLX,LSBLM_LMCD,LSBLM_XSCD,LSBLM_DYXZ,LSBLM_SFXS,LSBLM_YHMC,LSBLM_DXLB,LSBLM_SORT,LSBLM_CODE,LSBLM_GLLM,LSBLM_GLBM,LSBLM_GLGX,LSBLM_DYWZ,LSBLM_SFBB) values ('024','YXJGZCBM','@YXJGZCBM_SHR@','YXJGZCBM_SHR','YXJGZCBM','','0','审核人','C',200,15,'1','1','审核人','','',' ',' ',' ',' ','0','1')
go
insert into LSBLM (LSBLM_XH,LSBLM_LJBM,LSBLM_DYLM,LSBLM_SJLM,LSBLM_LYBM,LSBLM_GLTJ,LSBLM_LMWZ,LSBLM_LMSM,LSBLM_LMLX,LSBLM_LMCD,LSBLM_XSCD,LSBLM_DYXZ,LSBLM_SFXS,LSBLM_YHMC,LSBLM_DXLB,LSBLM_SORT,LSBLM_CODE,LSBLM_GLLM,LSBLM_GLBM,LSBLM_GLGX,LSBLM_DYWZ,LSBLM_SFBB) values ('025','YXJGZCBM','@YXJGZCBMX_ID@','YXJGZCBMX_ID','YXJGZCBM,YXJGZCBMX','YXJGZCBM_ID=YXJGZCBMX_ID','1','单据流水','C',200,15,'1','1','单据流水','','',' ',' ',' ',' ','1','1')
go
insert into LSBLM (LSBLM_XH,LSBLM_LJBM,LSBLM_DYLM,LSBLM_SJLM,LSBLM_LYBM,LSBLM_GLTJ,LSBLM_LMWZ,LSBLM_LMSM,LSBLM_LMLX,LSBLM_LMCD,LSBLM_XSCD,LSBLM_DYXZ,LSBLM_SFXS,LSBLM_YHMC,LSBLM_DXLB,LSBLM_SORT,LSBLM_CODE,LSBLM_GLLM,LSBLM_GLBM,LSBLM_GLGX,LSBLM_DYWZ,LSBLM_SFBB) values ('026','YXJGZCBM','@YXJGZCBMX_FLBH@','YXJGZCBMX_FLBH','YXJGZCBM,YXJGZCBMX','YXJGZCBM_ID=YXJGZCBMX_ID','1','分录流水','C',200,15,'1','1','分录流水','','',' ',' ',' ',' ','1','1')
go
insert into LSBLM (LSBLM_XH,LSBLM_LJBM,LSBLM_DYLM,LSBLM_SJLM,LSBLM_LYBM,LSBLM_GLTJ,LSBLM_LMWZ,LSBLM_LMSM,LSBLM_LMLX,LSBLM_LMCD,LSBLM_XSCD,LSBLM_DYXZ,LSBLM_SFXS,LSBLM_YHMC,LSBLM_DXLB,LSBLM_SORT,LSBLM_CODE,LSBLM_GLLM,LSBLM_GLBM,LSBLM_GLGX,LSBLM_DYWZ,LSBLM_SFBB) values ('027','YXJGZCBM','@YXJGZCBMX_LYLS@','YXJGZCBMX_LYLS','YXJGZCBM,YXJGZCBMX','YXJGZCBM_ID=YXJGZCBMX_ID','1','来源流水','C',200,0,'1','1','来源流水','','',' ',' ',' ',' ','1','1')
go
insert into LSBLM (LSBLM_XH,LSBLM_LJBM,LSBLM_DYLM,LSBLM_SJLM,LSBLM_LYBM,LSBLM_GLTJ,LSBLM_LMWZ,LSBLM_LMSM,LSBLM_LMLX,LSBLM_LMCD,LSBLM_XSCD,LSBLM_DYXZ,LSBLM_SFXS,LSBLM_YHMC,LSBLM_DXLB,LSBLM_SORT,LSBLM_CODE,LSBLM_GLLM,LSBLM_GLBM,LSBLM_GLGX,LSBLM_DYWZ,LSBLM_SFBB) values ('028','YXJGZCBM','@YXJGZCBMX_XFLXR@','YXJGZCBMX_XFLXR','YXJGZCBM,YXJGZCBMX','YXJGZCBM_ID=YXJGZCBMX_ID','1','需方联系人','C',200,12,'1','1','需方联系人','','',' ',' ',' ',' ','1','1')
go
insert into LSBLM (LSBLM_XH,LSBLM_LJBM,LSBLM_DYLM,LSBLM_SJLM,LSBLM_LYBM,LSBLM_GLTJ,LSBLM_LMWZ,LSBLM_LMSM,LSBLM_LMLX,LSBLM_LMCD,LSBLM_XSCD,LSBLM_DYXZ,LSBLM_SFXS,LSBLM_YHMC,LSBLM_DXLB,LSBLM_SORT,LSBLM_CODE,LSBLM_GLLM,LSBLM_GLBM,LSBLM_GLGX,LSBLM_DYWZ,LSBLM_SFBB) values ('029','YXJGZCBM','@YXJGZCBMX_XFSQR@','YXJGZCBMX_XFSQR','YXJGZCBM,YXJGZCBMX','YXJGZCBM_ID=YXJGZCBMX_ID','1','需方授权人','C',200,12,'1','1','需方授权人','','',' ',' ',' ',' ','1','1')
go
insert into LSBLM (LSBLM_XH,LSBLM_LJBM,LSBLM_DYLM,LSBLM_SJLM,LSBLM_LYBM,LSBLM_GLTJ,LSBLM_LMWZ,LSBLM_LMSM,LSBLM_LMLX,LSBLM_LMCD,LSBLM_XSCD,LSBLM_DYXZ,LSBLM_SFXS,LSBLM_YHMC,LSBLM_DXLB,LSBLM_SORT,LSBLM_CODE,LSBLM_GLLM,LSBLM_GLBM,LSBLM_GLGX,LSBLM_DYWZ,LSBLM_SFBB) values ('030','YXJGZCBM','@YXJGZCBMX_YWLXR@','YXJGZCBMX_YWLXR','YXJGZCBM,YXJGZCBMX','YXJGZCBM_ID=YXJGZCBMX_ID','1','业务联系人','C',200,12,'1','1','业务联系人','','',' ',' ',' ',' ','1','1')
go
insert into LSBLM (LSBLM_XH,LSBLM_LJBM,LSBLM_DYLM,LSBLM_SJLM,LSBLM_LYBM,LSBLM_GLTJ,LSBLM_LMWZ,LSBLM_LMSM,LSBLM_LMLX,LSBLM_LMCD,LSBLM_XSCD,LSBLM_DYXZ,LSBLM_SFXS,LSBLM_YHMC,LSBLM_DXLB,LSBLM_SORT,LSBLM_CODE,LSBLM_GLLM,LSBLM_GLBM,LSBLM_GLGX,LSBLM_DYWZ,LSBLM_SFBB) values ('031','YXJGZCBM','@YXJGZCBMX_WLBH@','YXJGZCBMX_WLBH','YXJGZCBM,YXJGZCBMX','YXJGZCBM_ID=YXJGZCBMX_ID','1','产品','C',200,12,'1','1','产品','','',' ',' ',' ',' ','1','1')
go
insert into LSBLM (LSBLM_XH,LSBLM_LJBM,LSBLM_DYLM,LSBLM_SJLM,LSBLM_LYBM,LSBLM_GLTJ,LSBLM_LMWZ,LSBLM_LMSM,LSBLM_LMLX,LSBLM_LMCD,LSBLM_XSCD,LSBLM_DYXZ,LSBLM_SFXS,LSBLM_YHMC,LSBLM_DXLB,LSBLM_SORT,LSBLM_CODE,LSBLM_GLLM,LSBLM_GLBM,LSBLM_GLGX,LSBLM_DYWZ,LSBLM_SFBB) values ('032','YXJGZCBM','@YXJGZCBMX_WLBH_MC@','YXWLZD_WLMC','YXJGZCBM,YXJGZCBMX,YXWLZD', 'YXJGZCBM_ID=YXJGZCBMX_ID and YXJGZCBMX_WLBH=YXWLZD_NM','1','产品名称','C',200,15,'1','1','产品名称','','','','YXJGZCBMX_WLBH','YXWLZD','YXJGZCBMX_WLBH=YXWLZD_NM','1','0')
go
insert into LSBLM (LSBLM_XH,LSBLM_LJBM,LSBLM_DYLM,LSBLM_SJLM,LSBLM_LYBM,LSBLM_GLTJ,LSBLM_LMWZ,LSBLM_LMSM,LSBLM_LMLX,LSBLM_LMCD,LSBLM_XSCD,LSBLM_DYXZ,LSBLM_SFXS,LSBLM_YHMC,LSBLM_DXLB,LSBLM_SORT,LSBLM_CODE,LSBLM_GLLM,LSBLM_GLBM,LSBLM_GLGX,LSBLM_DYWZ,LSBLM_SFBB) values ('033','YXJGZCBM','@YXJGZCBMX_WLBH_GGXH@','YXWLZD_GGXH','YXJGZCBM,YXJGZCBMX,YXWLZD', 'YXJGZCBM_ID=YXJGZCBMX_ID and YXJGZCBMX_WLBH=YXWLZD_NM','1','产品规格','C',200,15,'1','1','产品规格','','','','YXJGZCBMX_WLBH','YXWLZD','YXJGZCBMX_WLBH=YXWLZD_NM','1','0')
go
insert into LSBLM (LSBLM_XH,LSBLM_LJBM,LSBLM_DYLM,LSBLM_SJLM,LSBLM_LYBM,LSBLM_GLTJ,LSBLM_LMWZ,LSBLM_LMSM,LSBLM_LMLX,LSBLM_LMCD,LSBLM_XSCD,LSBLM_DYXZ,LSBLM_SFXS,LSBLM_YHMC,LSBLM_DXLB,LSBLM_SORT,LSBLM_CODE,LSBLM_GLLM,LSBLM_GLBM,LSBLM_GLGX,LSBLM_DYWZ,LSBLM_SFBB) values ('034','YXJGZCBM','@YXJGZCBMX_KPJ@','YXJGZCBMX_KPJ','YXJGZCBM,YXJGZCBMX','YXJGZCBM_ID=YXJGZCBMX_ID','1','开票价','1',200,12,'1','1','开票价','','',' ',' ',' ',' ','1','1')
go
insert into LSBLM (LSBLM_XH,LSBLM_LJBM,LSBLM_DYLM,LSBLM_SJLM,LSBLM_LYBM,LSBLM_GLTJ,LSBLM_LMWZ,LSBLM_LMSM,LSBLM_LMLX,LSBLM_LMCD,LSBLM_XSCD,LSBLM_DYXZ,LSBLM_SFXS,LSBLM_YHMC,LSBLM_DXLB,LSBLM_SORT,LSBLM_CODE,LSBLM_GLLM,LSBLM_GLBM,LSBLM_GLGX,LSBLM_DYWZ,LSBLM_SFBB) values ('035','YXJGZCBM','@YXJGZCBMX_DJ@','YXJGZCBMX_DJ','YXJGZCBM,YXJGZCBMX','YXJGZCBM_ID=YXJGZCBMX_ID','1','底价','1',200,12,'1','1','底价','','',' ',' ',' ',' ','1','1')
go
insert into LSBLM (LSBLM_XH,LSBLM_LJBM,LSBLM_DYLM,LSBLM_SJLM,LSBLM_LYBM,LSBLM_GLTJ,LSBLM_LMWZ,LSBLM_LMSM,LSBLM_LMLX,LSBLM_LMCD,LSBLM_XSCD,LSBLM_DYXZ,LSBLM_SFXS,LSBLM_YHMC,LSBLM_DXLB,LSBLM_SORT,LSBLM_CODE,LSBLM_GLLM,LSBLM_GLBM,LSBLM_GLGX,LSBLM_DYWZ,LSBLM_SFBB) values ('036','YXJGZCBM','@YXJGZCBMX_YWRY@','YXJGZCBMX_YWRY','YXJGZCBM,YXJGZCBMX','YXJGZCBM_ID=YXJGZCBMX_ID','1','业务人员','C',200,12,'1','1','业务人员','','',' ',' ',' ',' ','1','1')
go
insert into LSBLM (LSBLM_XH,LSBLM_LJBM,LSBLM_DYLM,LSBLM_SJLM,LSBLM_LYBM,LSBLM_GLTJ,LSBLM_LMWZ,LSBLM_LMSM,LSBLM_LMLX,LSBLM_LMCD,LSBLM_XSCD,LSBLM_DYXZ,LSBLM_SFXS,LSBLM_YHMC,LSBLM_DXLB,LSBLM_SORT,LSBLM_CODE,LSBLM_GLLM,LSBLM_GLBM,LSBLM_GLGX,LSBLM_DYWZ,LSBLM_SFBB) values ('037','YXJGZCBM','@YXJGZCBMX_YWRY_MC@','YXRYZD_RYXM','YXJGZCBM,YXJGZCBMX,YXRYZD', 'YXJGZCBM_ID=YXJGZCBMX_ID and YXJGZCBMX_YWRY=YXRYZD_NM','1','业务人员名称','C',200,15,'1','1','业务人员名称','','','','YXJGZCBMX_YWRY','YXRYZD','YXJGZCBMX_YWRY=YXRYZD_NM','1','0')
go
insert into LSBLM (LSBLM_XH,LSBLM_LJBM,LSBLM_DYLM,LSBLM_SJLM,LSBLM_LYBM,LSBLM_GLTJ,LSBLM_LMWZ,LSBLM_LMSM,LSBLM_LMLX,LSBLM_LMCD,LSBLM_XSCD,LSBLM_DYXZ,LSBLM_SFXS,LSBLM_YHMC,LSBLM_DXLB,LSBLM_SORT,LSBLM_CODE,LSBLM_GLLM,LSBLM_GLBM,LSBLM_GLGX,LSBLM_DYWZ,LSBLM_SFBB) values ('038','YXJGZCBM','@YXJGZCBMX_XLDX@','YXJGZCBMX_XLDX','YXJGZCBM,YXJGZCBMX','YXJGZCBM_ID=YXJGZCBMX_ID','1','销量底线','1',200,12,'1','1','销量底线','','',' ',' ',' ',' ','1','1')
go
insert into LSBLM (LSBLM_XH,LSBLM_LJBM,LSBLM_DYLM,LSBLM_SJLM,LSBLM_LYBM,LSBLM_GLTJ,LSBLM_LMWZ,LSBLM_LMSM,LSBLM_LMLX,LSBLM_LMCD,LSBLM_XSCD,LSBLM_DYXZ,LSBLM_SFXS,LSBLM_YHMC,LSBLM_DXLB,LSBLM_SORT,LSBLM_CODE,LSBLM_GLLM,LSBLM_GLBM,LSBLM_GLGX,LSBLM_DYWZ,LSBLM_SFBB) values ('039','YXJGZCBM','@YXJGZCBMX_KSRQ@','YXJGZCBMX_KSRQ','YXJGZCBM,YXJGZCBMX','YXJGZCBM_ID=YXJGZCBMX_ID','1','开始日期','D',200,12,'1','1','开始日期','','',' ',' ',' ',' ','1','1')
go
insert into LSBLM (LSBLM_XH,LSBLM_LJBM,LSBLM_DYLM,LSBLM_SJLM,LSBLM_LYBM,LSBLM_GLTJ,LSBLM_LMWZ,LSBLM_LMSM,LSBLM_LMLX,LSBLM_LMCD,LSBLM_XSCD,LSBLM_DYXZ,LSBLM_SFXS,LSBLM_YHMC,LSBLM_DXLB,LSBLM_SORT,LSBLM_CODE,LSBLM_GLLM,LSBLM_GLBM,LSBLM_GLGX,LSBLM_DYWZ,LSBLM_SFBB) values ('040','YXJGZCBM','@YXJGZCBMX_JSRQ@','YXJGZCBMX_JSRQ','YXJGZCBM,YXJGZCBMX','YXJGZCBM_ID=YXJGZCBMX_ID','1','结束日期','D',200,12,'1','1','结束日期','','',' ',' ',' ',' ','1','1')
go
insert into LSBLM (LSBLM_XH,LSBLM_LJBM,LSBLM_DYLM,LSBLM_SJLM,LSBLM_LYBM,LSBLM_GLTJ,LSBLM_LMWZ,LSBLM_LMSM,LSBLM_LMLX,LSBLM_LMCD,LSBLM_XSCD,LSBLM_DYXZ,LSBLM_SFXS,LSBLM_YHMC,LSBLM_DXLB,LSBLM_SORT,LSBLM_CODE,LSBLM_GLLM,LSBLM_GLBM,LSBLM_GLGX,LSBLM_DYWZ,LSBLM_SFBB) values ('041','YXJGZCBM','@YXJGZCBMX_LY@','YXJGZCBMX_LY','YXJGZCBM,YXJGZCBMX','YXJGZCBM_ID=YXJGZCBMX_ID','1','来源','C',200,12,'1','1','来源','','','1,协议;2,调整;3,最近上次价格;4,手工',' ',' ',' ','1','1')
go
insert into LSBLM (LSBLM_XH,LSBLM_LJBM,LSBLM_DYLM,LSBLM_SJLM,LSBLM_LYBM,LSBLM_GLTJ,LSBLM_LMWZ,LSBLM_LMSM,LSBLM_LMLX,LSBLM_LMCD,LSBLM_XSCD,LSBLM_DYXZ,LSBLM_SFXS,LSBLM_YHMC,LSBLM_DXLB,LSBLM_SORT,LSBLM_CODE,LSBLM_GLLM,LSBLM_GLBM,LSBLM_GLGX,LSBLM_DYWZ,LSBLM_SFBB) values ('042','YXJGZCBM','@YXJGZCBMX_DEMO@','YXJGZCBMX_DEMO','YXJGZCBM,YXJGZCBMX','YXJGZCBM_ID=YXJGZCBMX_ID','1','备注','C',200,12,'1','1','备注','','',' ',' ',' ',' ','1','1')
go
insert into LSBLM (LSBLM_XH,LSBLM_LJBM,LSBLM_DYLM,LSBLM_SJLM,LSBLM_LYBM,LSBLM_GLTJ,LSBLM_LMWZ,LSBLM_LMSM,LSBLM_LMLX,LSBLM_LMCD,LSBLM_XSCD,LSBLM_DYXZ,LSBLM_SFXS,LSBLM_YHMC,LSBLM_DXLB,LSBLM_SORT,LSBLM_CODE,LSBLM_GLLM,LSBLM_GLBM,LSBLM_GLGX,LSBLM_DYWZ,LSBLM_SFBB) values ('043','YXJGZCBM','@YXJGZCBMX_GUID@','YXJGZCBMX_GUID','YXJGZCBM,YXJGZCBMX','YXJGZCBM_ID=YXJGZCBMX_ID','1','唯一标识','C',200,12,'1','1','唯一标识','','',' ',' ',' ',' ','1','1')
go
insert into LSBLM (LSBLM_XH,LSBLM_LJBM,LSBLM_DYLM,LSBLM_SJLM,LSBLM_LYBM,LSBLM_GLTJ,LSBLM_LMWZ,LSBLM_LMSM,LSBLM_LMLX,LSBLM_LMCD,LSBLM_XSCD,LSBLM_DYXZ,LSBLM_SFXS,LSBLM_YHMC,LSBLM_DXLB,LSBLM_SORT,LSBLM_CODE,LSBLM_GLLM,LSBLM_GLBM,LSBLM_GLGX,LSBLM_DYWZ,LSBLM_SFBB) values ('044','YXJGZCBM','@YXJGZCBMX_SYBZ@','YXJGZCBMX_SYBZ','YXJGZCBM,YXJGZCBMX','YXJGZCBM_ID=YXJGZCBMX_ID','1','使用标志','C',200,12,'1','1','使用标志','','','0,不使用;1,使用',' ',' ',' ','1','1')
go
delete from LSSTRU where F_TABN='YXJGZCBM'
go
delete from LSSTRU where F_TABN='YXJGZCBM_I1'
go
insert into LSSTRU(F_TABN,F_COLN,F_COLA,F_DISP,F_TYPE,F_CXBZ,F_HELP,F_CODE,LSSTRU_LYBM,LSSTRU_LYTJ) values('YXJGZCBM','YXJGZCBM_DJBH','单据编号','001','C','','','','','')
go
insert into LSSTRU(F_TABN,F_COLN,F_COLA,F_DISP,F_TYPE,F_CXBZ,F_HELP,F_CODE,LSSTRU_LYBM,LSSTRU_LYTJ) values('YXJGZCBM','YXJGZCBM_ZDRQ','制单日期','002','D','','','','','')
go
insert into LSSTRU(F_TABN,F_COLN,F_COLA,F_DISP,F_TYPE,F_CXBZ,F_HELP,F_CODE,LSSTRU_LYBM,LSSTRU_LYTJ) values('YXJGZCBM','YXJGZCBM_GSID','销售公司','003','C','','LSBZDW&YX01,LSBZDW_DWBH,LSBZDW_DWMC','','','')
go
insert into LSSTRU(F_TABN,F_COLN,F_COLA,F_DISP,F_TYPE,F_CXBZ,F_HELP,F_CODE,LSSTRU_LYBM,LSSTRU_LYTJ) values('YXJGZCBM','YXJGZCBM_ID','单据流水','004','C','','','','','')
go
insert into LSSTRU(F_TABN,F_COLN,F_COLA,F_DISP,F_TYPE,F_CXBZ,F_HELP,F_CODE,LSSTRU_LYBM,LSSTRU_LYTJ) values('YXJGZCBM','YXJGZCBM_LYLS','来源流水','005','C','','','','','')
go
insert into LSSTRU(F_TABN,F_COLN,F_COLA,F_DISP,F_TYPE,F_CXBZ,F_HELP,F_CODE,LSSTRU_LYBM,LSSTRU_LYTJ) values('YXJGZCBM','YXJGZCBM_DRBS','导入标识','006','C','','','','','')
go
insert into LSSTRU(F_TABN,F_COLN,F_COLA,F_DISP,F_TYPE,F_CXBZ,F_HELP,F_CODE,LSSTRU_LYBM,LSSTRU_LYTJ) values('YXJGZCBM','YXJGZCBM_BZ','备注','007','C','','','','','')
go
insert into LSSTRU(F_TABN,F_COLN,F_COLA,F_DISP,F_TYPE,F_CXBZ,F_HELP,F_CODE,LSSTRU_LYBM,LSSTRU_LYTJ) values('YXJGZCBM','YXJGZCBM_ZDR','制单人','008','C','','','','','')
go
insert into LSSTRU(F_TABN,F_COLN,F_COLA,F_DISP,F_TYPE,F_CXBZ,F_HELP,F_CODE,LSSTRU_LYBM,LSSTRU_LYTJ) values('YXJGZCBM','YXJGZCBM_SHBZ','审核标志','009','C','','','1,审批通过;0,未提交;2,审批否决;3,正在审批;4,免审','','')
go
insert into LSSTRU(F_TABN,F_COLN,F_COLA,F_DISP,F_TYPE,F_CXBZ,F_HELP,F_CODE,LSSTRU_LYBM,LSSTRU_LYTJ) values('YXJGZCBM','YXJGZCBM_SHRQ','审核日期','010','C','','','','','')
go
insert into LSSTRU(F_TABN,F_COLN,F_COLA,F_DISP,F_TYPE,F_CXBZ,F_HELP,F_CODE,LSSTRU_LYBM,LSSTRU_LYTJ) values('YXJGZCBM','YXJGZCBM_SHLC','审核流程','011','C','','','','','')
go
insert into LSSTRU(F_TABN,F_COLN,F_COLA,F_DISP,F_TYPE,F_CXBZ,F_HELP,F_CODE,LSSTRU_LYBM,LSSTRU_LYTJ) values('YXJGZCBM','YXJGZCBM_SPDX','审批对象','012','C','','','','','')
go
insert into LSSTRU(F_TABN,F_COLN,F_COLA,F_DISP,F_TYPE,F_CXBZ,F_HELP,F_CODE,LSSTRU_LYBM,LSSTRU_LYTJ) values('YXJGZCBM','YXJGZCBM_SHR','审核人','013','C','','','','','')
go
insert into LSSTRU(F_TABN,F_COLN,F_COLA,F_DISP,F_TYPE,F_CXBZ,F_HELP,F_CODE,LSSTRU_LYBM,LSSTRU_LYTJ) values('YXJGZCBM','YXJGZCBM_LY','来源','014','C','','','1,协议;2,调整;3,最近上次价格;4,手工','','')
go
insert into LSSTRU(F_TABN,F_COLN,F_COLA,F_DISP,F_TYPE,F_CXBZ,F_HELP,F_CODE,LSSTRU_LYBM,LSSTRU_LYTJ) values('YXJGZCBM','YXJGZCBM_QDLX','渠道类型','015','C','','YXDDYWLX&YX1,YXDDYWLX_BH,YXDDYWLX_MC','','','')
go
insert into LSSTRU(F_TABN,F_COLN,F_COLA,F_DISP,F_TYPE,F_CXBZ,F_HELP,F_CODE,LSSTRU_LYBM,LSSTRU_LYTJ) values('YXJGZCBM','YXJGZCBM_SYB','事业部','016','C','','YXSYB&YX1,YXSYB_SYBBH,YXSYB_SYBMC','','','')
go
insert into LSSTRU(F_TABN,F_COLN,F_COLA,F_DISP,F_TYPE,F_CXBZ,F_HELP,F_CODE,LSSTRU_LYBM,LSSTRU_LYTJ) values('YXJGZCBM','YXJGZCBM_BM','区域','017','C','','YXBMZD&YX1,YXBMZD_BMBH,YXBMZD_BMMC','','','')
go
insert into LSSTRU(F_TABN,F_COLN,F_COLA,F_DISP,F_TYPE,F_CXBZ,F_HELP,F_CODE,LSSTRU_LYBM,LSSTRU_LYTJ) values('YXJGZCBM','YXJGZCBM_KHBH','客户','018','C','','YXKHZD&YX1,YXKHZD_KHBH,YXKHZD_KHMC','','','')
go
insert into LSSTRU(F_TABN,F_COLN,F_COLA,F_DISP,F_TYPE,F_CXBZ,F_HELP,F_CODE,LSSTRU_LYBM,LSSTRU_LYTJ) values('YXJGZCBM','YXJGZCBM_ZCLX','政策类型','019','C','','','0,各事业部普调政策;1,一般政策;2,特殊地区政策;3,特殊客户政策','','')
go
insert into LSSTRU(F_TABN,F_COLN,F_COLA,F_DISP,F_TYPE,F_CXBZ,F_HELP,F_CODE,LSSTRU_LYBM,LSSTRU_LYTJ) values('YXJGZCBM_I1','YXJGZCBMX_ID','单据流水','001','C','',' & ,,','','YXJGZCBMX','YXJGZCBM_ID=YXJGZCBMX_ID')
go
insert into LSSTRU(F_TABN,F_COLN,F_COLA,F_DISP,F_TYPE,F_CXBZ,F_HELP,F_CODE,LSSTRU_LYBM,LSSTRU_LYTJ) values('YXJGZCBM_I1','YXJGZCBMX_FLBH','分录流水','002','C','',' & ,,','','YXJGZCBMX','YXJGZCBM_ID=YXJGZCBMX_ID')
go
insert into LSSTRU(F_TABN,F_COLN,F_COLA,F_DISP,F_TYPE,F_CXBZ,F_HELP,F_CODE,LSSTRU_LYBM,LSSTRU_LYTJ) values('YXJGZCBM_I1','YXJGZCBMX_LYLS','来源流水','003','C','',' & ,,','','YXJGZCBMX','YXJGZCBM_ID=YXJGZCBMX_ID')
go
insert into LSSTRU(F_TABN,F_COLN,F_COLA,F_DISP,F_TYPE,F_CXBZ,F_HELP,F_CODE,LSSTRU_LYBM,LSSTRU_LYTJ) values('YXJGZCBM_I1','YXJGZCBMX_XFLXR','需方联系人','004','C','',' & ,,','','YXJGZCBMX','YXJGZCBM_ID=YXJGZCBMX_ID')
go
insert into LSSTRU(F_TABN,F_COLN,F_COLA,F_DISP,F_TYPE,F_CXBZ,F_HELP,F_CODE,LSSTRU_LYBM,LSSTRU_LYTJ) values('YXJGZCBM_I1','YXJGZCBMX_XFSQR','需方授权人','005','C','',' & ,,','','YXJGZCBMX','YXJGZCBM_ID=YXJGZCBMX_ID')
go
insert into LSSTRU(F_TABN,F_COLN,F_COLA,F_DISP,F_TYPE,F_CXBZ,F_HELP,F_CODE,LSSTRU_LYBM,LSSTRU_LYTJ) values('YXJGZCBM_I1','YXJGZCBMX_YWLXR','业务联系人','006','C','',' & ,,','','YXJGZCBMX','YXJGZCBM_ID=YXJGZCBMX_ID')
go
insert into LSSTRU(F_TABN,F_COLN,F_COLA,F_DISP,F_TYPE,F_CXBZ,F_HELP,F_CODE,LSSTRU_LYBM,LSSTRU_LYTJ) values('YXJGZCBM_I1','YXJGZCBMX_XLDX','销量底线','007','N','',' & ,,','','YXJGZCBMX','YXJGZCBM_ID=YXJGZCBMX_ID')
go
insert into LSSTRU(F_TABN,F_COLN,F_COLA,F_DISP,F_TYPE,F_CXBZ,F_HELP,F_CODE,LSSTRU_LYBM,LSSTRU_LYTJ) values('YXJGZCBM_I1','YXJGZCBMX_DEMO','备注','008','C','',' & ,,','','YXJGZCBMX','YXJGZCBM_ID=YXJGZCBMX_ID')
go
insert into LSSTRU(F_TABN,F_COLN,F_COLA,F_DISP,F_TYPE,F_CXBZ,F_HELP,F_CODE,LSSTRU_LYBM,LSSTRU_LYTJ) values('YXJGZCBM_I1','YXJGZCBMX_GUID','唯一标识','009','C','',' & ,,','','YXJGZCBMX','YXJGZCBM_ID=YXJGZCBMX_ID')
go
insert into LSSTRU(F_TABN,F_COLN,F_COLA,F_DISP,F_TYPE,F_CXBZ,F_HELP,F_CODE,LSSTRU_LYBM,LSSTRU_LYTJ) values('YXJGZCBM_I1','YXJGZCBMX_WLBH','产品','010','C','','YXWLZD&YX1,YXWLZD_WLBH,YXWLZD_WLMC','','YXJGZCBMX','YXJGZCBM_ID=YXJGZCBMX_ID')
go
insert into LSSTRU(F_TABN,F_COLN,F_COLA,F_DISP,F_TYPE,F_CXBZ,F_HELP,F_CODE,LSSTRU_LYBM,LSSTRU_LYTJ) values('YXJGZCBM_I1','YXJGZCBMX_KPJ','开票价','011','N','',' & ,,','','YXJGZCBMX','YXJGZCBM_ID=YXJGZCBMX_ID')
go
insert into LSSTRU(F_TABN,F_COLN,F_COLA,F_DISP,F_TYPE,F_CXBZ,F_HELP,F_CODE,LSSTRU_LYBM,LSSTRU_LYTJ) values('YXJGZCBM_I1','YXJGZCBMX_DJ','底价','012','N','',' & ,,','','YXJGZCBMX','YXJGZCBM_ID=YXJGZCBMX_ID')
go
insert into LSSTRU(F_TABN,F_COLN,F_COLA,F_DISP,F_TYPE,F_CXBZ,F_HELP,F_CODE,LSSTRU_LYBM,LSSTRU_LYTJ) values('YXJGZCBM_I1','YXJGZCBMX_YWRY','业务人员','013','C','','YXRYZD&YX1,YXRYZD_RYBH,YXRYZD_RYXM','','YXJGZCBMX','YXJGZCBM_ID=YXJGZCBMX_ID')
go
insert into LSSTRU(F_TABN,F_COLN,F_COLA,F_DISP,F_TYPE,F_CXBZ,F_HELP,F_CODE,LSSTRU_LYBM,LSSTRU_LYTJ) values('YXJGZCBM_I1','YXJGZCBMX_KSRQ','开始日期','014','D','',' & ,,','','YXJGZCBMX','YXJGZCBM_ID=YXJGZCBMX_ID')
go
insert into LSSTRU(F_TABN,F_COLN,F_COLA,F_DISP,F_TYPE,F_CXBZ,F_HELP,F_CODE,LSSTRU_LYBM,LSSTRU_LYTJ) values('YXJGZCBM_I1','YXJGZCBMX_JSRQ','结束日期','015','D','',' & ,,','','YXJGZCBMX','YXJGZCBM_ID=YXJGZCBMX_ID')
go
insert into LSSTRU(F_TABN,F_COLN,F_COLA,F_DISP,F_TYPE,F_CXBZ,F_HELP,F_CODE,LSSTRU_LYBM,LSSTRU_LYTJ) values('YXJGZCBM_I1','YXJGZCBMX_LY','来源','016','C','',' & ,,','1,协议;2,调整;3,最近上次价格;4,手工','YXJGZCBMX','YXJGZCBM_ID=YXJGZCBMX_ID')
go
insert into LSSTRU(F_TABN,F_COLN,F_COLA,F_DISP,F_TYPE,F_CXBZ,F_HELP,F_CODE,LSSTRU_LYBM,LSSTRU_LYTJ) values('YXJGZCBM_I1','YXJGZCBMX_SYBZ','使用标志','017','C','','','0,不使用;1,使用','YXJGZCBMX','YXJGZCBM_ID=YXJGZCBMX_ID')
go
/*业务对象*/ 
DELETE FROM GSPBIZOBJECT WHERE ID='SDBYS9001'
go
INSERT INTO GSPBIZOBJECT(SESSIONGROUPID,ID, CODE,PATH,LAYER,ISDETAIL,NAME,DESCRIPTION,PROFILE,SYSINIT,DATAMODELID,HASAUASSIGN,TYPE,PARENTID,SQMK,ParentNodeID,SortOrder) values('','SDBYS9001','SDBYS9001','00010060',3,1,'价格政策新(手工)','',' ','1','',1,'0','SDB','SDB','SDB',99)
go
delete from GSPBIZOBJECTOP where ID='SDBYS9001A'
go
INSERT INTO GSPBIZOBJECTOP(ID,BIZOBJID,CODE,NAME,TYPE,ORGCATSCOPE,DESCRIPTION) VALUES ('SDBYS9001A','SDBYS9001','SDBYS9001A','价格政策新(手工)维护',' ','2','')
go
delete from GSPBIZOBJECTOP where ID='SDBYS9001B'
go
INSERT INTO GSPBIZOBJECTOP(ID,BIZOBJID,CODE,NAME,TYPE,ORGCATSCOPE,DESCRIPTION) VALUES ('SDBYS9001B','SDBYS9001','SDBYS9001B','价格政策新(手工)审批',' ','2','')
go
delete from GSPBIZOBJECTOP where ID='SDBYS9001H'
go
INSERT INTO GSPBIZOBJECTOP(ID,BIZOBJID,CODE,NAME,TYPE,ORGCATSCOPE,DESCRIPTION) VALUES ('SDBYS9001H','SDBYS9001','SDBYS9001H','价格政策查询列表新(手工)',' ','2','')
go