/*90001统计定义 */
/*GenerSoft 2002-2018*/
/*20191221 18:28:19*/
delete from TJCXDY where TJCXDY_BH=90001
go
insert into TJCXDY (TJCXDY_BH,TJCXDY_MC,TJCXDY_FZBH,TJCXDY_ZLBM,TJCXDY_SJHHG,TJCXDY_HBTLS,TJCXDY_LBTHG,TJCXDY_LBTHS,TJCXDY_JGZZ,TJCXDY_TBBZ,TJCXDY_ZLSQLFS,TJCXDY_URL,TJCXDY_DYLX,TJCXDY_GNBH,TJCXDY_GNMC,TJCXDY_YJBZ,TJCXDY_BZ ) values (90001,'客户信息报表','90001','9000100001',1,3,1,2,'N','0','L','','U','SDHTJ90001','客户信息报表','0','')
go
delete from LSGNZD where F_GNBH='SDHTJ90001'
go
insert into LSGNZD (F_GNBH,F_GNMC) values('SDHTJ90001','客户信息报表')
go
delete from LSGNZDEX where LSGNZDEX_GNBH='SDHTJ90001'
go
insert into LSGNZDEX(LSGNZDEX_GNBH,LSGNZDEX_URL,LSGNZDEX_XTYL,LSGNZDEX_LJBM,LSGNZDEX_DJLS,LSGNZDEX_HELPURL) values('SDHTJ90001','Genersoft_PS_Query/QueryByBH.aspx?QueryID=90001',' ',' ',' ',' ')
go
delete from TJCXCSDY where TJCXCSDY_BH=90001
go
insert into TJCXCSDY (TJCXCSDY_BH,TJCXCSDY_FLBH,TJCXCSDY_CSBH,TJCXCSDY_TITLE,TJCXCSDY_SFBT,TJCXCSDY_SFDX,TJCXCSDY_XH,TJCXCSDY_HELP,TJCXCSDY_BZBH,TJCXCSDY_TJ,TJCXCSDY_DEFAULT,TJCXCSDY_READONLY,TJCXCSDY_LIST,TJCXCSDY_DEPEND,TJCXCSDY_CHARTFILTER,TJCXCSDY_SQL) values(90001,'5A8FE113-C7A6-4B14-A061-4F7129FD11FF','C01','核算单位','0','0',3,'LSBZDW','YX01',' ',' ','0',' ',' ','0',' ')
go
insert into TJCXCSDY (TJCXCSDY_BH,TJCXCSDY_FLBH,TJCXCSDY_CSBH,TJCXCSDY_TITLE,TJCXCSDY_SFBT,TJCXCSDY_SFDX,TJCXCSDY_XH,TJCXCSDY_HELP,TJCXCSDY_BZBH,TJCXCSDY_TJ,TJCXCSDY_DEFAULT,TJCXCSDY_READONLY,TJCXCSDY_LIST,TJCXCSDY_DEPEND,TJCXCSDY_CHARTFILTER,TJCXCSDY_SQL) values(90001,'0C454ACB-59E5-4596-BBD4-CC3C9E5CDB27','C02','客户名称','0','0',5,'YXKHZD','YX1',' ',' ','0',' ',' ','0',' ')
go
insert into TJCXCSDY (TJCXCSDY_BH,TJCXCSDY_FLBH,TJCXCSDY_CSBH,TJCXCSDY_TITLE,TJCXCSDY_SFBT,TJCXCSDY_SFDX,TJCXCSDY_XH,TJCXCSDY_HELP,TJCXCSDY_BZBH,TJCXCSDY_TJ,TJCXCSDY_DEFAULT,TJCXCSDY_READONLY,TJCXCSDY_LIST,TJCXCSDY_DEPEND,TJCXCSDY_CHARTFILTER,TJCXCSDY_SQL) values(90001,'229B4361-FFCA-4DDE-A7AD-1FF07E62E325','C03','地区','0','0',4,'YXDQZD','YX5',' ',' ','0',' ',' ','0',' ')
go
insert into TJCXCSDY (TJCXCSDY_BH,TJCXCSDY_FLBH,TJCXCSDY_CSBH,TJCXCSDY_TITLE,TJCXCSDY_SFBT,TJCXCSDY_SFDX,TJCXCSDY_XH,TJCXCSDY_HELP,TJCXCSDY_BZBH,TJCXCSDY_TJ,TJCXCSDY_DEFAULT,TJCXCSDY_READONLY,TJCXCSDY_LIST,TJCXCSDY_DEPEND,TJCXCSDY_CHARTFILTER,TJCXCSDY_SQL) values(90001,'0001','C04','用户','0','0',8,' ',' ',' ','@USERID@','1',' ',' ','0',' ')
go
delete from TJCXXMDY where TJCXXMDY_CXBH=90001
go
insert into TJCXXMDY (TJCXXMDY_CXBH,TJCXXMDY_FLBH,TJCXXMDY_LH,TJCXXMDY_JSXH,TJCXXMDY_LK,TJCXXMDY_SPDQ,TJCXXMDY_JGLX,TJCXXMDY_XSGS,TJCXXMDY_SFZL,TJCXXMDY_CXZDM,TJCXXMDY_XJF,TJCXXMDY_BZ,TJCXXMDY_LYLX,TJCXXMDY_LYGS) values(90001,'AA0B235E-27FE-4F8B-9E55-D685634979D8',10,10,2.2,'L','S',' ','Y','F_KHMC','N','Y','S',' ')
go
insert into TJCXXMDY (TJCXXMDY_CXBH,TJCXXMDY_FLBH,TJCXXMDY_LH,TJCXXMDY_JSXH,TJCXXMDY_LK,TJCXXMDY_SPDQ,TJCXXMDY_JGLX,TJCXXMDY_XSGS,TJCXXMDY_SFZL,TJCXXMDY_CXZDM,TJCXXMDY_XJF,TJCXXMDY_BZ,TJCXXMDY_LYLX,TJCXXMDY_LYGS) values(90001,'F8D68409-5275-4C25-94AF-A17E93589587',20,20,2,'L','S',' ','Y','F_CYM1','N','Y','S',' ')
go
insert into TJCXXMDY (TJCXXMDY_CXBH,TJCXXMDY_FLBH,TJCXXMDY_LH,TJCXXMDY_JSXH,TJCXXMDY_LK,TJCXXMDY_SPDQ,TJCXXMDY_JGLX,TJCXXMDY_XSGS,TJCXXMDY_SFZL,TJCXXMDY_CXZDM,TJCXXMDY_XJF,TJCXXMDY_BZ,TJCXXMDY_LYLX,TJCXXMDY_LYGS) values(90001,'31908BD3-5084-4F6C-AE15-D972098B2883',30,30,2,'L','S',' ','Y','F_CYM2','N','Y','S',' ')
go
insert into TJCXXMDY (TJCXXMDY_CXBH,TJCXXMDY_FLBH,TJCXXMDY_LH,TJCXXMDY_JSXH,TJCXXMDY_LK,TJCXXMDY_SPDQ,TJCXXMDY_JGLX,TJCXXMDY_XSGS,TJCXXMDY_SFZL,TJCXXMDY_CXZDM,TJCXXMDY_XJF,TJCXXMDY_BZ,TJCXXMDY_LYLX,TJCXXMDY_LYGS) values(90001,'5662B8FA-F5EC-4A16-ABE9-06071051F2DC',40,40,3.2,'L','S',' ','Y','F_DQMC','N','Y','S',' ')
go
insert into TJCXXMDY (TJCXXMDY_CXBH,TJCXXMDY_FLBH,TJCXXMDY_LH,TJCXXMDY_JSXH,TJCXXMDY_LK,TJCXXMDY_SPDQ,TJCXXMDY_JGLX,TJCXXMDY_XSGS,TJCXXMDY_SFZL,TJCXXMDY_CXZDM,TJCXXMDY_XJF,TJCXXMDY_BZ,TJCXXMDY_LYLX,TJCXXMDY_LYGS) values(90001,'11477E50-847B-416E-B6EA-D6C3BDEDE045',50,50,6,'L','S',' ','Y','F_SZCS','N','Y','S',' ')
go
insert into TJCXXMDY (TJCXXMDY_CXBH,TJCXXMDY_FLBH,TJCXXMDY_LH,TJCXXMDY_JSXH,TJCXXMDY_LK,TJCXXMDY_SPDQ,TJCXXMDY_JGLX,TJCXXMDY_XSGS,TJCXXMDY_SFZL,TJCXXMDY_CXZDM,TJCXXMDY_XJF,TJCXXMDY_BZ,TJCXXMDY_LYLX,TJCXXMDY_LYGS) values(90001,'E6500ACC-5ED1-4DC1-998D-FF6AA6E1F4B3',60,60,3,'L','S',' ','Y','F_HZSYB','N','Y','S',' ')
go
insert into TJCXXMDY (TJCXXMDY_CXBH,TJCXXMDY_FLBH,TJCXXMDY_LH,TJCXXMDY_JSXH,TJCXXMDY_LK,TJCXXMDY_SPDQ,TJCXXMDY_JGLX,TJCXXMDY_XSGS,TJCXXMDY_SFZL,TJCXXMDY_CXZDM,TJCXXMDY_XJF,TJCXXMDY_BZ,TJCXXMDY_LYLX,TJCXXMDY_LYGS) values(90001,'37CA9632-473A-4611-973D-5F88131EF0D4',70,70,4,'L','S',' ','Y','F_QLJBR','N','Y','S',' ')
go
insert into TJCXXMDY (TJCXXMDY_CXBH,TJCXXMDY_FLBH,TJCXXMDY_LH,TJCXXMDY_JSXH,TJCXXMDY_LK,TJCXXMDY_SPDQ,TJCXXMDY_JGLX,TJCXXMDY_XSGS,TJCXXMDY_SFZL,TJCXXMDY_CXZDM,TJCXXMDY_XJF,TJCXXMDY_BZ,TJCXXMDY_LYLX,TJCXXMDY_LYGS) values(90001,'E29D85CB-25B7-41FB-9BC8-C9152E757987',72,72,4,'L','S',' ','Y','F_QYSX','N','Y','S',' ')
go
insert into TJCXXMDY (TJCXXMDY_CXBH,TJCXXMDY_FLBH,TJCXXMDY_LH,TJCXXMDY_JSXH,TJCXXMDY_LK,TJCXXMDY_SPDQ,TJCXXMDY_JGLX,TJCXXMDY_XSGS,TJCXXMDY_SFZL,TJCXXMDY_CXZDM,TJCXXMDY_XJF,TJCXXMDY_BZ,TJCXXMDY_LYLX,TJCXXMDY_LYGS) values(90001,'03154025-25E8-471D-8FFE-5D9F011789F3',74,74,4,'L','S',' ','Y','F_JYXZ','N','Y','S',' ')
go
insert into TJCXXMDY (TJCXXMDY_CXBH,TJCXXMDY_FLBH,TJCXXMDY_LH,TJCXXMDY_JSXH,TJCXXMDY_LK,TJCXXMDY_SPDQ,TJCXXMDY_JGLX,TJCXXMDY_XSGS,TJCXXMDY_SFZL,TJCXXMDY_CXZDM,TJCXXMDY_XJF,TJCXXMDY_BZ,TJCXXMDY_LYLX,TJCXXMDY_LYGS) values(90001,'F2209648-F5B3-4A3C-A04A-E580FDD994DA',76,76,1,'L','S',' ','Y','F_KHDJ','N','Y','S',' ')
go
insert into TJCXXMDY (TJCXXMDY_CXBH,TJCXXMDY_FLBH,TJCXXMDY_LH,TJCXXMDY_JSXH,TJCXXMDY_LK,TJCXXMDY_SPDQ,TJCXXMDY_JGLX,TJCXXMDY_XSGS,TJCXXMDY_SFZL,TJCXXMDY_CXZDM,TJCXXMDY_XJF,TJCXXMDY_BZ,TJCXXMDY_LYLX,TJCXXMDY_LYGS) values(90001,'F7B90EEA-2694-4008-87A5-9DCB6AFD380E',80,80,3,'R','S',' ','Y','F_CKDZ','N','Y','S',' ')
go
insert into TJCXXMDY (TJCXXMDY_CXBH,TJCXXMDY_FLBH,TJCXXMDY_LH,TJCXXMDY_JSXH,TJCXXMDY_LK,TJCXXMDY_SPDQ,TJCXXMDY_JGLX,TJCXXMDY_XSGS,TJCXXMDY_SFZL,TJCXXMDY_CXZDM,TJCXXMDY_XJF,TJCXXMDY_BZ,TJCXXMDY_LYLX,TJCXXMDY_LYGS) values(90001,'E990A391-1594-4A97-BB2A-3E8488E01D18',90,90,3,'R','S',' ','Y','F_KHYB','N','Y','S',' ')
go
insert into TJCXXMDY (TJCXXMDY_CXBH,TJCXXMDY_FLBH,TJCXXMDY_LH,TJCXXMDY_JSXH,TJCXXMDY_LK,TJCXXMDY_SPDQ,TJCXXMDY_JGLX,TJCXXMDY_XSGS,TJCXXMDY_SFZL,TJCXXMDY_CXZDM,TJCXXMDY_XJF,TJCXXMDY_BZ,TJCXXMDY_LYLX,TJCXXMDY_LYGS) values(90001,'0387BACA-57FD-42AE-B119-B303AB396BE5',100,100,3,'R','S',' ','Y','F_ZCZJ','N','Y','S',' ')
go
insert into TJCXXMDY (TJCXXMDY_CXBH,TJCXXMDY_FLBH,TJCXXMDY_LH,TJCXXMDY_JSXH,TJCXXMDY_LK,TJCXXMDY_SPDQ,TJCXXMDY_JGLX,TJCXXMDY_XSGS,TJCXXMDY_SFZL,TJCXXMDY_CXZDM,TJCXXMDY_XJF,TJCXXMDY_BZ,TJCXXMDY_LYLX,TJCXXMDY_LYGS) values(90001,'49F3B55A-0177-4C4A-B7D8-15B77FBD67BD',110,110,3,'R','S',' ','Y','F_KHYH','N','Y','S',' ')
go
insert into TJCXXMDY (TJCXXMDY_CXBH,TJCXXMDY_FLBH,TJCXXMDY_LH,TJCXXMDY_JSXH,TJCXXMDY_LK,TJCXXMDY_SPDQ,TJCXXMDY_JGLX,TJCXXMDY_XSGS,TJCXXMDY_SFZL,TJCXXMDY_CXZDM,TJCXXMDY_XJF,TJCXXMDY_BZ,TJCXXMDY_LYLX,TJCXXMDY_LYGS) values(90001,'B7129D43-AF98-400C-9056-0AD92107E772',120,120,3,'R','S',' ','Y','F_ZH','N','Y','S',' ')
go
insert into TJCXXMDY (TJCXXMDY_CXBH,TJCXXMDY_FLBH,TJCXXMDY_LH,TJCXXMDY_JSXH,TJCXXMDY_LK,TJCXXMDY_SPDQ,TJCXXMDY_JGLX,TJCXXMDY_XSGS,TJCXXMDY_SFZL,TJCXXMDY_CXZDM,TJCXXMDY_XJF,TJCXXMDY_BZ,TJCXXMDY_LYLX,TJCXXMDY_LYGS) values(90001,'49152480-5CFC-49E8-B419-89137F61B04D',130,130,3,'R','S',' ','Y','F_SH','N','Y','S',' ')
go
insert into TJCXXMDY (TJCXXMDY_CXBH,TJCXXMDY_FLBH,TJCXXMDY_LH,TJCXXMDY_JSXH,TJCXXMDY_LK,TJCXXMDY_SPDQ,TJCXXMDY_JGLX,TJCXXMDY_XSGS,TJCXXMDY_SFZL,TJCXXMDY_CXZDM,TJCXXMDY_XJF,TJCXXMDY_BZ,TJCXXMDY_LYLX,TJCXXMDY_LYGS) values(90001,'858379B3-7862-4352-9612-3126C79606CE',140,140,3,'R','S',' ','Y','F_SFBA','N','Y','S',' ')
go
insert into TJCXXMDY (TJCXXMDY_CXBH,TJCXXMDY_FLBH,TJCXXMDY_LH,TJCXXMDY_JSXH,TJCXXMDY_LK,TJCXXMDY_SPDQ,TJCXXMDY_JGLX,TJCXXMDY_XSGS,TJCXXMDY_SFZL,TJCXXMDY_CXZDM,TJCXXMDY_XJF,TJCXXMDY_BZ,TJCXXMDY_LYLX,TJCXXMDY_LYGS) values(90001,'F26C5BCC-90DC-40B6-8044-2193A8D3CBBC',150,150,2,'R','S',' ','Y','F_HKZQ','N','Y','S',' ')
go
insert into TJCXXMDY (TJCXXMDY_CXBH,TJCXXMDY_FLBH,TJCXXMDY_LH,TJCXXMDY_JSXH,TJCXXMDY_LK,TJCXXMDY_SPDQ,TJCXXMDY_JGLX,TJCXXMDY_XSGS,TJCXXMDY_SFZL,TJCXXMDY_CXZDM,TJCXXMDY_XJF,TJCXXMDY_BZ,TJCXXMDY_LYLX,TJCXXMDY_LYGS) values(90001,'55F24FC9-82A7-4091-BB0F-A0A056D26F03',160,160,2,'R','S',' ','Y','F_HKFS','N','Y','S',' ')
go
insert into TJCXXMDY (TJCXXMDY_CXBH,TJCXXMDY_FLBH,TJCXXMDY_LH,TJCXXMDY_JSXH,TJCXXMDY_LK,TJCXXMDY_SPDQ,TJCXXMDY_JGLX,TJCXXMDY_XSGS,TJCXXMDY_SFZL,TJCXXMDY_CXZDM,TJCXXMDY_XJF,TJCXXMDY_BZ,TJCXXMDY_LYLX,TJCXXMDY_LYGS) values(90001,'148E862F-0FA5-4370-A011-F14BCB786752',170,170,2,'R','S',' ','Y','F_PSFY','N','Y','S',' ')
go
insert into TJCXXMDY (TJCXXMDY_CXBH,TJCXXMDY_FLBH,TJCXXMDY_LH,TJCXXMDY_JSXH,TJCXXMDY_LK,TJCXXMDY_SPDQ,TJCXXMDY_JGLX,TJCXXMDY_XSGS,TJCXXMDY_SFZL,TJCXXMDY_CXZDM,TJCXXMDY_XJF,TJCXXMDY_BZ,TJCXXMDY_LYLX,TJCXXMDY_LYGS) values(90001,'334B0BC3-EC67-4FB3-BDB8-5331D8457AA2',180,180,2,'R','S',' ','Y','F_KHFY','N','Y','S',' ')
go
insert into TJCXXMDY (TJCXXMDY_CXBH,TJCXXMDY_FLBH,TJCXXMDY_LH,TJCXXMDY_JSXH,TJCXXMDY_LK,TJCXXMDY_SPDQ,TJCXXMDY_JGLX,TJCXXMDY_XSGS,TJCXXMDY_SFZL,TJCXXMDY_CXZDM,TJCXXMDY_XJF,TJCXXMDY_BZ,TJCXXMDY_LYLX,TJCXXMDY_LYGS) values(90001,'F6916659-C614-4B95-A8C2-895AC9FB6376',190,190,2,'L','S',' ','Y','F_DBFY','N','Y','S',' ')
go
insert into TJCXXMDY (TJCXXMDY_CXBH,TJCXXMDY_FLBH,TJCXXMDY_LH,TJCXXMDY_JSXH,TJCXXMDY_LK,TJCXXMDY_SPDQ,TJCXXMDY_JGLX,TJCXXMDY_XSGS,TJCXXMDY_SFZL,TJCXXMDY_CXZDM,TJCXXMDY_XJF,TJCXXMDY_BZ,TJCXXMDY_LYLX,TJCXXMDY_LYGS) values(90001,'BF6F77CA-238B-4BFB-B06A-0878956B5AB3',450,450,4,'L','S',' ','Y','F_ZW','N','Y','S',' ')
go
insert into TJCXXMDY (TJCXXMDY_CXBH,TJCXXMDY_FLBH,TJCXXMDY_LH,TJCXXMDY_JSXH,TJCXXMDY_LK,TJCXXMDY_SPDQ,TJCXXMDY_JGLX,TJCXXMDY_XSGS,TJCXXMDY_SFZL,TJCXXMDY_CXZDM,TJCXXMDY_XJF,TJCXXMDY_BZ,TJCXXMDY_LYLX,TJCXXMDY_LYGS) values(90001,'59A01685-EB86-4755-BD6B-28966CE87A27',455,455,4,'L','S',' ','Y','F_XM','N','Y','S',' ')
go
insert into TJCXXMDY (TJCXXMDY_CXBH,TJCXXMDY_FLBH,TJCXXMDY_LH,TJCXXMDY_JSXH,TJCXXMDY_LK,TJCXXMDY_SPDQ,TJCXXMDY_JGLX,TJCXXMDY_XSGS,TJCXXMDY_SFZL,TJCXXMDY_CXZDM,TJCXXMDY_XJF,TJCXXMDY_BZ,TJCXXMDY_LYLX,TJCXXMDY_LYGS) values(90001,'9E7836C8-E406-4080-AC4F-D891FF142D6D',457,457,4,'L','S',' ','Y','F_XB','N','Y','S',' ')
go
insert into TJCXXMDY (TJCXXMDY_CXBH,TJCXXMDY_FLBH,TJCXXMDY_LH,TJCXXMDY_JSXH,TJCXXMDY_LK,TJCXXMDY_SPDQ,TJCXXMDY_JGLX,TJCXXMDY_XSGS,TJCXXMDY_SFZL,TJCXXMDY_CXZDM,TJCXXMDY_XJF,TJCXXMDY_BZ,TJCXXMDY_LYLX,TJCXXMDY_LYGS) values(90001,'D81A84A6-2E4C-43CB-A084-10C130FCE09D',460,460,4,'L','S',' ','Y','F_NL','N','Y','S',' ')
go
insert into TJCXXMDY (TJCXXMDY_CXBH,TJCXXMDY_FLBH,TJCXXMDY_LH,TJCXXMDY_JSXH,TJCXXMDY_LK,TJCXXMDY_SPDQ,TJCXXMDY_JGLX,TJCXXMDY_XSGS,TJCXXMDY_SFZL,TJCXXMDY_CXZDM,TJCXXMDY_XJF,TJCXXMDY_BZ,TJCXXMDY_LYLX,TJCXXMDY_LYGS) values(90001,'0001',470,470,4,'L','S',' ','Y','F_SR','N','Y','S',' ')
go
insert into TJCXXMDY (TJCXXMDY_CXBH,TJCXXMDY_FLBH,TJCXXMDY_LH,TJCXXMDY_JSXH,TJCXXMDY_LK,TJCXXMDY_SPDQ,TJCXXMDY_JGLX,TJCXXMDY_XSGS,TJCXXMDY_SFZL,TJCXXMDY_CXZDM,TJCXXMDY_XJF,TJCXXMDY_BZ,TJCXXMDY_LYLX,TJCXXMDY_LYGS) values(90001,'0002',480,480,4,'L','S',' ','Y','F_DH','N','Y','S',' ')
go
insert into TJCXXMDY (TJCXXMDY_CXBH,TJCXXMDY_FLBH,TJCXXMDY_LH,TJCXXMDY_JSXH,TJCXXMDY_LK,TJCXXMDY_SPDQ,TJCXXMDY_JGLX,TJCXXMDY_XSGS,TJCXXMDY_SFZL,TJCXXMDY_CXZDM,TJCXXMDY_XJF,TJCXXMDY_BZ,TJCXXMDY_LYLX,TJCXXMDY_LYGS) values(90001,'0003',490,490,4,'L','S',' ','Y','F_QQ','N','Y','S',' ')
go
insert into TJCXXMDY (TJCXXMDY_CXBH,TJCXXMDY_FLBH,TJCXXMDY_LH,TJCXXMDY_JSXH,TJCXXMDY_LK,TJCXXMDY_SPDQ,TJCXXMDY_JGLX,TJCXXMDY_XSGS,TJCXXMDY_SFZL,TJCXXMDY_CXZDM,TJCXXMDY_XJF,TJCXXMDY_BZ,TJCXXMDY_LYLX,TJCXXMDY_LYGS) values(90001,'0004',492,492,4,'L','S',' ','Y','F_WX','N','Y','S',' ')
go
insert into TJCXXMDY (TJCXXMDY_CXBH,TJCXXMDY_FLBH,TJCXXMDY_LH,TJCXXMDY_JSXH,TJCXXMDY_LK,TJCXXMDY_SPDQ,TJCXXMDY_JGLX,TJCXXMDY_XSGS,TJCXXMDY_SFZL,TJCXXMDY_CXZDM,TJCXXMDY_XJF,TJCXXMDY_BZ,TJCXXMDY_LYLX,TJCXXMDY_LYGS) values(90001,'0005',493,493,4,'L','S',' ','Y','F_BGDZ','N','Y','S',' ')
go
insert into TJCXXMDY (TJCXXMDY_CXBH,TJCXXMDY_FLBH,TJCXXMDY_LH,TJCXXMDY_JSXH,TJCXXMDY_LK,TJCXXMDY_SPDQ,TJCXXMDY_JGLX,TJCXXMDY_XSGS,TJCXXMDY_SFZL,TJCXXMDY_CXZDM,TJCXXMDY_XJF,TJCXXMDY_BZ,TJCXXMDY_LYLX,TJCXXMDY_LYGS) values(90001,'0006',495,495,4,'L','S',' ','Y','F_AH','N','Y','S',' ')
go
delete from TJCXXMBT where TJCXXMBT_CXBH=90001
go
insert into TJCXXMBT(TJCXXMBT_CXBH,TJCXXMBT_FLBH,TJCXXMBT_LH,TJCXXMBT_HH,TJCXXMBT_BTMC,TJCXXMBT_HBFX) values(90001,'A5112C8C-A102-4FA8-9ED6-07B00CDDE35A',10,1,'客户名称','D')
go
insert into TJCXXMBT(TJCXXMBT_CXBH,TJCXXMBT_FLBH,TJCXXMBT_LH,TJCXXMBT_HH,TJCXXMBT_BTMC,TJCXXMBT_HBFX) values(90001,'98A34A13-AF99-49A4-AA48-3A9DADC8AE68',20,1,'曾用名1','D')
go
insert into TJCXXMBT(TJCXXMBT_CXBH,TJCXXMBT_FLBH,TJCXXMBT_LH,TJCXXMBT_HH,TJCXXMBT_BTMC,TJCXXMBT_HBFX) values(90001,'3FBA8CF3-2AD6-46E6-8C43-D7577E8FD18C',30,1,'曾用名2','D')
go
insert into TJCXXMBT(TJCXXMBT_CXBH,TJCXXMBT_FLBH,TJCXXMBT_LH,TJCXXMBT_HH,TJCXXMBT_BTMC,TJCXXMBT_HBFX) values(90001,'9C707E6E-F756-4F3F-908D-C3B4942AAFCC',40,1,'地区','D')
go
insert into TJCXXMBT(TJCXXMBT_CXBH,TJCXXMBT_FLBH,TJCXXMBT_LH,TJCXXMBT_HH,TJCXXMBT_BTMC,TJCXXMBT_HBFX) values(90001,'A650444F-E5AB-4B0A-9FFB-B2EF31C3990B',50,1,'所在城市','D')
go
insert into TJCXXMBT(TJCXXMBT_CXBH,TJCXXMBT_FLBH,TJCXXMBT_LH,TJCXXMBT_HH,TJCXXMBT_BTMC,TJCXXMBT_HBFX) values(90001,'3D230C5C-02AE-4D81-A2AD-4C670D725091',60,1,'合作事业部','D')
go
insert into TJCXXMBT(TJCXXMBT_CXBH,TJCXXMBT_FLBH,TJCXXMBT_LH,TJCXXMBT_HH,TJCXXMBT_BTMC,TJCXXMBT_HBFX) values(90001,'E63D305D-752D-4386-8521-861E83161611',70,1,'齐鲁经办人','D')
go
insert into TJCXXMBT(TJCXXMBT_CXBH,TJCXXMBT_FLBH,TJCXXMBT_LH,TJCXXMBT_HH,TJCXXMBT_BTMC,TJCXXMBT_HBFX) values(90001,'E426CDB0-258F-43F4-B093-BCD92DED99F1',72,1,'企业属性','N')
go
insert into TJCXXMBT(TJCXXMBT_CXBH,TJCXXMBT_FLBH,TJCXXMBT_LH,TJCXXMBT_HH,TJCXXMBT_BTMC,TJCXXMBT_HBFX) values(90001,'D6671114-1893-4E15-8AEA-62BDF6E4DBDE',74,1,'经营性质','D')
go
insert into TJCXXMBT(TJCXXMBT_CXBH,TJCXXMBT_FLBH,TJCXXMBT_LH,TJCXXMBT_HH,TJCXXMBT_BTMC,TJCXXMBT_HBFX) values(90001,'E0935159-7B0B-46F3-A1F9-0BF316C59FCD',76,1,'客户等级','D')
go
insert into TJCXXMBT(TJCXXMBT_CXBH,TJCXXMBT_FLBH,TJCXXMBT_LH,TJCXXMBT_HH,TJCXXMBT_BTMC,TJCXXMBT_HBFX) values(90001,'2FD2E6D0-3034-4463-A419-F448AD019E06',80,1,'注册仓库地址','R')
go
insert into TJCXXMBT(TJCXXMBT_CXBH,TJCXXMBT_FLBH,TJCXXMBT_LH,TJCXXMBT_HH,TJCXXMBT_BTMC,TJCXXMBT_HBFX) values(90001,'DD76D5D6-123C-4702-92F8-3ADA9B005EC4',90,1,'客户邮编','N')
go
insert into TJCXXMBT(TJCXXMBT_CXBH,TJCXXMBT_FLBH,TJCXXMBT_LH,TJCXXMBT_HH,TJCXXMBT_BTMC,TJCXXMBT_HBFX) values(90001,'359E3F3A-A912-4719-83DC-A99ECC6BEEB5',100,1,'注册资金','R')
go
insert into TJCXXMBT(TJCXXMBT_CXBH,TJCXXMBT_FLBH,TJCXXMBT_LH,TJCXXMBT_HH,TJCXXMBT_BTMC,TJCXXMBT_HBFX) values(90001,'C1006CE9-D38A-486E-BBC6-EB5E342662CB',110,1,'开户银行','R')
go
insert into TJCXXMBT(TJCXXMBT_CXBH,TJCXXMBT_FLBH,TJCXXMBT_LH,TJCXXMBT_HH,TJCXXMBT_BTMC,TJCXXMBT_HBFX) values(90001,'88CFFBF7-6FC9-4C18-98A2-C50696104DF9',120,1,'账号','R')
go
insert into TJCXXMBT(TJCXXMBT_CXBH,TJCXXMBT_FLBH,TJCXXMBT_LH,TJCXXMBT_HH,TJCXXMBT_BTMC,TJCXXMBT_HBFX) values(90001,'13DC64BB-F36B-4DC4-AB2F-D9EDDE36B60C',130,1,'税号','R')
go
insert into TJCXXMBT(TJCXXMBT_CXBH,TJCXXMBT_FLBH,TJCXXMBT_LH,TJCXXMBT_HH,TJCXXMBT_BTMC,TJCXXMBT_HBFX) values(90001,'6C28D5DE-4053-4695-BD36-AD204CB34EF8',140,1,'生物制品/抗肿瘤药品是否备案','N')
go
insert into TJCXXMBT(TJCXXMBT_CXBH,TJCXXMBT_FLBH,TJCXXMBT_LH,TJCXXMBT_HH,TJCXXMBT_BTMC,TJCXXMBT_HBFX) values(90001,'37EF0680-AD5D-47F1-8B75-D406CEFC24EF',150,1,'协议回款周期','R')
go
insert into TJCXXMBT(TJCXXMBT_CXBH,TJCXXMBT_FLBH,TJCXXMBT_LH,TJCXXMBT_HH,TJCXXMBT_BTMC,TJCXXMBT_HBFX) values(90001,'F0BB3A11-C96F-456F-99BE-4A76E15FAB80',160,1,'回款方式','N')
go
insert into TJCXXMBT(TJCXXMBT_CXBH,TJCXXMBT_FLBH,TJCXXMBT_LH,TJCXXMBT_HH,TJCXXMBT_BTMC,TJCXXMBT_HBFX) values(90001,'6C5681F6-D2E7-41AB-B0C6-6F72AF9A05B5',170,1,'商业固定配送费用','R')
go
insert into TJCXXMBT(TJCXXMBT_CXBH,TJCXXMBT_FLBH,TJCXXMBT_LH,TJCXXMBT_HH,TJCXXMBT_BTMC,TJCXXMBT_HBFX) values(90001,'EE4FC825-1E61-4247-819F-FDE2CDEC3E49',180,1,'商业考核配送费用','N')
go
insert into TJCXXMBT(TJCXXMBT_CXBH,TJCXXMBT_FLBH,TJCXXMBT_LH,TJCXXMBT_HH,TJCXXMBT_BTMC,TJCXXMBT_HBFX) values(90001,'E7D2B464-BE90-4D30-9873-A2E29C03E480',190,1,'调拨费用','D')
go
insert into TJCXXMBT(TJCXXMBT_CXBH,TJCXXMBT_FLBH,TJCXXMBT_LH,TJCXXMBT_HH,TJCXXMBT_BTMC,TJCXXMBT_HBFX) values(90001,'B0348842-092C-4E58-9D72-1837745BFC67',450,1,'职务','D')
go
insert into TJCXXMBT(TJCXXMBT_CXBH,TJCXXMBT_FLBH,TJCXXMBT_LH,TJCXXMBT_HH,TJCXXMBT_BTMC,TJCXXMBT_HBFX) values(90001,'7FF7271F-C617-41D9-832F-9695017BF7A1',455,1,'姓名','D')
go
insert into TJCXXMBT(TJCXXMBT_CXBH,TJCXXMBT_FLBH,TJCXXMBT_LH,TJCXXMBT_HH,TJCXXMBT_BTMC,TJCXXMBT_HBFX) values(90001,'2252907C-B405-4A2F-BAE4-0111E316C720',457,1,'性别','D')
go
insert into TJCXXMBT(TJCXXMBT_CXBH,TJCXXMBT_FLBH,TJCXXMBT_LH,TJCXXMBT_HH,TJCXXMBT_BTMC,TJCXXMBT_HBFX) values(90001,'2E928349-BA7A-402D-BF3A-4B84B2E86214',460,1,'年龄','D')
go
insert into TJCXXMBT(TJCXXMBT_CXBH,TJCXXMBT_FLBH,TJCXXMBT_LH,TJCXXMBT_HH,TJCXXMBT_BTMC,TJCXXMBT_HBFX) values(90001,'091E35F7-B4C9-4AC6-A6CD-83E8E248BF39',470,1,'生日','N')
go
insert into TJCXXMBT(TJCXXMBT_CXBH,TJCXXMBT_FLBH,TJCXXMBT_LH,TJCXXMBT_HH,TJCXXMBT_BTMC,TJCXXMBT_HBFX) values(90001,'2F4C5E47-F050-4C25-B73F-9292A66A790A',480,1,'电话','N')
go
insert into TJCXXMBT(TJCXXMBT_CXBH,TJCXXMBT_FLBH,TJCXXMBT_LH,TJCXXMBT_HH,TJCXXMBT_BTMC,TJCXXMBT_HBFX) values(90001,'EE50018C-B28A-4C34-AD0C-569990C7E387',490,1,'QQ','N')
go
insert into TJCXXMBT(TJCXXMBT_CXBH,TJCXXMBT_FLBH,TJCXXMBT_LH,TJCXXMBT_HH,TJCXXMBT_BTMC,TJCXXMBT_HBFX) values(90001,'986BF1E6-D661-479C-9843-ADD1D860DAB4',492,1,'微信','N')
go
insert into TJCXXMBT(TJCXXMBT_CXBH,TJCXXMBT_FLBH,TJCXXMBT_LH,TJCXXMBT_HH,TJCXXMBT_BTMC,TJCXXMBT_HBFX) values(90001,'96FBD827-A168-48F2-AC81-9330827AA22B',493,1,'办公地址','N')
go
insert into TJCXXMBT(TJCXXMBT_CXBH,TJCXXMBT_FLBH,TJCXXMBT_LH,TJCXXMBT_HH,TJCXXMBT_BTMC,TJCXXMBT_HBFX) values(90001,'F25CAB66-58DE-4293-AF90-BE08208B5D3F',495,1,'爱好','N')
go
delete from KHTJJSGS where KHTJJSGS_GSBH='9000100001'
go
INSERT INTO KHTJJSGS(KHTJJSGS_GSBH,KHTJJSGS_MSXX,KHTJJSGS_DYLX,KHTJJSGS_GSLX,KHTJJSGS_LSLX,KHTJJSGS_JGLX,KHTJJSGS_JGCL,KHTJJSGS_FGC,KHTJJSGS_JSGS,KHTJJSGS_GSFL,KHTJJSGS_JSZ,KHTJJSGS_FZBH,KHTJJSGS_BZ,KHTJJSGS_ISNEW,KHTJJSGS_SQL,KHTJJSGS_SQL1,KHTJJSGS_SQL2,KHTJJSGS_SQL3,KHTJJSGS_SQL4,KHTJJSGS_SQL5,KHTJJSGS_SQL6,KHTJJSGS_SQL7,KHTJJSGS_SQL8,KHTJJSGS_SQL9,KHTJJSGS_SQL10,KHTJJSGS_SQL11,KHTJJSGS_SQL12,KHTJJSGS_SQL13,KHTJJSGS_SQL14,KHTJJSGS_SQL15,KHTJJSGS_SQL16,KHTJJSGS_LSBM1,KHTJJSGS_LSBM2,KHTJJSGS_CSLB,KHTJJSGS_CSLB1,KHTJJSGS_CSLB2,KHTJJSGS_MMGZ) values('9000100001','客户信息报表','U','T','0','D','C',' ','',' ','1','90001',' ','1','SP_SDB_KHXXBB_90001(@GSID=:GSID,@KH=:KH,@DQ=:DQ,@USERID=:USERID)',' ',' ',' ',' ',' ',' ',' ',' ',' ',' ',' ',' ',' ',' ',' ',' ','',' ','#GSID:C01#DQ:C02#KH:C03#USERID:C04#',' ',' ',' ')
go
delete from KHTJJSGSMX where KHTJJSGSMX_GSBH='9000100001'
go
insert into KHTJJSGSMX (KHTJJSGSMX_GSBH,KHTJJSGSMX_FLBH,KHTJJSGSMX_CSBH,KHTJJSGSMX_CS,KHTJJSGSMX_DEMO) values( '9000100001','9c34d07a-76eb-43f3-bd85-fb628ae2d8ed','C01','GSID','核算单位')
go
insert into KHTJJSGSMX (KHTJJSGSMX_GSBH,KHTJJSGSMX_FLBH,KHTJJSGSMX_CSBH,KHTJJSGSMX_CS,KHTJJSGSMX_DEMO) values( '9000100001','c11ae208-1a9f-4252-acd3-9ef49814fc45','C02','DQ','地区')
go
insert into KHTJJSGSMX (KHTJJSGSMX_GSBH,KHTJJSGSMX_FLBH,KHTJJSGSMX_CSBH,KHTJJSGSMX_CS,KHTJJSGSMX_DEMO) values( '9000100001','717f35ac-601a-4bc7-aff3-7306664daa3a','C03','KH','客户')
go
insert into KHTJJSGSMX (KHTJJSGSMX_GSBH,KHTJJSGSMX_FLBH,KHTJJSGSMX_CSBH,KHTJJSGSMX_CS,KHTJJSGSMX_DEMO) values( '9000100001','274e5bbf-0cfd-462d-92dd-f60014764553','C04','USERID',' ')
go
/*90002统计定义 */
/*GenerSoft 2002-2018*/
/*20191221 18:28:19*/
delete from TJCXDY where TJCXDY_BH=90002
go
insert into TJCXDY (TJCXDY_BH,TJCXDY_MC,TJCXDY_FZBH,TJCXDY_ZLBM,TJCXDY_SJHHG,TJCXDY_HBTLS,TJCXDY_LBTHG,TJCXDY_LBTHS,TJCXDY_JGZZ,TJCXDY_TBBZ,TJCXDY_ZLSQLFS,TJCXDY_URL,TJCXDY_DYLX,TJCXDY_GNBH,TJCXDY_GNMC,TJCXDY_YJBZ,TJCXDY_BZ ) values (90002,'账龄分析销售部','90002','9000200001',1,1,1,1,'N','0','L','','U','SDHTJ90002','账龄分析销售部','0','')
go
delete from LSGNZD where F_GNBH='SDHTJ90002'
go
insert into LSGNZD (F_GNBH,F_GNMC) values('SDHTJ90002','账龄分析销售部')
go
delete from LSGNZDEX where LSGNZDEX_GNBH='SDHTJ90002'
go
insert into LSGNZDEX(LSGNZDEX_GNBH,LSGNZDEX_URL,LSGNZDEX_XTYL,LSGNZDEX_LJBM,LSGNZDEX_DJLS,LSGNZDEX_HELPURL) values('SDHTJ90002','Genersoft_PS_Query/QueryByBH.aspx?QueryID=90002',' ',' ',' ',' ')
go
delete from TJCXCSDY where TJCXCSDY_BH=90002
go
insert into TJCXCSDY (TJCXCSDY_BH,TJCXCSDY_FLBH,TJCXCSDY_CSBH,TJCXCSDY_TITLE,TJCXCSDY_SFBT,TJCXCSDY_SFDX,TJCXCSDY_XH,TJCXCSDY_HELP,TJCXCSDY_BZBH,TJCXCSDY_TJ,TJCXCSDY_DEFAULT,TJCXCSDY_READONLY,TJCXCSDY_LIST,TJCXCSDY_DEPEND,TJCXCSDY_CHARTFILTER,TJCXCSDY_SQL) values(90002,'0003','C01','销售公司','0','0',15,'LSBZDW','YX01',' ',' ','0',' ',' ','0',' ')
go
insert into TJCXCSDY (TJCXCSDY_BH,TJCXCSDY_FLBH,TJCXCSDY_CSBH,TJCXCSDY_TITLE,TJCXCSDY_SFBT,TJCXCSDY_SFDX,TJCXCSDY_XH,TJCXCSDY_HELP,TJCXCSDY_BZBH,TJCXCSDY_TJ,TJCXCSDY_DEFAULT,TJCXCSDY_READONLY,TJCXCSDY_LIST,TJCXCSDY_DEPEND,TJCXCSDY_CHARTFILTER,TJCXCSDY_SQL) values(90002,'0004','C02','办事处','0','0',18,'YXBMZD','YX1',' ',' ','0',' ',' ','0',' ')
go
insert into TJCXCSDY (TJCXCSDY_BH,TJCXCSDY_FLBH,TJCXCSDY_CSBH,TJCXCSDY_TITLE,TJCXCSDY_SFBT,TJCXCSDY_SFDX,TJCXCSDY_XH,TJCXCSDY_HELP,TJCXCSDY_BZBH,TJCXCSDY_TJ,TJCXCSDY_DEFAULT,TJCXCSDY_READONLY,TJCXCSDY_LIST,TJCXCSDY_DEPEND,TJCXCSDY_CHARTFILTER,TJCXCSDY_SQL) values(90002,'0005','C03','渠道','0','0',20,'YXDDYWLX','YX1',' ',' ','0',' ',' ','0',' ')
go
insert into TJCXCSDY (TJCXCSDY_BH,TJCXCSDY_FLBH,TJCXCSDY_CSBH,TJCXCSDY_TITLE,TJCXCSDY_SFBT,TJCXCSDY_SFDX,TJCXCSDY_XH,TJCXCSDY_HELP,TJCXCSDY_BZBH,TJCXCSDY_TJ,TJCXCSDY_DEFAULT,TJCXCSDY_READONLY,TJCXCSDY_LIST,TJCXCSDY_DEPEND,TJCXCSDY_CHARTFILTER,TJCXCSDY_SQL) values(90002,'0006','C04','客户名称','0','0',22,'YXKHZD','YX1',' ',' ','0',' ',' ','0',' ')
go
insert into TJCXCSDY (TJCXCSDY_BH,TJCXCSDY_FLBH,TJCXCSDY_CSBH,TJCXCSDY_TITLE,TJCXCSDY_SFBT,TJCXCSDY_SFDX,TJCXCSDY_XH,TJCXCSDY_HELP,TJCXCSDY_BZBH,TJCXCSDY_TJ,TJCXCSDY_DEFAULT,TJCXCSDY_READONLY,TJCXCSDY_LIST,TJCXCSDY_DEPEND,TJCXCSDY_CHARTFILTER,TJCXCSDY_SQL) values(90002,'0009','C07','是否显示渠道','1','0',30,' ',' ',' ','1','0','0,不显示;1,显示',' ','0',' ')
go
insert into TJCXCSDY (TJCXCSDY_BH,TJCXCSDY_FLBH,TJCXCSDY_CSBH,TJCXCSDY_TITLE,TJCXCSDY_SFBT,TJCXCSDY_SFDX,TJCXCSDY_XH,TJCXCSDY_HELP,TJCXCSDY_BZBH,TJCXCSDY_TJ,TJCXCSDY_DEFAULT,TJCXCSDY_READONLY,TJCXCSDY_LIST,TJCXCSDY_DEPEND,TJCXCSDY_CHARTFILTER,TJCXCSDY_SQL) values(90002,'0010','C08','是否显示客户名称','1','0',32,' ',' ',' ','1','0','0,不显示;1,显示',' ','0',' ')
go
insert into TJCXCSDY (TJCXCSDY_BH,TJCXCSDY_FLBH,TJCXCSDY_CSBH,TJCXCSDY_TITLE,TJCXCSDY_SFBT,TJCXCSDY_SFDX,TJCXCSDY_XH,TJCXCSDY_HELP,TJCXCSDY_BZBH,TJCXCSDY_TJ,TJCXCSDY_DEFAULT,TJCXCSDY_READONLY,TJCXCSDY_LIST,TJCXCSDY_DEPEND,TJCXCSDY_CHARTFILTER,TJCXCSDY_SQL) values(90002,'0013','C11','制单人','0','0',40,' ',' ',' ','@USERID@','1',' ',' ','0',' ')
go
delete from TJCXXMDY where TJCXXMDY_CXBH=90002
go
insert into TJCXXMDY (TJCXXMDY_CXBH,TJCXXMDY_FLBH,TJCXXMDY_LH,TJCXXMDY_JSXH,TJCXXMDY_LK,TJCXXMDY_SPDQ,TJCXXMDY_JGLX,TJCXXMDY_XSGS,TJCXXMDY_SFZL,TJCXXMDY_CXZDM,TJCXXMDY_XJF,TJCXXMDY_BZ,TJCXXMDY_LYLX,TJCXXMDY_LYGS) values(90002,'09404633-1D64-49CC-B75D-6AB672A84C42',160,160,2,'R','S',' ','Y','F_QK3','N','Y','S',' ')
go
insert into TJCXXMDY (TJCXXMDY_CXBH,TJCXXMDY_FLBH,TJCXXMDY_LH,TJCXXMDY_JSXH,TJCXXMDY_LK,TJCXXMDY_SPDQ,TJCXXMDY_JGLX,TJCXXMDY_XSGS,TJCXXMDY_SFZL,TJCXXMDY_CXZDM,TJCXXMDY_XJF,TJCXXMDY_BZ,TJCXXMDY_LYLX,TJCXXMDY_LYGS) values(90002,'51203EAA-0828-41D8-9983-CC5BA7CE68E4',170,170,2,'R','S',' ','Y','F_QK4','N','Y','S',' ')
go
insert into TJCXXMDY (TJCXXMDY_CXBH,TJCXXMDY_FLBH,TJCXXMDY_LH,TJCXXMDY_JSXH,TJCXXMDY_LK,TJCXXMDY_SPDQ,TJCXXMDY_JGLX,TJCXXMDY_XSGS,TJCXXMDY_SFZL,TJCXXMDY_CXZDM,TJCXXMDY_XJF,TJCXXMDY_BZ,TJCXXMDY_LYLX,TJCXXMDY_LYGS) values(90002,'277B3D6A-7F4B-4983-838C-442DC9915A0F',180,180,2,'R','S',' ','Y','F_QK5','N','Y','S',' ')
go
insert into TJCXXMDY (TJCXXMDY_CXBH,TJCXXMDY_FLBH,TJCXXMDY_LH,TJCXXMDY_JSXH,TJCXXMDY_LK,TJCXXMDY_SPDQ,TJCXXMDY_JGLX,TJCXXMDY_XSGS,TJCXXMDY_SFZL,TJCXXMDY_CXZDM,TJCXXMDY_XJF,TJCXXMDY_BZ,TJCXXMDY_LYLX,TJCXXMDY_LYGS) values(90002,'7F3BB75E-0FCD-415A-8107-EDD708581CDE',190,190,2,'L','S',' ','Y','F_QK6','N','Y','S',' ')
go
insert into TJCXXMDY (TJCXXMDY_CXBH,TJCXXMDY_FLBH,TJCXXMDY_LH,TJCXXMDY_JSXH,TJCXXMDY_LK,TJCXXMDY_SPDQ,TJCXXMDY_JGLX,TJCXXMDY_XSGS,TJCXXMDY_SFZL,TJCXXMDY_CXZDM,TJCXXMDY_XJF,TJCXXMDY_BZ,TJCXXMDY_LYLX,TJCXXMDY_LYGS) values(90002,'2661B936-5AA0-4FAF-BC72-177A2A443AA7',200,200,2,'L','S',' ','Y','F_QK7','N','Y','S',' ')
go
insert into TJCXXMDY (TJCXXMDY_CXBH,TJCXXMDY_FLBH,TJCXXMDY_LH,TJCXXMDY_JSXH,TJCXXMDY_LK,TJCXXMDY_SPDQ,TJCXXMDY_JGLX,TJCXXMDY_XSGS,TJCXXMDY_SFZL,TJCXXMDY_CXZDM,TJCXXMDY_XJF,TJCXXMDY_BZ,TJCXXMDY_LYLX,TJCXXMDY_LYGS) values(90002,'2032C8A0-5FC2-4764-9707-1B39F1554767',10,10,2,'L','S',' ','Y','F_GSID','N','Y','S',' ')
go
insert into TJCXXMDY (TJCXXMDY_CXBH,TJCXXMDY_FLBH,TJCXXMDY_LH,TJCXXMDY_JSXH,TJCXXMDY_LK,TJCXXMDY_SPDQ,TJCXXMDY_JGLX,TJCXXMDY_XSGS,TJCXXMDY_SFZL,TJCXXMDY_CXZDM,TJCXXMDY_XJF,TJCXXMDY_BZ,TJCXXMDY_LYLX,TJCXXMDY_LYGS) values(90002,'40EE5EE0-46A6-4172-9249-BE3DD6A61EAF',20,20,2,'L','S',' ','Y','F_QYNM','N','Y','S',' ')
go
insert into TJCXXMDY (TJCXXMDY_CXBH,TJCXXMDY_FLBH,TJCXXMDY_LH,TJCXXMDY_JSXH,TJCXXMDY_LK,TJCXXMDY_SPDQ,TJCXXMDY_JGLX,TJCXXMDY_XSGS,TJCXXMDY_SFZL,TJCXXMDY_CXZDM,TJCXXMDY_XJF,TJCXXMDY_BZ,TJCXXMDY_LYLX,TJCXXMDY_LYGS) values(90002,'1974D0D7-0714-4D7D-A2D5-D39582ABA43F',30,30,2,'L','S',' ','Y','F_QDLX','N','Y','S',' ')
go
insert into TJCXXMDY (TJCXXMDY_CXBH,TJCXXMDY_FLBH,TJCXXMDY_LH,TJCXXMDY_JSXH,TJCXXMDY_LK,TJCXXMDY_SPDQ,TJCXXMDY_JGLX,TJCXXMDY_XSGS,TJCXXMDY_SFZL,TJCXXMDY_CXZDM,TJCXXMDY_XJF,TJCXXMDY_BZ,TJCXXMDY_LYLX,TJCXXMDY_LYGS) values(90002,'8354ABBC-C986-4826-8A93-228AB894AA27',40,40,2,'L','S',' ','Y','F_KHMC','N','Y','S',' ')
go
insert into TJCXXMDY (TJCXXMDY_CXBH,TJCXXMDY_FLBH,TJCXXMDY_LH,TJCXXMDY_JSXH,TJCXXMDY_LK,TJCXXMDY_SPDQ,TJCXXMDY_JGLX,TJCXXMDY_XSGS,TJCXXMDY_SFZL,TJCXXMDY_CXZDM,TJCXXMDY_XJF,TJCXXMDY_BZ,TJCXXMDY_LYLX,TJCXXMDY_LYGS) values(90002,'F9DFD73B-E4D8-4200-9755-EF3A3DEF43E1',50,50,2,'L','S',' ','Y','F_XYHKQ','N','Y','S',' ')
go
insert into TJCXXMDY (TJCXXMDY_CXBH,TJCXXMDY_FLBH,TJCXXMDY_LH,TJCXXMDY_JSXH,TJCXXMDY_LK,TJCXXMDY_SPDQ,TJCXXMDY_JGLX,TJCXXMDY_XSGS,TJCXXMDY_SFZL,TJCXXMDY_CXZDM,TJCXXMDY_XJF,TJCXXMDY_BZ,TJCXXMDY_LYLX,TJCXXMDY_LYGS) values(90002,'8EF98BF1-9A52-415D-9DF7-05BC4DF6AE1E',100,100,2,'R','S',' ','Y','F_CQ2','N','Y','S',' ')
go
insert into TJCXXMDY (TJCXXMDY_CXBH,TJCXXMDY_FLBH,TJCXXMDY_LH,TJCXXMDY_JSXH,TJCXXMDY_LK,TJCXXMDY_SPDQ,TJCXXMDY_JGLX,TJCXXMDY_XSGS,TJCXXMDY_SFZL,TJCXXMDY_CXZDM,TJCXXMDY_XJF,TJCXXMDY_BZ,TJCXXMDY_LYLX,TJCXXMDY_LYGS) values(90002,'6F7DB323-18A5-46B2-9823-3E5BD8068814',110,110,2,'R','S',' ','Y','F_CQ3','N','Y','S',' ')
go
insert into TJCXXMDY (TJCXXMDY_CXBH,TJCXXMDY_FLBH,TJCXXMDY_LH,TJCXXMDY_JSXH,TJCXXMDY_LK,TJCXXMDY_SPDQ,TJCXXMDY_JGLX,TJCXXMDY_XSGS,TJCXXMDY_SFZL,TJCXXMDY_CXZDM,TJCXXMDY_XJF,TJCXXMDY_BZ,TJCXXMDY_LYLX,TJCXXMDY_LYGS) values(90002,'3736584C-3855-439C-9048-676923801875',120,120,2,'R','S',' ','Y','F_CQ4','N','Y','S',' ')
go
insert into TJCXXMDY (TJCXXMDY_CXBH,TJCXXMDY_FLBH,TJCXXMDY_LH,TJCXXMDY_JSXH,TJCXXMDY_LK,TJCXXMDY_SPDQ,TJCXXMDY_JGLX,TJCXXMDY_XSGS,TJCXXMDY_SFZL,TJCXXMDY_CXZDM,TJCXXMDY_XJF,TJCXXMDY_BZ,TJCXXMDY_LYLX,TJCXXMDY_LYGS) values(90002,'B6960436-A6FD-49A6-8A80-35731FAE5E9B',130,130,2,'R','S',' ','Y','F_CQ5','N','Y','S',' ')
go
insert into TJCXXMDY (TJCXXMDY_CXBH,TJCXXMDY_FLBH,TJCXXMDY_LH,TJCXXMDY_JSXH,TJCXXMDY_LK,TJCXXMDY_SPDQ,TJCXXMDY_JGLX,TJCXXMDY_XSGS,TJCXXMDY_SFZL,TJCXXMDY_CXZDM,TJCXXMDY_XJF,TJCXXMDY_BZ,TJCXXMDY_LYLX,TJCXXMDY_LYGS) values(90002,'A9173D7A-1E78-4452-8B58-BE7D59C932E9',140,140,2,'R','S',' ','Y','F_QK1','N','Y','S',' ')
go
insert into TJCXXMDY (TJCXXMDY_CXBH,TJCXXMDY_FLBH,TJCXXMDY_LH,TJCXXMDY_JSXH,TJCXXMDY_LK,TJCXXMDY_SPDQ,TJCXXMDY_JGLX,TJCXXMDY_XSGS,TJCXXMDY_SFZL,TJCXXMDY_CXZDM,TJCXXMDY_XJF,TJCXXMDY_BZ,TJCXXMDY_LYLX,TJCXXMDY_LYGS) values(90002,'D6B4DCB2-EE2D-4A74-A2F1-6F78272880CF',150,150,2,'R','S',' ','Y','F_QK2','N','Y','S',' ')
go
insert into TJCXXMDY (TJCXXMDY_CXBH,TJCXXMDY_FLBH,TJCXXMDY_LH,TJCXXMDY_JSXH,TJCXXMDY_LK,TJCXXMDY_SPDQ,TJCXXMDY_JGLX,TJCXXMDY_XSGS,TJCXXMDY_SFZL,TJCXXMDY_CXZDM,TJCXXMDY_XJF,TJCXXMDY_BZ,TJCXXMDY_LYLX,TJCXXMDY_LYGS) values(90002,'44825805-A23E-4E86-9350-7F4BA8AE1827',60,60,2,'L','S',' ','Y','F_CPMC','N','Y','S',' ')
go
insert into TJCXXMDY (TJCXXMDY_CXBH,TJCXXMDY_FLBH,TJCXXMDY_LH,TJCXXMDY_JSXH,TJCXXMDY_LK,TJCXXMDY_SPDQ,TJCXXMDY_JGLX,TJCXXMDY_XSGS,TJCXXMDY_SFZL,TJCXXMDY_CXZDM,TJCXXMDY_XJF,TJCXXMDY_BZ,TJCXXMDY_LYLX,TJCXXMDY_LYGS) values(90002,'12D58A60-F1BA-4473-9AE1-77141F444E6E',70,70,2,'L','S',' ','Y','F_RYXM','N','Y','S',' ')
go
insert into TJCXXMDY (TJCXXMDY_CXBH,TJCXXMDY_FLBH,TJCXXMDY_LH,TJCXXMDY_JSXH,TJCXXMDY_LK,TJCXXMDY_SPDQ,TJCXXMDY_JGLX,TJCXXMDY_XSGS,TJCXXMDY_SFZL,TJCXXMDY_CXZDM,TJCXXMDY_XJF,TJCXXMDY_BZ,TJCXXMDY_LYLX,TJCXXMDY_LYGS) values(90002,'78E80889-098B-4A81-B201-1E3269C36003',72,72,2,'L','S',' ','Y','F_QKZE','N','Y','S',' ')
go
insert into TJCXXMDY (TJCXXMDY_CXBH,TJCXXMDY_FLBH,TJCXXMDY_LH,TJCXXMDY_JSXH,TJCXXMDY_LK,TJCXXMDY_SPDQ,TJCXXMDY_JGLX,TJCXXMDY_XSGS,TJCXXMDY_SFZL,TJCXXMDY_CXZDM,TJCXXMDY_XJF,TJCXXMDY_BZ,TJCXXMDY_LYLX,TJCXXMDY_LYGS) values(90002,'903DDDFF-98DA-43CE-A6DC-D70059705168',74,74,2,'L','S',' ','Y','F_WCHKJE','N','Y','S',' ')
go
insert into TJCXXMDY (TJCXXMDY_CXBH,TJCXXMDY_FLBH,TJCXXMDY_LH,TJCXXMDY_JSXH,TJCXXMDY_LK,TJCXXMDY_SPDQ,TJCXXMDY_JGLX,TJCXXMDY_XSGS,TJCXXMDY_SFZL,TJCXXMDY_CXZDM,TJCXXMDY_XJF,TJCXXMDY_BZ,TJCXXMDY_LYLX,TJCXXMDY_LYGS) values(90002,'820906B8-54C6-4AE7-A12D-A4AFA13DEA9F',76,76,2,'L','S',' ','Y','F_BCQJEHJ','N','Y','S',' ')
go
insert into TJCXXMDY (TJCXXMDY_CXBH,TJCXXMDY_FLBH,TJCXXMDY_LH,TJCXXMDY_JSXH,TJCXXMDY_LK,TJCXXMDY_SPDQ,TJCXXMDY_JGLX,TJCXXMDY_XSGS,TJCXXMDY_SFZL,TJCXXMDY_CXZDM,TJCXXMDY_XJF,TJCXXMDY_BZ,TJCXXMDY_LYLX,TJCXXMDY_LYGS) values(90002,'B6364D45-E676-429C-AFF2-BCF12D00AE8F',80,80,2,'R','S',' ','Y','F_CQZJE','N','Y','S',' ')
go
insert into TJCXXMDY (TJCXXMDY_CXBH,TJCXXMDY_FLBH,TJCXXMDY_LH,TJCXXMDY_JSXH,TJCXXMDY_LK,TJCXXMDY_SPDQ,TJCXXMDY_JGLX,TJCXXMDY_XSGS,TJCXXMDY_SFZL,TJCXXMDY_CXZDM,TJCXXMDY_XJF,TJCXXMDY_BZ,TJCXXMDY_LYLX,TJCXXMDY_LYGS) values(90002,'CC68D0A2-43BA-4210-AA6F-60C3100084C8',90,90,2,'R','S',' ','Y','F_CQ1','N','Y','S',' ')
go
delete from TJCXXMBT where TJCXXMBT_CXBH=90002
go
insert into TJCXXMBT(TJCXXMBT_CXBH,TJCXXMBT_FLBH,TJCXXMBT_LH,TJCXXMBT_HH,TJCXXMBT_BTMC,TJCXXMBT_HBFX) values(90002,'56F3DC66-82E1-40C5-BD7E-087A96DF8484',20,1,'区域','N')
go
insert into TJCXXMBT(TJCXXMBT_CXBH,TJCXXMBT_FLBH,TJCXXMBT_LH,TJCXXMBT_HH,TJCXXMBT_BTMC,TJCXXMBT_HBFX) values(90002,'59D7405B-D6F8-476F-A963-4F7425ADF2CE',30,1,'渠道','N')
go
insert into TJCXXMBT(TJCXXMBT_CXBH,TJCXXMBT_FLBH,TJCXXMBT_LH,TJCXXMBT_HH,TJCXXMBT_BTMC,TJCXXMBT_HBFX) values(90002,'C5A3AED4-319A-498D-A7FD-DB8B64C1876F',40,1,'客户名称','N')
go
insert into TJCXXMBT(TJCXXMBT_CXBH,TJCXXMBT_FLBH,TJCXXMBT_LH,TJCXXMBT_HH,TJCXXMBT_BTMC,TJCXXMBT_HBFX) values(90002,'C9FFCDB7-2CB2-4D35-A5E7-FE51A3D335F7',50,1,'协议回款期','N')
go
insert into TJCXXMBT(TJCXXMBT_CXBH,TJCXXMBT_FLBH,TJCXXMBT_LH,TJCXXMBT_HH,TJCXXMBT_BTMC,TJCXXMBT_HBFX) values(90002,'AFFCFDC3-82D5-43B3-80E6-B9F39D50F460',60,1,'品种名称','N')
go
insert into TJCXXMBT(TJCXXMBT_CXBH,TJCXXMBT_FLBH,TJCXXMBT_LH,TJCXXMBT_HH,TJCXXMBT_BTMC,TJCXXMBT_HBFX) values(90002,'E36C5C2D-BA88-4E97-8DDC-68ACA853204B',70,1,'业务人员','N')
go
insert into TJCXXMBT(TJCXXMBT_CXBH,TJCXXMBT_FLBH,TJCXXMBT_LH,TJCXXMBT_HH,TJCXXMBT_BTMC,TJCXXMBT_HBFX) values(90002,'1DFF5EE2-9830-4E69-9781-343F471350EC',72,1,'欠款总额','N')
go
insert into TJCXXMBT(TJCXXMBT_CXBH,TJCXXMBT_FLBH,TJCXXMBT_LH,TJCXXMBT_HH,TJCXXMBT_BTMC,TJCXXMBT_HBFX) values(90002,'9D6F366E-7058-401D-A1CA-EEC3710E6D8A',74,1,'未冲回款金额','N')
go
insert into TJCXXMBT(TJCXXMBT_CXBH,TJCXXMBT_FLBH,TJCXXMBT_LH,TJCXXMBT_HH,TJCXXMBT_BTMC,TJCXXMBT_HBFX) values(90002,'1193A301-165E-43C0-ABD3-8B529B8D9CC3',76,1,'不超期金额合计','N')
go
insert into TJCXXMBT(TJCXXMBT_CXBH,TJCXXMBT_FLBH,TJCXXMBT_LH,TJCXXMBT_HH,TJCXXMBT_BTMC,TJCXXMBT_HBFX) values(90002,'BC34717A-4BA7-4B21-9B41-FEB623CEEAA9',80,1,'超期总计金额','N')
go
insert into TJCXXMBT(TJCXXMBT_CXBH,TJCXXMBT_FLBH,TJCXXMBT_LH,TJCXXMBT_HH,TJCXXMBT_BTMC,TJCXXMBT_HBFX) values(90002,'BE706A7F-49E5-41BE-B5D9-1007DB43FA14',90,1,'超期15天','N')
go
insert into TJCXXMBT(TJCXXMBT_CXBH,TJCXXMBT_FLBH,TJCXXMBT_LH,TJCXXMBT_HH,TJCXXMBT_BTMC,TJCXXMBT_HBFX) values(90002,'BFC57E27-873B-4F35-BD87-F1541697DB82',100,1,'超期15-30天','N')
go
insert into TJCXXMBT(TJCXXMBT_CXBH,TJCXXMBT_FLBH,TJCXXMBT_LH,TJCXXMBT_HH,TJCXXMBT_BTMC,TJCXXMBT_HBFX) values(90002,'836C82C0-41C9-4733-9192-E56603636A98',110,1,'超期30-60天','N')
go
insert into TJCXXMBT(TJCXXMBT_CXBH,TJCXXMBT_FLBH,TJCXXMBT_LH,TJCXXMBT_HH,TJCXXMBT_BTMC,TJCXXMBT_HBFX) values(90002,'BFFF92BE-EED4-4922-80B4-587231EC239B',120,1,'超期60-90天','N')
go
insert into TJCXXMBT(TJCXXMBT_CXBH,TJCXXMBT_FLBH,TJCXXMBT_LH,TJCXXMBT_HH,TJCXXMBT_BTMC,TJCXXMBT_HBFX) values(90002,'7899D04B-4602-488E-8612-BA37A4616827',130,1,'超期90天上','N')
go
insert into TJCXXMBT(TJCXXMBT_CXBH,TJCXXMBT_FLBH,TJCXXMBT_LH,TJCXXMBT_HH,TJCXXMBT_BTMC,TJCXXMBT_HBFX) values(90002,'1DF3E6C3-9935-4B46-8EAA-EAFE2C68849E',140,1,'本月欠款','N')
go
insert into TJCXXMBT(TJCXXMBT_CXBH,TJCXXMBT_FLBH,TJCXXMBT_LH,TJCXXMBT_HH,TJCXXMBT_BTMC,TJCXXMBT_HBFX) values(90002,'9A84484C-C841-4763-84E4-BDE021FCE9DD',150,1,'一个月以上-两个月以内欠款','N')
go
insert into TJCXXMBT(TJCXXMBT_CXBH,TJCXXMBT_FLBH,TJCXXMBT_LH,TJCXXMBT_HH,TJCXXMBT_BTMC,TJCXXMBT_HBFX) values(90002,'FEAC6EE1-83BE-4D06-A134-31F29B2012DA',160,1,'两个月以上-三个月以内欠款','N')
go
insert into TJCXXMBT(TJCXXMBT_CXBH,TJCXXMBT_FLBH,TJCXXMBT_LH,TJCXXMBT_HH,TJCXXMBT_BTMC,TJCXXMBT_HBFX) values(90002,'C036EE73-558F-48FC-BE90-480880714673',170,1,'三个月以上-四个月以内欠款','N')
go
insert into TJCXXMBT(TJCXXMBT_CXBH,TJCXXMBT_FLBH,TJCXXMBT_LH,TJCXXMBT_HH,TJCXXMBT_BTMC,TJCXXMBT_HBFX) values(90002,'31B07FC2-BD61-4D69-9497-29EEBEAC4BE3',180,1,'四个月个月以上-五个月以内欠款','N')
go
insert into TJCXXMBT(TJCXXMBT_CXBH,TJCXXMBT_FLBH,TJCXXMBT_LH,TJCXXMBT_HH,TJCXXMBT_BTMC,TJCXXMBT_HBFX) values(90002,'7ED8EF92-EA63-4703-BC51-03EE3C88F74F',190,1,'五个月以上-六个月以内欠款','N')
go
insert into TJCXXMBT(TJCXXMBT_CXBH,TJCXXMBT_FLBH,TJCXXMBT_LH,TJCXXMBT_HH,TJCXXMBT_BTMC,TJCXXMBT_HBFX) values(90002,'898047B2-23D2-4DFD-8456-A7A8973F7BE3',200,1,'六个月以上欠款','N')
go
insert into TJCXXMBT(TJCXXMBT_CXBH,TJCXXMBT_FLBH,TJCXXMBT_LH,TJCXXMBT_HH,TJCXXMBT_BTMC,TJCXXMBT_HBFX) values(90002,'ED86A972-0CAF-4EAF-9116-7463E92FCA40',10,1,'销售公司','N')
go
delete from KHTJJSGS where KHTJJSGS_GSBH='9000100001'
go
INSERT INTO KHTJJSGS(KHTJJSGS_GSBH,KHTJJSGS_MSXX,KHTJJSGS_DYLX,KHTJJSGS_GSLX,KHTJJSGS_LSLX,KHTJJSGS_JGLX,KHTJJSGS_JGCL,KHTJJSGS_FGC,KHTJJSGS_JSGS,KHTJJSGS_GSFL,KHTJJSGS_JSZ,KHTJJSGS_FZBH,KHTJJSGS_BZ,KHTJJSGS_ISNEW,KHTJJSGS_SQL,KHTJJSGS_SQL1,KHTJJSGS_SQL2,KHTJJSGS_SQL3,KHTJJSGS_SQL4,KHTJJSGS_SQL5,KHTJJSGS_SQL6,KHTJJSGS_SQL7,KHTJJSGS_SQL8,KHTJJSGS_SQL9,KHTJJSGS_SQL10,KHTJJSGS_SQL11,KHTJJSGS_SQL12,KHTJJSGS_SQL13,KHTJJSGS_SQL14,KHTJJSGS_SQL15,KHTJJSGS_SQL16,KHTJJSGS_LSBM1,KHTJJSGS_LSBM2,KHTJJSGS_CSLB,KHTJJSGS_CSLB1,KHTJJSGS_CSLB2,KHTJJSGS_MMGZ) values('9000100001','客户信息报表','U','T','0','D','C',' ','',' ','1','90001',' ','1','SP_SDB_KHXXBB_90001(@GSID=:GSID,@KH=:KH,@DQ=:DQ,@USERID=:USERID)',' ',' ',' ',' ',' ',' ',' ',' ',' ',' ',' ',' ',' ',' ',' ',' ','',' ','#GSID:C01#DQ:C02#KH:C03#USERID:C04#',' ',' ',' ')
go
delete from KHTJJSGSMX where KHTJJSGSMX_GSBH='9000100001'
go
insert into KHTJJSGSMX (KHTJJSGSMX_GSBH,KHTJJSGSMX_FLBH,KHTJJSGSMX_CSBH,KHTJJSGSMX_CS,KHTJJSGSMX_DEMO) values( '9000100001','9c34d07a-76eb-43f3-bd85-fb628ae2d8ed','C01','GSID','核算单位')
go
insert into KHTJJSGSMX (KHTJJSGSMX_GSBH,KHTJJSGSMX_FLBH,KHTJJSGSMX_CSBH,KHTJJSGSMX_CS,KHTJJSGSMX_DEMO) values( '9000100001','c11ae208-1a9f-4252-acd3-9ef49814fc45','C02','DQ','地区')
go
insert into KHTJJSGSMX (KHTJJSGSMX_GSBH,KHTJJSGSMX_FLBH,KHTJJSGSMX_CSBH,KHTJJSGSMX_CS,KHTJJSGSMX_DEMO) values( '9000100001','717f35ac-601a-4bc7-aff3-7306664daa3a','C03','KH','客户')
go
insert into KHTJJSGSMX (KHTJJSGSMX_GSBH,KHTJJSGSMX_FLBH,KHTJJSGSMX_CSBH,KHTJJSGSMX_CS,KHTJJSGSMX_DEMO) values( '9000100001','274e5bbf-0cfd-462d-92dd-f60014764553','C04','USERID',' ')
go
delete from KHTJJSGS where KHTJJSGS_GSBH='9000200001'
go
INSERT INTO KHTJJSGS(KHTJJSGS_GSBH,KHTJJSGS_MSXX,KHTJJSGS_DYLX,KHTJJSGS_GSLX,KHTJJSGS_LSLX,KHTJJSGS_JGLX,KHTJJSGS_JGCL,KHTJJSGS_FGC,KHTJJSGS_JSGS,KHTJJSGS_GSFL,KHTJJSGS_JSZ,KHTJJSGS_FZBH,KHTJJSGS_BZ,KHTJJSGS_ISNEW,KHTJJSGS_SQL,KHTJJSGS_SQL1,KHTJJSGS_SQL2,KHTJJSGS_SQL3,KHTJJSGS_SQL4,KHTJJSGS_SQL5,KHTJJSGS_SQL6,KHTJJSGS_SQL7,KHTJJSGS_SQL8,KHTJJSGS_SQL9,KHTJJSGS_SQL10,KHTJJSGS_SQL11,KHTJJSGS_SQL12,KHTJJSGS_SQL13,KHTJJSGS_SQL14,KHTJJSGS_SQL15,KHTJJSGS_SQL16,KHTJJSGS_LSBM1,KHTJJSGS_LSBM2,KHTJJSGS_CSLB,KHTJJSGS_CSLB1,KHTJJSGS_CSLB2,KHTJJSGS_MMGZ) values('9000200001','账龄分析销售部','U','T','0','D','C',' ','',' ','1','90002',' ','1','SP_SDB_ZLFX_90002(@GSID=:GSID,@BMNM=:BMNM,@QDLX=:QDLX,@KHNM=:KHNM,@SFQD=:SFQD,@SFKH=:SFKH,@USERID=:USERID)',' ',' ',' ',' ',' ',' ',' ',' ',' ',' ',' ',' ',' ',' ',' ',' ','',' ','#GSID:C01#BMNM:C02#QDLX:C03#KHNM:C04#SFQD:C07#SFKH:C08#USERID:C11#',' ',' ',' ')
go
delete from KHTJJSGSMX where KHTJJSGSMX_GSBH='9000200001'
go
insert into KHTJJSGSMX (KHTJJSGSMX_GSBH,KHTJJSGSMX_FLBH,KHTJJSGSMX_CSBH,KHTJJSGSMX_CS,KHTJJSGSMX_DEMO) values( '9000200001','5ed22041-30a5-415c-b0fd-ad7ff91c21ba','C01','GSID','核算单位')
go
insert into KHTJJSGSMX (KHTJJSGSMX_GSBH,KHTJJSGSMX_FLBH,KHTJJSGSMX_CSBH,KHTJJSGSMX_CS,KHTJJSGSMX_DEMO) values( '9000200001','7a4402d8-7921-4ffd-976a-b304815fc8fe','C02','BMNM','办事处')
go
insert into KHTJJSGSMX (KHTJJSGSMX_GSBH,KHTJJSGSMX_FLBH,KHTJJSGSMX_CSBH,KHTJJSGSMX_CS,KHTJJSGSMX_DEMO) values( '9000200001','70d16a32-6cd8-4eaf-bb69-59dfe90e0a0a','C03','QDLX','渠道')
go
insert into KHTJJSGSMX (KHTJJSGSMX_GSBH,KHTJJSGSMX_FLBH,KHTJJSGSMX_CSBH,KHTJJSGSMX_CS,KHTJJSGSMX_DEMO) values( '9000200001','09c79086-99d5-4612-98c2-62c00b257954','C04','KHNM','客户')
go
insert into KHTJJSGSMX (KHTJJSGSMX_GSBH,KHTJJSGSMX_FLBH,KHTJJSGSMX_CSBH,KHTJJSGSMX_CS,KHTJJSGSMX_DEMO) values( '9000200001','254e3ff7-599a-4aa6-a5f3-a0ec1eb3e4e2','C07','SFQD','是否显示渠道')
go
insert into KHTJJSGSMX (KHTJJSGSMX_GSBH,KHTJJSGSMX_FLBH,KHTJJSGSMX_CSBH,KHTJJSGSMX_CS,KHTJJSGSMX_DEMO) values( '9000200001','8f68e63f-5b5f-486a-ae3d-7390176ecc39','C08','SFKH','是否显示客户')
go
insert into KHTJJSGSMX (KHTJJSGSMX_GSBH,KHTJJSGSMX_FLBH,KHTJJSGSMX_CSBH,KHTJJSGSMX_CS,KHTJJSGSMX_DEMO) values( '9000200001','5ec1dea0-03f5-4c77-812a-b8cee2af920b','C11','USERID','操作用户')
go
/*90005统计定义 */
/*GenerSoft 2002-2018*/
/*20191221 18:28:19*/
delete from TJCXDY where TJCXDY_BH=90005
go
insert into TJCXDY (TJCXDY_BH,TJCXDY_MC,TJCXDY_FZBH,TJCXDY_ZLBM,TJCXDY_SJHHG,TJCXDY_HBTLS,TJCXDY_LBTHG,TJCXDY_LBTHS,TJCXDY_JGZZ,TJCXDY_TBBZ,TJCXDY_ZLSQLFS,TJCXDY_URL,TJCXDY_DYLX,TJCXDY_GNBH,TJCXDY_GNMC,TJCXDY_YJBZ,TJCXDY_BZ ) values (90005,'账龄分析（商务）','90005','9000500001',1,1,1,1,'N','0','L','','U','SDHTJ90005','账龄分析（商务）','0','')
go
delete from LSGNZD where F_GNBH='SDHTJ90005'
go
insert into LSGNZD (F_GNBH,F_GNMC) values('SDHTJ90005','账龄分析（商务）')
go
delete from LSGNZDEX where LSGNZDEX_GNBH='SDHTJ90005'
go
insert into LSGNZDEX(LSGNZDEX_GNBH,LSGNZDEX_URL,LSGNZDEX_XTYL,LSGNZDEX_LJBM,LSGNZDEX_DJLS,LSGNZDEX_HELPURL) values('SDHTJ90005','Genersoft_PS_Query/QueryByBH.aspx?QueryID=90005',' ',' ',' ',' ')
go
delete from TJCXCSDY where TJCXCSDY_BH=90005
go
insert into TJCXCSDY (TJCXCSDY_BH,TJCXCSDY_FLBH,TJCXCSDY_CSBH,TJCXCSDY_TITLE,TJCXCSDY_SFBT,TJCXCSDY_SFDX,TJCXCSDY_XH,TJCXCSDY_HELP,TJCXCSDY_BZBH,TJCXCSDY_TJ,TJCXCSDY_DEFAULT,TJCXCSDY_READONLY,TJCXCSDY_LIST,TJCXCSDY_DEPEND,TJCXCSDY_CHARTFILTER,TJCXCSDY_SQL) values(90005,'0001','008','年月','0','0',1,' ',' ',' ',' ','0',' ',' ','0',' ')
go
insert into TJCXCSDY (TJCXCSDY_BH,TJCXCSDY_FLBH,TJCXCSDY_CSBH,TJCXCSDY_TITLE,TJCXCSDY_SFBT,TJCXCSDY_SFDX,TJCXCSDY_XH,TJCXCSDY_HELP,TJCXCSDY_BZBH,TJCXCSDY_TJ,TJCXCSDY_DEFAULT,TJCXCSDY_READONLY,TJCXCSDY_LIST,TJCXCSDY_DEPEND,TJCXCSDY_CHARTFILTER,TJCXCSDY_SQL) values(90005,'62829887-ADAB-450D-B6EF-AF5A7895A434','C01','核算单位','0','0',2,'LSBZDW','YX01',' ',' ','0',' ',' ','0',' ')
go
insert into TJCXCSDY (TJCXCSDY_BH,TJCXCSDY_FLBH,TJCXCSDY_CSBH,TJCXCSDY_TITLE,TJCXCSDY_SFBT,TJCXCSDY_SFDX,TJCXCSDY_XH,TJCXCSDY_HELP,TJCXCSDY_BZBH,TJCXCSDY_TJ,TJCXCSDY_DEFAULT,TJCXCSDY_READONLY,TJCXCSDY_LIST,TJCXCSDY_DEPEND,TJCXCSDY_CHARTFILTER,TJCXCSDY_SQL) values(90005,'6660737E-F11D-4570-AAED-3F7AAA835211','C02','客户名称','0','0',8,'YXKHZD','YX1',' ',' ','0',' ',' ','0',' ')
go
insert into TJCXCSDY (TJCXCSDY_BH,TJCXCSDY_FLBH,TJCXCSDY_CSBH,TJCXCSDY_TITLE,TJCXCSDY_SFBT,TJCXCSDY_SFDX,TJCXCSDY_XH,TJCXCSDY_HELP,TJCXCSDY_BZBH,TJCXCSDY_TJ,TJCXCSDY_DEFAULT,TJCXCSDY_READONLY,TJCXCSDY_LIST,TJCXCSDY_DEPEND,TJCXCSDY_CHARTFILTER,TJCXCSDY_SQL) values(90005,'8F97D3F4-C6AC-4DF4-BB0C-2B71B47DF5FE','C03','事业部','0','0',3,'YXDDYWLX','YX1',' ',' ','0',' ',' ','0',' ')
go
insert into TJCXCSDY (TJCXCSDY_BH,TJCXCSDY_FLBH,TJCXCSDY_CSBH,TJCXCSDY_TITLE,TJCXCSDY_SFBT,TJCXCSDY_SFDX,TJCXCSDY_XH,TJCXCSDY_HELP,TJCXCSDY_BZBH,TJCXCSDY_TJ,TJCXCSDY_DEFAULT,TJCXCSDY_READONLY,TJCXCSDY_LIST,TJCXCSDY_DEPEND,TJCXCSDY_CHARTFILTER,TJCXCSDY_SQL) values(90005,'813B6210-FCF6-43AC-B3DA-5159D0B032F9','C04','用户','0','0',9,' ',' ',' ','@USERID@','1',' ',' ','0',' ')
go
insert into TJCXCSDY (TJCXCSDY_BH,TJCXCSDY_FLBH,TJCXCSDY_CSBH,TJCXCSDY_TITLE,TJCXCSDY_SFBT,TJCXCSDY_SFDX,TJCXCSDY_XH,TJCXCSDY_HELP,TJCXCSDY_BZBH,TJCXCSDY_TJ,TJCXCSDY_DEFAULT,TJCXCSDY_READONLY,TJCXCSDY_LIST,TJCXCSDY_DEPEND,TJCXCSDY_CHARTFILTER,TJCXCSDY_SQL) values(90005,'0002','C05','部门','0','0',4,'YXBMZD','YX1',' ',' ','0',' ',' ','0',' ')
go
delete from TJCXXMDY where TJCXXMDY_CXBH=90005
go
insert into TJCXXMDY (TJCXXMDY_CXBH,TJCXXMDY_FLBH,TJCXXMDY_LH,TJCXXMDY_JSXH,TJCXXMDY_LK,TJCXXMDY_SPDQ,TJCXXMDY_JGLX,TJCXXMDY_XSGS,TJCXXMDY_SFZL,TJCXXMDY_CXZDM,TJCXXMDY_XJF,TJCXXMDY_BZ,TJCXXMDY_LYLX,TJCXXMDY_LYGS) values(90005,'564A1875-0974-41AC-9156-D0EFC6FE5877',10,10,2.2,'L','S',' ','Y','F_QDLX','N','Y','S',' ')
go
insert into TJCXXMDY (TJCXXMDY_CXBH,TJCXXMDY_FLBH,TJCXXMDY_LH,TJCXXMDY_JSXH,TJCXXMDY_LK,TJCXXMDY_SPDQ,TJCXXMDY_JGLX,TJCXXMDY_XSGS,TJCXXMDY_SFZL,TJCXXMDY_CXZDM,TJCXXMDY_XJF,TJCXXMDY_BZ,TJCXXMDY_LYLX,TJCXXMDY_LYGS) values(90005,'6BAD811B-DEA0-440C-A12F-44654B61F626',30,30,2,'L','S',' ','Y','F_BMNM','N','Y','S',' ')
go
insert into TJCXXMDY (TJCXXMDY_CXBH,TJCXXMDY_FLBH,TJCXXMDY_LH,TJCXXMDY_JSXH,TJCXXMDY_LK,TJCXXMDY_SPDQ,TJCXXMDY_JGLX,TJCXXMDY_XSGS,TJCXXMDY_SFZL,TJCXXMDY_CXZDM,TJCXXMDY_XJF,TJCXXMDY_BZ,TJCXXMDY_LYLX,TJCXXMDY_LYGS) values(90005,'36AA06BF-1DB2-470F-8530-90ADB0F3F4C6',40,40,3.2,'L','S',' ','Y','F_GSID','N','Y','S',' ')
go
insert into TJCXXMDY (TJCXXMDY_CXBH,TJCXXMDY_FLBH,TJCXXMDY_LH,TJCXXMDY_JSXH,TJCXXMDY_LK,TJCXXMDY_SPDQ,TJCXXMDY_JGLX,TJCXXMDY_XSGS,TJCXXMDY_SFZL,TJCXXMDY_CXZDM,TJCXXMDY_XJF,TJCXXMDY_BZ,TJCXXMDY_LYLX,TJCXXMDY_LYGS) values(90005,'48945F11-EFE4-4640-930A-7F18456DFB22',50,50,6,'L','S',' ','Y','F_KHNM','N','Y','S',' ')
go
insert into TJCXXMDY (TJCXXMDY_CXBH,TJCXXMDY_FLBH,TJCXXMDY_LH,TJCXXMDY_JSXH,TJCXXMDY_LK,TJCXXMDY_SPDQ,TJCXXMDY_JGLX,TJCXXMDY_XSGS,TJCXXMDY_SFZL,TJCXXMDY_CXZDM,TJCXXMDY_XJF,TJCXXMDY_BZ,TJCXXMDY_LYLX,TJCXXMDY_LYGS) values(90005,'2077451A-454B-49CD-9FE3-08FEFB925C6E',60,60,3,'L','S',' ','Y','F_HKZQ','N','Y','S',' ')
go
insert into TJCXXMDY (TJCXXMDY_CXBH,TJCXXMDY_FLBH,TJCXXMDY_LH,TJCXXMDY_JSXH,TJCXXMDY_LK,TJCXXMDY_SPDQ,TJCXXMDY_JGLX,TJCXXMDY_XSGS,TJCXXMDY_SFZL,TJCXXMDY_CXZDM,TJCXXMDY_XJF,TJCXXMDY_BZ,TJCXXMDY_LYLX,TJCXXMDY_LYGS) values(90005,'A7F666C1-702B-41CA-BF00-08B2D5962D2E',70,70,4,'L','S',' ','Y','F_FDWTR','N','Y','S',' ')
go
insert into TJCXXMDY (TJCXXMDY_CXBH,TJCXXMDY_FLBH,TJCXXMDY_LH,TJCXXMDY_JSXH,TJCXXMDY_LK,TJCXXMDY_SPDQ,TJCXXMDY_JGLX,TJCXXMDY_XSGS,TJCXXMDY_SFZL,TJCXXMDY_CXZDM,TJCXXMDY_XJF,TJCXXMDY_BZ,TJCXXMDY_LYLX,TJCXXMDY_LYGS) values(90005,'CFB8C2A6-9F25-40FE-8E4A-C1D55169DCC3',72,72,4,'L','S',' ','Y','F_SJFZR','N','Y','S',' ')
go
insert into TJCXXMDY (TJCXXMDY_CXBH,TJCXXMDY_FLBH,TJCXXMDY_LH,TJCXXMDY_JSXH,TJCXXMDY_LK,TJCXXMDY_SPDQ,TJCXXMDY_JGLX,TJCXXMDY_XSGS,TJCXXMDY_SFZL,TJCXXMDY_CXZDM,TJCXXMDY_XJF,TJCXXMDY_BZ,TJCXXMDY_LYLX,TJCXXMDY_LYGS) values(90005,'15F2B3F1-45B2-4669-92CF-7266A851D43B',74,74,4,'L','S',' ','Y','F_SSQK','N','Y','S',' ')
go
insert into TJCXXMDY (TJCXXMDY_CXBH,TJCXXMDY_FLBH,TJCXXMDY_LH,TJCXXMDY_JSXH,TJCXXMDY_LK,TJCXXMDY_SPDQ,TJCXXMDY_JGLX,TJCXXMDY_XSGS,TJCXXMDY_SFZL,TJCXXMDY_CXZDM,TJCXXMDY_XJF,TJCXXMDY_BZ,TJCXXMDY_LYLX,TJCXXMDY_LYGS) values(90005,'EC7111D8-D087-4942-B803-7A522C06C238',76,76,1,'L','S',' ','Y','F_WHXHK','N','Y','S',' ')
go
insert into TJCXXMDY (TJCXXMDY_CXBH,TJCXXMDY_FLBH,TJCXXMDY_LH,TJCXXMDY_JSXH,TJCXXMDY_LK,TJCXXMDY_SPDQ,TJCXXMDY_JGLX,TJCXXMDY_XSGS,TJCXXMDY_SFZL,TJCXXMDY_CXZDM,TJCXXMDY_XJF,TJCXXMDY_BZ,TJCXXMDY_LYLX,TJCXXMDY_LYGS) values(90005,'6623296C-F9B7-4F8E-9890-D1B3D2B3692C',80,80,3,'R','S',' ','Y','F_NDFHHJ','N','Y','S',' ')
go
insert into TJCXXMDY (TJCXXMDY_CXBH,TJCXXMDY_FLBH,TJCXXMDY_LH,TJCXXMDY_JSXH,TJCXXMDY_LK,TJCXXMDY_SPDQ,TJCXXMDY_JGLX,TJCXXMDY_XSGS,TJCXXMDY_SFZL,TJCXXMDY_CXZDM,TJCXXMDY_XJF,TJCXXMDY_BZ,TJCXXMDY_LYLX,TJCXXMDY_LYGS) values(90005,'13428561-67D1-4CEC-B866-A5D38915E234',90,90,3,'R','S',' ','Y','F_NDHKHJ','N','Y','S',' ')
go
insert into TJCXXMDY (TJCXXMDY_CXBH,TJCXXMDY_FLBH,TJCXXMDY_LH,TJCXXMDY_JSXH,TJCXXMDY_LK,TJCXXMDY_SPDQ,TJCXXMDY_JGLX,TJCXXMDY_XSGS,TJCXXMDY_SFZL,TJCXXMDY_CXZDM,TJCXXMDY_XJF,TJCXXMDY_BZ,TJCXXMDY_LYLX,TJCXXMDY_LYGS) values(90005,'9162B6A9-9AF6-4CBD-9C1C-E0C32B759B3A',100,100,3,'R','S',' ','Y','F_NDHKFHB','N','Y','S',' ')
go
insert into TJCXXMDY (TJCXXMDY_CXBH,TJCXXMDY_FLBH,TJCXXMDY_LH,TJCXXMDY_JSXH,TJCXXMDY_LK,TJCXXMDY_SPDQ,TJCXXMDY_JGLX,TJCXXMDY_XSGS,TJCXXMDY_SFZL,TJCXXMDY_CXZDM,TJCXXMDY_XJF,TJCXXMDY_BZ,TJCXXMDY_LYLX,TJCXXMDY_LYGS) values(90005,'379DC856-DE97-40CE-B3A4-FAA6CEE17492',110,110,3,'R','S',' ','Y','F_BYFH','N','Y','S',' ')
go
insert into TJCXXMDY (TJCXXMDY_CXBH,TJCXXMDY_FLBH,TJCXXMDY_LH,TJCXXMDY_JSXH,TJCXXMDY_LK,TJCXXMDY_SPDQ,TJCXXMDY_JGLX,TJCXXMDY_XSGS,TJCXXMDY_SFZL,TJCXXMDY_CXZDM,TJCXXMDY_XJF,TJCXXMDY_BZ,TJCXXMDY_LYLX,TJCXXMDY_LYGS) values(90005,'02D598E6-ED22-480E-962A-C0110BE4EB8D',120,120,3,'R','S',' ','Y','F_SYFH','N','Y','S',' ')
go
insert into TJCXXMDY (TJCXXMDY_CXBH,TJCXXMDY_FLBH,TJCXXMDY_LH,TJCXXMDY_JSXH,TJCXXMDY_LK,TJCXXMDY_SPDQ,TJCXXMDY_JGLX,TJCXXMDY_XSGS,TJCXXMDY_SFZL,TJCXXMDY_CXZDM,TJCXXMDY_XJF,TJCXXMDY_BZ,TJCXXMDY_LYLX,TJCXXMDY_LYGS) values(90005,'6B89F544-A795-4FEE-A450-352EE5C117E3',130,130,3,'R','S',' ','Y','F_SYSJHK','N','Y','S',' ')
go
insert into TJCXXMDY (TJCXXMDY_CXBH,TJCXXMDY_FLBH,TJCXXMDY_LH,TJCXXMDY_JSXH,TJCXXMDY_LK,TJCXXMDY_SPDQ,TJCXXMDY_JGLX,TJCXXMDY_XSGS,TJCXXMDY_SFZL,TJCXXMDY_CXZDM,TJCXXMDY_XJF,TJCXXMDY_BZ,TJCXXMDY_LYLX,TJCXXMDY_LYGS) values(90005,'7A5868D9-62FF-4E3D-BCC0-D6807C20E6B4',140,140,3,'R','S',' ','Y','F_SYHKJH','N','Y','S',' ')
go
insert into TJCXXMDY (TJCXXMDY_CXBH,TJCXXMDY_FLBH,TJCXXMDY_LH,TJCXXMDY_JSXH,TJCXXMDY_LK,TJCXXMDY_SPDQ,TJCXXMDY_JGLX,TJCXXMDY_XSGS,TJCXXMDY_SFZL,TJCXXMDY_CXZDM,TJCXXMDY_XJF,TJCXXMDY_BZ,TJCXXMDY_LYLX,TJCXXMDY_LYGS) values(90005,'DF453824-3E9E-4C2E-8F25-754B093AA5B8',150,150,2,'R','S',' ','Y','F_SYHKFHWCL','N','Y','S',' ')
go
insert into TJCXXMDY (TJCXXMDY_CXBH,TJCXXMDY_FLBH,TJCXXMDY_LH,TJCXXMDY_JSXH,TJCXXMDY_LK,TJCXXMDY_SPDQ,TJCXXMDY_JGLX,TJCXXMDY_XSGS,TJCXXMDY_SFZL,TJCXXMDY_CXZDM,TJCXXMDY_XJF,TJCXXMDY_BZ,TJCXXMDY_LYLX,TJCXXMDY_LYGS) values(90005,'2C65BAE1-09D4-4CDF-89BE-2643F49C3B82',160,160,2,'R','S',' ','Y','F_YYS0','N','Y','S',' ')
go
insert into TJCXXMDY (TJCXXMDY_CXBH,TJCXXMDY_FLBH,TJCXXMDY_LH,TJCXXMDY_JSXH,TJCXXMDY_LK,TJCXXMDY_SPDQ,TJCXXMDY_JGLX,TJCXXMDY_XSGS,TJCXXMDY_SFZL,TJCXXMDY_CXZDM,TJCXXMDY_XJF,TJCXXMDY_BZ,TJCXXMDY_LYLX,TJCXXMDY_LYGS) values(90005,'44078CFF-639A-41B8-A6C2-36DD09C9409D',170,170,2,'R','S',' ','Y','F_YYS1','N','Y','S',' ')
go
insert into TJCXXMDY (TJCXXMDY_CXBH,TJCXXMDY_FLBH,TJCXXMDY_LH,TJCXXMDY_JSXH,TJCXXMDY_LK,TJCXXMDY_SPDQ,TJCXXMDY_JGLX,TJCXXMDY_XSGS,TJCXXMDY_SFZL,TJCXXMDY_CXZDM,TJCXXMDY_XJF,TJCXXMDY_BZ,TJCXXMDY_LYLX,TJCXXMDY_LYGS) values(90005,'00012ED9-A2C0-47A9-AFB2-A8A3CCAF0F19',180,180,2,'R','S',' ','Y','F_YYS2','N','Y','S',' ')
go
insert into TJCXXMDY (TJCXXMDY_CXBH,TJCXXMDY_FLBH,TJCXXMDY_LH,TJCXXMDY_JSXH,TJCXXMDY_LK,TJCXXMDY_SPDQ,TJCXXMDY_JGLX,TJCXXMDY_XSGS,TJCXXMDY_SFZL,TJCXXMDY_CXZDM,TJCXXMDY_XJF,TJCXXMDY_BZ,TJCXXMDY_LYLX,TJCXXMDY_LYGS) values(90005,'114B0BD8-AFB7-46E1-ACA6-89726E57F92F',190,190,2,'L','S',' ','Y','F_YYS3','N','Y','S',' ')
go
insert into TJCXXMDY (TJCXXMDY_CXBH,TJCXXMDY_FLBH,TJCXXMDY_LH,TJCXXMDY_JSXH,TJCXXMDY_LK,TJCXXMDY_SPDQ,TJCXXMDY_JGLX,TJCXXMDY_XSGS,TJCXXMDY_SFZL,TJCXXMDY_CXZDM,TJCXXMDY_XJF,TJCXXMDY_BZ,TJCXXMDY_LYLX,TJCXXMDY_LYGS) values(90005,'562E55CD-0BB4-46D8-A2E3-609324CA8702',450,450,4,'L','S',' ','Y','F_YYS4','N','Y','S',' ')
go
insert into TJCXXMDY (TJCXXMDY_CXBH,TJCXXMDY_FLBH,TJCXXMDY_LH,TJCXXMDY_JSXH,TJCXXMDY_LK,TJCXXMDY_SPDQ,TJCXXMDY_JGLX,TJCXXMDY_XSGS,TJCXXMDY_SFZL,TJCXXMDY_CXZDM,TJCXXMDY_XJF,TJCXXMDY_BZ,TJCXXMDY_LYLX,TJCXXMDY_LYGS) values(90005,'CCC4BD91-5766-443F-8752-7FBCFA84CBC2',455,455,4,'L','S',' ','Y','F_YYS5','N','Y','S',' ')
go
insert into TJCXXMDY (TJCXXMDY_CXBH,TJCXXMDY_FLBH,TJCXXMDY_LH,TJCXXMDY_JSXH,TJCXXMDY_LK,TJCXXMDY_SPDQ,TJCXXMDY_JGLX,TJCXXMDY_XSGS,TJCXXMDY_SFZL,TJCXXMDY_CXZDM,TJCXXMDY_XJF,TJCXXMDY_BZ,TJCXXMDY_LYLX,TJCXXMDY_LYGS) values(90005,'B59819D4-3255-4229-ABDC-C919AB28F39F',457,457,4,'L','S',' ','Y','F_YYS6','N','Y','S',' ')
go
insert into TJCXXMDY (TJCXXMDY_CXBH,TJCXXMDY_FLBH,TJCXXMDY_LH,TJCXXMDY_JSXH,TJCXXMDY_LK,TJCXXMDY_SPDQ,TJCXXMDY_JGLX,TJCXXMDY_XSGS,TJCXXMDY_SFZL,TJCXXMDY_CXZDM,TJCXXMDY_XJF,TJCXXMDY_BZ,TJCXXMDY_LYLX,TJCXXMDY_LYGS) values(90005,'FB3025FC-F0B1-4ED1-889E-426D1D03EF0B',460,460,4,'L','S',' ','Y','F_BYHKJH','N','Y','S',' ')
go
delete from TJCXXMBT where TJCXXMBT_CXBH=90005
go
insert into TJCXXMBT(TJCXXMBT_CXBH,TJCXXMBT_FLBH,TJCXXMBT_LH,TJCXXMBT_HH,TJCXXMBT_BTMC,TJCXXMBT_HBFX) values(90005,'10496DF5-D928-48D2-B120-34AB0DE57491',10,1,'渠道','D')
go
insert into TJCXXMBT(TJCXXMBT_CXBH,TJCXXMBT_FLBH,TJCXXMBT_LH,TJCXXMBT_HH,TJCXXMBT_BTMC,TJCXXMBT_HBFX) values(90005,'1F20E7A6-9D42-475D-8516-7C28A41DBB03',30,1,'部门','D')
go
insert into TJCXXMBT(TJCXXMBT_CXBH,TJCXXMBT_FLBH,TJCXXMBT_LH,TJCXXMBT_HH,TJCXXMBT_BTMC,TJCXXMBT_HBFX) values(90005,'A5E5FA4C-94C8-4B52-988B-221CB5C024EE',40,1,'核算单位','D')
go
insert into TJCXXMBT(TJCXXMBT_CXBH,TJCXXMBT_FLBH,TJCXXMBT_LH,TJCXXMBT_HH,TJCXXMBT_BTMC,TJCXXMBT_HBFX) values(90005,'0826C808-2EB8-481B-8F46-891663B1A55B',50,1,'客户名称','D')
go
insert into TJCXXMBT(TJCXXMBT_CXBH,TJCXXMBT_FLBH,TJCXXMBT_LH,TJCXXMBT_HH,TJCXXMBT_BTMC,TJCXXMBT_HBFX) values(90005,'79CD0EDD-3CA8-43D0-A00F-18252527E8EC',60,1,'回款周期','D')
go
insert into TJCXXMBT(TJCXXMBT_CXBH,TJCXXMBT_FLBH,TJCXXMBT_LH,TJCXXMBT_HH,TJCXXMBT_BTMC,TJCXXMBT_HBFX) values(90005,'B4212750-1185-4475-9E7A-135042959EEA',70,1,'法定委托人','D')
go
insert into TJCXXMBT(TJCXXMBT_CXBH,TJCXXMBT_FLBH,TJCXXMBT_LH,TJCXXMBT_HH,TJCXXMBT_BTMC,TJCXXMBT_HBFX) values(90005,'0C9FA646-F78F-4E7A-A0E8-CFA3919CBF4C',72,1,'实际负责人','N')
go
insert into TJCXXMBT(TJCXXMBT_CXBH,TJCXXMBT_FLBH,TJCXXMBT_LH,TJCXXMBT_HH,TJCXXMBT_BTMC,TJCXXMBT_HBFX) values(90005,'FF84C35B-1E69-4CE1-AA02-353A777980C3',74,1,'实时欠款','D')
go
insert into TJCXXMBT(TJCXXMBT_CXBH,TJCXXMBT_FLBH,TJCXXMBT_LH,TJCXXMBT_HH,TJCXXMBT_BTMC,TJCXXMBT_HBFX) values(90005,'A3E91945-AF44-4E2F-8D7B-73E4F1D63AF1',76,1,'未核销回款','D')
go
insert into TJCXXMBT(TJCXXMBT_CXBH,TJCXXMBT_FLBH,TJCXXMBT_LH,TJCXXMBT_HH,TJCXXMBT_BTMC,TJCXXMBT_HBFX) values(90005,'7273075F-D4DC-4032-9450-2CE80D4D98A6',80,1,'年度发货合计','R')
go
insert into TJCXXMBT(TJCXXMBT_CXBH,TJCXXMBT_FLBH,TJCXXMBT_LH,TJCXXMBT_HH,TJCXXMBT_BTMC,TJCXXMBT_HBFX) values(90005,'0428D78B-F7B7-4EC0-848A-9B1A3AAD7371',90,1,'年度回款合计','N')
go
insert into TJCXXMBT(TJCXXMBT_CXBH,TJCXXMBT_FLBH,TJCXXMBT_LH,TJCXXMBT_HH,TJCXXMBT_BTMC,TJCXXMBT_HBFX) values(90005,'125C7848-673B-44D8-A421-86B97449ECE3',100,1,'年度回款发货比','R')
go
insert into TJCXXMBT(TJCXXMBT_CXBH,TJCXXMBT_FLBH,TJCXXMBT_LH,TJCXXMBT_HH,TJCXXMBT_BTMC,TJCXXMBT_HBFX) values(90005,'31A2A87F-A741-472D-B1C6-52C4C98C38CB',110,1,'本(N)月发货','R')
go
insert into TJCXXMBT(TJCXXMBT_CXBH,TJCXXMBT_FLBH,TJCXXMBT_LH,TJCXXMBT_HH,TJCXXMBT_BTMC,TJCXXMBT_HBFX) values(90005,'7133CEEF-CEE3-49C1-A889-D739092F0440',120,1,'上(N-1)月发货','R')
go
insert into TJCXXMBT(TJCXXMBT_CXBH,TJCXXMBT_FLBH,TJCXXMBT_LH,TJCXXMBT_HH,TJCXXMBT_BTMC,TJCXXMBT_HBFX) values(90005,'A866EFE4-65CB-4BC1-AB7A-9198861E337E',130,1,'上(N-1)月实际回款','R')
go
insert into TJCXXMBT(TJCXXMBT_CXBH,TJCXXMBT_FLBH,TJCXXMBT_LH,TJCXXMBT_HH,TJCXXMBT_BTMC,TJCXXMBT_HBFX) values(90005,'3A9C53F4-F6D1-41B9-B501-1573078F077E',140,1,'上(N-1)月回款计划','N')
go
insert into TJCXXMBT(TJCXXMBT_CXBH,TJCXXMBT_FLBH,TJCXXMBT_LH,TJCXXMBT_HH,TJCXXMBT_BTMC,TJCXXMBT_HBFX) values(90005,'5C4AB5BD-7584-4B7D-BFF8-DB56E5AF4FAF',150,1,'上(N-1)月回款计划完成率','R')
go
insert into TJCXXMBT(TJCXXMBT_CXBH,TJCXXMBT_FLBH,TJCXXMBT_LH,TJCXXMBT_HH,TJCXXMBT_BTMC,TJCXXMBT_HBFX) values(90005,'0F57D878-A12A-4DDD-A9AA-6BC18C6B8F38',160,1,'本（N）月应收','N')
go
insert into TJCXXMBT(TJCXXMBT_CXBH,TJCXXMBT_FLBH,TJCXXMBT_LH,TJCXXMBT_HH,TJCXXMBT_BTMC,TJCXXMBT_HBFX) values(90005,'D298B1AD-9537-4567-A0B0-57D64BE88479',170,1,'上(N-1)月应收','R')
go
insert into TJCXXMBT(TJCXXMBT_CXBH,TJCXXMBT_FLBH,TJCXXMBT_LH,TJCXXMBT_HH,TJCXXMBT_BTMC,TJCXXMBT_HBFX) values(90005,'845EF9D1-7683-4AB2-A857-20979812CD34',180,1,'(N-2)月应收','N')
go
insert into TJCXXMBT(TJCXXMBT_CXBH,TJCXXMBT_FLBH,TJCXXMBT_LH,TJCXXMBT_HH,TJCXXMBT_BTMC,TJCXXMBT_HBFX) values(90005,'D351C63B-ED35-4F70-86C7-ADF811FB9B74',190,1,'(N-3)月应收','D')
go
insert into TJCXXMBT(TJCXXMBT_CXBH,TJCXXMBT_FLBH,TJCXXMBT_LH,TJCXXMBT_HH,TJCXXMBT_BTMC,TJCXXMBT_HBFX) values(90005,'02209A9F-E462-4C13-AEDB-AE093A378CA4',450,1,'(N-4)月应收','D')
go
insert into TJCXXMBT(TJCXXMBT_CXBH,TJCXXMBT_FLBH,TJCXXMBT_LH,TJCXXMBT_HH,TJCXXMBT_BTMC,TJCXXMBT_HBFX) values(90005,'A66F37E0-57E3-480D-BD0F-1730777F756F',455,1,'(N-5)月应收','D')
go
insert into TJCXXMBT(TJCXXMBT_CXBH,TJCXXMBT_FLBH,TJCXXMBT_LH,TJCXXMBT_HH,TJCXXMBT_BTMC,TJCXXMBT_HBFX) values(90005,'E49A1B6F-63BA-420E-AC19-A02D72A1DBDD',457,1,'(N-6)月及以上应收','D')
go
insert into TJCXXMBT(TJCXXMBT_CXBH,TJCXXMBT_FLBH,TJCXXMBT_LH,TJCXXMBT_HH,TJCXXMBT_BTMC,TJCXXMBT_HBFX) values(90005,'05A8C92F-5A51-4341-9A1D-A7F7E216E4BE',460,1,'本（N）月回款计划','D')
go
delete from KHTJJSGS where KHTJJSGS_GSBH='9000100001'
go
INSERT INTO KHTJJSGS(KHTJJSGS_GSBH,KHTJJSGS_MSXX,KHTJJSGS_DYLX,KHTJJSGS_GSLX,KHTJJSGS_LSLX,KHTJJSGS_JGLX,KHTJJSGS_JGCL,KHTJJSGS_FGC,KHTJJSGS_JSGS,KHTJJSGS_GSFL,KHTJJSGS_JSZ,KHTJJSGS_FZBH,KHTJJSGS_BZ,KHTJJSGS_ISNEW,KHTJJSGS_SQL,KHTJJSGS_SQL1,KHTJJSGS_SQL2,KHTJJSGS_SQL3,KHTJJSGS_SQL4,KHTJJSGS_SQL5,KHTJJSGS_SQL6,KHTJJSGS_SQL7,KHTJJSGS_SQL8,KHTJJSGS_SQL9,KHTJJSGS_SQL10,KHTJJSGS_SQL11,KHTJJSGS_SQL12,KHTJJSGS_SQL13,KHTJJSGS_SQL14,KHTJJSGS_SQL15,KHTJJSGS_SQL16,KHTJJSGS_LSBM1,KHTJJSGS_LSBM2,KHTJJSGS_CSLB,KHTJJSGS_CSLB1,KHTJJSGS_CSLB2,KHTJJSGS_MMGZ) values('9000100001','客户信息报表','U','T','0','D','C',' ','',' ','1','90001',' ','1','SP_SDB_KHXXBB_90001(@GSID=:GSID,@KH=:KH,@DQ=:DQ,@USERID=:USERID)',' ',' ',' ',' ',' ',' ',' ',' ',' ',' ',' ',' ',' ',' ',' ',' ','',' ','#GSID:C01#DQ:C02#KH:C03#USERID:C04#',' ',' ',' ')
go
delete from KHTJJSGSMX where KHTJJSGSMX_GSBH='9000100001'
go
insert into KHTJJSGSMX (KHTJJSGSMX_GSBH,KHTJJSGSMX_FLBH,KHTJJSGSMX_CSBH,KHTJJSGSMX_CS,KHTJJSGSMX_DEMO) values( '9000100001','9c34d07a-76eb-43f3-bd85-fb628ae2d8ed','C01','GSID','核算单位')
go
insert into KHTJJSGSMX (KHTJJSGSMX_GSBH,KHTJJSGSMX_FLBH,KHTJJSGSMX_CSBH,KHTJJSGSMX_CS,KHTJJSGSMX_DEMO) values( '9000100001','c11ae208-1a9f-4252-acd3-9ef49814fc45','C02','DQ','地区')
go
insert into KHTJJSGSMX (KHTJJSGSMX_GSBH,KHTJJSGSMX_FLBH,KHTJJSGSMX_CSBH,KHTJJSGSMX_CS,KHTJJSGSMX_DEMO) values( '9000100001','717f35ac-601a-4bc7-aff3-7306664daa3a','C03','KH','客户')
go
insert into KHTJJSGSMX (KHTJJSGSMX_GSBH,KHTJJSGSMX_FLBH,KHTJJSGSMX_CSBH,KHTJJSGSMX_CS,KHTJJSGSMX_DEMO) values( '9000100001','274e5bbf-0cfd-462d-92dd-f60014764553','C04','USERID',' ')
go
delete from KHTJJSGS where KHTJJSGS_GSBH='9000200001'
go
INSERT INTO KHTJJSGS(KHTJJSGS_GSBH,KHTJJSGS_MSXX,KHTJJSGS_DYLX,KHTJJSGS_GSLX,KHTJJSGS_LSLX,KHTJJSGS_JGLX,KHTJJSGS_JGCL,KHTJJSGS_FGC,KHTJJSGS_JSGS,KHTJJSGS_GSFL,KHTJJSGS_JSZ,KHTJJSGS_FZBH,KHTJJSGS_BZ,KHTJJSGS_ISNEW,KHTJJSGS_SQL,KHTJJSGS_SQL1,KHTJJSGS_SQL2,KHTJJSGS_SQL3,KHTJJSGS_SQL4,KHTJJSGS_SQL5,KHTJJSGS_SQL6,KHTJJSGS_SQL7,KHTJJSGS_SQL8,KHTJJSGS_SQL9,KHTJJSGS_SQL10,KHTJJSGS_SQL11,KHTJJSGS_SQL12,KHTJJSGS_SQL13,KHTJJSGS_SQL14,KHTJJSGS_SQL15,KHTJJSGS_SQL16,KHTJJSGS_LSBM1,KHTJJSGS_LSBM2,KHTJJSGS_CSLB,KHTJJSGS_CSLB1,KHTJJSGS_CSLB2,KHTJJSGS_MMGZ) values('9000200001','账龄分析销售部','U','T','0','D','C',' ','',' ','1','90002',' ','1','SP_SDB_ZLFX_90002(@GSID=:GSID,@BMNM=:BMNM,@QDLX=:QDLX,@KHNM=:KHNM,@SFQD=:SFQD,@SFKH=:SFKH,@USERID=:USERID)',' ',' ',' ',' ',' ',' ',' ',' ',' ',' ',' ',' ',' ',' ',' ',' ','',' ','#GSID:C01#BMNM:C02#QDLX:C03#KHNM:C04#SFQD:C07#SFKH:C08#USERID:C11#',' ',' ',' ')
go
delete from KHTJJSGSMX where KHTJJSGSMX_GSBH='9000200001'
go
insert into KHTJJSGSMX (KHTJJSGSMX_GSBH,KHTJJSGSMX_FLBH,KHTJJSGSMX_CSBH,KHTJJSGSMX_CS,KHTJJSGSMX_DEMO) values( '9000200001','5ed22041-30a5-415c-b0fd-ad7ff91c21ba','C01','GSID','核算单位')
go
insert into KHTJJSGSMX (KHTJJSGSMX_GSBH,KHTJJSGSMX_FLBH,KHTJJSGSMX_CSBH,KHTJJSGSMX_CS,KHTJJSGSMX_DEMO) values( '9000200001','7a4402d8-7921-4ffd-976a-b304815fc8fe','C02','BMNM','办事处')
go
insert into KHTJJSGSMX (KHTJJSGSMX_GSBH,KHTJJSGSMX_FLBH,KHTJJSGSMX_CSBH,KHTJJSGSMX_CS,KHTJJSGSMX_DEMO) values( '9000200001','70d16a32-6cd8-4eaf-bb69-59dfe90e0a0a','C03','QDLX','渠道')
go
insert into KHTJJSGSMX (KHTJJSGSMX_GSBH,KHTJJSGSMX_FLBH,KHTJJSGSMX_CSBH,KHTJJSGSMX_CS,KHTJJSGSMX_DEMO) values( '9000200001','09c79086-99d5-4612-98c2-62c00b257954','C04','KHNM','客户')
go
insert into KHTJJSGSMX (KHTJJSGSMX_GSBH,KHTJJSGSMX_FLBH,KHTJJSGSMX_CSBH,KHTJJSGSMX_CS,KHTJJSGSMX_DEMO) values( '9000200001','254e3ff7-599a-4aa6-a5f3-a0ec1eb3e4e2','C07','SFQD','是否显示渠道')
go
insert into KHTJJSGSMX (KHTJJSGSMX_GSBH,KHTJJSGSMX_FLBH,KHTJJSGSMX_CSBH,KHTJJSGSMX_CS,KHTJJSGSMX_DEMO) values( '9000200001','8f68e63f-5b5f-486a-ae3d-7390176ecc39','C08','SFKH','是否显示客户')
go
insert into KHTJJSGSMX (KHTJJSGSMX_GSBH,KHTJJSGSMX_FLBH,KHTJJSGSMX_CSBH,KHTJJSGSMX_CS,KHTJJSGSMX_DEMO) values( '9000200001','5ec1dea0-03f5-4c77-812a-b8cee2af920b','C11','USERID','操作用户')
go
delete from KHTJJSGS where KHTJJSGS_GSBH='9000500001'
go
INSERT INTO KHTJJSGS(KHTJJSGS_GSBH,KHTJJSGS_MSXX,KHTJJSGS_DYLX,KHTJJSGS_GSLX,KHTJJSGS_LSLX,KHTJJSGS_JGLX,KHTJJSGS_JGCL,KHTJJSGS_FGC,KHTJJSGS_JSGS,KHTJJSGS_GSFL,KHTJJSGS_JSZ,KHTJJSGS_FZBH,KHTJJSGS_BZ,KHTJJSGS_ISNEW,KHTJJSGS_SQL,KHTJJSGS_SQL1,KHTJJSGS_SQL2,KHTJJSGS_SQL3,KHTJJSGS_SQL4,KHTJJSGS_SQL5,KHTJJSGS_SQL6,KHTJJSGS_SQL7,KHTJJSGS_SQL8,KHTJJSGS_SQL9,KHTJJSGS_SQL10,KHTJJSGS_SQL11,KHTJJSGS_SQL12,KHTJJSGS_SQL13,KHTJJSGS_SQL14,KHTJJSGS_SQL15,KHTJJSGS_SQL16,KHTJJSGS_LSBM1,KHTJJSGS_LSBM2,KHTJJSGS_CSLB,KHTJJSGS_CSLB1,KHTJJSGS_CSLB2,KHTJJSGS_MMGZ) values('9000500001','账龄分析（商务）','U','T','0','D','C',' ','',' ','1','90005',' ','1','SP_SDB_ZLFX_90005(@NY=:NY,@GSID=:GSID,@QDLX=:QDLX,@BMNM=:BMNM,@KHNM=:KHNM,@USERID=:USERID)',' ',' ',' ',' ',' ',' ',' ',' ',' ',' ',' ',' ',' ',' ',' ',' ','',' ','#NY:008#QDLX:C03#GSID:C01#BMNM:C05#KHNM:C02#USERID:C04#',' ',' ',' ')
go
delete from KHTJJSGSMX where KHTJJSGSMX_GSBH='9000500001'
go
insert into KHTJJSGSMX (KHTJJSGSMX_GSBH,KHTJJSGSMX_FLBH,KHTJJSGSMX_CSBH,KHTJJSGSMX_CS,KHTJJSGSMX_DEMO) values( '9000500001','02972f72-160f-4bbb-925a-d44b641f037e','008','NY','查询年月')
go
insert into KHTJJSGSMX (KHTJJSGSMX_GSBH,KHTJJSGSMX_FLBH,KHTJJSGSMX_CSBH,KHTJJSGSMX_CS,KHTJJSGSMX_DEMO) values( '9000500001','bc6187c3-429d-4641-87b6-ab1bfc684988','C03','QDLX','事业部')
go
insert into KHTJJSGSMX (KHTJJSGSMX_GSBH,KHTJJSGSMX_FLBH,KHTJJSGSMX_CSBH,KHTJJSGSMX_CS,KHTJJSGSMX_DEMO) values( '9000500001','1403540d-3181-47db-84a8-58d8ad17f1b7','C01','GSID','核算单位')
go
insert into KHTJJSGSMX (KHTJJSGSMX_GSBH,KHTJJSGSMX_FLBH,KHTJJSGSMX_CSBH,KHTJJSGSMX_CS,KHTJJSGSMX_DEMO) values( '9000500001','cfcd778e-9138-4e28-bec6-fc428131af0b','C05','BMNM','部门')
go
insert into KHTJJSGSMX (KHTJJSGSMX_GSBH,KHTJJSGSMX_FLBH,KHTJJSGSMX_CSBH,KHTJJSGSMX_CS,KHTJJSGSMX_DEMO) values( '9000500001','16f38f50-1e08-4dd1-b786-2aaef2553a65','C02','KHNM','客户名称')
go
insert into KHTJJSGSMX (KHTJJSGSMX_GSBH,KHTJJSGSMX_FLBH,KHTJJSGSMX_CSBH,KHTJJSGSMX_CS,KHTJJSGSMX_DEMO) values( '9000500001','9b51ab21-aa1b-4fb4-bd47-000a4fcc5eec','C04','USERID','用户')
go
/*90006统计定义 */
/*GenerSoft 2002-2018*/
/*20191221 18:28:19*/
delete from TJCXDY where TJCXDY_BH=90006
go
insert into TJCXDY (TJCXDY_BH,TJCXDY_MC,TJCXDY_FZBH,TJCXDY_ZLBM,TJCXDY_SJHHG,TJCXDY_HBTLS,TJCXDY_LBTHG,TJCXDY_LBTHS,TJCXDY_JGZZ,TJCXDY_TBBZ,TJCXDY_ZLSQLFS,TJCXDY_URL,TJCXDY_DYLX,TJCXDY_GNBH,TJCXDY_GNMC,TJCXDY_YJBZ,TJCXDY_BZ ) values (90006,'发货回款趋势分析','90006','9000600001',1,1,1,2,'J','0','L','','U','SDHTJ90006','账龄分析销售部','0','')
go
delete from LSGNZD where F_GNBH='SDHTJ90006'
go
insert into LSGNZD (F_GNBH,F_GNMC) values('SDHTJ90006','账龄分析销售部')
go
delete from LSGNZDEX where LSGNZDEX_GNBH='SDHTJ90006'
go
insert into LSGNZDEX(LSGNZDEX_GNBH,LSGNZDEX_URL,LSGNZDEX_XTYL,LSGNZDEX_LJBM,LSGNZDEX_DJLS,LSGNZDEX_HELPURL) values('SDHTJ90006','Genersoft_PS_Query/QueryByBH.aspx?QueryID=90006',' ',' ',' ',' ')
go
delete from TJCXCSDY where TJCXCSDY_BH=90006
go
insert into TJCXCSDY (TJCXCSDY_BH,TJCXCSDY_FLBH,TJCXCSDY_CSBH,TJCXCSDY_TITLE,TJCXCSDY_SFBT,TJCXCSDY_SFDX,TJCXCSDY_XH,TJCXCSDY_HELP,TJCXCSDY_BZBH,TJCXCSDY_TJ,TJCXCSDY_DEFAULT,TJCXCSDY_READONLY,TJCXCSDY_LIST,TJCXCSDY_DEPEND,TJCXCSDY_CHARTFILTER,TJCXCSDY_SQL) values(90006,'0001','006','起始年月','0','0',10,' ',' ',' ','YYYY01','0',' ',' ','0',' ')
go
insert into TJCXCSDY (TJCXCSDY_BH,TJCXCSDY_FLBH,TJCXCSDY_CSBH,TJCXCSDY_TITLE,TJCXCSDY_SFBT,TJCXCSDY_SFDX,TJCXCSDY_XH,TJCXCSDY_HELP,TJCXCSDY_BZBH,TJCXCSDY_TJ,TJCXCSDY_DEFAULT,TJCXCSDY_READONLY,TJCXCSDY_LIST,TJCXCSDY_DEPEND,TJCXCSDY_CHARTFILTER,TJCXCSDY_SQL) values(90006,'0002','007','结束年月','0','0',12,' ',' ',' ','YYYYMM','0',' ',' ','0',' ')
go
insert into TJCXCSDY (TJCXCSDY_BH,TJCXCSDY_FLBH,TJCXCSDY_CSBH,TJCXCSDY_TITLE,TJCXCSDY_SFBT,TJCXCSDY_SFDX,TJCXCSDY_XH,TJCXCSDY_HELP,TJCXCSDY_BZBH,TJCXCSDY_TJ,TJCXCSDY_DEFAULT,TJCXCSDY_READONLY,TJCXCSDY_LIST,TJCXCSDY_DEPEND,TJCXCSDY_CHARTFILTER,TJCXCSDY_SQL) values(90006,'853B6DB6-A826-4775-BE0F-1BCB97BB42F7','C01','销售公司','0','0',15,'LSBZDW','YX01',' ',' ','0',' ',' ','0',' ')
go
insert into TJCXCSDY (TJCXCSDY_BH,TJCXCSDY_FLBH,TJCXCSDY_CSBH,TJCXCSDY_TITLE,TJCXCSDY_SFBT,TJCXCSDY_SFDX,TJCXCSDY_XH,TJCXCSDY_HELP,TJCXCSDY_BZBH,TJCXCSDY_TJ,TJCXCSDY_DEFAULT,TJCXCSDY_READONLY,TJCXCSDY_LIST,TJCXCSDY_DEPEND,TJCXCSDY_CHARTFILTER,TJCXCSDY_SQL) values(90006,'0E6DC44E-9CFC-44BF-BC11-435D3C3616DD','C02','渠道类型','0','0',18,'YXDDYWLX','YX1',' ',' ','0',' ',' ','0',' ')
go
insert into TJCXCSDY (TJCXCSDY_BH,TJCXCSDY_FLBH,TJCXCSDY_CSBH,TJCXCSDY_TITLE,TJCXCSDY_SFBT,TJCXCSDY_SFDX,TJCXCSDY_XH,TJCXCSDY_HELP,TJCXCSDY_BZBH,TJCXCSDY_TJ,TJCXCSDY_DEFAULT,TJCXCSDY_READONLY,TJCXCSDY_LIST,TJCXCSDY_DEPEND,TJCXCSDY_CHARTFILTER,TJCXCSDY_SQL) values(90006,'3D3E8038-4DCA-468F-8B4A-27EA82F0AC06','C04','办事处','0','0',22,'YXBMZD','YX1',' ',' ','0',' ',' ','0',' ')
go
insert into TJCXCSDY (TJCXCSDY_BH,TJCXCSDY_FLBH,TJCXCSDY_CSBH,TJCXCSDY_TITLE,TJCXCSDY_SFBT,TJCXCSDY_SFDX,TJCXCSDY_XH,TJCXCSDY_HELP,TJCXCSDY_BZBH,TJCXCSDY_TJ,TJCXCSDY_DEFAULT,TJCXCSDY_READONLY,TJCXCSDY_LIST,TJCXCSDY_DEPEND,TJCXCSDY_CHARTFILTER,TJCXCSDY_SQL) values(90006,'41A9172C-902A-4C3E-9BB0-8E68215AFBE5','C05','客户','0','0',26,'YXKHZD','YX1',' ',' ','0',' ',' ','0',' ')
go
insert into TJCXCSDY (TJCXCSDY_BH,TJCXCSDY_FLBH,TJCXCSDY_CSBH,TJCXCSDY_TITLE,TJCXCSDY_SFBT,TJCXCSDY_SFDX,TJCXCSDY_XH,TJCXCSDY_HELP,TJCXCSDY_BZBH,TJCXCSDY_TJ,TJCXCSDY_DEFAULT,TJCXCSDY_READONLY,TJCXCSDY_LIST,TJCXCSDY_DEPEND,TJCXCSDY_CHARTFILTER,TJCXCSDY_SQL) values(90006,'71870617-4CA6-4E4B-A9C3-3655B7C6020D','C06','是否显示销售公司','1','0',28,' ',' ',' ','1','0','0,不显示;1,显示',' ','0',' ')
go
insert into TJCXCSDY (TJCXCSDY_BH,TJCXCSDY_FLBH,TJCXCSDY_CSBH,TJCXCSDY_TITLE,TJCXCSDY_SFBT,TJCXCSDY_SFDX,TJCXCSDY_XH,TJCXCSDY_HELP,TJCXCSDY_BZBH,TJCXCSDY_TJ,TJCXCSDY_DEFAULT,TJCXCSDY_READONLY,TJCXCSDY_LIST,TJCXCSDY_DEPEND,TJCXCSDY_CHARTFILTER,TJCXCSDY_SQL) values(90006,'BA6A5FA9-AC1C-4857-95EE-0683CAA21E74','C07','是否显示事业部','1','0',30,' ',' ',' ','1','0','0,不显示;1,显示',' ','0',' ')
go
insert into TJCXCSDY (TJCXCSDY_BH,TJCXCSDY_FLBH,TJCXCSDY_CSBH,TJCXCSDY_TITLE,TJCXCSDY_SFBT,TJCXCSDY_SFDX,TJCXCSDY_XH,TJCXCSDY_HELP,TJCXCSDY_BZBH,TJCXCSDY_TJ,TJCXCSDY_DEFAULT,TJCXCSDY_READONLY,TJCXCSDY_LIST,TJCXCSDY_DEPEND,TJCXCSDY_CHARTFILTER,TJCXCSDY_SQL) values(90006,'F3D07312-F490-4792-A97C-C28E9A337DEA','C09','是否显示省区','1','0',35,' ',' ',' ','1','0','0,不显示;1,显示',' ','0',' ')
go
insert into TJCXCSDY (TJCXCSDY_BH,TJCXCSDY_FLBH,TJCXCSDY_CSBH,TJCXCSDY_TITLE,TJCXCSDY_SFBT,TJCXCSDY_SFDX,TJCXCSDY_XH,TJCXCSDY_HELP,TJCXCSDY_BZBH,TJCXCSDY_TJ,TJCXCSDY_DEFAULT,TJCXCSDY_READONLY,TJCXCSDY_LIST,TJCXCSDY_DEPEND,TJCXCSDY_CHARTFILTER,TJCXCSDY_SQL) values(90006,'3D776C55-8F63-4D0B-8049-09D37DF6DC25','C10','是否显示客户','1','0',38,' ',' ',' ','1','0','0,不显示;1,显示',' ','0',' ')
go
insert into TJCXCSDY (TJCXCSDY_BH,TJCXCSDY_FLBH,TJCXCSDY_CSBH,TJCXCSDY_TITLE,TJCXCSDY_SFBT,TJCXCSDY_SFDX,TJCXCSDY_XH,TJCXCSDY_HELP,TJCXCSDY_BZBH,TJCXCSDY_TJ,TJCXCSDY_DEFAULT,TJCXCSDY_READONLY,TJCXCSDY_LIST,TJCXCSDY_DEPEND,TJCXCSDY_CHARTFILTER,TJCXCSDY_SQL) values(90006,'E78A9B3A-0FFE-4949-97DE-1EB7F939746B','C11','制单人','0','0',40,' ',' ',' ','@USERID@','1',' ',' ','0',' ')
go
delete from TJCXXMDY where TJCXXMDY_CXBH=90006
go
insert into TJCXXMDY (TJCXXMDY_CXBH,TJCXXMDY_FLBH,TJCXXMDY_LH,TJCXXMDY_JSXH,TJCXXMDY_LK,TJCXXMDY_SPDQ,TJCXXMDY_JGLX,TJCXXMDY_XSGS,TJCXXMDY_SFZL,TJCXXMDY_CXZDM,TJCXXMDY_XJF,TJCXXMDY_BZ,TJCXXMDY_LYLX,TJCXXMDY_LYGS) values(90006,'61AF28E1-4EFC-4929-AE1F-A7CBE0D99451',10,10,2,'L','S',' ','Y','F_GSID','N','Y','S',' ')
go
insert into TJCXXMDY (TJCXXMDY_CXBH,TJCXXMDY_FLBH,TJCXXMDY_LH,TJCXXMDY_JSXH,TJCXXMDY_LK,TJCXXMDY_SPDQ,TJCXXMDY_JGLX,TJCXXMDY_XSGS,TJCXXMDY_SFZL,TJCXXMDY_CXZDM,TJCXXMDY_XJF,TJCXXMDY_BZ,TJCXXMDY_LYLX,TJCXXMDY_LYGS) values(90006,'9C33D5D3-CF97-4225-A7A9-3BBAF249395F',20,20,2,'L','S',' ','Y','F_QDLX','N','Y','S',' ')
go
insert into TJCXXMDY (TJCXXMDY_CXBH,TJCXXMDY_FLBH,TJCXXMDY_LH,TJCXXMDY_JSXH,TJCXXMDY_LK,TJCXXMDY_SPDQ,TJCXXMDY_JGLX,TJCXXMDY_XSGS,TJCXXMDY_SFZL,TJCXXMDY_CXZDM,TJCXXMDY_XJF,TJCXXMDY_BZ,TJCXXMDY_LYLX,TJCXXMDY_LYGS) values(90006,'1BB60C02-DAA7-47FC-A588-229E8647FDAD',40,40,2,'L','S',' ','Y','F_BMNM','N','Y','S',' ')
go
insert into TJCXXMDY (TJCXXMDY_CXBH,TJCXXMDY_FLBH,TJCXXMDY_LH,TJCXXMDY_JSXH,TJCXXMDY_LK,TJCXXMDY_SPDQ,TJCXXMDY_JGLX,TJCXXMDY_XSGS,TJCXXMDY_SFZL,TJCXXMDY_CXZDM,TJCXXMDY_XJF,TJCXXMDY_BZ,TJCXXMDY_LYLX,TJCXXMDY_LYGS) values(90006,'28A902EB-89FD-413C-BF59-58708D795262',50,50,2,'L','S',' ','Y','F_KHNM','N','Y','S',' ')
go
insert into TJCXXMDY (TJCXXMDY_CXBH,TJCXXMDY_FLBH,TJCXXMDY_LH,TJCXXMDY_JSXH,TJCXXMDY_LK,TJCXXMDY_SPDQ,TJCXXMDY_JGLX,TJCXXMDY_XSGS,TJCXXMDY_SFZL,TJCXXMDY_CXZDM,TJCXXMDY_XJF,TJCXXMDY_BZ,TJCXXMDY_LYLX,TJCXXMDY_LYGS) values(90006,'E67A0D99-75DB-40AA-B478-DBBC2E481C23',60,60,2,'L','S',' ','Y','F_HKZQ','N','Y','S',' ')
go
insert into TJCXXMDY (TJCXXMDY_CXBH,TJCXXMDY_FLBH,TJCXXMDY_LH,TJCXXMDY_JSXH,TJCXXMDY_LK,TJCXXMDY_SPDQ,TJCXXMDY_JGLX,TJCXXMDY_XSGS,TJCXXMDY_SFZL,TJCXXMDY_CXZDM,TJCXXMDY_XJF,TJCXXMDY_BZ,TJCXXMDY_LYLX,TJCXXMDY_LYGS) values(90006,'3E3EFC5E-50ED-4702-910C-D309035A5AE3',70,70,2,'L','S',' ','Y','F_FDWTR','N','Y','S',' ')
go
insert into TJCXXMDY (TJCXXMDY_CXBH,TJCXXMDY_FLBH,TJCXXMDY_LH,TJCXXMDY_JSXH,TJCXXMDY_LK,TJCXXMDY_SPDQ,TJCXXMDY_JGLX,TJCXXMDY_XSGS,TJCXXMDY_SFZL,TJCXXMDY_CXZDM,TJCXXMDY_XJF,TJCXXMDY_BZ,TJCXXMDY_LYLX,TJCXXMDY_LYGS) values(90006,'27C4B811-D820-4A1C-8861-CE0882467404',72,72,2,'L','S',' ','Y','F_SJFZR','N','Y','S',' ')
go
insert into TJCXXMDY (TJCXXMDY_CXBH,TJCXXMDY_FLBH,TJCXXMDY_LH,TJCXXMDY_JSXH,TJCXXMDY_LK,TJCXXMDY_SPDQ,TJCXXMDY_JGLX,TJCXXMDY_XSGS,TJCXXMDY_SFZL,TJCXXMDY_CXZDM,TJCXXMDY_XJF,TJCXXMDY_BZ,TJCXXMDY_LYLX,TJCXXMDY_LYGS) values(90006,'7E4F14E6-59B6-4810-84A8-FB39AC2C2A97',74,74,0,'L','S',' ','Y','F_SSQK','N','Y','S',' ')
go
insert into TJCXXMDY (TJCXXMDY_CXBH,TJCXXMDY_FLBH,TJCXXMDY_LH,TJCXXMDY_JSXH,TJCXXMDY_LK,TJCXXMDY_SPDQ,TJCXXMDY_JGLX,TJCXXMDY_XSGS,TJCXXMDY_SFZL,TJCXXMDY_CXZDM,TJCXXMDY_XJF,TJCXXMDY_BZ,TJCXXMDY_LYLX,TJCXXMDY_LYGS) values(90006,'802D37A4-3D6A-4885-A05E-D75447617A4C',76,76,2,'L','S',' ','Y','F_FHHJ','N','Y','S',' ')
go
insert into TJCXXMDY (TJCXXMDY_CXBH,TJCXXMDY_FLBH,TJCXXMDY_LH,TJCXXMDY_JSXH,TJCXXMDY_LK,TJCXXMDY_SPDQ,TJCXXMDY_JGLX,TJCXXMDY_XSGS,TJCXXMDY_SFZL,TJCXXMDY_CXZDM,TJCXXMDY_XJF,TJCXXMDY_BZ,TJCXXMDY_LYLX,TJCXXMDY_LYGS) values(90006,'B930D2DA-2CCF-4EE7-A018-EEF47DDC65CD',80,80,2,'R','S',' ','Y','F_HKHJ','N','Y','S',' ')
go
insert into TJCXXMDY (TJCXXMDY_CXBH,TJCXXMDY_FLBH,TJCXXMDY_LH,TJCXXMDY_JSXH,TJCXXMDY_LK,TJCXXMDY_SPDQ,TJCXXMDY_JGLX,TJCXXMDY_XSGS,TJCXXMDY_SFZL,TJCXXMDY_CXZDM,TJCXXMDY_XJF,TJCXXMDY_BZ,TJCXXMDY_LYLX,TJCXXMDY_LYGS) values(90006,'2B73B04F-E498-4F32-98D4-7CDC14680882',90,90,2,'R','S',' ','Y','F_HKFHB','N','Y','S',' ')
go
insert into TJCXXMDY (TJCXXMDY_CXBH,TJCXXMDY_FLBH,TJCXXMDY_LH,TJCXXMDY_JSXH,TJCXXMDY_LK,TJCXXMDY_SPDQ,TJCXXMDY_JGLX,TJCXXMDY_XSGS,TJCXXMDY_SFZL,TJCXXMDY_CXZDM,TJCXXMDY_XJF,TJCXXMDY_BZ,TJCXXMDY_LYLX,TJCXXMDY_LYGS) values(90006,'D03D3C96-BF76-47C7-AD2B-57CC1488EEB2',100,100,2,'R','S',' ','Y','F_YJHK','N','Y','S',' ')
go
insert into TJCXXMDY (TJCXXMDY_CXBH,TJCXXMDY_FLBH,TJCXXMDY_LH,TJCXXMDY_JSXH,TJCXXMDY_LK,TJCXXMDY_SPDQ,TJCXXMDY_JGLX,TJCXXMDY_XSGS,TJCXXMDY_SFZL,TJCXXMDY_CXZDM,TJCXXMDY_XJF,TJCXXMDY_BZ,TJCXXMDY_LYLX,TJCXXMDY_LYGS) values(90006,'EE73F51E-D610-402F-A256-D5FE94B7E79A',120,120,2,'R','S',' ','Y','F_PJHKZQ','N','Y','S',' ')
go
insert into TJCXXMDY (TJCXXMDY_CXBH,TJCXXMDY_FLBH,TJCXXMDY_LH,TJCXXMDY_JSXH,TJCXXMDY_LK,TJCXXMDY_SPDQ,TJCXXMDY_JGLX,TJCXXMDY_XSGS,TJCXXMDY_SFZL,TJCXXMDY_CXZDM,TJCXXMDY_XJF,TJCXXMDY_BZ,TJCXXMDY_LYLX,TJCXXMDY_LYGS) values(90006,'6F50A36D-1184-42DB-8EEE-D942154A27C4',130,130,2,'R','S',' ','Y','F_NY','N','Z','S',' ')
go
insert into TJCXXMDY (TJCXXMDY_CXBH,TJCXXMDY_FLBH,TJCXXMDY_LH,TJCXXMDY_JSXH,TJCXXMDY_LK,TJCXXMDY_SPDQ,TJCXXMDY_JGLX,TJCXXMDY_XSGS,TJCXXMDY_SFZL,TJCXXMDY_CXZDM,TJCXXMDY_XJF,TJCXXMDY_BZ,TJCXXMDY_LYLX,TJCXXMDY_LYGS) values(90006,'5B527536-2064-4275-B14A-769190FFB871',140,140,2,'R','S',' ','Y','F_HKJE','N','F','S',' ')
go
insert into TJCXXMDY (TJCXXMDY_CXBH,TJCXXMDY_FLBH,TJCXXMDY_LH,TJCXXMDY_JSXH,TJCXXMDY_LK,TJCXXMDY_SPDQ,TJCXXMDY_JGLX,TJCXXMDY_XSGS,TJCXXMDY_SFZL,TJCXXMDY_CXZDM,TJCXXMDY_XJF,TJCXXMDY_BZ,TJCXXMDY_LYLX,TJCXXMDY_LYGS) values(90006,'2CB4EB18-15C2-47D8-805C-A0BEFB64CD75',150,150,2,'R','S',' ','Y','F_FHJE','N','F','S',' ')
go
delete from TJCXXMBT where TJCXXMBT_CXBH=90006
go
insert into TJCXXMBT(TJCXXMBT_CXBH,TJCXXMBT_FLBH,TJCXXMBT_LH,TJCXXMBT_HH,TJCXXMBT_BTMC,TJCXXMBT_HBFX) values(90006,'0005',60,2,'回款周期','N')
go
insert into TJCXXMBT(TJCXXMBT_CXBH,TJCXXMBT_FLBH,TJCXXMBT_LH,TJCXXMBT_HH,TJCXXMBT_BTMC,TJCXXMBT_HBFX) values(90006,'0006',70,2,'法定委托人','N')
go
insert into TJCXXMBT(TJCXXMBT_CXBH,TJCXXMBT_FLBH,TJCXXMBT_LH,TJCXXMBT_HH,TJCXXMBT_BTMC,TJCXXMBT_HBFX) values(90006,'0007',72,2,'实际负责人','N')
go
insert into TJCXXMBT(TJCXXMBT_CXBH,TJCXXMBT_FLBH,TJCXXMBT_LH,TJCXXMBT_HH,TJCXXMBT_BTMC,TJCXXMBT_HBFX) values(90006,'0008',74,2,'实时欠款','N')
go
insert into TJCXXMBT(TJCXXMBT_CXBH,TJCXXMBT_FLBH,TJCXXMBT_LH,TJCXXMBT_HH,TJCXXMBT_BTMC,TJCXXMBT_HBFX) values(90006,'0009',76,2,'年度发货合计','N')
go
insert into TJCXXMBT(TJCXXMBT_CXBH,TJCXXMBT_FLBH,TJCXXMBT_LH,TJCXXMBT_HH,TJCXXMBT_BTMC,TJCXXMBT_HBFX) values(90006,'0010',80,2,'年度回款合计','N')
go
insert into TJCXXMBT(TJCXXMBT_CXBH,TJCXXMBT_FLBH,TJCXXMBT_LH,TJCXXMBT_HH,TJCXXMBT_BTMC,TJCXXMBT_HBFX) values(90006,'0012',100,2,'月均回款','N')
go
insert into TJCXXMBT(TJCXXMBT_CXBH,TJCXXMBT_FLBH,TJCXXMBT_LH,TJCXXMBT_HH,TJCXXMBT_BTMC,TJCXXMBT_HBFX) values(90006,'0013',120,2,'本年平均回款周期','N')
go
insert into TJCXXMBT(TJCXXMBT_CXBH,TJCXXMBT_FLBH,TJCXXMBT_LH,TJCXXMBT_HH,TJCXXMBT_BTMC,TJCXXMBT_HBFX) values(90006,'0014',130,2,'年月','N')
go
insert into TJCXXMBT(TJCXXMBT_CXBH,TJCXXMBT_FLBH,TJCXXMBT_LH,TJCXXMBT_HH,TJCXXMBT_BTMC,TJCXXMBT_HBFX) values(90006,'0015',140,2,'回款金额','N')
go
insert into TJCXXMBT(TJCXXMBT_CXBH,TJCXXMBT_FLBH,TJCXXMBT_LH,TJCXXMBT_HH,TJCXXMBT_BTMC,TJCXXMBT_HBFX) values(90006,'0016',150,2,'发货金额','N')
go
insert into TJCXXMBT(TJCXXMBT_CXBH,TJCXXMBT_FLBH,TJCXXMBT_LH,TJCXXMBT_HH,TJCXXMBT_BTMC,TJCXXMBT_HBFX) values(90006,'0011',90,2,'年度回款发货比','N')
go
insert into TJCXXMBT(TJCXXMBT_CXBH,TJCXXMBT_FLBH,TJCXXMBT_LH,TJCXXMBT_HH,TJCXXMBT_BTMC,TJCXXMBT_HBFX) values(90006,'EB7DBC6C-E5FE-4E97-9C6A-ACAF70662749',10,1,'销售公司','N')
go
insert into TJCXXMBT(TJCXXMBT_CXBH,TJCXXMBT_FLBH,TJCXXMBT_LH,TJCXXMBT_HH,TJCXXMBT_BTMC,TJCXXMBT_HBFX) values(90006,'B70C52F6-C721-41B4-8D9A-3FF3BA7F3902',20,1,'事业部','N')
go
insert into TJCXXMBT(TJCXXMBT_CXBH,TJCXXMBT_FLBH,TJCXXMBT_LH,TJCXXMBT_HH,TJCXXMBT_BTMC,TJCXXMBT_HBFX) values(90006,'909CF468-397A-459A-873B-4544ABEBC1B7',40,1,'省区','N')
go
insert into TJCXXMBT(TJCXXMBT_CXBH,TJCXXMBT_FLBH,TJCXXMBT_LH,TJCXXMBT_HH,TJCXXMBT_BTMC,TJCXXMBT_HBFX) values(90006,'2BD9D7CC-E317-4CF7-9BB5-ADA9181435BC',50,1,'客户','N')
go
insert into TJCXXMBT(TJCXXMBT_CXBH,TJCXXMBT_FLBH,TJCXXMBT_LH,TJCXXMBT_HH,TJCXXMBT_BTMC,TJCXXMBT_HBFX) values(90006,'B2B61F0A-CC73-48E3-A009-1F041A0ABC9D',60,1,'回款周期','N')
go
insert into TJCXXMBT(TJCXXMBT_CXBH,TJCXXMBT_FLBH,TJCXXMBT_LH,TJCXXMBT_HH,TJCXXMBT_BTMC,TJCXXMBT_HBFX) values(90006,'33721FB4-8B4E-4414-957D-85765CCE0B0F',70,1,'法定委托人','N')
go
insert into TJCXXMBT(TJCXXMBT_CXBH,TJCXXMBT_FLBH,TJCXXMBT_LH,TJCXXMBT_HH,TJCXXMBT_BTMC,TJCXXMBT_HBFX) values(90006,'E500A111-F3AD-42A0-B9E3-391A3772C829',72,1,'实际负责人','N')
go
insert into TJCXXMBT(TJCXXMBT_CXBH,TJCXXMBT_FLBH,TJCXXMBT_LH,TJCXXMBT_HH,TJCXXMBT_BTMC,TJCXXMBT_HBFX) values(90006,'CDFF62D0-5AFB-4F03-8D65-72C1F2C2152D',74,1,'实时欠款','N')
go
insert into TJCXXMBT(TJCXXMBT_CXBH,TJCXXMBT_FLBH,TJCXXMBT_LH,TJCXXMBT_HH,TJCXXMBT_BTMC,TJCXXMBT_HBFX) values(90006,'9C70D6B7-52E0-4809-83D1-C2E917CFC35D',76,1,'年度发货合计','N')
go
insert into TJCXXMBT(TJCXXMBT_CXBH,TJCXXMBT_FLBH,TJCXXMBT_LH,TJCXXMBT_HH,TJCXXMBT_BTMC,TJCXXMBT_HBFX) values(90006,'3577A73F-9BAC-440B-BC95-3F961FA92D8E',80,1,'年度回款合计','N')
go
insert into TJCXXMBT(TJCXXMBT_CXBH,TJCXXMBT_FLBH,TJCXXMBT_LH,TJCXXMBT_HH,TJCXXMBT_BTMC,TJCXXMBT_HBFX) values(90006,'1986DAAC-56BB-4536-B056-57664C16F63C',90,1,'年度回款发货比','N')
go
insert into TJCXXMBT(TJCXXMBT_CXBH,TJCXXMBT_FLBH,TJCXXMBT_LH,TJCXXMBT_HH,TJCXXMBT_BTMC,TJCXXMBT_HBFX) values(90006,'2F1E1FDD-A287-4973-A5E1-189829A89D21',100,1,'月均回款','N')
go
insert into TJCXXMBT(TJCXXMBT_CXBH,TJCXXMBT_FLBH,TJCXXMBT_LH,TJCXXMBT_HH,TJCXXMBT_BTMC,TJCXXMBT_HBFX) values(90006,'C8F7EB61-85EB-4B64-8D7E-313D0364BE39',120,1,'本年平均回款周期','N')
go
insert into TJCXXMBT(TJCXXMBT_CXBH,TJCXXMBT_FLBH,TJCXXMBT_LH,TJCXXMBT_HH,TJCXXMBT_BTMC,TJCXXMBT_HBFX) values(90006,'DBF1712A-A32B-4F93-9180-F2C92341A705',130,1,'年月','N')
go
insert into TJCXXMBT(TJCXXMBT_CXBH,TJCXXMBT_FLBH,TJCXXMBT_LH,TJCXXMBT_HH,TJCXXMBT_BTMC,TJCXXMBT_HBFX) values(90006,'F69E10F3-33A0-4C0B-B346-421A6D7693C5',140,1,'回款金额','N')
go
insert into TJCXXMBT(TJCXXMBT_CXBH,TJCXXMBT_FLBH,TJCXXMBT_LH,TJCXXMBT_HH,TJCXXMBT_BTMC,TJCXXMBT_HBFX) values(90006,'3C5E30FD-283D-4F4A-9735-642CE719D7AF',150,1,'发货金额','N')
go
insert into TJCXXMBT(TJCXXMBT_CXBH,TJCXXMBT_FLBH,TJCXXMBT_LH,TJCXXMBT_HH,TJCXXMBT_BTMC,TJCXXMBT_HBFX) values(90006,'0001',10,2,'销售公司','N')
go
insert into TJCXXMBT(TJCXXMBT_CXBH,TJCXXMBT_FLBH,TJCXXMBT_LH,TJCXXMBT_HH,TJCXXMBT_BTMC,TJCXXMBT_HBFX) values(90006,'0002',20,2,'事业部','N')
go
insert into TJCXXMBT(TJCXXMBT_CXBH,TJCXXMBT_FLBH,TJCXXMBT_LH,TJCXXMBT_HH,TJCXXMBT_BTMC,TJCXXMBT_HBFX) values(90006,'0003',40,2,'省区','N')
go
insert into TJCXXMBT(TJCXXMBT_CXBH,TJCXXMBT_FLBH,TJCXXMBT_LH,TJCXXMBT_HH,TJCXXMBT_BTMC,TJCXXMBT_HBFX) values(90006,'0004',50,2,'客户','N')
go
delete from KHTJJSGS where KHTJJSGS_GSBH='9000100001'
go
INSERT INTO KHTJJSGS(KHTJJSGS_GSBH,KHTJJSGS_MSXX,KHTJJSGS_DYLX,KHTJJSGS_GSLX,KHTJJSGS_LSLX,KHTJJSGS_JGLX,KHTJJSGS_JGCL,KHTJJSGS_FGC,KHTJJSGS_JSGS,KHTJJSGS_GSFL,KHTJJSGS_JSZ,KHTJJSGS_FZBH,KHTJJSGS_BZ,KHTJJSGS_ISNEW,KHTJJSGS_SQL,KHTJJSGS_SQL1,KHTJJSGS_SQL2,KHTJJSGS_SQL3,KHTJJSGS_SQL4,KHTJJSGS_SQL5,KHTJJSGS_SQL6,KHTJJSGS_SQL7,KHTJJSGS_SQL8,KHTJJSGS_SQL9,KHTJJSGS_SQL10,KHTJJSGS_SQL11,KHTJJSGS_SQL12,KHTJJSGS_SQL13,KHTJJSGS_SQL14,KHTJJSGS_SQL15,KHTJJSGS_SQL16,KHTJJSGS_LSBM1,KHTJJSGS_LSBM2,KHTJJSGS_CSLB,KHTJJSGS_CSLB1,KHTJJSGS_CSLB2,KHTJJSGS_MMGZ) values('9000100001','客户信息报表','U','T','0','D','C',' ','',' ','1','90001',' ','1','SP_SDB_KHXXBB_90001(@GSID=:GSID,@KH=:KH,@DQ=:DQ,@USERID=:USERID)',' ',' ',' ',' ',' ',' ',' ',' ',' ',' ',' ',' ',' ',' ',' ',' ','',' ','#GSID:C01#DQ:C02#KH:C03#USERID:C04#',' ',' ',' ')
go
delete from KHTJJSGSMX where KHTJJSGSMX_GSBH='9000100001'
go
insert into KHTJJSGSMX (KHTJJSGSMX_GSBH,KHTJJSGSMX_FLBH,KHTJJSGSMX_CSBH,KHTJJSGSMX_CS,KHTJJSGSMX_DEMO) values( '9000100001','9c34d07a-76eb-43f3-bd85-fb628ae2d8ed','C01','GSID','核算单位')
go
insert into KHTJJSGSMX (KHTJJSGSMX_GSBH,KHTJJSGSMX_FLBH,KHTJJSGSMX_CSBH,KHTJJSGSMX_CS,KHTJJSGSMX_DEMO) values( '9000100001','c11ae208-1a9f-4252-acd3-9ef49814fc45','C02','DQ','地区')
go
insert into KHTJJSGSMX (KHTJJSGSMX_GSBH,KHTJJSGSMX_FLBH,KHTJJSGSMX_CSBH,KHTJJSGSMX_CS,KHTJJSGSMX_DEMO) values( '9000100001','717f35ac-601a-4bc7-aff3-7306664daa3a','C03','KH','客户')
go
insert into KHTJJSGSMX (KHTJJSGSMX_GSBH,KHTJJSGSMX_FLBH,KHTJJSGSMX_CSBH,KHTJJSGSMX_CS,KHTJJSGSMX_DEMO) values( '9000100001','274e5bbf-0cfd-462d-92dd-f60014764553','C04','USERID',' ')
go
delete from KHTJJSGS where KHTJJSGS_GSBH='9000200001'
go
INSERT INTO KHTJJSGS(KHTJJSGS_GSBH,KHTJJSGS_MSXX,KHTJJSGS_DYLX,KHTJJSGS_GSLX,KHTJJSGS_LSLX,KHTJJSGS_JGLX,KHTJJSGS_JGCL,KHTJJSGS_FGC,KHTJJSGS_JSGS,KHTJJSGS_GSFL,KHTJJSGS_JSZ,KHTJJSGS_FZBH,KHTJJSGS_BZ,KHTJJSGS_ISNEW,KHTJJSGS_SQL,KHTJJSGS_SQL1,KHTJJSGS_SQL2,KHTJJSGS_SQL3,KHTJJSGS_SQL4,KHTJJSGS_SQL5,KHTJJSGS_SQL6,KHTJJSGS_SQL7,KHTJJSGS_SQL8,KHTJJSGS_SQL9,KHTJJSGS_SQL10,KHTJJSGS_SQL11,KHTJJSGS_SQL12,KHTJJSGS_SQL13,KHTJJSGS_SQL14,KHTJJSGS_SQL15,KHTJJSGS_SQL16,KHTJJSGS_LSBM1,KHTJJSGS_LSBM2,KHTJJSGS_CSLB,KHTJJSGS_CSLB1,KHTJJSGS_CSLB2,KHTJJSGS_MMGZ) values('9000200001','账龄分析销售部','U','T','0','D','C',' ','',' ','1','90002',' ','1','SP_SDB_ZLFX_90002(@GSID=:GSID,@BMNM=:BMNM,@QDLX=:QDLX,@KHNM=:KHNM,@SFQD=:SFQD,@SFKH=:SFKH,@USERID=:USERID)',' ',' ',' ',' ',' ',' ',' ',' ',' ',' ',' ',' ',' ',' ',' ',' ','',' ','#GSID:C01#BMNM:C02#QDLX:C03#KHNM:C04#SFQD:C07#SFKH:C08#USERID:C11#',' ',' ',' ')
go
delete from KHTJJSGSMX where KHTJJSGSMX_GSBH='9000200001'
go
insert into KHTJJSGSMX (KHTJJSGSMX_GSBH,KHTJJSGSMX_FLBH,KHTJJSGSMX_CSBH,KHTJJSGSMX_CS,KHTJJSGSMX_DEMO) values( '9000200001','5ed22041-30a5-415c-b0fd-ad7ff91c21ba','C01','GSID','核算单位')
go
insert into KHTJJSGSMX (KHTJJSGSMX_GSBH,KHTJJSGSMX_FLBH,KHTJJSGSMX_CSBH,KHTJJSGSMX_CS,KHTJJSGSMX_DEMO) values( '9000200001','7a4402d8-7921-4ffd-976a-b304815fc8fe','C02','BMNM','办事处')
go
insert into KHTJJSGSMX (KHTJJSGSMX_GSBH,KHTJJSGSMX_FLBH,KHTJJSGSMX_CSBH,KHTJJSGSMX_CS,KHTJJSGSMX_DEMO) values( '9000200001','70d16a32-6cd8-4eaf-bb69-59dfe90e0a0a','C03','QDLX','渠道')
go
insert into KHTJJSGSMX (KHTJJSGSMX_GSBH,KHTJJSGSMX_FLBH,KHTJJSGSMX_CSBH,KHTJJSGSMX_CS,KHTJJSGSMX_DEMO) values( '9000200001','09c79086-99d5-4612-98c2-62c00b257954','C04','KHNM','客户')
go
insert into KHTJJSGSMX (KHTJJSGSMX_GSBH,KHTJJSGSMX_FLBH,KHTJJSGSMX_CSBH,KHTJJSGSMX_CS,KHTJJSGSMX_DEMO) values( '9000200001','254e3ff7-599a-4aa6-a5f3-a0ec1eb3e4e2','C07','SFQD','是否显示渠道')
go
insert into KHTJJSGSMX (KHTJJSGSMX_GSBH,KHTJJSGSMX_FLBH,KHTJJSGSMX_CSBH,KHTJJSGSMX_CS,KHTJJSGSMX_DEMO) values( '9000200001','8f68e63f-5b5f-486a-ae3d-7390176ecc39','C08','SFKH','是否显示客户')
go
insert into KHTJJSGSMX (KHTJJSGSMX_GSBH,KHTJJSGSMX_FLBH,KHTJJSGSMX_CSBH,KHTJJSGSMX_CS,KHTJJSGSMX_DEMO) values( '9000200001','5ec1dea0-03f5-4c77-812a-b8cee2af920b','C11','USERID','操作用户')
go
delete from KHTJJSGS where KHTJJSGS_GSBH='9000500001'
go
INSERT INTO KHTJJSGS(KHTJJSGS_GSBH,KHTJJSGS_MSXX,KHTJJSGS_DYLX,KHTJJSGS_GSLX,KHTJJSGS_LSLX,KHTJJSGS_JGLX,KHTJJSGS_JGCL,KHTJJSGS_FGC,KHTJJSGS_JSGS,KHTJJSGS_GSFL,KHTJJSGS_JSZ,KHTJJSGS_FZBH,KHTJJSGS_BZ,KHTJJSGS_ISNEW,KHTJJSGS_SQL,KHTJJSGS_SQL1,KHTJJSGS_SQL2,KHTJJSGS_SQL3,KHTJJSGS_SQL4,KHTJJSGS_SQL5,KHTJJSGS_SQL6,KHTJJSGS_SQL7,KHTJJSGS_SQL8,KHTJJSGS_SQL9,KHTJJSGS_SQL10,KHTJJSGS_SQL11,KHTJJSGS_SQL12,KHTJJSGS_SQL13,KHTJJSGS_SQL14,KHTJJSGS_SQL15,KHTJJSGS_SQL16,KHTJJSGS_LSBM1,KHTJJSGS_LSBM2,KHTJJSGS_CSLB,KHTJJSGS_CSLB1,KHTJJSGS_CSLB2,KHTJJSGS_MMGZ) values('9000500001','账龄分析（商务）','U','T','0','D','C',' ','',' ','1','90005',' ','1','SP_SDB_ZLFX_90005(@NY=:NY,@GSID=:GSID,@QDLX=:QDLX,@BMNM=:BMNM,@KHNM=:KHNM,@USERID=:USERID)',' ',' ',' ',' ',' ',' ',' ',' ',' ',' ',' ',' ',' ',' ',' ',' ','',' ','#NY:008#QDLX:C03#GSID:C01#BMNM:C05#KHNM:C02#USERID:C04#',' ',' ',' ')
go
delete from KHTJJSGSMX where KHTJJSGSMX_GSBH='9000500001'
go
insert into KHTJJSGSMX (KHTJJSGSMX_GSBH,KHTJJSGSMX_FLBH,KHTJJSGSMX_CSBH,KHTJJSGSMX_CS,KHTJJSGSMX_DEMO) values( '9000500001','02972f72-160f-4bbb-925a-d44b641f037e','008','NY','查询年月')
go
insert into KHTJJSGSMX (KHTJJSGSMX_GSBH,KHTJJSGSMX_FLBH,KHTJJSGSMX_CSBH,KHTJJSGSMX_CS,KHTJJSGSMX_DEMO) values( '9000500001','bc6187c3-429d-4641-87b6-ab1bfc684988','C03','QDLX','事业部')
go
insert into KHTJJSGSMX (KHTJJSGSMX_GSBH,KHTJJSGSMX_FLBH,KHTJJSGSMX_CSBH,KHTJJSGSMX_CS,KHTJJSGSMX_DEMO) values( '9000500001','1403540d-3181-47db-84a8-58d8ad17f1b7','C01','GSID','核算单位')
go
insert into KHTJJSGSMX (KHTJJSGSMX_GSBH,KHTJJSGSMX_FLBH,KHTJJSGSMX_CSBH,KHTJJSGSMX_CS,KHTJJSGSMX_DEMO) values( '9000500001','cfcd778e-9138-4e28-bec6-fc428131af0b','C05','BMNM','部门')
go
insert into KHTJJSGSMX (KHTJJSGSMX_GSBH,KHTJJSGSMX_FLBH,KHTJJSGSMX_CSBH,KHTJJSGSMX_CS,KHTJJSGSMX_DEMO) values( '9000500001','16f38f50-1e08-4dd1-b786-2aaef2553a65','C02','KHNM','客户名称')
go
insert into KHTJJSGSMX (KHTJJSGSMX_GSBH,KHTJJSGSMX_FLBH,KHTJJSGSMX_CSBH,KHTJJSGSMX_CS,KHTJJSGSMX_DEMO) values( '9000500001','9b51ab21-aa1b-4fb4-bd47-000a4fcc5eec','C04','USERID','用户')
go
delete from KHTJJSGS where KHTJJSGS_GSBH='9000600001'
go
INSERT INTO KHTJJSGS(KHTJJSGS_GSBH,KHTJJSGS_MSXX,KHTJJSGS_DYLX,KHTJJSGS_GSLX,KHTJJSGS_LSLX,KHTJJSGS_JGLX,KHTJJSGS_JGCL,KHTJJSGS_FGC,KHTJJSGS_JSGS,KHTJJSGS_GSFL,KHTJJSGS_JSZ,KHTJJSGS_FZBH,KHTJJSGS_BZ,KHTJJSGS_ISNEW,KHTJJSGS_SQL,KHTJJSGS_SQL1,KHTJJSGS_SQL2,KHTJJSGS_SQL3,KHTJJSGS_SQL4,KHTJJSGS_SQL5,KHTJJSGS_SQL6,KHTJJSGS_SQL7,KHTJJSGS_SQL8,KHTJJSGS_SQL9,KHTJJSGS_SQL10,KHTJJSGS_SQL11,KHTJJSGS_SQL12,KHTJJSGS_SQL13,KHTJJSGS_SQL14,KHTJJSGS_SQL15,KHTJJSGS_SQL16,KHTJJSGS_LSBM1,KHTJJSGS_LSBM2,KHTJJSGS_CSLB,KHTJJSGS_CSLB1,KHTJJSGS_CSLB2,KHTJJSGS_MMGZ) values('9000600001','发货回款趋势分析','U','T','0','D','C',' ','',' ','1','90006',' ','1','SP_SDB_FHHKQSFX_90006_NEW(@KSNY=:KSNY,@JSNY=:JSNY,@GSID=:GSID,@QDLX=:QDLX,@BMNM=:BMNM,@KHNM=:KHNM,@SFGSID=:SFGSID,@SFQDLX=:SFQDLX,@SFBMNM=:SFBMNM,@SFKH=:SFKH,@USERID=:USERID)',' ',' ',' ',' ',' ',' ',' ',' ',' ',' ',' ',' ',' ',' ',' ',' ','',' ','#GSID:C01#QDLX:C02#BMNM:C04#KHNM:C05#SFGSID:C06#SFQDLX:C07#SFBMNM:C09#SFKH:C10#USERID:C11#KSNY:006#JSNY:007#',' ',' ',' ')
go
delete from KHTJJSGSMX where KHTJJSGSMX_GSBH='9000600001'
go
insert into KHTJJSGSMX (KHTJJSGSMX_GSBH,KHTJJSGSMX_FLBH,KHTJJSGSMX_CSBH,KHTJJSGSMX_CS,KHTJJSGSMX_DEMO) values( '9000600001','e079ea02-6bf7-4948-9fa0-cd534d0abd8f','C01','GSID','核算单位')
go
insert into KHTJJSGSMX (KHTJJSGSMX_GSBH,KHTJJSGSMX_FLBH,KHTJJSGSMX_CSBH,KHTJJSGSMX_CS,KHTJJSGSMX_DEMO) values( '9000600001','d84caaa1-6bf0-49ba-be1f-59c9b175409a','C02','QDLX','渠道类型')
go
insert into KHTJJSGSMX (KHTJJSGSMX_GSBH,KHTJJSGSMX_FLBH,KHTJJSGSMX_CSBH,KHTJJSGSMX_CS,KHTJJSGSMX_DEMO) values( '9000600001','438821db-6aea-462b-8d47-2c619534e16d','C04','BMNM','部门内码')
go
insert into KHTJJSGSMX (KHTJJSGSMX_GSBH,KHTJJSGSMX_FLBH,KHTJJSGSMX_CSBH,KHTJJSGSMX_CS,KHTJJSGSMX_DEMO) values( '9000600001','33c5aa38-d8b7-4d30-8e0e-3df616e7e6c8','C05','KHNM','客户')
go
insert into KHTJJSGSMX (KHTJJSGSMX_GSBH,KHTJJSGSMX_FLBH,KHTJJSGSMX_CSBH,KHTJJSGSMX_CS,KHTJJSGSMX_DEMO) values( '9000600001','3f7341f0-0085-42b6-9736-15df90abfd2a','C06','SFGSID','是否显示核算单位')
go
insert into KHTJJSGSMX (KHTJJSGSMX_GSBH,KHTJJSGSMX_FLBH,KHTJJSGSMX_CSBH,KHTJJSGSMX_CS,KHTJJSGSMX_DEMO) values( '9000600001','ac5490e4-4f48-4883-9002-c2b186d7c070','C07','SFQDLX','是否显示渠道类型')
go
insert into KHTJJSGSMX (KHTJJSGSMX_GSBH,KHTJJSGSMX_FLBH,KHTJJSGSMX_CSBH,KHTJJSGSMX_CS,KHTJJSGSMX_DEMO) values( '9000600001','6b1ce20c-c256-4803-b083-9ad6e88dd4b3','C09','SFBMNM','是否显示办事处')
go
insert into KHTJJSGSMX (KHTJJSGSMX_GSBH,KHTJJSGSMX_FLBH,KHTJJSGSMX_CSBH,KHTJJSGSMX_CS,KHTJJSGSMX_DEMO) values( '9000600001','81105103-e11b-43b5-987f-937e0761de40','C10','SFKH','是否显示客户')
go
insert into KHTJJSGSMX (KHTJJSGSMX_GSBH,KHTJJSGSMX_FLBH,KHTJJSGSMX_CSBH,KHTJJSGSMX_CS,KHTJJSGSMX_DEMO) values( '9000600001','15e0d366-f4a4-49c7-a288-d4a90d0455d2','C11','USERID','操作用户')
go
insert into KHTJJSGSMX (KHTJJSGSMX_GSBH,KHTJJSGSMX_FLBH,KHTJJSGSMX_CSBH,KHTJJSGSMX_CS,KHTJJSGSMX_DEMO) values( '9000600001','81532275-32ca-4a29-82ca-a786276a63dd','006','KSNY','开始年月')
go
insert into KHTJJSGSMX (KHTJJSGSMX_GSBH,KHTJJSGSMX_FLBH,KHTJJSGSMX_CSBH,KHTJJSGSMX_CS,KHTJJSGSMX_DEMO) values( '9000600001','463f926a-523e-47b1-9bfe-db73fb985136','007','JSNY','结束年月')
go
/*90007统计定义 */
/*GenerSoft 2002-2018*/
/*20191221 18:28:19*/
delete from TJCXDY where TJCXDY_BH=90007
go
insert into TJCXDY (TJCXDY_BH,TJCXDY_MC,TJCXDY_FZBH,TJCXDY_ZLBM,TJCXDY_SJHHG,TJCXDY_HBTLS,TJCXDY_LBTHG,TJCXDY_LBTHS,TJCXDY_JGZZ,TJCXDY_TBBZ,TJCXDY_ZLSQLFS,TJCXDY_URL,TJCXDY_DYLX,TJCXDY_GNBH,TJCXDY_GNMC,TJCXDY_YJBZ,TJCXDY_BZ ) values (90007,'平均回款周期分析','90007','9000700001',1,1,1,1,'N','0','L','','U','SDHTJ90007','平均回款周期分析','0','')
go
delete from LSGNZD where F_GNBH='SDHTJ90007'
go
insert into LSGNZD (F_GNBH,F_GNMC) values('SDHTJ90007','平均回款周期分析')
go
delete from LSGNZDEX where LSGNZDEX_GNBH='SDHTJ90007'
go
insert into LSGNZDEX(LSGNZDEX_GNBH,LSGNZDEX_URL,LSGNZDEX_XTYL,LSGNZDEX_LJBM,LSGNZDEX_DJLS,LSGNZDEX_HELPURL) values('SDHTJ90007','Genersoft_PS_Query/QueryByBH.aspx?QueryID=90007',' ',' ',' ',' ')
go
delete from TJCXCSDY where TJCXCSDY_BH=90007
go
insert into TJCXCSDY (TJCXCSDY_BH,TJCXCSDY_FLBH,TJCXCSDY_CSBH,TJCXCSDY_TITLE,TJCXCSDY_SFBT,TJCXCSDY_SFDX,TJCXCSDY_XH,TJCXCSDY_HELP,TJCXCSDY_BZBH,TJCXCSDY_TJ,TJCXCSDY_DEFAULT,TJCXCSDY_READONLY,TJCXCSDY_LIST,TJCXCSDY_DEPEND,TJCXCSDY_CHARTFILTER,TJCXCSDY_SQL) values(90007,'0002','00C','开始日期','0','0',10,' ',' ',' ',' ','0',' ',' ','0',' ')
go
insert into TJCXCSDY (TJCXCSDY_BH,TJCXCSDY_FLBH,TJCXCSDY_CSBH,TJCXCSDY_TITLE,TJCXCSDY_SFBT,TJCXCSDY_SFDX,TJCXCSDY_XH,TJCXCSDY_HELP,TJCXCSDY_BZBH,TJCXCSDY_TJ,TJCXCSDY_DEFAULT,TJCXCSDY_READONLY,TJCXCSDY_LIST,TJCXCSDY_DEPEND,TJCXCSDY_CHARTFILTER,TJCXCSDY_SQL) values(90007,'0003','00D','结束日期','0','0',15,' ',' ',' ',' ','0',' ',' ','0',' ')
go
insert into TJCXCSDY (TJCXCSDY_BH,TJCXCSDY_FLBH,TJCXCSDY_CSBH,TJCXCSDY_TITLE,TJCXCSDY_SFBT,TJCXCSDY_SFDX,TJCXCSDY_XH,TJCXCSDY_HELP,TJCXCSDY_BZBH,TJCXCSDY_TJ,TJCXCSDY_DEFAULT,TJCXCSDY_READONLY,TJCXCSDY_LIST,TJCXCSDY_DEPEND,TJCXCSDY_CHARTFILTER,TJCXCSDY_SQL) values(90007,'0004','C01','客户','0','0',20,'YXKHZD','YX1',' ',' ','0',' ',' ','0',' ')
go
insert into TJCXCSDY (TJCXCSDY_BH,TJCXCSDY_FLBH,TJCXCSDY_CSBH,TJCXCSDY_TITLE,TJCXCSDY_SFBT,TJCXCSDY_SFDX,TJCXCSDY_XH,TJCXCSDY_HELP,TJCXCSDY_BZBH,TJCXCSDY_TJ,TJCXCSDY_DEFAULT,TJCXCSDY_READONLY,TJCXCSDY_LIST,TJCXCSDY_DEPEND,TJCXCSDY_CHARTFILTER,TJCXCSDY_SQL) values(90007,'0005','C02','核算单位','0','0',25,'LSBZDW','YX01',' ',' ','0',' ',' ','0',' ')
go
insert into TJCXCSDY (TJCXCSDY_BH,TJCXCSDY_FLBH,TJCXCSDY_CSBH,TJCXCSDY_TITLE,TJCXCSDY_SFBT,TJCXCSDY_SFDX,TJCXCSDY_XH,TJCXCSDY_HELP,TJCXCSDY_BZBH,TJCXCSDY_TJ,TJCXCSDY_DEFAULT,TJCXCSDY_READONLY,TJCXCSDY_LIST,TJCXCSDY_DEPEND,TJCXCSDY_CHARTFILTER,TJCXCSDY_SQL) values(90007,'0006','C03','事业部','0','0',30,'YXDDYWLX','YX1',' ',' ','0',' ',' ','0',' ')
go
insert into TJCXCSDY (TJCXCSDY_BH,TJCXCSDY_FLBH,TJCXCSDY_CSBH,TJCXCSDY_TITLE,TJCXCSDY_SFBT,TJCXCSDY_SFDX,TJCXCSDY_XH,TJCXCSDY_HELP,TJCXCSDY_BZBH,TJCXCSDY_TJ,TJCXCSDY_DEFAULT,TJCXCSDY_READONLY,TJCXCSDY_LIST,TJCXCSDY_DEPEND,TJCXCSDY_CHARTFILTER,TJCXCSDY_SQL) values(90007,'0008','C05','部门','0','0',40,'YXBMZD','YX1',' ',' ','0',' ',' ','0',' ')
go
insert into TJCXCSDY (TJCXCSDY_BH,TJCXCSDY_FLBH,TJCXCSDY_CSBH,TJCXCSDY_TITLE,TJCXCSDY_SFBT,TJCXCSDY_SFDX,TJCXCSDY_XH,TJCXCSDY_HELP,TJCXCSDY_BZBH,TJCXCSDY_TJ,TJCXCSDY_DEFAULT,TJCXCSDY_READONLY,TJCXCSDY_LIST,TJCXCSDY_DEPEND,TJCXCSDY_CHARTFILTER,TJCXCSDY_SQL) values(90007,'0009','C06','操作人','1','0',45,' ',' ',' ','@USERID@','1',' ',' ','0',' ')
go
delete from TJCXXMDY where TJCXXMDY_CXBH=90007
go
insert into TJCXXMDY (TJCXXMDY_CXBH,TJCXXMDY_FLBH,TJCXXMDY_LH,TJCXXMDY_JSXH,TJCXXMDY_LK,TJCXXMDY_SPDQ,TJCXXMDY_JGLX,TJCXXMDY_XSGS,TJCXXMDY_SFZL,TJCXXMDY_CXZDM,TJCXXMDY_XJF,TJCXXMDY_BZ,TJCXXMDY_LYLX,TJCXXMDY_LYGS) values(90007,'312C9518-D14C-4115-98E8-2CF155DC1B30',10,10,2.2,'L','S',' ','Y','F_KH','N','Y','S',' ')
go
insert into TJCXXMDY (TJCXXMDY_CXBH,TJCXXMDY_FLBH,TJCXXMDY_LH,TJCXXMDY_JSXH,TJCXXMDY_LK,TJCXXMDY_SPDQ,TJCXXMDY_JGLX,TJCXXMDY_XSGS,TJCXXMDY_SFZL,TJCXXMDY_CXZDM,TJCXXMDY_XJF,TJCXXMDY_BZ,TJCXXMDY_LYLX,TJCXXMDY_LYGS) values(90007,'48C5DB7E-B4B4-4015-A2BE-A80C41FAF117',20,20,2,'L','S',' ','Y','F_HSDW','N','Y','S',' ')
go
insert into TJCXXMDY (TJCXXMDY_CXBH,TJCXXMDY_FLBH,TJCXXMDY_LH,TJCXXMDY_JSXH,TJCXXMDY_LK,TJCXXMDY_SPDQ,TJCXXMDY_JGLX,TJCXXMDY_XSGS,TJCXXMDY_SFZL,TJCXXMDY_CXZDM,TJCXXMDY_XJF,TJCXXMDY_BZ,TJCXXMDY_LYLX,TJCXXMDY_LYGS) values(90007,'45F0A45B-C5E9-4B3E-8B28-D6B89822C022',30,30,2,'L','S',' ','Y','F_JBR','N','Y','S',' ')
go
insert into TJCXXMDY (TJCXXMDY_CXBH,TJCXXMDY_FLBH,TJCXXMDY_LH,TJCXXMDY_JSXH,TJCXXMDY_LK,TJCXXMDY_SPDQ,TJCXXMDY_JGLX,TJCXXMDY_XSGS,TJCXXMDY_SFZL,TJCXXMDY_CXZDM,TJCXXMDY_XJF,TJCXXMDY_BZ,TJCXXMDY_LYLX,TJCXXMDY_LYGS) values(90007,'A3B12332-D82F-413B-9D9B-423E5B74BFE3',40,40,3.2,'L','S',' ','Y','F_QDLX','N','Y','S',' ')
go
insert into TJCXXMDY (TJCXXMDY_CXBH,TJCXXMDY_FLBH,TJCXXMDY_LH,TJCXXMDY_JSXH,TJCXXMDY_LK,TJCXXMDY_SPDQ,TJCXXMDY_JGLX,TJCXXMDY_XSGS,TJCXXMDY_SFZL,TJCXXMDY_CXZDM,TJCXXMDY_XJF,TJCXXMDY_BZ,TJCXXMDY_LYLX,TJCXXMDY_LYGS) values(90007,'AEB72411-08CF-4466-835E-D490C796A5B7',60,60,3,'L','S',' ','Y','F_BMNM','N','Y','S',' ')
go
insert into TJCXXMDY (TJCXXMDY_CXBH,TJCXXMDY_FLBH,TJCXXMDY_LH,TJCXXMDY_JSXH,TJCXXMDY_LK,TJCXXMDY_SPDQ,TJCXXMDY_JGLX,TJCXXMDY_XSGS,TJCXXMDY_SFZL,TJCXXMDY_CXZDM,TJCXXMDY_XJF,TJCXXMDY_BZ,TJCXXMDY_LYLX,TJCXXMDY_LYGS) values(90007,'A3D05495-E9B6-42D2-9F87-552987A8779E',70,70,4,'L','S',' ','Y','F_KSRQ','N','Y','S',' ')
go
insert into TJCXXMDY (TJCXXMDY_CXBH,TJCXXMDY_FLBH,TJCXXMDY_LH,TJCXXMDY_JSXH,TJCXXMDY_LK,TJCXXMDY_SPDQ,TJCXXMDY_JGLX,TJCXXMDY_XSGS,TJCXXMDY_SFZL,TJCXXMDY_CXZDM,TJCXXMDY_XJF,TJCXXMDY_BZ,TJCXXMDY_LYLX,TJCXXMDY_LYGS) values(90007,'28A5D26B-90EA-4D99-B13F-002D2607F910',72,72,4,'L','S',' ','Y','F_JSRQ','N','Y','S',' ')
go
insert into TJCXXMDY (TJCXXMDY_CXBH,TJCXXMDY_FLBH,TJCXXMDY_LH,TJCXXMDY_JSXH,TJCXXMDY_LK,TJCXXMDY_SPDQ,TJCXXMDY_JGLX,TJCXXMDY_XSGS,TJCXXMDY_SFZL,TJCXXMDY_CXZDM,TJCXXMDY_XJF,TJCXXMDY_BZ,TJCXXMDY_LYLX,TJCXXMDY_LYGS) values(90007,'9B79182C-ED5E-45ED-87DF-650FA802332C',74,74,4,'L','S',' ','Y','F_RJQK','N','Y','S',' ')
go
insert into TJCXXMDY (TJCXXMDY_CXBH,TJCXXMDY_FLBH,TJCXXMDY_LH,TJCXXMDY_JSXH,TJCXXMDY_LK,TJCXXMDY_SPDQ,TJCXXMDY_JGLX,TJCXXMDY_XSGS,TJCXXMDY_SFZL,TJCXXMDY_CXZDM,TJCXXMDY_XJF,TJCXXMDY_BZ,TJCXXMDY_LYLX,TJCXXMDY_LYGS) values(90007,'BC80E29D-6B48-43A1-91A4-B6A582E6474A',76,76,1,'L','S',' ','Y','F_RJHK','N','Y','S',' ')
go
insert into TJCXXMDY (TJCXXMDY_CXBH,TJCXXMDY_FLBH,TJCXXMDY_LH,TJCXXMDY_JSXH,TJCXXMDY_LK,TJCXXMDY_SPDQ,TJCXXMDY_JGLX,TJCXXMDY_XSGS,TJCXXMDY_SFZL,TJCXXMDY_CXZDM,TJCXXMDY_XJF,TJCXXMDY_BZ,TJCXXMDY_LYLX,TJCXXMDY_LYGS) values(90007,'EA5C4D32-933B-4112-99D7-1E5D9F5D0615',80,80,3,'R','S',' ','Y','F_SJHKZQ','N','Y','S',' ')
go
delete from TJCXXMBT where TJCXXMBT_CXBH=90007
go
insert into TJCXXMBT(TJCXXMBT_CXBH,TJCXXMBT_FLBH,TJCXXMBT_LH,TJCXXMBT_HH,TJCXXMBT_BTMC,TJCXXMBT_HBFX) values(90007,'21E2B893-FBB7-43BD-8514-63D8E94C5D86',10,1,'客户','D')
go
insert into TJCXXMBT(TJCXXMBT_CXBH,TJCXXMBT_FLBH,TJCXXMBT_LH,TJCXXMBT_HH,TJCXXMBT_BTMC,TJCXXMBT_HBFX) values(90007,'5B7587B7-4E7A-4094-B93E-10EDDB0BF92E',20,1,'核算单位','D')
go
insert into TJCXXMBT(TJCXXMBT_CXBH,TJCXXMBT_FLBH,TJCXXMBT_LH,TJCXXMBT_HH,TJCXXMBT_BTMC,TJCXXMBT_HBFX) values(90007,'50175EA9-0EEA-4B6C-9874-20DF7C9DE585',30,1,'经办人','D')
go
insert into TJCXXMBT(TJCXXMBT_CXBH,TJCXXMBT_FLBH,TJCXXMBT_LH,TJCXXMBT_HH,TJCXXMBT_BTMC,TJCXXMBT_HBFX) values(90007,'E5B229D4-2492-4605-A8E0-0D3228635D35',40,1,'渠道','D')
go
insert into TJCXXMBT(TJCXXMBT_CXBH,TJCXXMBT_FLBH,TJCXXMBT_LH,TJCXXMBT_HH,TJCXXMBT_BTMC,TJCXXMBT_HBFX) values(90007,'AF16F019-53E6-4BC3-9055-E9978EFC06D8',60,1,'办事处','D')
go
insert into TJCXXMBT(TJCXXMBT_CXBH,TJCXXMBT_FLBH,TJCXXMBT_LH,TJCXXMBT_HH,TJCXXMBT_BTMC,TJCXXMBT_HBFX) values(90007,'909A7003-5909-44F2-A529-0A06A04C4E39',70,1,'开始日期','D')
go
insert into TJCXXMBT(TJCXXMBT_CXBH,TJCXXMBT_FLBH,TJCXXMBT_LH,TJCXXMBT_HH,TJCXXMBT_BTMC,TJCXXMBT_HBFX) values(90007,'4EE32319-5010-4217-BD92-2042A2F792DD',72,1,'结束日期','N')
go
insert into TJCXXMBT(TJCXXMBT_CXBH,TJCXXMBT_FLBH,TJCXXMBT_LH,TJCXXMBT_HH,TJCXXMBT_BTMC,TJCXXMBT_HBFX) values(90007,'54736CC6-303C-4CF4-B757-C7AE974BE1F3',74,1,'日均欠款','D')
go
insert into TJCXXMBT(TJCXXMBT_CXBH,TJCXXMBT_FLBH,TJCXXMBT_LH,TJCXXMBT_HH,TJCXXMBT_BTMC,TJCXXMBT_HBFX) values(90007,'E4BF4AE4-4A32-4270-83FC-691020473CAA',76,1,'日均回款','D')
go
insert into TJCXXMBT(TJCXXMBT_CXBH,TJCXXMBT_FLBH,TJCXXMBT_LH,TJCXXMBT_HH,TJCXXMBT_BTMC,TJCXXMBT_HBFX) values(90007,'EAEDED44-0147-4C46-925D-A80BF9F8E1F7',80,1,'实际回款周期','R')
go
delete from KHTJJSGS where KHTJJSGS_GSBH='9000100001'
go
INSERT INTO KHTJJSGS(KHTJJSGS_GSBH,KHTJJSGS_MSXX,KHTJJSGS_DYLX,KHTJJSGS_GSLX,KHTJJSGS_LSLX,KHTJJSGS_JGLX,KHTJJSGS_JGCL,KHTJJSGS_FGC,KHTJJSGS_JSGS,KHTJJSGS_GSFL,KHTJJSGS_JSZ,KHTJJSGS_FZBH,KHTJJSGS_BZ,KHTJJSGS_ISNEW,KHTJJSGS_SQL,KHTJJSGS_SQL1,KHTJJSGS_SQL2,KHTJJSGS_SQL3,KHTJJSGS_SQL4,KHTJJSGS_SQL5,KHTJJSGS_SQL6,KHTJJSGS_SQL7,KHTJJSGS_SQL8,KHTJJSGS_SQL9,KHTJJSGS_SQL10,KHTJJSGS_SQL11,KHTJJSGS_SQL12,KHTJJSGS_SQL13,KHTJJSGS_SQL14,KHTJJSGS_SQL15,KHTJJSGS_SQL16,KHTJJSGS_LSBM1,KHTJJSGS_LSBM2,KHTJJSGS_CSLB,KHTJJSGS_CSLB1,KHTJJSGS_CSLB2,KHTJJSGS_MMGZ) values('9000100001','客户信息报表','U','T','0','D','C',' ','',' ','1','90001',' ','1','SP_SDB_KHXXBB_90001(@GSID=:GSID,@KH=:KH,@DQ=:DQ,@USERID=:USERID)',' ',' ',' ',' ',' ',' ',' ',' ',' ',' ',' ',' ',' ',' ',' ',' ','',' ','#GSID:C01#DQ:C02#KH:C03#USERID:C04#',' ',' ',' ')
go
delete from KHTJJSGSMX where KHTJJSGSMX_GSBH='9000100001'
go
insert into KHTJJSGSMX (KHTJJSGSMX_GSBH,KHTJJSGSMX_FLBH,KHTJJSGSMX_CSBH,KHTJJSGSMX_CS,KHTJJSGSMX_DEMO) values( '9000100001','9c34d07a-76eb-43f3-bd85-fb628ae2d8ed','C01','GSID','核算单位')
go
insert into KHTJJSGSMX (KHTJJSGSMX_GSBH,KHTJJSGSMX_FLBH,KHTJJSGSMX_CSBH,KHTJJSGSMX_CS,KHTJJSGSMX_DEMO) values( '9000100001','c11ae208-1a9f-4252-acd3-9ef49814fc45','C02','DQ','地区')
go
insert into KHTJJSGSMX (KHTJJSGSMX_GSBH,KHTJJSGSMX_FLBH,KHTJJSGSMX_CSBH,KHTJJSGSMX_CS,KHTJJSGSMX_DEMO) values( '9000100001','717f35ac-601a-4bc7-aff3-7306664daa3a','C03','KH','客户')
go
insert into KHTJJSGSMX (KHTJJSGSMX_GSBH,KHTJJSGSMX_FLBH,KHTJJSGSMX_CSBH,KHTJJSGSMX_CS,KHTJJSGSMX_DEMO) values( '9000100001','274e5bbf-0cfd-462d-92dd-f60014764553','C04','USERID',' ')
go
delete from KHTJJSGS where KHTJJSGS_GSBH='9000200001'
go
INSERT INTO KHTJJSGS(KHTJJSGS_GSBH,KHTJJSGS_MSXX,KHTJJSGS_DYLX,KHTJJSGS_GSLX,KHTJJSGS_LSLX,KHTJJSGS_JGLX,KHTJJSGS_JGCL,KHTJJSGS_FGC,KHTJJSGS_JSGS,KHTJJSGS_GSFL,KHTJJSGS_JSZ,KHTJJSGS_FZBH,KHTJJSGS_BZ,KHTJJSGS_ISNEW,KHTJJSGS_SQL,KHTJJSGS_SQL1,KHTJJSGS_SQL2,KHTJJSGS_SQL3,KHTJJSGS_SQL4,KHTJJSGS_SQL5,KHTJJSGS_SQL6,KHTJJSGS_SQL7,KHTJJSGS_SQL8,KHTJJSGS_SQL9,KHTJJSGS_SQL10,KHTJJSGS_SQL11,KHTJJSGS_SQL12,KHTJJSGS_SQL13,KHTJJSGS_SQL14,KHTJJSGS_SQL15,KHTJJSGS_SQL16,KHTJJSGS_LSBM1,KHTJJSGS_LSBM2,KHTJJSGS_CSLB,KHTJJSGS_CSLB1,KHTJJSGS_CSLB2,KHTJJSGS_MMGZ) values('9000200001','账龄分析销售部','U','T','0','D','C',' ','',' ','1','90002',' ','1','SP_SDB_ZLFX_90002(@GSID=:GSID,@BMNM=:BMNM,@QDLX=:QDLX,@KHNM=:KHNM,@SFQD=:SFQD,@SFKH=:SFKH,@USERID=:USERID)',' ',' ',' ',' ',' ',' ',' ',' ',' ',' ',' ',' ',' ',' ',' ',' ','',' ','#GSID:C01#BMNM:C02#QDLX:C03#KHNM:C04#SFQD:C07#SFKH:C08#USERID:C11#',' ',' ',' ')
go
delete from KHTJJSGSMX where KHTJJSGSMX_GSBH='9000200001'
go
insert into KHTJJSGSMX (KHTJJSGSMX_GSBH,KHTJJSGSMX_FLBH,KHTJJSGSMX_CSBH,KHTJJSGSMX_CS,KHTJJSGSMX_DEMO) values( '9000200001','5ed22041-30a5-415c-b0fd-ad7ff91c21ba','C01','GSID','核算单位')
go
insert into KHTJJSGSMX (KHTJJSGSMX_GSBH,KHTJJSGSMX_FLBH,KHTJJSGSMX_CSBH,KHTJJSGSMX_CS,KHTJJSGSMX_DEMO) values( '9000200001','7a4402d8-7921-4ffd-976a-b304815fc8fe','C02','BMNM','办事处')
go
insert into KHTJJSGSMX (KHTJJSGSMX_GSBH,KHTJJSGSMX_FLBH,KHTJJSGSMX_CSBH,KHTJJSGSMX_CS,KHTJJSGSMX_DEMO) values( '9000200001','70d16a32-6cd8-4eaf-bb69-59dfe90e0a0a','C03','QDLX','渠道')
go
insert into KHTJJSGSMX (KHTJJSGSMX_GSBH,KHTJJSGSMX_FLBH,KHTJJSGSMX_CSBH,KHTJJSGSMX_CS,KHTJJSGSMX_DEMO) values( '9000200001','09c79086-99d5-4612-98c2-62c00b257954','C04','KHNM','客户')
go
insert into KHTJJSGSMX (KHTJJSGSMX_GSBH,KHTJJSGSMX_FLBH,KHTJJSGSMX_CSBH,KHTJJSGSMX_CS,KHTJJSGSMX_DEMO) values( '9000200001','254e3ff7-599a-4aa6-a5f3-a0ec1eb3e4e2','C07','SFQD','是否显示渠道')
go
insert into KHTJJSGSMX (KHTJJSGSMX_GSBH,KHTJJSGSMX_FLBH,KHTJJSGSMX_CSBH,KHTJJSGSMX_CS,KHTJJSGSMX_DEMO) values( '9000200001','8f68e63f-5b5f-486a-ae3d-7390176ecc39','C08','SFKH','是否显示客户')
go
insert into KHTJJSGSMX (KHTJJSGSMX_GSBH,KHTJJSGSMX_FLBH,KHTJJSGSMX_CSBH,KHTJJSGSMX_CS,KHTJJSGSMX_DEMO) values( '9000200001','5ec1dea0-03f5-4c77-812a-b8cee2af920b','C11','USERID','操作用户')
go
delete from KHTJJSGS where KHTJJSGS_GSBH='9000500001'
go
INSERT INTO KHTJJSGS(KHTJJSGS_GSBH,KHTJJSGS_MSXX,KHTJJSGS_DYLX,KHTJJSGS_GSLX,KHTJJSGS_LSLX,KHTJJSGS_JGLX,KHTJJSGS_JGCL,KHTJJSGS_FGC,KHTJJSGS_JSGS,KHTJJSGS_GSFL,KHTJJSGS_JSZ,KHTJJSGS_FZBH,KHTJJSGS_BZ,KHTJJSGS_ISNEW,KHTJJSGS_SQL,KHTJJSGS_SQL1,KHTJJSGS_SQL2,KHTJJSGS_SQL3,KHTJJSGS_SQL4,KHTJJSGS_SQL5,KHTJJSGS_SQL6,KHTJJSGS_SQL7,KHTJJSGS_SQL8,KHTJJSGS_SQL9,KHTJJSGS_SQL10,KHTJJSGS_SQL11,KHTJJSGS_SQL12,KHTJJSGS_SQL13,KHTJJSGS_SQL14,KHTJJSGS_SQL15,KHTJJSGS_SQL16,KHTJJSGS_LSBM1,KHTJJSGS_LSBM2,KHTJJSGS_CSLB,KHTJJSGS_CSLB1,KHTJJSGS_CSLB2,KHTJJSGS_MMGZ) values('9000500001','账龄分析（商务）','U','T','0','D','C',' ','',' ','1','90005',' ','1','SP_SDB_ZLFX_90005(@NY=:NY,@GSID=:GSID,@QDLX=:QDLX,@BMNM=:BMNM,@KHNM=:KHNM,@USERID=:USERID)',' ',' ',' ',' ',' ',' ',' ',' ',' ',' ',' ',' ',' ',' ',' ',' ','',' ','#NY:008#QDLX:C03#GSID:C01#BMNM:C05#KHNM:C02#USERID:C04#',' ',' ',' ')
go
delete from KHTJJSGSMX where KHTJJSGSMX_GSBH='9000500001'
go
insert into KHTJJSGSMX (KHTJJSGSMX_GSBH,KHTJJSGSMX_FLBH,KHTJJSGSMX_CSBH,KHTJJSGSMX_CS,KHTJJSGSMX_DEMO) values( '9000500001','02972f72-160f-4bbb-925a-d44b641f037e','008','NY','查询年月')
go
insert into KHTJJSGSMX (KHTJJSGSMX_GSBH,KHTJJSGSMX_FLBH,KHTJJSGSMX_CSBH,KHTJJSGSMX_CS,KHTJJSGSMX_DEMO) values( '9000500001','bc6187c3-429d-4641-87b6-ab1bfc684988','C03','QDLX','事业部')
go
insert into KHTJJSGSMX (KHTJJSGSMX_GSBH,KHTJJSGSMX_FLBH,KHTJJSGSMX_CSBH,KHTJJSGSMX_CS,KHTJJSGSMX_DEMO) values( '9000500001','1403540d-3181-47db-84a8-58d8ad17f1b7','C01','GSID','核算单位')
go
insert into KHTJJSGSMX (KHTJJSGSMX_GSBH,KHTJJSGSMX_FLBH,KHTJJSGSMX_CSBH,KHTJJSGSMX_CS,KHTJJSGSMX_DEMO) values( '9000500001','cfcd778e-9138-4e28-bec6-fc428131af0b','C05','BMNM','部门')
go
insert into KHTJJSGSMX (KHTJJSGSMX_GSBH,KHTJJSGSMX_FLBH,KHTJJSGSMX_CSBH,KHTJJSGSMX_CS,KHTJJSGSMX_DEMO) values( '9000500001','16f38f50-1e08-4dd1-b786-2aaef2553a65','C02','KHNM','客户名称')
go
insert into KHTJJSGSMX (KHTJJSGSMX_GSBH,KHTJJSGSMX_FLBH,KHTJJSGSMX_CSBH,KHTJJSGSMX_CS,KHTJJSGSMX_DEMO) values( '9000500001','9b51ab21-aa1b-4fb4-bd47-000a4fcc5eec','C04','USERID','用户')
go
delete from KHTJJSGS where KHTJJSGS_GSBH='9000600001'
go
INSERT INTO KHTJJSGS(KHTJJSGS_GSBH,KHTJJSGS_MSXX,KHTJJSGS_DYLX,KHTJJSGS_GSLX,KHTJJSGS_LSLX,KHTJJSGS_JGLX,KHTJJSGS_JGCL,KHTJJSGS_FGC,KHTJJSGS_JSGS,KHTJJSGS_GSFL,KHTJJSGS_JSZ,KHTJJSGS_FZBH,KHTJJSGS_BZ,KHTJJSGS_ISNEW,KHTJJSGS_SQL,KHTJJSGS_SQL1,KHTJJSGS_SQL2,KHTJJSGS_SQL3,KHTJJSGS_SQL4,KHTJJSGS_SQL5,KHTJJSGS_SQL6,KHTJJSGS_SQL7,KHTJJSGS_SQL8,KHTJJSGS_SQL9,KHTJJSGS_SQL10,KHTJJSGS_SQL11,KHTJJSGS_SQL12,KHTJJSGS_SQL13,KHTJJSGS_SQL14,KHTJJSGS_SQL15,KHTJJSGS_SQL16,KHTJJSGS_LSBM1,KHTJJSGS_LSBM2,KHTJJSGS_CSLB,KHTJJSGS_CSLB1,KHTJJSGS_CSLB2,KHTJJSGS_MMGZ) values('9000600001','发货回款趋势分析','U','T','0','D','C',' ','',' ','1','90006',' ','1','SP_SDB_FHHKQSFX_90006_NEW(@KSNY=:KSNY,@JSNY=:JSNY,@GSID=:GSID,@QDLX=:QDLX,@BMNM=:BMNM,@KHNM=:KHNM,@SFGSID=:SFGSID,@SFQDLX=:SFQDLX,@SFBMNM=:SFBMNM,@SFKH=:SFKH,@USERID=:USERID)',' ',' ',' ',' ',' ',' ',' ',' ',' ',' ',' ',' ',' ',' ',' ',' ','',' ','#GSID:C01#QDLX:C02#BMNM:C04#KHNM:C05#SFGSID:C06#SFQDLX:C07#SFBMNM:C09#SFKH:C10#USERID:C11#KSNY:006#JSNY:007#',' ',' ',' ')
go
delete from KHTJJSGSMX where KHTJJSGSMX_GSBH='9000600001'
go
insert into KHTJJSGSMX (KHTJJSGSMX_GSBH,KHTJJSGSMX_FLBH,KHTJJSGSMX_CSBH,KHTJJSGSMX_CS,KHTJJSGSMX_DEMO) values( '9000600001','e079ea02-6bf7-4948-9fa0-cd534d0abd8f','C01','GSID','核算单位')
go
insert into KHTJJSGSMX (KHTJJSGSMX_GSBH,KHTJJSGSMX_FLBH,KHTJJSGSMX_CSBH,KHTJJSGSMX_CS,KHTJJSGSMX_DEMO) values( '9000600001','d84caaa1-6bf0-49ba-be1f-59c9b175409a','C02','QDLX','渠道类型')
go
insert into KHTJJSGSMX (KHTJJSGSMX_GSBH,KHTJJSGSMX_FLBH,KHTJJSGSMX_CSBH,KHTJJSGSMX_CS,KHTJJSGSMX_DEMO) values( '9000600001','438821db-6aea-462b-8d47-2c619534e16d','C04','BMNM','部门内码')
go
insert into KHTJJSGSMX (KHTJJSGSMX_GSBH,KHTJJSGSMX_FLBH,KHTJJSGSMX_CSBH,KHTJJSGSMX_CS,KHTJJSGSMX_DEMO) values( '9000600001','33c5aa38-d8b7-4d30-8e0e-3df616e7e6c8','C05','KHNM','客户')
go
insert into KHTJJSGSMX (KHTJJSGSMX_GSBH,KHTJJSGSMX_FLBH,KHTJJSGSMX_CSBH,KHTJJSGSMX_CS,KHTJJSGSMX_DEMO) values( '9000600001','3f7341f0-0085-42b6-9736-15df90abfd2a','C06','SFGSID','是否显示核算单位')
go
insert into KHTJJSGSMX (KHTJJSGSMX_GSBH,KHTJJSGSMX_FLBH,KHTJJSGSMX_CSBH,KHTJJSGSMX_CS,KHTJJSGSMX_DEMO) values( '9000600001','ac5490e4-4f48-4883-9002-c2b186d7c070','C07','SFQDLX','是否显示渠道类型')
go
insert into KHTJJSGSMX (KHTJJSGSMX_GSBH,KHTJJSGSMX_FLBH,KHTJJSGSMX_CSBH,KHTJJSGSMX_CS,KHTJJSGSMX_DEMO) values( '9000600001','6b1ce20c-c256-4803-b083-9ad6e88dd4b3','C09','SFBMNM','是否显示办事处')
go
insert into KHTJJSGSMX (KHTJJSGSMX_GSBH,KHTJJSGSMX_FLBH,KHTJJSGSMX_CSBH,KHTJJSGSMX_CS,KHTJJSGSMX_DEMO) values( '9000600001','81105103-e11b-43b5-987f-937e0761de40','C10','SFKH','是否显示客户')
go
insert into KHTJJSGSMX (KHTJJSGSMX_GSBH,KHTJJSGSMX_FLBH,KHTJJSGSMX_CSBH,KHTJJSGSMX_CS,KHTJJSGSMX_DEMO) values( '9000600001','15e0d366-f4a4-49c7-a288-d4a90d0455d2','C11','USERID','操作用户')
go
insert into KHTJJSGSMX (KHTJJSGSMX_GSBH,KHTJJSGSMX_FLBH,KHTJJSGSMX_CSBH,KHTJJSGSMX_CS,KHTJJSGSMX_DEMO) values( '9000600001','81532275-32ca-4a29-82ca-a786276a63dd','006','KSNY','开始年月')
go
insert into KHTJJSGSMX (KHTJJSGSMX_GSBH,KHTJJSGSMX_FLBH,KHTJJSGSMX_CSBH,KHTJJSGSMX_CS,KHTJJSGSMX_DEMO) values( '9000600001','463f926a-523e-47b1-9bfe-db73fb985136','007','JSNY','结束年月')
go
delete from KHTJJSGS where KHTJJSGS_GSBH='9000700001'
go
INSERT INTO KHTJJSGS(KHTJJSGS_GSBH,KHTJJSGS_MSXX,KHTJJSGS_DYLX,KHTJJSGS_GSLX,KHTJJSGS_LSLX,KHTJJSGS_JGLX,KHTJJSGS_JGCL,KHTJJSGS_FGC,KHTJJSGS_JSGS,KHTJJSGS_GSFL,KHTJJSGS_JSZ,KHTJJSGS_FZBH,KHTJJSGS_BZ,KHTJJSGS_ISNEW,KHTJJSGS_SQL,KHTJJSGS_SQL1,KHTJJSGS_SQL2,KHTJJSGS_SQL3,KHTJJSGS_SQL4,KHTJJSGS_SQL5,KHTJJSGS_SQL6,KHTJJSGS_SQL7,KHTJJSGS_SQL8,KHTJJSGS_SQL9,KHTJJSGS_SQL10,KHTJJSGS_SQL11,KHTJJSGS_SQL12,KHTJJSGS_SQL13,KHTJJSGS_SQL14,KHTJJSGS_SQL15,KHTJJSGS_SQL16,KHTJJSGS_LSBM1,KHTJJSGS_LSBM2,KHTJJSGS_CSLB,KHTJJSGS_CSLB1,KHTJJSGS_CSLB2,KHTJJSGS_MMGZ) values('9000700001','平均回款周期分析','U','T','0','D','C',' ','',' ','1','90007',' ','1','SP_SDB_PJHKZQ_90007(@KSRQ=:KSRQ,@JSRQ=:JSRQ,@KHNM=:KHNM,@GSID=:GSID,@QDLX=:QDLX,@BMNM=:BMNM,@USERID=:USERID)',' ',' ',' ',' ',' ',' ',' ',' ',' ',' ',' ',' ',' ',' ',' ',' ','',' ','#KSRQ:00C#JSRQ:00D#KHNM:C01#GSID:C02#QDLX:C03#BMNM:C05#USERID:C06#',' ',' ',' ')
go
delete from KHTJJSGSMX where KHTJJSGSMX_GSBH='9000700001'
go
insert into KHTJJSGSMX (KHTJJSGSMX_GSBH,KHTJJSGSMX_FLBH,KHTJJSGSMX_CSBH,KHTJJSGSMX_CS,KHTJJSGSMX_DEMO) values( '9000700001','537d7e17-ecd8-4721-987a-8aea4debc4a3','00C','KSRQ','开始日期')
go
insert into KHTJJSGSMX (KHTJJSGSMX_GSBH,KHTJJSGSMX_FLBH,KHTJJSGSMX_CSBH,KHTJJSGSMX_CS,KHTJJSGSMX_DEMO) values( '9000700001','b79cae26-28d8-4431-8d7a-652b4717a25a','00D','JSRQ','结束日期')
go
insert into KHTJJSGSMX (KHTJJSGSMX_GSBH,KHTJJSGSMX_FLBH,KHTJJSGSMX_CSBH,KHTJJSGSMX_CS,KHTJJSGSMX_DEMO) values( '9000700001','b0310c34-b0dc-4e35-96ed-d1bba5dd8f38','C01','KHNM','客户')
go
insert into KHTJJSGSMX (KHTJJSGSMX_GSBH,KHTJJSGSMX_FLBH,KHTJJSGSMX_CSBH,KHTJJSGSMX_CS,KHTJJSGSMX_DEMO) values( '9000700001','2c08d007-041e-4f92-b285-f765c23e79ef','C02','GSID','核算单位')
go
insert into KHTJJSGSMX (KHTJJSGSMX_GSBH,KHTJJSGSMX_FLBH,KHTJJSGSMX_CSBH,KHTJJSGSMX_CS,KHTJJSGSMX_DEMO) values( '9000700001','ac1a6717-08ca-42a2-b8ea-9058f2e2e3d8','C03','QDLX','事业部')
go
insert into KHTJJSGSMX (KHTJJSGSMX_GSBH,KHTJJSGSMX_FLBH,KHTJJSGSMX_CSBH,KHTJJSGSMX_CS,KHTJJSGSMX_DEMO) values( '9000700001','43125f6b-5854-497f-929c-ab31df5f66f3','C05','BMNM','部门编号')
go
insert into KHTJJSGSMX (KHTJJSGSMX_GSBH,KHTJJSGSMX_FLBH,KHTJJSGSMX_CSBH,KHTJJSGSMX_CS,KHTJJSGSMX_DEMO) values( '9000700001','a7b63ffb-6c9c-4ade-a435-f71e5b2ef1a2','C06','USERID','操作用户')
go
/*90008统计定义 */
/*GenerSoft 2002-2018*/
/*20191221 18:28:19*/
delete from TJCXDY where TJCXDY_BH=90008
go
insert into TJCXDY (TJCXDY_BH,TJCXDY_MC,TJCXDY_FZBH,TJCXDY_ZLBM,TJCXDY_SJHHG,TJCXDY_HBTLS,TJCXDY_LBTHG,TJCXDY_LBTHS,TJCXDY_JGZZ,TJCXDY_TBBZ,TJCXDY_ZLSQLFS,TJCXDY_URL,TJCXDY_DYLX,TJCXDY_GNBH,TJCXDY_GNMC,TJCXDY_YJBZ,TJCXDY_BZ ) values (90008,'渠道成本分析','90008','9000800001',1,1,1,1,'N','0','L','','U','SDHTJ90008','渠道成本分析','0','')
go
delete from LSGNZD where F_GNBH='SDHTJ90008'
go
insert into LSGNZD (F_GNBH,F_GNMC) values('SDHTJ90008','渠道成本分析')
go
delete from LSGNZDEX where LSGNZDEX_GNBH='SDHTJ90008'
go
insert into LSGNZDEX(LSGNZDEX_GNBH,LSGNZDEX_URL,LSGNZDEX_XTYL,LSGNZDEX_LJBM,LSGNZDEX_DJLS,LSGNZDEX_HELPURL) values('SDHTJ90008','Genersoft_PS_Query/QueryByBH.aspx?QueryID=90008',' ',' ',' ',' ')
go
delete from TJCXCSDY where TJCXCSDY_BH=90008
go
insert into TJCXCSDY (TJCXCSDY_BH,TJCXCSDY_FLBH,TJCXCSDY_CSBH,TJCXCSDY_TITLE,TJCXCSDY_SFBT,TJCXCSDY_SFDX,TJCXCSDY_XH,TJCXCSDY_HELP,TJCXCSDY_BZBH,TJCXCSDY_TJ,TJCXCSDY_DEFAULT,TJCXCSDY_READONLY,TJCXCSDY_LIST,TJCXCSDY_DEPEND,TJCXCSDY_CHARTFILTER,TJCXCSDY_SQL) values(90008,'8B6BDA90-85EE-4459-A7C2-89539DA4FBB3','00C','开始日期','0','0',10,' ',' ',' ',' ','0',' ',' ','0',' ')
go
insert into TJCXCSDY (TJCXCSDY_BH,TJCXCSDY_FLBH,TJCXCSDY_CSBH,TJCXCSDY_TITLE,TJCXCSDY_SFBT,TJCXCSDY_SFDX,TJCXCSDY_XH,TJCXCSDY_HELP,TJCXCSDY_BZBH,TJCXCSDY_TJ,TJCXCSDY_DEFAULT,TJCXCSDY_READONLY,TJCXCSDY_LIST,TJCXCSDY_DEPEND,TJCXCSDY_CHARTFILTER,TJCXCSDY_SQL) values(90008,'E37E253C-2C45-4B1F-A88F-AFDF49FE1D1E','00D','结束日期','0','0',15,' ',' ',' ',' ','0',' ',' ','0',' ')
go
insert into TJCXCSDY (TJCXCSDY_BH,TJCXCSDY_FLBH,TJCXCSDY_CSBH,TJCXCSDY_TITLE,TJCXCSDY_SFBT,TJCXCSDY_SFDX,TJCXCSDY_XH,TJCXCSDY_HELP,TJCXCSDY_BZBH,TJCXCSDY_TJ,TJCXCSDY_DEFAULT,TJCXCSDY_READONLY,TJCXCSDY_LIST,TJCXCSDY_DEPEND,TJCXCSDY_CHARTFILTER,TJCXCSDY_SQL) values(90008,'6E1185A5-39DA-446E-BE38-26601F046557','C01','客户','0','0',20,' ',' ',' ',' ','0',' ',' ','0',' ')
go
insert into TJCXCSDY (TJCXCSDY_BH,TJCXCSDY_FLBH,TJCXCSDY_CSBH,TJCXCSDY_TITLE,TJCXCSDY_SFBT,TJCXCSDY_SFDX,TJCXCSDY_XH,TJCXCSDY_HELP,TJCXCSDY_BZBH,TJCXCSDY_TJ,TJCXCSDY_DEFAULT,TJCXCSDY_READONLY,TJCXCSDY_LIST,TJCXCSDY_DEPEND,TJCXCSDY_CHARTFILTER,TJCXCSDY_SQL) values(90008,'BE25FE35-6267-4BEC-847C-6A255C30D683','C02','核算单位','0','0',25,'LSBZDW','YX01',' ',' ','0',' ',' ','0',' ')
go
insert into TJCXCSDY (TJCXCSDY_BH,TJCXCSDY_FLBH,TJCXCSDY_CSBH,TJCXCSDY_TITLE,TJCXCSDY_SFBT,TJCXCSDY_SFDX,TJCXCSDY_XH,TJCXCSDY_HELP,TJCXCSDY_BZBH,TJCXCSDY_TJ,TJCXCSDY_DEFAULT,TJCXCSDY_READONLY,TJCXCSDY_LIST,TJCXCSDY_DEPEND,TJCXCSDY_CHARTFILTER,TJCXCSDY_SQL) values(90008,'45B37D51-5A15-463C-9A2D-59F4FC06F6F3','C03','事业部','0','0',30,' ',' ',' ',' ','0',' ',' ','0',' ')
go
insert into TJCXCSDY (TJCXCSDY_BH,TJCXCSDY_FLBH,TJCXCSDY_CSBH,TJCXCSDY_TITLE,TJCXCSDY_SFBT,TJCXCSDY_SFDX,TJCXCSDY_XH,TJCXCSDY_HELP,TJCXCSDY_BZBH,TJCXCSDY_TJ,TJCXCSDY_DEFAULT,TJCXCSDY_READONLY,TJCXCSDY_LIST,TJCXCSDY_DEPEND,TJCXCSDY_CHARTFILTER,TJCXCSDY_SQL) values(90008,'7E957A07-A804-4F78-B226-C60916020F3B','C04','大区','0','0',35,' ',' ',' ',' ','0',' ',' ','0',' ')
go
insert into TJCXCSDY (TJCXCSDY_BH,TJCXCSDY_FLBH,TJCXCSDY_CSBH,TJCXCSDY_TITLE,TJCXCSDY_SFBT,TJCXCSDY_SFDX,TJCXCSDY_XH,TJCXCSDY_HELP,TJCXCSDY_BZBH,TJCXCSDY_TJ,TJCXCSDY_DEFAULT,TJCXCSDY_READONLY,TJCXCSDY_LIST,TJCXCSDY_DEPEND,TJCXCSDY_CHARTFILTER,TJCXCSDY_SQL) values(90008,'39A939B0-A810-4029-92E2-50A132A9F187','C05','部门','0','0',40,' ',' ',' ',' ','0',' ',' ','0',' ')
go
insert into TJCXCSDY (TJCXCSDY_BH,TJCXCSDY_FLBH,TJCXCSDY_CSBH,TJCXCSDY_TITLE,TJCXCSDY_SFBT,TJCXCSDY_SFDX,TJCXCSDY_XH,TJCXCSDY_HELP,TJCXCSDY_BZBH,TJCXCSDY_TJ,TJCXCSDY_DEFAULT,TJCXCSDY_READONLY,TJCXCSDY_LIST,TJCXCSDY_DEPEND,TJCXCSDY_CHARTFILTER,TJCXCSDY_SQL) values(90008,'EF7CD46B-CFF6-494F-B068-8C2F01771146','C06','操作人','0','0',45,' ',' ',' ',' ','0',' ',' ','0',' ')
go
delete from TJCXXMDY where TJCXXMDY_CXBH=90008
go
insert into TJCXXMDY (TJCXXMDY_CXBH,TJCXXMDY_FLBH,TJCXXMDY_LH,TJCXXMDY_JSXH,TJCXXMDY_LK,TJCXXMDY_SPDQ,TJCXXMDY_JGLX,TJCXXMDY_XSGS,TJCXXMDY_SFZL,TJCXXMDY_CXZDM,TJCXXMDY_XJF,TJCXXMDY_BZ,TJCXXMDY_LYLX,TJCXXMDY_LYGS) values(90008,'0026',350,350,4,'L','S',' ','Y','F_GWJE10','N',' ','S',' ')
go
insert into TJCXXMDY (TJCXXMDY_CXBH,TJCXXMDY_FLBH,TJCXXMDY_LH,TJCXXMDY_JSXH,TJCXXMDY_LK,TJCXXMDY_SPDQ,TJCXXMDY_JGLX,TJCXXMDY_XSGS,TJCXXMDY_SFZL,TJCXXMDY_CXZDM,TJCXXMDY_XJF,TJCXXMDY_BZ,TJCXXMDY_LYLX,TJCXXMDY_LYGS) values(90008,'0027',360,360,4,'L','S',' ','Y','F_QDCB10','N',' ','S',' ')
go
insert into TJCXXMDY (TJCXXMDY_CXBH,TJCXXMDY_FLBH,TJCXXMDY_LH,TJCXXMDY_JSXH,TJCXXMDY_LK,TJCXXMDY_SPDQ,TJCXXMDY_JGLX,TJCXXMDY_XSGS,TJCXXMDY_SFZL,TJCXXMDY_CXZDM,TJCXXMDY_XJF,TJCXXMDY_BZ,TJCXXMDY_LYLX,TJCXXMDY_LYGS) values(90008,'0028',370,370,4,'L','S',' ','Y','F_YDJE11','N',' ','S',' ')
go
insert into TJCXXMDY (TJCXXMDY_CXBH,TJCXXMDY_FLBH,TJCXXMDY_LH,TJCXXMDY_JSXH,TJCXXMDY_LK,TJCXXMDY_SPDQ,TJCXXMDY_JGLX,TJCXXMDY_XSGS,TJCXXMDY_SFZL,TJCXXMDY_CXZDM,TJCXXMDY_XJF,TJCXXMDY_BZ,TJCXXMDY_LYLX,TJCXXMDY_LYGS) values(90008,'0029',380,380,4,'L','S',' ','Y','F_GWJE11','N',' ','S',' ')
go
insert into TJCXXMDY (TJCXXMDY_CXBH,TJCXXMDY_FLBH,TJCXXMDY_LH,TJCXXMDY_JSXH,TJCXXMDY_LK,TJCXXMDY_SPDQ,TJCXXMDY_JGLX,TJCXXMDY_XSGS,TJCXXMDY_SFZL,TJCXXMDY_CXZDM,TJCXXMDY_XJF,TJCXXMDY_BZ,TJCXXMDY_LYLX,TJCXXMDY_LYGS) values(90008,'0030',390,390,4,'L','S',' ','Y','F_QDCB11','N',' ','S',' ')
go
insert into TJCXXMDY (TJCXXMDY_CXBH,TJCXXMDY_FLBH,TJCXXMDY_LH,TJCXXMDY_JSXH,TJCXXMDY_LK,TJCXXMDY_SPDQ,TJCXXMDY_JGLX,TJCXXMDY_XSGS,TJCXXMDY_SFZL,TJCXXMDY_CXZDM,TJCXXMDY_XJF,TJCXXMDY_BZ,TJCXXMDY_LYLX,TJCXXMDY_LYGS) values(90008,'0031',400,400,4,'L','S',' ','Y','F_YDJE12','N',' ','S',' ')
go
insert into TJCXXMDY (TJCXXMDY_CXBH,TJCXXMDY_FLBH,TJCXXMDY_LH,TJCXXMDY_JSXH,TJCXXMDY_LK,TJCXXMDY_SPDQ,TJCXXMDY_JGLX,TJCXXMDY_XSGS,TJCXXMDY_SFZL,TJCXXMDY_CXZDM,TJCXXMDY_XJF,TJCXXMDY_BZ,TJCXXMDY_LYLX,TJCXXMDY_LYGS) values(90008,'0032',410,410,4,'L','S',' ','Y','F_GWJE12','N',' ','S',' ')
go
insert into TJCXXMDY (TJCXXMDY_CXBH,TJCXXMDY_FLBH,TJCXXMDY_LH,TJCXXMDY_JSXH,TJCXXMDY_LK,TJCXXMDY_SPDQ,TJCXXMDY_JGLX,TJCXXMDY_XSGS,TJCXXMDY_SFZL,TJCXXMDY_CXZDM,TJCXXMDY_XJF,TJCXXMDY_BZ,TJCXXMDY_LYLX,TJCXXMDY_LYGS) values(90008,'0033',420,420,4,'L','S',' ','Y','F_QDCB12','N',' ','S',' ')
go
insert into TJCXXMDY (TJCXXMDY_CXBH,TJCXXMDY_FLBH,TJCXXMDY_LH,TJCXXMDY_JSXH,TJCXXMDY_LK,TJCXXMDY_SPDQ,TJCXXMDY_JGLX,TJCXXMDY_XSGS,TJCXXMDY_SFZL,TJCXXMDY_CXZDM,TJCXXMDY_XJF,TJCXXMDY_BZ,TJCXXMDY_LYLX,TJCXXMDY_LYGS) values(90008,'7E65216D-FB9A-43BE-A2DC-1810DEDB1748',10,10,2.2,'L','S',' ','Y','F_SYB','N','Y','S',' ')
go
insert into TJCXXMDY (TJCXXMDY_CXBH,TJCXXMDY_FLBH,TJCXXMDY_LH,TJCXXMDY_JSXH,TJCXXMDY_LK,TJCXXMDY_SPDQ,TJCXXMDY_JGLX,TJCXXMDY_XSGS,TJCXXMDY_SFZL,TJCXXMDY_CXZDM,TJCXXMDY_XJF,TJCXXMDY_BZ,TJCXXMDY_LYLX,TJCXXMDY_LYGS) values(90008,'0B5F0764-BC7D-40EB-BF63-9E1D398EB4AE',20,20,2,'L','S',' ','Y','F_DQ','N','Y','S',' ')
go
insert into TJCXXMDY (TJCXXMDY_CXBH,TJCXXMDY_FLBH,TJCXXMDY_LH,TJCXXMDY_JSXH,TJCXXMDY_LK,TJCXXMDY_SPDQ,TJCXXMDY_JGLX,TJCXXMDY_XSGS,TJCXXMDY_SFZL,TJCXXMDY_CXZDM,TJCXXMDY_XJF,TJCXXMDY_BZ,TJCXXMDY_LYLX,TJCXXMDY_LYGS) values(90008,'94BB185B-4C7A-42ED-944B-04A5B05C37E3',30,30,2,'L','S',' ','Y','F_BSC','N','Y','S',' ')
go
insert into TJCXXMDY (TJCXXMDY_CXBH,TJCXXMDY_FLBH,TJCXXMDY_LH,TJCXXMDY_JSXH,TJCXXMDY_LK,TJCXXMDY_SPDQ,TJCXXMDY_JGLX,TJCXXMDY_XSGS,TJCXXMDY_SFZL,TJCXXMDY_CXZDM,TJCXXMDY_XJF,TJCXXMDY_BZ,TJCXXMDY_LYLX,TJCXXMDY_LYGS) values(90008,'5C80AB24-A2C7-4E94-BBCE-7F3D1B2C9C23',40,40,3.2,'L','S',' ','Y','F_GSID','N','Y','S',' ')
go
insert into TJCXXMDY (TJCXXMDY_CXBH,TJCXXMDY_FLBH,TJCXXMDY_LH,TJCXXMDY_JSXH,TJCXXMDY_LK,TJCXXMDY_SPDQ,TJCXXMDY_JGLX,TJCXXMDY_XSGS,TJCXXMDY_SFZL,TJCXXMDY_CXZDM,TJCXXMDY_XJF,TJCXXMDY_BZ,TJCXXMDY_LYLX,TJCXXMDY_LYGS) values(90008,'E433AB18-37F0-4C01-B75E-1B531D342817',50,50,6,'L','S',' ','Y','F_KH','N','Y','S',' ')
go
insert into TJCXXMDY (TJCXXMDY_CXBH,TJCXXMDY_FLBH,TJCXXMDY_LH,TJCXXMDY_JSXH,TJCXXMDY_LK,TJCXXMDY_SPDQ,TJCXXMDY_JGLX,TJCXXMDY_XSGS,TJCXXMDY_SFZL,TJCXXMDY_CXZDM,TJCXXMDY_XJF,TJCXXMDY_BZ,TJCXXMDY_LYLX,TJCXXMDY_LYGS) values(90008,'F49FBEB2-C0CD-49AB-9845-0BAEBE945AC1',60,60,3,'L','S',' ','Y','F_FDWTR','N','Y','S',' ')
go
insert into TJCXXMDY (TJCXXMDY_CXBH,TJCXXMDY_FLBH,TJCXXMDY_LH,TJCXXMDY_JSXH,TJCXXMDY_LK,TJCXXMDY_SPDQ,TJCXXMDY_JGLX,TJCXXMDY_XSGS,TJCXXMDY_SFZL,TJCXXMDY_CXZDM,TJCXXMDY_XJF,TJCXXMDY_BZ,TJCXXMDY_LYLX,TJCXXMDY_LYGS) values(90008,'833CEB8B-46D5-4575-8231-53817BDA82EF',70,70,4,'L','S',' ','Y','F_SJWTR','N','Y','S',' ')
go
insert into TJCXXMDY (TJCXXMDY_CXBH,TJCXXMDY_FLBH,TJCXXMDY_LH,TJCXXMDY_JSXH,TJCXXMDY_LK,TJCXXMDY_SPDQ,TJCXXMDY_JGLX,TJCXXMDY_XSGS,TJCXXMDY_SFZL,TJCXXMDY_CXZDM,TJCXXMDY_XJF,TJCXXMDY_BZ,TJCXXMDY_LYLX,TJCXXMDY_LYGS) values(90008,'723E90F5-40C5-4F8C-9858-6EA41FDCFDCC',71,71,4,'L','S',' ','Y','F_NDJE','N','Y','S',' ')
go
insert into TJCXXMDY (TJCXXMDY_CXBH,TJCXXMDY_FLBH,TJCXXMDY_LH,TJCXXMDY_JSXH,TJCXXMDY_LK,TJCXXMDY_SPDQ,TJCXXMDY_JGLX,TJCXXMDY_XSGS,TJCXXMDY_SFZL,TJCXXMDY_CXZDM,TJCXXMDY_XJF,TJCXXMDY_BZ,TJCXXMDY_LYLX,TJCXXMDY_LYGS) values(90008,'EF27D5EA-F719-4C77-A042-FD1D4D9D7A93',72,72,4,'L','S',' ','Y','F_NDGWJE','N','Y','S',' ')
go
insert into TJCXXMDY (TJCXXMDY_CXBH,TJCXXMDY_FLBH,TJCXXMDY_LH,TJCXXMDY_JSXH,TJCXXMDY_LK,TJCXXMDY_SPDQ,TJCXXMDY_JGLX,TJCXXMDY_XSGS,TJCXXMDY_SFZL,TJCXXMDY_CXZDM,TJCXXMDY_XJF,TJCXXMDY_BZ,TJCXXMDY_LYLX,TJCXXMDY_LYGS) values(90008,'0E4E453C-9A4F-426B-9CDF-1A01DA3B9C25',74,74,1,'L','S',' ','Y','F_NDCB','N','Y','S',' ')
go
insert into TJCXXMDY (TJCXXMDY_CXBH,TJCXXMDY_FLBH,TJCXXMDY_LH,TJCXXMDY_JSXH,TJCXXMDY_LK,TJCXXMDY_SPDQ,TJCXXMDY_JGLX,TJCXXMDY_XSGS,TJCXXMDY_SFZL,TJCXXMDY_CXZDM,TJCXXMDY_XJF,TJCXXMDY_BZ,TJCXXMDY_LYLX,TJCXXMDY_LYGS) values(90008,'56B9CCDC-F36D-4DF9-B1BC-3E01A9D79BA6',76,76,3,'R','S',' ','Y','F_YDJE1','N','Y','S',' ')
go
insert into TJCXXMDY (TJCXXMDY_CXBH,TJCXXMDY_FLBH,TJCXXMDY_LH,TJCXXMDY_JSXH,TJCXXMDY_LK,TJCXXMDY_SPDQ,TJCXXMDY_JGLX,TJCXXMDY_XSGS,TJCXXMDY_SFZL,TJCXXMDY_CXZDM,TJCXXMDY_XJF,TJCXXMDY_BZ,TJCXXMDY_LYLX,TJCXXMDY_LYGS) values(90008,'D1651EB3-1659-470A-AC8B-DE373EB73B9B',80,80,3,'R','S',' ','Y','F_GWJE1','N','Y','S',' ')
go
insert into TJCXXMDY (TJCXXMDY_CXBH,TJCXXMDY_FLBH,TJCXXMDY_LH,TJCXXMDY_JSXH,TJCXXMDY_LK,TJCXXMDY_SPDQ,TJCXXMDY_JGLX,TJCXXMDY_XSGS,TJCXXMDY_SFZL,TJCXXMDY_CXZDM,TJCXXMDY_XJF,TJCXXMDY_BZ,TJCXXMDY_LYLX,TJCXXMDY_LYGS) values(90008,'F1330444-D477-46B6-B85C-CE61A9B83B8B',90,90,3,'R','S',' ','Y','F_QDCB1','N','Y','S',' ')
go
insert into TJCXXMDY (TJCXXMDY_CXBH,TJCXXMDY_FLBH,TJCXXMDY_LH,TJCXXMDY_JSXH,TJCXXMDY_LK,TJCXXMDY_SPDQ,TJCXXMDY_JGLX,TJCXXMDY_XSGS,TJCXXMDY_SFZL,TJCXXMDY_CXZDM,TJCXXMDY_XJF,TJCXXMDY_BZ,TJCXXMDY_LYLX,TJCXXMDY_LYGS) values(90008,'0001',100,100,4,'L','S',' ','Y','F_YDJE2','N',' ','S',' ')
go
insert into TJCXXMDY (TJCXXMDY_CXBH,TJCXXMDY_FLBH,TJCXXMDY_LH,TJCXXMDY_JSXH,TJCXXMDY_LK,TJCXXMDY_SPDQ,TJCXXMDY_JGLX,TJCXXMDY_XSGS,TJCXXMDY_SFZL,TJCXXMDY_CXZDM,TJCXXMDY_XJF,TJCXXMDY_BZ,TJCXXMDY_LYLX,TJCXXMDY_LYGS) values(90008,'0002',110,110,4,'L','S',' ','Y','F_GWJE2','N',' ','S',' ')
go
insert into TJCXXMDY (TJCXXMDY_CXBH,TJCXXMDY_FLBH,TJCXXMDY_LH,TJCXXMDY_JSXH,TJCXXMDY_LK,TJCXXMDY_SPDQ,TJCXXMDY_JGLX,TJCXXMDY_XSGS,TJCXXMDY_SFZL,TJCXXMDY_CXZDM,TJCXXMDY_XJF,TJCXXMDY_BZ,TJCXXMDY_LYLX,TJCXXMDY_LYGS) values(90008,'0003',120,120,4,'L','S',' ','Y','F_QDCB2','N',' ','S',' ')
go
insert into TJCXXMDY (TJCXXMDY_CXBH,TJCXXMDY_FLBH,TJCXXMDY_LH,TJCXXMDY_JSXH,TJCXXMDY_LK,TJCXXMDY_SPDQ,TJCXXMDY_JGLX,TJCXXMDY_XSGS,TJCXXMDY_SFZL,TJCXXMDY_CXZDM,TJCXXMDY_XJF,TJCXXMDY_BZ,TJCXXMDY_LYLX,TJCXXMDY_LYGS) values(90008,'0004',130,130,4,'L','S',' ','Y','F_YDJE3','N',' ','S',' ')
go
insert into TJCXXMDY (TJCXXMDY_CXBH,TJCXXMDY_FLBH,TJCXXMDY_LH,TJCXXMDY_JSXH,TJCXXMDY_LK,TJCXXMDY_SPDQ,TJCXXMDY_JGLX,TJCXXMDY_XSGS,TJCXXMDY_SFZL,TJCXXMDY_CXZDM,TJCXXMDY_XJF,TJCXXMDY_BZ,TJCXXMDY_LYLX,TJCXXMDY_LYGS) values(90008,'0005',140,140,4,'L','S',' ','Y','F_GWJE3','N',' ','S',' ')
go
insert into TJCXXMDY (TJCXXMDY_CXBH,TJCXXMDY_FLBH,TJCXXMDY_LH,TJCXXMDY_JSXH,TJCXXMDY_LK,TJCXXMDY_SPDQ,TJCXXMDY_JGLX,TJCXXMDY_XSGS,TJCXXMDY_SFZL,TJCXXMDY_CXZDM,TJCXXMDY_XJF,TJCXXMDY_BZ,TJCXXMDY_LYLX,TJCXXMDY_LYGS) values(90008,'0006',150,150,4,'L','S',' ','Y','F_QDCB3','N',' ','S',' ')
go
insert into TJCXXMDY (TJCXXMDY_CXBH,TJCXXMDY_FLBH,TJCXXMDY_LH,TJCXXMDY_JSXH,TJCXXMDY_LK,TJCXXMDY_SPDQ,TJCXXMDY_JGLX,TJCXXMDY_XSGS,TJCXXMDY_SFZL,TJCXXMDY_CXZDM,TJCXXMDY_XJF,TJCXXMDY_BZ,TJCXXMDY_LYLX,TJCXXMDY_LYGS) values(90008,'0007',160,160,4,'L','S',' ','Y','F_YDJE4','N',' ','S',' ')
go
insert into TJCXXMDY (TJCXXMDY_CXBH,TJCXXMDY_FLBH,TJCXXMDY_LH,TJCXXMDY_JSXH,TJCXXMDY_LK,TJCXXMDY_SPDQ,TJCXXMDY_JGLX,TJCXXMDY_XSGS,TJCXXMDY_SFZL,TJCXXMDY_CXZDM,TJCXXMDY_XJF,TJCXXMDY_BZ,TJCXXMDY_LYLX,TJCXXMDY_LYGS) values(90008,'0008',170,170,4,'L','S',' ','Y','F_GWJE4','N',' ','S',' ')
go
insert into TJCXXMDY (TJCXXMDY_CXBH,TJCXXMDY_FLBH,TJCXXMDY_LH,TJCXXMDY_JSXH,TJCXXMDY_LK,TJCXXMDY_SPDQ,TJCXXMDY_JGLX,TJCXXMDY_XSGS,TJCXXMDY_SFZL,TJCXXMDY_CXZDM,TJCXXMDY_XJF,TJCXXMDY_BZ,TJCXXMDY_LYLX,TJCXXMDY_LYGS) values(90008,'0009',180,180,4,'L','S',' ','Y','F_QDCB4','N',' ','S',' ')
go
insert into TJCXXMDY (TJCXXMDY_CXBH,TJCXXMDY_FLBH,TJCXXMDY_LH,TJCXXMDY_JSXH,TJCXXMDY_LK,TJCXXMDY_SPDQ,TJCXXMDY_JGLX,TJCXXMDY_XSGS,TJCXXMDY_SFZL,TJCXXMDY_CXZDM,TJCXXMDY_XJF,TJCXXMDY_BZ,TJCXXMDY_LYLX,TJCXXMDY_LYGS) values(90008,'0010',190,190,4,'L','S',' ','Y','F_YDJE5','N',' ','S',' ')
go
insert into TJCXXMDY (TJCXXMDY_CXBH,TJCXXMDY_FLBH,TJCXXMDY_LH,TJCXXMDY_JSXH,TJCXXMDY_LK,TJCXXMDY_SPDQ,TJCXXMDY_JGLX,TJCXXMDY_XSGS,TJCXXMDY_SFZL,TJCXXMDY_CXZDM,TJCXXMDY_XJF,TJCXXMDY_BZ,TJCXXMDY_LYLX,TJCXXMDY_LYGS) values(90008,'0011',200,200,4,'L','S',' ','Y','F_GWJE5','N',' ','S',' ')
go
insert into TJCXXMDY (TJCXXMDY_CXBH,TJCXXMDY_FLBH,TJCXXMDY_LH,TJCXXMDY_JSXH,TJCXXMDY_LK,TJCXXMDY_SPDQ,TJCXXMDY_JGLX,TJCXXMDY_XSGS,TJCXXMDY_SFZL,TJCXXMDY_CXZDM,TJCXXMDY_XJF,TJCXXMDY_BZ,TJCXXMDY_LYLX,TJCXXMDY_LYGS) values(90008,'0012',210,210,4,'L','S',' ','Y','F_QDCB5','N',' ','S',' ')
go
insert into TJCXXMDY (TJCXXMDY_CXBH,TJCXXMDY_FLBH,TJCXXMDY_LH,TJCXXMDY_JSXH,TJCXXMDY_LK,TJCXXMDY_SPDQ,TJCXXMDY_JGLX,TJCXXMDY_XSGS,TJCXXMDY_SFZL,TJCXXMDY_CXZDM,TJCXXMDY_XJF,TJCXXMDY_BZ,TJCXXMDY_LYLX,TJCXXMDY_LYGS) values(90008,'0013',220,220,4,'L','S',' ','Y','F_YDJE6','N',' ','S',' ')
go
insert into TJCXXMDY (TJCXXMDY_CXBH,TJCXXMDY_FLBH,TJCXXMDY_LH,TJCXXMDY_JSXH,TJCXXMDY_LK,TJCXXMDY_SPDQ,TJCXXMDY_JGLX,TJCXXMDY_XSGS,TJCXXMDY_SFZL,TJCXXMDY_CXZDM,TJCXXMDY_XJF,TJCXXMDY_BZ,TJCXXMDY_LYLX,TJCXXMDY_LYGS) values(90008,'0014',230,230,4,'L','S',' ','Y','F_GWJE6','N',' ','S',' ')
go
insert into TJCXXMDY (TJCXXMDY_CXBH,TJCXXMDY_FLBH,TJCXXMDY_LH,TJCXXMDY_JSXH,TJCXXMDY_LK,TJCXXMDY_SPDQ,TJCXXMDY_JGLX,TJCXXMDY_XSGS,TJCXXMDY_SFZL,TJCXXMDY_CXZDM,TJCXXMDY_XJF,TJCXXMDY_BZ,TJCXXMDY_LYLX,TJCXXMDY_LYGS) values(90008,'0015',240,240,4,'L','S',' ','Y','F_QDCB6','N',' ','S',' ')
go
insert into TJCXXMDY (TJCXXMDY_CXBH,TJCXXMDY_FLBH,TJCXXMDY_LH,TJCXXMDY_JSXH,TJCXXMDY_LK,TJCXXMDY_SPDQ,TJCXXMDY_JGLX,TJCXXMDY_XSGS,TJCXXMDY_SFZL,TJCXXMDY_CXZDM,TJCXXMDY_XJF,TJCXXMDY_BZ,TJCXXMDY_LYLX,TJCXXMDY_LYGS) values(90008,'0016',250,250,4,'L','S',' ','Y','F_YDJE7','N',' ','S',' ')
go
insert into TJCXXMDY (TJCXXMDY_CXBH,TJCXXMDY_FLBH,TJCXXMDY_LH,TJCXXMDY_JSXH,TJCXXMDY_LK,TJCXXMDY_SPDQ,TJCXXMDY_JGLX,TJCXXMDY_XSGS,TJCXXMDY_SFZL,TJCXXMDY_CXZDM,TJCXXMDY_XJF,TJCXXMDY_BZ,TJCXXMDY_LYLX,TJCXXMDY_LYGS) values(90008,'0017',260,260,4,'L','S',' ','Y','F_GWJE7','N',' ','S',' ')
go
insert into TJCXXMDY (TJCXXMDY_CXBH,TJCXXMDY_FLBH,TJCXXMDY_LH,TJCXXMDY_JSXH,TJCXXMDY_LK,TJCXXMDY_SPDQ,TJCXXMDY_JGLX,TJCXXMDY_XSGS,TJCXXMDY_SFZL,TJCXXMDY_CXZDM,TJCXXMDY_XJF,TJCXXMDY_BZ,TJCXXMDY_LYLX,TJCXXMDY_LYGS) values(90008,'0018',270,270,4,'L','S',' ','Y','F_QDCB7','N',' ','S',' ')
go
insert into TJCXXMDY (TJCXXMDY_CXBH,TJCXXMDY_FLBH,TJCXXMDY_LH,TJCXXMDY_JSXH,TJCXXMDY_LK,TJCXXMDY_SPDQ,TJCXXMDY_JGLX,TJCXXMDY_XSGS,TJCXXMDY_SFZL,TJCXXMDY_CXZDM,TJCXXMDY_XJF,TJCXXMDY_BZ,TJCXXMDY_LYLX,TJCXXMDY_LYGS) values(90008,'0019',280,280,4,'L','S',' ','Y','F_YDJE8','N',' ','S',' ')
go
insert into TJCXXMDY (TJCXXMDY_CXBH,TJCXXMDY_FLBH,TJCXXMDY_LH,TJCXXMDY_JSXH,TJCXXMDY_LK,TJCXXMDY_SPDQ,TJCXXMDY_JGLX,TJCXXMDY_XSGS,TJCXXMDY_SFZL,TJCXXMDY_CXZDM,TJCXXMDY_XJF,TJCXXMDY_BZ,TJCXXMDY_LYLX,TJCXXMDY_LYGS) values(90008,'0020',290,290,4,'L','S',' ','Y','F_GWJE8','N',' ','S',' ')
go
insert into TJCXXMDY (TJCXXMDY_CXBH,TJCXXMDY_FLBH,TJCXXMDY_LH,TJCXXMDY_JSXH,TJCXXMDY_LK,TJCXXMDY_SPDQ,TJCXXMDY_JGLX,TJCXXMDY_XSGS,TJCXXMDY_SFZL,TJCXXMDY_CXZDM,TJCXXMDY_XJF,TJCXXMDY_BZ,TJCXXMDY_LYLX,TJCXXMDY_LYGS) values(90008,'0021',300,300,4,'L','S',' ','Y','F_QDCB8','N',' ','S',' ')
go
insert into TJCXXMDY (TJCXXMDY_CXBH,TJCXXMDY_FLBH,TJCXXMDY_LH,TJCXXMDY_JSXH,TJCXXMDY_LK,TJCXXMDY_SPDQ,TJCXXMDY_JGLX,TJCXXMDY_XSGS,TJCXXMDY_SFZL,TJCXXMDY_CXZDM,TJCXXMDY_XJF,TJCXXMDY_BZ,TJCXXMDY_LYLX,TJCXXMDY_LYGS) values(90008,'0022',310,310,4,'L','S',' ','Y','F_YDJE9','N',' ','S',' ')
go
insert into TJCXXMDY (TJCXXMDY_CXBH,TJCXXMDY_FLBH,TJCXXMDY_LH,TJCXXMDY_JSXH,TJCXXMDY_LK,TJCXXMDY_SPDQ,TJCXXMDY_JGLX,TJCXXMDY_XSGS,TJCXXMDY_SFZL,TJCXXMDY_CXZDM,TJCXXMDY_XJF,TJCXXMDY_BZ,TJCXXMDY_LYLX,TJCXXMDY_LYGS) values(90008,'0023',320,320,4,'L','S',' ','Y','F_GWJE9','N',' ','S',' ')
go
insert into TJCXXMDY (TJCXXMDY_CXBH,TJCXXMDY_FLBH,TJCXXMDY_LH,TJCXXMDY_JSXH,TJCXXMDY_LK,TJCXXMDY_SPDQ,TJCXXMDY_JGLX,TJCXXMDY_XSGS,TJCXXMDY_SFZL,TJCXXMDY_CXZDM,TJCXXMDY_XJF,TJCXXMDY_BZ,TJCXXMDY_LYLX,TJCXXMDY_LYGS) values(90008,'0024',330,330,4,'L','S',' ','Y','F_QDCB9','N',' ','S',' ')
go
insert into TJCXXMDY (TJCXXMDY_CXBH,TJCXXMDY_FLBH,TJCXXMDY_LH,TJCXXMDY_JSXH,TJCXXMDY_LK,TJCXXMDY_SPDQ,TJCXXMDY_JGLX,TJCXXMDY_XSGS,TJCXXMDY_SFZL,TJCXXMDY_CXZDM,TJCXXMDY_XJF,TJCXXMDY_BZ,TJCXXMDY_LYLX,TJCXXMDY_LYGS) values(90008,'0025',340,340,4,'L','S',' ','Y','F_YDJE10','N',' ','S',' ')
go
delete from TJCXXMBT where TJCXXMBT_CXBH=90008
go
insert into TJCXXMBT(TJCXXMBT_CXBH,TJCXXMBT_FLBH,TJCXXMBT_LH,TJCXXMBT_HH,TJCXXMBT_BTMC,TJCXXMBT_HBFX) values(90008,'ECB9BCFA-839D-4E5B-80A2-B867FCB31734',10,1,'事业部','N')
go
insert into TJCXXMBT(TJCXXMBT_CXBH,TJCXXMBT_FLBH,TJCXXMBT_LH,TJCXXMBT_HH,TJCXXMBT_BTMC,TJCXXMBT_HBFX) values(90008,'D7045A02-18D1-464B-B995-92B1B5BD68CD',20,1,'大区','N')
go
insert into TJCXXMBT(TJCXXMBT_CXBH,TJCXXMBT_FLBH,TJCXXMBT_LH,TJCXXMBT_HH,TJCXXMBT_BTMC,TJCXXMBT_HBFX) values(90008,'24C86C15-CEF8-4D07-A38D-644105072621',30,1,'办事处','N')
go
insert into TJCXXMBT(TJCXXMBT_CXBH,TJCXXMBT_FLBH,TJCXXMBT_LH,TJCXXMBT_HH,TJCXXMBT_BTMC,TJCXXMBT_HBFX) values(90008,'12C48D61-E7AB-41CC-B961-BCB95710764A',40,1,'核算单位','N')
go
insert into TJCXXMBT(TJCXXMBT_CXBH,TJCXXMBT_FLBH,TJCXXMBT_LH,TJCXXMBT_HH,TJCXXMBT_BTMC,TJCXXMBT_HBFX) values(90008,'9D54B0F2-BBAC-405B-B8B0-17FC017D13FC',50,1,'客户','N')
go
insert into TJCXXMBT(TJCXXMBT_CXBH,TJCXXMBT_FLBH,TJCXXMBT_LH,TJCXXMBT_HH,TJCXXMBT_BTMC,TJCXXMBT_HBFX) values(90008,'BDB5B8A9-4D67-4B67-A314-668ED78D819A',60,1,'法定委托人','N')
go
insert into TJCXXMBT(TJCXXMBT_CXBH,TJCXXMBT_FLBH,TJCXXMBT_LH,TJCXXMBT_HH,TJCXXMBT_BTMC,TJCXXMBT_HBFX) values(90008,'4AE7C737-F329-440D-9DC1-5C8D18A37A45',70,1,'实际委托人','N')
go
insert into TJCXXMBT(TJCXXMBT_CXBH,TJCXXMBT_FLBH,TJCXXMBT_LH,TJCXXMBT_HH,TJCXXMBT_BTMC,TJCXXMBT_HBFX) values(90008,'0002',71,1,'年度发货金额','N')
go
insert into TJCXXMBT(TJCXXMBT_CXBH,TJCXXMBT_FLBH,TJCXXMBT_LH,TJCXXMBT_HH,TJCXXMBT_BTMC,TJCXXMBT_HBFX) values(90008,'49664EB1-2927-43C7-A6BE-07A1B13F1C57',72,1,'年度发货中标挂网价金额','N')
go
insert into TJCXXMBT(TJCXXMBT_CXBH,TJCXXMBT_FLBH,TJCXXMBT_LH,TJCXXMBT_HH,TJCXXMBT_BTMC,TJCXXMBT_HBFX) values(90008,'AF567782-33C4-4A0D-B16F-5F4428EF8415',74,1,'年度渠道成本','N')
go
insert into TJCXXMBT(TJCXXMBT_CXBH,TJCXXMBT_FLBH,TJCXXMBT_LH,TJCXXMBT_HH,TJCXXMBT_BTMC,TJCXXMBT_HBFX) values(90008,'456E5D3B-4DDE-40E2-B332-1A3F92F1EF9E',76,1,'1月发货金额','N')
go
insert into TJCXXMBT(TJCXXMBT_CXBH,TJCXXMBT_FLBH,TJCXXMBT_LH,TJCXXMBT_HH,TJCXXMBT_BTMC,TJCXXMBT_HBFX) values(90008,'339BA692-6C2E-4D1C-94CC-042F70A27CAD',80,1,'1月发货中标挂网价金额','N')
go
insert into TJCXXMBT(TJCXXMBT_CXBH,TJCXXMBT_FLBH,TJCXXMBT_LH,TJCXXMBT_HH,TJCXXMBT_BTMC,TJCXXMBT_HBFX) values(90008,'0001',90,1,'1月渠道成本','N')
go
insert into TJCXXMBT(TJCXXMBT_CXBH,TJCXXMBT_FLBH,TJCXXMBT_LH,TJCXXMBT_HH,TJCXXMBT_BTMC,TJCXXMBT_HBFX) values(90008,'A4A76642-DAB1-414C-989A-CDAACE122D6C',100,1,'2月发货金额','N')
go
insert into TJCXXMBT(TJCXXMBT_CXBH,TJCXXMBT_FLBH,TJCXXMBT_LH,TJCXXMBT_HH,TJCXXMBT_BTMC,TJCXXMBT_HBFX) values(90008,'7350BA47-D5DA-4CF8-BFE0-686AE60AA08A',110,1,'2月发货中标挂网价金额','N')
go
insert into TJCXXMBT(TJCXXMBT_CXBH,TJCXXMBT_FLBH,TJCXXMBT_LH,TJCXXMBT_HH,TJCXXMBT_BTMC,TJCXXMBT_HBFX) values(90008,'E700A628-0F99-45E0-98A4-EACD59BE54F8',120,1,'2月渠道成本','N')
go
insert into TJCXXMBT(TJCXXMBT_CXBH,TJCXXMBT_FLBH,TJCXXMBT_LH,TJCXXMBT_HH,TJCXXMBT_BTMC,TJCXXMBT_HBFX) values(90008,'7A84DE47-CBAB-42BC-9BE6-66AB5E88FEEA',130,1,'3月发货金额','N')
go
insert into TJCXXMBT(TJCXXMBT_CXBH,TJCXXMBT_FLBH,TJCXXMBT_LH,TJCXXMBT_HH,TJCXXMBT_BTMC,TJCXXMBT_HBFX) values(90008,'4E22642D-FE38-4389-97A9-77F13B15B4BB',140,1,'3月发货中标挂网价金额','N')
go
insert into TJCXXMBT(TJCXXMBT_CXBH,TJCXXMBT_FLBH,TJCXXMBT_LH,TJCXXMBT_HH,TJCXXMBT_BTMC,TJCXXMBT_HBFX) values(90008,'0CBA33A5-4849-49B5-B4E7-05A01B6191D1',150,1,'3月渠道成本','N')
go
insert into TJCXXMBT(TJCXXMBT_CXBH,TJCXXMBT_FLBH,TJCXXMBT_LH,TJCXXMBT_HH,TJCXXMBT_BTMC,TJCXXMBT_HBFX) values(90008,'D7AE9D2B-5E71-4D6D-B51A-F61331EAE98C',160,1,'4月发货金额','N')
go
insert into TJCXXMBT(TJCXXMBT_CXBH,TJCXXMBT_FLBH,TJCXXMBT_LH,TJCXXMBT_HH,TJCXXMBT_BTMC,TJCXXMBT_HBFX) values(90008,'081A10D0-982B-49E0-83D8-42390DF02EE1',170,1,'4月发货中标挂网价金额','N')
go
insert into TJCXXMBT(TJCXXMBT_CXBH,TJCXXMBT_FLBH,TJCXXMBT_LH,TJCXXMBT_HH,TJCXXMBT_BTMC,TJCXXMBT_HBFX) values(90008,'5B5F4B33-4E55-416C-846C-C9C25F4B821E',180,1,'4月渠道成本','N')
go
insert into TJCXXMBT(TJCXXMBT_CXBH,TJCXXMBT_FLBH,TJCXXMBT_LH,TJCXXMBT_HH,TJCXXMBT_BTMC,TJCXXMBT_HBFX) values(90008,'1DCAB591-94CE-4909-8A16-D60C9087CDD3',190,1,'5月发货金额','N')
go
insert into TJCXXMBT(TJCXXMBT_CXBH,TJCXXMBT_FLBH,TJCXXMBT_LH,TJCXXMBT_HH,TJCXXMBT_BTMC,TJCXXMBT_HBFX) values(90008,'320C5C4F-DB91-4106-BFE6-01AF3DC2A4F7',200,1,'5月发货中标挂网价金额','N')
go
insert into TJCXXMBT(TJCXXMBT_CXBH,TJCXXMBT_FLBH,TJCXXMBT_LH,TJCXXMBT_HH,TJCXXMBT_BTMC,TJCXXMBT_HBFX) values(90008,'64F776F9-4FDB-44AA-8676-89025BDEECF6',210,1,'5月渠道成本','N')
go
insert into TJCXXMBT(TJCXXMBT_CXBH,TJCXXMBT_FLBH,TJCXXMBT_LH,TJCXXMBT_HH,TJCXXMBT_BTMC,TJCXXMBT_HBFX) values(90008,'825221C5-4392-4C77-B88C-33C34FC33603',220,1,'6月发货金额','N')
go
insert into TJCXXMBT(TJCXXMBT_CXBH,TJCXXMBT_FLBH,TJCXXMBT_LH,TJCXXMBT_HH,TJCXXMBT_BTMC,TJCXXMBT_HBFX) values(90008,'C04D7686-0381-4D8A-982F-B55D28746B48',230,1,'6月发货中标挂网价金额','N')
go
insert into TJCXXMBT(TJCXXMBT_CXBH,TJCXXMBT_FLBH,TJCXXMBT_LH,TJCXXMBT_HH,TJCXXMBT_BTMC,TJCXXMBT_HBFX) values(90008,'E259EA3C-FA5A-4CAB-B484-C5B532E79D74',240,1,'6月渠道成本','N')
go
insert into TJCXXMBT(TJCXXMBT_CXBH,TJCXXMBT_FLBH,TJCXXMBT_LH,TJCXXMBT_HH,TJCXXMBT_BTMC,TJCXXMBT_HBFX) values(90008,'D03EB3A8-D6F0-4057-BB40-598524EF481A',250,1,'7月发货金额','N')
go
insert into TJCXXMBT(TJCXXMBT_CXBH,TJCXXMBT_FLBH,TJCXXMBT_LH,TJCXXMBT_HH,TJCXXMBT_BTMC,TJCXXMBT_HBFX) values(90008,'F268F38D-1868-4DB2-965F-FCCDA9000C7A',260,1,'7月发货中标挂网价金额','N')
go
insert into TJCXXMBT(TJCXXMBT_CXBH,TJCXXMBT_FLBH,TJCXXMBT_LH,TJCXXMBT_HH,TJCXXMBT_BTMC,TJCXXMBT_HBFX) values(90008,'DEF2958E-B161-49AD-87D1-45B9731805C3',270,1,'7月渠道成本','N')
go
insert into TJCXXMBT(TJCXXMBT_CXBH,TJCXXMBT_FLBH,TJCXXMBT_LH,TJCXXMBT_HH,TJCXXMBT_BTMC,TJCXXMBT_HBFX) values(90008,'6BD8982E-42E4-4576-A419-BF7378FAA7C9',280,1,'8月发货金额','N')
go
insert into TJCXXMBT(TJCXXMBT_CXBH,TJCXXMBT_FLBH,TJCXXMBT_LH,TJCXXMBT_HH,TJCXXMBT_BTMC,TJCXXMBT_HBFX) values(90008,'C8BB9EA2-CDD3-412C-8367-1237E4BD906C',290,1,'8月发货中标挂网价金额','N')
go
insert into TJCXXMBT(TJCXXMBT_CXBH,TJCXXMBT_FLBH,TJCXXMBT_LH,TJCXXMBT_HH,TJCXXMBT_BTMC,TJCXXMBT_HBFX) values(90008,'F260A6FC-8BDF-4E1C-9BA9-3F991610C1F9',300,1,'8月渠道成本','N')
go
insert into TJCXXMBT(TJCXXMBT_CXBH,TJCXXMBT_FLBH,TJCXXMBT_LH,TJCXXMBT_HH,TJCXXMBT_BTMC,TJCXXMBT_HBFX) values(90008,'8C406B3D-49AC-49AC-ADB9-B2B401732F50',310,1,'9月发货金额','N')
go
insert into TJCXXMBT(TJCXXMBT_CXBH,TJCXXMBT_FLBH,TJCXXMBT_LH,TJCXXMBT_HH,TJCXXMBT_BTMC,TJCXXMBT_HBFX) values(90008,'0631EFED-2F49-4FCB-95E4-0FB1DC7F5922',320,1,'9月发货中标挂网价金额','N')
go
insert into TJCXXMBT(TJCXXMBT_CXBH,TJCXXMBT_FLBH,TJCXXMBT_LH,TJCXXMBT_HH,TJCXXMBT_BTMC,TJCXXMBT_HBFX) values(90008,'FAD6AE6A-1BF4-497D-B523-24F53B64E219',330,1,'9月渠道成本','N')
go
insert into TJCXXMBT(TJCXXMBT_CXBH,TJCXXMBT_FLBH,TJCXXMBT_LH,TJCXXMBT_HH,TJCXXMBT_BTMC,TJCXXMBT_HBFX) values(90008,'B3DDF0BB-7046-42BE-B14D-21B077B1ECD2',340,1,'10月发货金额','N')
go
insert into TJCXXMBT(TJCXXMBT_CXBH,TJCXXMBT_FLBH,TJCXXMBT_LH,TJCXXMBT_HH,TJCXXMBT_BTMC,TJCXXMBT_HBFX) values(90008,'FAFAC367-AE5F-4188-BB88-252F4E11127B',350,1,'10月发货中标挂网价金额','N')
go
insert into TJCXXMBT(TJCXXMBT_CXBH,TJCXXMBT_FLBH,TJCXXMBT_LH,TJCXXMBT_HH,TJCXXMBT_BTMC,TJCXXMBT_HBFX) values(90008,'3A2BE163-52C8-4B0C-BAE8-D74D9ACF54C2',360,1,'10月渠道成本','N')
go
insert into TJCXXMBT(TJCXXMBT_CXBH,TJCXXMBT_FLBH,TJCXXMBT_LH,TJCXXMBT_HH,TJCXXMBT_BTMC,TJCXXMBT_HBFX) values(90008,'609034D1-82D6-4804-A75B-EAA7388EE389',370,1,'11月发货金额','N')
go
insert into TJCXXMBT(TJCXXMBT_CXBH,TJCXXMBT_FLBH,TJCXXMBT_LH,TJCXXMBT_HH,TJCXXMBT_BTMC,TJCXXMBT_HBFX) values(90008,'B914030F-29CF-49D7-96D8-CA174DE85424',380,1,'11月发货中标挂网价金额','N')
go
insert into TJCXXMBT(TJCXXMBT_CXBH,TJCXXMBT_FLBH,TJCXXMBT_LH,TJCXXMBT_HH,TJCXXMBT_BTMC,TJCXXMBT_HBFX) values(90008,'1DCD5159-261B-48A1-822C-42D5DCD223DD',390,1,'11月渠道成本','N')
go
insert into TJCXXMBT(TJCXXMBT_CXBH,TJCXXMBT_FLBH,TJCXXMBT_LH,TJCXXMBT_HH,TJCXXMBT_BTMC,TJCXXMBT_HBFX) values(90008,'FF27B191-F188-4F02-9845-F5A6734400E4',400,1,'12月发货金额','N')
go
insert into TJCXXMBT(TJCXXMBT_CXBH,TJCXXMBT_FLBH,TJCXXMBT_LH,TJCXXMBT_HH,TJCXXMBT_BTMC,TJCXXMBT_HBFX) values(90008,'BBA4F936-F0E8-430E-81BD-63BCA0C64F28',410,1,'12月发货中标挂网价金额','N')
go
insert into TJCXXMBT(TJCXXMBT_CXBH,TJCXXMBT_FLBH,TJCXXMBT_LH,TJCXXMBT_HH,TJCXXMBT_BTMC,TJCXXMBT_HBFX) values(90008,'527C79DB-EA4B-48BF-BEAF-75514D21B622',420,1,'12月渠道成本','N')
go
delete from KHTJJSGS where KHTJJSGS_GSBH='9000100001'
go
INSERT INTO KHTJJSGS(KHTJJSGS_GSBH,KHTJJSGS_MSXX,KHTJJSGS_DYLX,KHTJJSGS_GSLX,KHTJJSGS_LSLX,KHTJJSGS_JGLX,KHTJJSGS_JGCL,KHTJJSGS_FGC,KHTJJSGS_JSGS,KHTJJSGS_GSFL,KHTJJSGS_JSZ,KHTJJSGS_FZBH,KHTJJSGS_BZ,KHTJJSGS_ISNEW,KHTJJSGS_SQL,KHTJJSGS_SQL1,KHTJJSGS_SQL2,KHTJJSGS_SQL3,KHTJJSGS_SQL4,KHTJJSGS_SQL5,KHTJJSGS_SQL6,KHTJJSGS_SQL7,KHTJJSGS_SQL8,KHTJJSGS_SQL9,KHTJJSGS_SQL10,KHTJJSGS_SQL11,KHTJJSGS_SQL12,KHTJJSGS_SQL13,KHTJJSGS_SQL14,KHTJJSGS_SQL15,KHTJJSGS_SQL16,KHTJJSGS_LSBM1,KHTJJSGS_LSBM2,KHTJJSGS_CSLB,KHTJJSGS_CSLB1,KHTJJSGS_CSLB2,KHTJJSGS_MMGZ) values('9000100001','客户信息报表','U','T','0','D','C',' ','',' ','1','90001',' ','1','SP_SDB_KHXXBB_90001(@GSID=:GSID,@KH=:KH,@DQ=:DQ,@USERID=:USERID)',' ',' ',' ',' ',' ',' ',' ',' ',' ',' ',' ',' ',' ',' ',' ',' ','',' ','#GSID:C01#DQ:C02#KH:C03#USERID:C04#',' ',' ',' ')
go
delete from KHTJJSGSMX where KHTJJSGSMX_GSBH='9000100001'
go
insert into KHTJJSGSMX (KHTJJSGSMX_GSBH,KHTJJSGSMX_FLBH,KHTJJSGSMX_CSBH,KHTJJSGSMX_CS,KHTJJSGSMX_DEMO) values( '9000100001','9c34d07a-76eb-43f3-bd85-fb628ae2d8ed','C01','GSID','核算单位')
go
insert into KHTJJSGSMX (KHTJJSGSMX_GSBH,KHTJJSGSMX_FLBH,KHTJJSGSMX_CSBH,KHTJJSGSMX_CS,KHTJJSGSMX_DEMO) values( '9000100001','c11ae208-1a9f-4252-acd3-9ef49814fc45','C02','DQ','地区')
go
insert into KHTJJSGSMX (KHTJJSGSMX_GSBH,KHTJJSGSMX_FLBH,KHTJJSGSMX_CSBH,KHTJJSGSMX_CS,KHTJJSGSMX_DEMO) values( '9000100001','717f35ac-601a-4bc7-aff3-7306664daa3a','C03','KH','客户')
go
insert into KHTJJSGSMX (KHTJJSGSMX_GSBH,KHTJJSGSMX_FLBH,KHTJJSGSMX_CSBH,KHTJJSGSMX_CS,KHTJJSGSMX_DEMO) values( '9000100001','274e5bbf-0cfd-462d-92dd-f60014764553','C04','USERID',' ')
go
delete from KHTJJSGS where KHTJJSGS_GSBH='9000200001'
go
INSERT INTO KHTJJSGS(KHTJJSGS_GSBH,KHTJJSGS_MSXX,KHTJJSGS_DYLX,KHTJJSGS_GSLX,KHTJJSGS_LSLX,KHTJJSGS_JGLX,KHTJJSGS_JGCL,KHTJJSGS_FGC,KHTJJSGS_JSGS,KHTJJSGS_GSFL,KHTJJSGS_JSZ,KHTJJSGS_FZBH,KHTJJSGS_BZ,KHTJJSGS_ISNEW,KHTJJSGS_SQL,KHTJJSGS_SQL1,KHTJJSGS_SQL2,KHTJJSGS_SQL3,KHTJJSGS_SQL4,KHTJJSGS_SQL5,KHTJJSGS_SQL6,KHTJJSGS_SQL7,KHTJJSGS_SQL8,KHTJJSGS_SQL9,KHTJJSGS_SQL10,KHTJJSGS_SQL11,KHTJJSGS_SQL12,KHTJJSGS_SQL13,KHTJJSGS_SQL14,KHTJJSGS_SQL15,KHTJJSGS_SQL16,KHTJJSGS_LSBM1,KHTJJSGS_LSBM2,KHTJJSGS_CSLB,KHTJJSGS_CSLB1,KHTJJSGS_CSLB2,KHTJJSGS_MMGZ) values('9000200001','账龄分析销售部','U','T','0','D','C',' ','',' ','1','90002',' ','1','SP_SDB_ZLFX_90002(@GSID=:GSID,@BMNM=:BMNM,@QDLX=:QDLX,@KHNM=:KHNM,@SFQD=:SFQD,@SFKH=:SFKH,@USERID=:USERID)',' ',' ',' ',' ',' ',' ',' ',' ',' ',' ',' ',' ',' ',' ',' ',' ','',' ','#GSID:C01#BMNM:C02#QDLX:C03#KHNM:C04#SFQD:C07#SFKH:C08#USERID:C11#',' ',' ',' ')
go
delete from KHTJJSGSMX where KHTJJSGSMX_GSBH='9000200001'
go
insert into KHTJJSGSMX (KHTJJSGSMX_GSBH,KHTJJSGSMX_FLBH,KHTJJSGSMX_CSBH,KHTJJSGSMX_CS,KHTJJSGSMX_DEMO) values( '9000200001','5ed22041-30a5-415c-b0fd-ad7ff91c21ba','C01','GSID','核算单位')
go
insert into KHTJJSGSMX (KHTJJSGSMX_GSBH,KHTJJSGSMX_FLBH,KHTJJSGSMX_CSBH,KHTJJSGSMX_CS,KHTJJSGSMX_DEMO) values( '9000200001','7a4402d8-7921-4ffd-976a-b304815fc8fe','C02','BMNM','办事处')
go
insert into KHTJJSGSMX (KHTJJSGSMX_GSBH,KHTJJSGSMX_FLBH,KHTJJSGSMX_CSBH,KHTJJSGSMX_CS,KHTJJSGSMX_DEMO) values( '9000200001','70d16a32-6cd8-4eaf-bb69-59dfe90e0a0a','C03','QDLX','渠道')
go
insert into KHTJJSGSMX (KHTJJSGSMX_GSBH,KHTJJSGSMX_FLBH,KHTJJSGSMX_CSBH,KHTJJSGSMX_CS,KHTJJSGSMX_DEMO) values( '9000200001','09c79086-99d5-4612-98c2-62c00b257954','C04','KHNM','客户')
go
insert into KHTJJSGSMX (KHTJJSGSMX_GSBH,KHTJJSGSMX_FLBH,KHTJJSGSMX_CSBH,KHTJJSGSMX_CS,KHTJJSGSMX_DEMO) values( '9000200001','254e3ff7-599a-4aa6-a5f3-a0ec1eb3e4e2','C07','SFQD','是否显示渠道')
go
insert into KHTJJSGSMX (KHTJJSGSMX_GSBH,KHTJJSGSMX_FLBH,KHTJJSGSMX_CSBH,KHTJJSGSMX_CS,KHTJJSGSMX_DEMO) values( '9000200001','8f68e63f-5b5f-486a-ae3d-7390176ecc39','C08','SFKH','是否显示客户')
go
insert into KHTJJSGSMX (KHTJJSGSMX_GSBH,KHTJJSGSMX_FLBH,KHTJJSGSMX_CSBH,KHTJJSGSMX_CS,KHTJJSGSMX_DEMO) values( '9000200001','5ec1dea0-03f5-4c77-812a-b8cee2af920b','C11','USERID','操作用户')
go
delete from KHTJJSGS where KHTJJSGS_GSBH='9000500001'
go
INSERT INTO KHTJJSGS(KHTJJSGS_GSBH,KHTJJSGS_MSXX,KHTJJSGS_DYLX,KHTJJSGS_GSLX,KHTJJSGS_LSLX,KHTJJSGS_JGLX,KHTJJSGS_JGCL,KHTJJSGS_FGC,KHTJJSGS_JSGS,KHTJJSGS_GSFL,KHTJJSGS_JSZ,KHTJJSGS_FZBH,KHTJJSGS_BZ,KHTJJSGS_ISNEW,KHTJJSGS_SQL,KHTJJSGS_SQL1,KHTJJSGS_SQL2,KHTJJSGS_SQL3,KHTJJSGS_SQL4,KHTJJSGS_SQL5,KHTJJSGS_SQL6,KHTJJSGS_SQL7,KHTJJSGS_SQL8,KHTJJSGS_SQL9,KHTJJSGS_SQL10,KHTJJSGS_SQL11,KHTJJSGS_SQL12,KHTJJSGS_SQL13,KHTJJSGS_SQL14,KHTJJSGS_SQL15,KHTJJSGS_SQL16,KHTJJSGS_LSBM1,KHTJJSGS_LSBM2,KHTJJSGS_CSLB,KHTJJSGS_CSLB1,KHTJJSGS_CSLB2,KHTJJSGS_MMGZ) values('9000500001','账龄分析（商务）','U','T','0','D','C',' ','',' ','1','90005',' ','1','SP_SDB_ZLFX_90005(@NY=:NY,@GSID=:GSID,@QDLX=:QDLX,@BMNM=:BMNM,@KHNM=:KHNM,@USERID=:USERID)',' ',' ',' ',' ',' ',' ',' ',' ',' ',' ',' ',' ',' ',' ',' ',' ','',' ','#NY:008#QDLX:C03#GSID:C01#BMNM:C05#KHNM:C02#USERID:C04#',' ',' ',' ')
go
delete from KHTJJSGSMX where KHTJJSGSMX_GSBH='9000500001'
go
insert into KHTJJSGSMX (KHTJJSGSMX_GSBH,KHTJJSGSMX_FLBH,KHTJJSGSMX_CSBH,KHTJJSGSMX_CS,KHTJJSGSMX_DEMO) values( '9000500001','02972f72-160f-4bbb-925a-d44b641f037e','008','NY','查询年月')
go
insert into KHTJJSGSMX (KHTJJSGSMX_GSBH,KHTJJSGSMX_FLBH,KHTJJSGSMX_CSBH,KHTJJSGSMX_CS,KHTJJSGSMX_DEMO) values( '9000500001','bc6187c3-429d-4641-87b6-ab1bfc684988','C03','QDLX','事业部')
go
insert into KHTJJSGSMX (KHTJJSGSMX_GSBH,KHTJJSGSMX_FLBH,KHTJJSGSMX_CSBH,KHTJJSGSMX_CS,KHTJJSGSMX_DEMO) values( '9000500001','1403540d-3181-47db-84a8-58d8ad17f1b7','C01','GSID','核算单位')
go
insert into KHTJJSGSMX (KHTJJSGSMX_GSBH,KHTJJSGSMX_FLBH,KHTJJSGSMX_CSBH,KHTJJSGSMX_CS,KHTJJSGSMX_DEMO) values( '9000500001','cfcd778e-9138-4e28-bec6-fc428131af0b','C05','BMNM','部门')
go
insert into KHTJJSGSMX (KHTJJSGSMX_GSBH,KHTJJSGSMX_FLBH,KHTJJSGSMX_CSBH,KHTJJSGSMX_CS,KHTJJSGSMX_DEMO) values( '9000500001','16f38f50-1e08-4dd1-b786-2aaef2553a65','C02','KHNM','客户名称')
go
insert into KHTJJSGSMX (KHTJJSGSMX_GSBH,KHTJJSGSMX_FLBH,KHTJJSGSMX_CSBH,KHTJJSGSMX_CS,KHTJJSGSMX_DEMO) values( '9000500001','9b51ab21-aa1b-4fb4-bd47-000a4fcc5eec','C04','USERID','用户')
go
delete from KHTJJSGS where KHTJJSGS_GSBH='9000600001'
go
INSERT INTO KHTJJSGS(KHTJJSGS_GSBH,KHTJJSGS_MSXX,KHTJJSGS_DYLX,KHTJJSGS_GSLX,KHTJJSGS_LSLX,KHTJJSGS_JGLX,KHTJJSGS_JGCL,KHTJJSGS_FGC,KHTJJSGS_JSGS,KHTJJSGS_GSFL,KHTJJSGS_JSZ,KHTJJSGS_FZBH,KHTJJSGS_BZ,KHTJJSGS_ISNEW,KHTJJSGS_SQL,KHTJJSGS_SQL1,KHTJJSGS_SQL2,KHTJJSGS_SQL3,KHTJJSGS_SQL4,KHTJJSGS_SQL5,KHTJJSGS_SQL6,KHTJJSGS_SQL7,KHTJJSGS_SQL8,KHTJJSGS_SQL9,KHTJJSGS_SQL10,KHTJJSGS_SQL11,KHTJJSGS_SQL12,KHTJJSGS_SQL13,KHTJJSGS_SQL14,KHTJJSGS_SQL15,KHTJJSGS_SQL16,KHTJJSGS_LSBM1,KHTJJSGS_LSBM2,KHTJJSGS_CSLB,KHTJJSGS_CSLB1,KHTJJSGS_CSLB2,KHTJJSGS_MMGZ) values('9000600001','发货回款趋势分析','U','T','0','D','C',' ','',' ','1','90006',' ','1','SP_SDB_FHHKQSFX_90006_NEW(@KSNY=:KSNY,@JSNY=:JSNY,@GSID=:GSID,@QDLX=:QDLX,@BMNM=:BMNM,@KHNM=:KHNM,@SFGSID=:SFGSID,@SFQDLX=:SFQDLX,@SFBMNM=:SFBMNM,@SFKH=:SFKH,@USERID=:USERID)',' ',' ',' ',' ',' ',' ',' ',' ',' ',' ',' ',' ',' ',' ',' ',' ','',' ','#GSID:C01#QDLX:C02#BMNM:C04#KHNM:C05#SFGSID:C06#SFQDLX:C07#SFBMNM:C09#SFKH:C10#USERID:C11#KSNY:006#JSNY:007#',' ',' ',' ')
go
delete from KHTJJSGSMX where KHTJJSGSMX_GSBH='9000600001'
go
insert into KHTJJSGSMX (KHTJJSGSMX_GSBH,KHTJJSGSMX_FLBH,KHTJJSGSMX_CSBH,KHTJJSGSMX_CS,KHTJJSGSMX_DEMO) values( '9000600001','e079ea02-6bf7-4948-9fa0-cd534d0abd8f','C01','GSID','核算单位')
go
insert into KHTJJSGSMX (KHTJJSGSMX_GSBH,KHTJJSGSMX_FLBH,KHTJJSGSMX_CSBH,KHTJJSGSMX_CS,KHTJJSGSMX_DEMO) values( '9000600001','d84caaa1-6bf0-49ba-be1f-59c9b175409a','C02','QDLX','渠道类型')
go
insert into KHTJJSGSMX (KHTJJSGSMX_GSBH,KHTJJSGSMX_FLBH,KHTJJSGSMX_CSBH,KHTJJSGSMX_CS,KHTJJSGSMX_DEMO) values( '9000600001','438821db-6aea-462b-8d47-2c619534e16d','C04','BMNM','部门内码')
go
insert into KHTJJSGSMX (KHTJJSGSMX_GSBH,KHTJJSGSMX_FLBH,KHTJJSGSMX_CSBH,KHTJJSGSMX_CS,KHTJJSGSMX_DEMO) values( '9000600001','33c5aa38-d8b7-4d30-8e0e-3df616e7e6c8','C05','KHNM','客户')
go
insert into KHTJJSGSMX (KHTJJSGSMX_GSBH,KHTJJSGSMX_FLBH,KHTJJSGSMX_CSBH,KHTJJSGSMX_CS,KHTJJSGSMX_DEMO) values( '9000600001','3f7341f0-0085-42b6-9736-15df90abfd2a','C06','SFGSID','是否显示核算单位')
go
insert into KHTJJSGSMX (KHTJJSGSMX_GSBH,KHTJJSGSMX_FLBH,KHTJJSGSMX_CSBH,KHTJJSGSMX_CS,KHTJJSGSMX_DEMO) values( '9000600001','ac5490e4-4f48-4883-9002-c2b186d7c070','C07','SFQDLX','是否显示渠道类型')
go
insert into KHTJJSGSMX (KHTJJSGSMX_GSBH,KHTJJSGSMX_FLBH,KHTJJSGSMX_CSBH,KHTJJSGSMX_CS,KHTJJSGSMX_DEMO) values( '9000600001','6b1ce20c-c256-4803-b083-9ad6e88dd4b3','C09','SFBMNM','是否显示办事处')
go
insert into KHTJJSGSMX (KHTJJSGSMX_GSBH,KHTJJSGSMX_FLBH,KHTJJSGSMX_CSBH,KHTJJSGSMX_CS,KHTJJSGSMX_DEMO) values( '9000600001','81105103-e11b-43b5-987f-937e0761de40','C10','SFKH','是否显示客户')
go
insert into KHTJJSGSMX (KHTJJSGSMX_GSBH,KHTJJSGSMX_FLBH,KHTJJSGSMX_CSBH,KHTJJSGSMX_CS,KHTJJSGSMX_DEMO) values( '9000600001','15e0d366-f4a4-49c7-a288-d4a90d0455d2','C11','USERID','操作用户')
go
insert into KHTJJSGSMX (KHTJJSGSMX_GSBH,KHTJJSGSMX_FLBH,KHTJJSGSMX_CSBH,KHTJJSGSMX_CS,KHTJJSGSMX_DEMO) values( '9000600001','81532275-32ca-4a29-82ca-a786276a63dd','006','KSNY','开始年月')
go
insert into KHTJJSGSMX (KHTJJSGSMX_GSBH,KHTJJSGSMX_FLBH,KHTJJSGSMX_CSBH,KHTJJSGSMX_CS,KHTJJSGSMX_DEMO) values( '9000600001','463f926a-523e-47b1-9bfe-db73fb985136','007','JSNY','结束年月')
go
delete from KHTJJSGS where KHTJJSGS_GSBH='9000700001'
go
INSERT INTO KHTJJSGS(KHTJJSGS_GSBH,KHTJJSGS_MSXX,KHTJJSGS_DYLX,KHTJJSGS_GSLX,KHTJJSGS_LSLX,KHTJJSGS_JGLX,KHTJJSGS_JGCL,KHTJJSGS_FGC,KHTJJSGS_JSGS,KHTJJSGS_GSFL,KHTJJSGS_JSZ,KHTJJSGS_FZBH,KHTJJSGS_BZ,KHTJJSGS_ISNEW,KHTJJSGS_SQL,KHTJJSGS_SQL1,KHTJJSGS_SQL2,KHTJJSGS_SQL3,KHTJJSGS_SQL4,KHTJJSGS_SQL5,KHTJJSGS_SQL6,KHTJJSGS_SQL7,KHTJJSGS_SQL8,KHTJJSGS_SQL9,KHTJJSGS_SQL10,KHTJJSGS_SQL11,KHTJJSGS_SQL12,KHTJJSGS_SQL13,KHTJJSGS_SQL14,KHTJJSGS_SQL15,KHTJJSGS_SQL16,KHTJJSGS_LSBM1,KHTJJSGS_LSBM2,KHTJJSGS_CSLB,KHTJJSGS_CSLB1,KHTJJSGS_CSLB2,KHTJJSGS_MMGZ) values('9000700001','平均回款周期分析','U','T','0','D','C',' ','',' ','1','90007',' ','1','SP_SDB_PJHKZQ_90007(@KSRQ=:KSRQ,@JSRQ=:JSRQ,@KHNM=:KHNM,@GSID=:GSID,@QDLX=:QDLX,@BMNM=:BMNM,@USERID=:USERID)',' ',' ',' ',' ',' ',' ',' ',' ',' ',' ',' ',' ',' ',' ',' ',' ','',' ','#KSRQ:00C#JSRQ:00D#KHNM:C01#GSID:C02#QDLX:C03#BMNM:C05#USERID:C06#',' ',' ',' ')
go
delete from KHTJJSGSMX where KHTJJSGSMX_GSBH='9000700001'
go
insert into KHTJJSGSMX (KHTJJSGSMX_GSBH,KHTJJSGSMX_FLBH,KHTJJSGSMX_CSBH,KHTJJSGSMX_CS,KHTJJSGSMX_DEMO) values( '9000700001','537d7e17-ecd8-4721-987a-8aea4debc4a3','00C','KSRQ','开始日期')
go
insert into KHTJJSGSMX (KHTJJSGSMX_GSBH,KHTJJSGSMX_FLBH,KHTJJSGSMX_CSBH,KHTJJSGSMX_CS,KHTJJSGSMX_DEMO) values( '9000700001','b79cae26-28d8-4431-8d7a-652b4717a25a','00D','JSRQ','结束日期')
go
insert into KHTJJSGSMX (KHTJJSGSMX_GSBH,KHTJJSGSMX_FLBH,KHTJJSGSMX_CSBH,KHTJJSGSMX_CS,KHTJJSGSMX_DEMO) values( '9000700001','b0310c34-b0dc-4e35-96ed-d1bba5dd8f38','C01','KHNM','客户')
go
insert into KHTJJSGSMX (KHTJJSGSMX_GSBH,KHTJJSGSMX_FLBH,KHTJJSGSMX_CSBH,KHTJJSGSMX_CS,KHTJJSGSMX_DEMO) values( '9000700001','2c08d007-041e-4f92-b285-f765c23e79ef','C02','GSID','核算单位')
go
insert into KHTJJSGSMX (KHTJJSGSMX_GSBH,KHTJJSGSMX_FLBH,KHTJJSGSMX_CSBH,KHTJJSGSMX_CS,KHTJJSGSMX_DEMO) values( '9000700001','ac1a6717-08ca-42a2-b8ea-9058f2e2e3d8','C03','QDLX','事业部')
go
insert into KHTJJSGSMX (KHTJJSGSMX_GSBH,KHTJJSGSMX_FLBH,KHTJJSGSMX_CSBH,KHTJJSGSMX_CS,KHTJJSGSMX_DEMO) values( '9000700001','43125f6b-5854-497f-929c-ab31df5f66f3','C05','BMNM','部门编号')
go
insert into KHTJJSGSMX (KHTJJSGSMX_GSBH,KHTJJSGSMX_FLBH,KHTJJSGSMX_CSBH,KHTJJSGSMX_CS,KHTJJSGSMX_DEMO) values( '9000700001','a7b63ffb-6c9c-4ade-a435-f71e5b2ef1a2','C06','USERID','操作用户')
go
delete from KHTJJSGS where KHTJJSGS_GSBH='9000800001'
go
INSERT INTO KHTJJSGS(KHTJJSGS_GSBH,KHTJJSGS_MSXX,KHTJJSGS_DYLX,KHTJJSGS_GSLX,KHTJJSGS_LSLX,KHTJJSGS_JGLX,KHTJJSGS_JGCL,KHTJJSGS_FGC,KHTJJSGS_JSGS,KHTJJSGS_GSFL,KHTJJSGS_JSZ,KHTJJSGS_FZBH,KHTJJSGS_BZ,KHTJJSGS_ISNEW,KHTJJSGS_SQL,KHTJJSGS_SQL1,KHTJJSGS_SQL2,KHTJJSGS_SQL3,KHTJJSGS_SQL4,KHTJJSGS_SQL5,KHTJJSGS_SQL6,KHTJJSGS_SQL7,KHTJJSGS_SQL8,KHTJJSGS_SQL9,KHTJJSGS_SQL10,KHTJJSGS_SQL11,KHTJJSGS_SQL12,KHTJJSGS_SQL13,KHTJJSGS_SQL14,KHTJJSGS_SQL15,KHTJJSGS_SQL16,KHTJJSGS_LSBM1,KHTJJSGS_LSBM2,KHTJJSGS_CSLB,KHTJJSGS_CSLB1,KHTJJSGS_CSLB2,KHTJJSGS_MMGZ) values('9000800001','渠道成本分析','U','T','0','D','C',' ','',' ','1','90008',' ','1','SP_SDB_QDCBFX_90008(@KSRQ=:KSRQ,@JSRQ=:JSRQ,@KH=:KH,@GSID=:GSID,@SYB=:SYB,@DQ=:DQ,@BMBH=:BMBH,@USERID=:USERID)',' ',' ',' ',' ',' ',' ',' ',' ',' ',' ',' ',' ',' ',' ',' ',' ','',' ','#KSRQ:00C#JSRQ:00D#KH:C01#GSID:C02#SYB:C03#DQ:C04#BMBH:C05#USERID:C06#',' ',' ',' ')
go
delete from KHTJJSGSMX where KHTJJSGSMX_GSBH='9000800001'
go
insert into KHTJJSGSMX (KHTJJSGSMX_GSBH,KHTJJSGSMX_FLBH,KHTJJSGSMX_CSBH,KHTJJSGSMX_CS,KHTJJSGSMX_DEMO) values( '9000800001','6c10914a-1e2f-4084-8485-e5fd62ce0e44','00C','KSRQ',' ')
go
insert into KHTJJSGSMX (KHTJJSGSMX_GSBH,KHTJJSGSMX_FLBH,KHTJJSGSMX_CSBH,KHTJJSGSMX_CS,KHTJJSGSMX_DEMO) values( '9000800001','c4b0a802-17d3-4ca9-ac20-727c8b034279','00D','JSRQ',' ')
go
insert into KHTJJSGSMX (KHTJJSGSMX_GSBH,KHTJJSGSMX_FLBH,KHTJJSGSMX_CSBH,KHTJJSGSMX_CS,KHTJJSGSMX_DEMO) values( '9000800001','079b0638-e972-4889-9571-f1280a0b9ea5','C01','KH',' ')
go
insert into KHTJJSGSMX (KHTJJSGSMX_GSBH,KHTJJSGSMX_FLBH,KHTJJSGSMX_CSBH,KHTJJSGSMX_CS,KHTJJSGSMX_DEMO) values( '9000800001','780e4a7e-df1a-4882-ad14-b9e3ac273468','C02','GSID',' ')
go
insert into KHTJJSGSMX (KHTJJSGSMX_GSBH,KHTJJSGSMX_FLBH,KHTJJSGSMX_CSBH,KHTJJSGSMX_CS,KHTJJSGSMX_DEMO) values( '9000800001','df6c04ec-420b-4d87-88fd-0bcae6c8089e','C03','SYB',' ')
go
insert into KHTJJSGSMX (KHTJJSGSMX_GSBH,KHTJJSGSMX_FLBH,KHTJJSGSMX_CSBH,KHTJJSGSMX_CS,KHTJJSGSMX_DEMO) values( '9000800001','c06c6d9d-0daa-4bae-a796-f6f660d0da0f','C04','DQ',' ')
go
insert into KHTJJSGSMX (KHTJJSGSMX_GSBH,KHTJJSGSMX_FLBH,KHTJJSGSMX_CSBH,KHTJJSGSMX_CS,KHTJJSGSMX_DEMO) values( '9000800001','3e927eca-15cd-454c-b3ea-f43d292f2926','C05','BMBH',' ')
go
insert into KHTJJSGSMX (KHTJJSGSMX_GSBH,KHTJJSGSMX_FLBH,KHTJJSGSMX_CSBH,KHTJJSGSMX_CS,KHTJJSGSMX_DEMO) values( '9000800001','fff45e91-338d-44ad-8ba7-557625f2a072','C06','USERID',' ')
go
/*90009统计定义 */
/*GenerSoft 2002-2018*/
/*20191221 18:28:19*/
delete from TJCXDY where TJCXDY_BH=90009
go
insert into TJCXDY (TJCXDY_BH,TJCXDY_MC,TJCXDY_FZBH,TJCXDY_ZLBM,TJCXDY_SJHHG,TJCXDY_HBTLS,TJCXDY_LBTHG,TJCXDY_LBTHS,TJCXDY_JGZZ,TJCXDY_TBBZ,TJCXDY_ZLSQLFS,TJCXDY_URL,TJCXDY_DYLX,TJCXDY_GNBH,TJCXDY_GNMC,TJCXDY_YJBZ,TJCXDY_BZ ) values (90009,'往来明细查询','90009','9000900001',1,1,1,1,'N','0','L','','U','SDHTJ90009','往来明细查询','0','')
go
delete from LSGNZD where F_GNBH='SDHTJ90009'
go
insert into LSGNZD (F_GNBH,F_GNMC) values('SDHTJ90009','往来明细查询')
go
delete from LSGNZDEX where LSGNZDEX_GNBH='SDHTJ90009'
go
insert into LSGNZDEX(LSGNZDEX_GNBH,LSGNZDEX_URL,LSGNZDEX_XTYL,LSGNZDEX_LJBM,LSGNZDEX_DJLS,LSGNZDEX_HELPURL) values('SDHTJ90009','Genersoft_PS_Query/QueryByBH.aspx?QueryID=90009',' ',' ',' ',' ')
go
delete from TJCXCSDY where TJCXCSDY_BH=90009
go
insert into TJCXCSDY (TJCXCSDY_BH,TJCXCSDY_FLBH,TJCXCSDY_CSBH,TJCXCSDY_TITLE,TJCXCSDY_SFBT,TJCXCSDY_SFDX,TJCXCSDY_XH,TJCXCSDY_HELP,TJCXCSDY_BZBH,TJCXCSDY_TJ,TJCXCSDY_DEFAULT,TJCXCSDY_READONLY,TJCXCSDY_LIST,TJCXCSDY_DEPEND,TJCXCSDY_CHARTFILTER,TJCXCSDY_SQL) values(90009,'0001','00C','开始日期','0','0',10,' ',' ',' ',' ','0',' ',' ','0',' ')
go
insert into TJCXCSDY (TJCXCSDY_BH,TJCXCSDY_FLBH,TJCXCSDY_CSBH,TJCXCSDY_TITLE,TJCXCSDY_SFBT,TJCXCSDY_SFDX,TJCXCSDY_XH,TJCXCSDY_HELP,TJCXCSDY_BZBH,TJCXCSDY_TJ,TJCXCSDY_DEFAULT,TJCXCSDY_READONLY,TJCXCSDY_LIST,TJCXCSDY_DEPEND,TJCXCSDY_CHARTFILTER,TJCXCSDY_SQL) values(90009,'0002','00D','结束日期','0','0',20,' ',' ',' ',' ','0',' ',' ','0',' ')
go
insert into TJCXCSDY (TJCXCSDY_BH,TJCXCSDY_FLBH,TJCXCSDY_CSBH,TJCXCSDY_TITLE,TJCXCSDY_SFBT,TJCXCSDY_SFDX,TJCXCSDY_XH,TJCXCSDY_HELP,TJCXCSDY_BZBH,TJCXCSDY_TJ,TJCXCSDY_DEFAULT,TJCXCSDY_READONLY,TJCXCSDY_LIST,TJCXCSDY_DEPEND,TJCXCSDY_CHARTFILTER,TJCXCSDY_SQL) values(90009,'0003','C01','核算单位','0','0',30,'LSBZDW','YX01',' ',' ','0',' ',' ','0',' ')
go
insert into TJCXCSDY (TJCXCSDY_BH,TJCXCSDY_FLBH,TJCXCSDY_CSBH,TJCXCSDY_TITLE,TJCXCSDY_SFBT,TJCXCSDY_SFDX,TJCXCSDY_XH,TJCXCSDY_HELP,TJCXCSDY_BZBH,TJCXCSDY_TJ,TJCXCSDY_DEFAULT,TJCXCSDY_READONLY,TJCXCSDY_LIST,TJCXCSDY_DEPEND,TJCXCSDY_CHARTFILTER,TJCXCSDY_SQL) values(90009,'0004','C02','客户','0','0',40,'YXKHZD','YX1',' ',' ','0',' ',' ','0',' ')
go
insert into TJCXCSDY (TJCXCSDY_BH,TJCXCSDY_FLBH,TJCXCSDY_CSBH,TJCXCSDY_TITLE,TJCXCSDY_SFBT,TJCXCSDY_SFDX,TJCXCSDY_XH,TJCXCSDY_HELP,TJCXCSDY_BZBH,TJCXCSDY_TJ,TJCXCSDY_DEFAULT,TJCXCSDY_READONLY,TJCXCSDY_LIST,TJCXCSDY_DEPEND,TJCXCSDY_CHARTFILTER,TJCXCSDY_SQL) values(90009,'0005','C03','操作用户','0','0',50,' ',' ',' ','@USERID@','1',' ',' ','0',' ')
go
delete from TJCXXMDY where TJCXXMDY_CXBH=90009
go
insert into TJCXXMDY (TJCXXMDY_CXBH,TJCXXMDY_FLBH,TJCXXMDY_LH,TJCXXMDY_JSXH,TJCXXMDY_LK,TJCXXMDY_SPDQ,TJCXXMDY_JGLX,TJCXXMDY_XSGS,TJCXXMDY_SFZL,TJCXXMDY_CXZDM,TJCXXMDY_XJF,TJCXXMDY_BZ,TJCXXMDY_LYLX,TJCXXMDY_LYGS) values(90009,'B9AAF865-8858-484E-BD79-491F67596A30',10,10,2.2,'L','S',' ','Y','F_GSID','N','Y','S',' ')
go
insert into TJCXXMDY (TJCXXMDY_CXBH,TJCXXMDY_FLBH,TJCXXMDY_LH,TJCXXMDY_JSXH,TJCXXMDY_LK,TJCXXMDY_SPDQ,TJCXXMDY_JGLX,TJCXXMDY_XSGS,TJCXXMDY_SFZL,TJCXXMDY_CXZDM,TJCXXMDY_XJF,TJCXXMDY_BZ,TJCXXMDY_LYLX,TJCXXMDY_LYGS) values(90009,'DB6D115E-58CF-4758-863A-83535C631BF9',20,20,2,'L','S',' ','Y','F_KH','N','Y','S',' ')
go
insert into TJCXXMDY (TJCXXMDY_CXBH,TJCXXMDY_FLBH,TJCXXMDY_LH,TJCXXMDY_JSXH,TJCXXMDY_LK,TJCXXMDY_SPDQ,TJCXXMDY_JGLX,TJCXXMDY_XSGS,TJCXXMDY_SFZL,TJCXXMDY_CXZDM,TJCXXMDY_XJF,TJCXXMDY_BZ,TJCXXMDY_LYLX,TJCXXMDY_LYGS) values(90009,'76DC4D8B-3D0E-4A0F-A95B-1E5AC43E6844',30,30,2,'L','S',' ','Y','F_SYB','N','Y','S',' ')
go
insert into TJCXXMDY (TJCXXMDY_CXBH,TJCXXMDY_FLBH,TJCXXMDY_LH,TJCXXMDY_JSXH,TJCXXMDY_LK,TJCXXMDY_SPDQ,TJCXXMDY_JGLX,TJCXXMDY_XSGS,TJCXXMDY_SFZL,TJCXXMDY_CXZDM,TJCXXMDY_XJF,TJCXXMDY_BZ,TJCXXMDY_LYLX,TJCXXMDY_LYGS) values(90009,'CD135D85-CCF1-405D-807D-FB004E6304DB',40,40,3.2,'L','S',' ','Y','F_DQ','N','Y','S',' ')
go
insert into TJCXXMDY (TJCXXMDY_CXBH,TJCXXMDY_FLBH,TJCXXMDY_LH,TJCXXMDY_JSXH,TJCXXMDY_LK,TJCXXMDY_SPDQ,TJCXXMDY_JGLX,TJCXXMDY_XSGS,TJCXXMDY_SFZL,TJCXXMDY_CXZDM,TJCXXMDY_XJF,TJCXXMDY_BZ,TJCXXMDY_LYLX,TJCXXMDY_LYGS) values(90009,'BF45077C-00FC-4928-804D-BAB8824F8556',50,50,6,'L','S',' ','Y','F_BM','N','Y','S',' ')
go
insert into TJCXXMDY (TJCXXMDY_CXBH,TJCXXMDY_FLBH,TJCXXMDY_LH,TJCXXMDY_JSXH,TJCXXMDY_LK,TJCXXMDY_SPDQ,TJCXXMDY_JGLX,TJCXXMDY_XSGS,TJCXXMDY_SFZL,TJCXXMDY_CXZDM,TJCXXMDY_XJF,TJCXXMDY_BZ,TJCXXMDY_LYLX,TJCXXMDY_LYGS) values(90009,'ADB5C9D6-85EE-4E83-9A59-6F3C9B1250AA',60,60,3,'L','S',' ','Y','F_RQ','N','Y','S',' ')
go
insert into TJCXXMDY (TJCXXMDY_CXBH,TJCXXMDY_FLBH,TJCXXMDY_LH,TJCXXMDY_JSXH,TJCXXMDY_LK,TJCXXMDY_SPDQ,TJCXXMDY_JGLX,TJCXXMDY_XSGS,TJCXXMDY_SFZL,TJCXXMDY_CXZDM,TJCXXMDY_XJF,TJCXXMDY_BZ,TJCXXMDY_LYLX,TJCXXMDY_LYGS) values(90009,'6D5434A6-578F-4808-A3F1-A3B9AC7B11EB',70,70,0,'L','S',' ','Y','F_FHSL','N','Y','S',' ')
go
insert into TJCXXMDY (TJCXXMDY_CXBH,TJCXXMDY_FLBH,TJCXXMDY_LH,TJCXXMDY_JSXH,TJCXXMDY_LK,TJCXXMDY_SPDQ,TJCXXMDY_JGLX,TJCXXMDY_XSGS,TJCXXMDY_SFZL,TJCXXMDY_CXZDM,TJCXXMDY_XJF,TJCXXMDY_BZ,TJCXXMDY_LYLX,TJCXXMDY_LYGS) values(90009,'49E4658E-1B50-45E5-8B79-6358E3E5E354',72,72,4,'L','S',' ','Y','F_FHJE','N','Y','S',' ')
go
insert into TJCXXMDY (TJCXXMDY_CXBH,TJCXXMDY_FLBH,TJCXXMDY_LH,TJCXXMDY_JSXH,TJCXXMDY_LK,TJCXXMDY_SPDQ,TJCXXMDY_JGLX,TJCXXMDY_XSGS,TJCXXMDY_SFZL,TJCXXMDY_CXZDM,TJCXXMDY_XJF,TJCXXMDY_BZ,TJCXXMDY_LYLX,TJCXXMDY_LYGS) values(90009,'A6779D55-8F71-4992-B570-D71623E0C403',74,74,4,'L','S',' ','Y','F_HKJE','N','Y','S',' ')
go
delete from TJCXXMBT where TJCXXMBT_CXBH=90009
go
insert into TJCXXMBT(TJCXXMBT_CXBH,TJCXXMBT_FLBH,TJCXXMBT_LH,TJCXXMBT_HH,TJCXXMBT_BTMC,TJCXXMBT_HBFX) values(90009,'2EDBCDF6-393F-4C3C-AFEA-DC5A3202BEAD',10,1,'核算单位','D')
go
insert into TJCXXMBT(TJCXXMBT_CXBH,TJCXXMBT_FLBH,TJCXXMBT_LH,TJCXXMBT_HH,TJCXXMBT_BTMC,TJCXXMBT_HBFX) values(90009,'9C64A42F-707E-44C1-9D36-ACB75C4883D7',20,1,'客户','D')
go
insert into TJCXXMBT(TJCXXMBT_CXBH,TJCXXMBT_FLBH,TJCXXMBT_LH,TJCXXMBT_HH,TJCXXMBT_BTMC,TJCXXMBT_HBFX) values(90009,'2CB1C6D9-96A7-4A69-B64C-6688E400C1B2',30,1,'事业部','D')
go
insert into TJCXXMBT(TJCXXMBT_CXBH,TJCXXMBT_FLBH,TJCXXMBT_LH,TJCXXMBT_HH,TJCXXMBT_BTMC,TJCXXMBT_HBFX) values(90009,'949094B1-9C13-497A-BC5F-962304FCE30F',40,1,'大区','D')
go
insert into TJCXXMBT(TJCXXMBT_CXBH,TJCXXMBT_FLBH,TJCXXMBT_LH,TJCXXMBT_HH,TJCXXMBT_BTMC,TJCXXMBT_HBFX) values(90009,'E99E703D-BA83-4CD0-925C-59BB554CF787',50,1,'部门','D')
go
insert into TJCXXMBT(TJCXXMBT_CXBH,TJCXXMBT_FLBH,TJCXXMBT_LH,TJCXXMBT_HH,TJCXXMBT_BTMC,TJCXXMBT_HBFX) values(90009,'4A45300D-8CEA-48B8-B760-3831411B2CDF',60,1,'日期','D')
go
insert into TJCXXMBT(TJCXXMBT_CXBH,TJCXXMBT_FLBH,TJCXXMBT_LH,TJCXXMBT_HH,TJCXXMBT_BTMC,TJCXXMBT_HBFX) values(90009,'7D9FEB4A-4099-48C2-BEEA-E7A5B3DF15B0',70,1,'发货数量','D')
go
insert into TJCXXMBT(TJCXXMBT_CXBH,TJCXXMBT_FLBH,TJCXXMBT_LH,TJCXXMBT_HH,TJCXXMBT_BTMC,TJCXXMBT_HBFX) values(90009,'544DB543-9441-4CE6-82AD-5E5D3CB6324E',72,1,'发货金额','N')
go
insert into TJCXXMBT(TJCXXMBT_CXBH,TJCXXMBT_FLBH,TJCXXMBT_LH,TJCXXMBT_HH,TJCXXMBT_BTMC,TJCXXMBT_HBFX) values(90009,'DB78837A-12AF-4CFA-AF0F-E9BBDB6BFF92',74,1,'回款金额','D')
go
delete from KHTJJSGS where KHTJJSGS_GSBH='9000100001'
go
INSERT INTO KHTJJSGS(KHTJJSGS_GSBH,KHTJJSGS_MSXX,KHTJJSGS_DYLX,KHTJJSGS_GSLX,KHTJJSGS_LSLX,KHTJJSGS_JGLX,KHTJJSGS_JGCL,KHTJJSGS_FGC,KHTJJSGS_JSGS,KHTJJSGS_GSFL,KHTJJSGS_JSZ,KHTJJSGS_FZBH,KHTJJSGS_BZ,KHTJJSGS_ISNEW,KHTJJSGS_SQL,KHTJJSGS_SQL1,KHTJJSGS_SQL2,KHTJJSGS_SQL3,KHTJJSGS_SQL4,KHTJJSGS_SQL5,KHTJJSGS_SQL6,KHTJJSGS_SQL7,KHTJJSGS_SQL8,KHTJJSGS_SQL9,KHTJJSGS_SQL10,KHTJJSGS_SQL11,KHTJJSGS_SQL12,KHTJJSGS_SQL13,KHTJJSGS_SQL14,KHTJJSGS_SQL15,KHTJJSGS_SQL16,KHTJJSGS_LSBM1,KHTJJSGS_LSBM2,KHTJJSGS_CSLB,KHTJJSGS_CSLB1,KHTJJSGS_CSLB2,KHTJJSGS_MMGZ) values('9000100001','客户信息报表','U','T','0','D','C',' ','',' ','1','90001',' ','1','SP_SDB_KHXXBB_90001(@GSID=:GSID,@KH=:KH,@DQ=:DQ,@USERID=:USERID)',' ',' ',' ',' ',' ',' ',' ',' ',' ',' ',' ',' ',' ',' ',' ',' ','',' ','#GSID:C01#DQ:C02#KH:C03#USERID:C04#',' ',' ',' ')
go
delete from KHTJJSGSMX where KHTJJSGSMX_GSBH='9000100001'
go
insert into KHTJJSGSMX (KHTJJSGSMX_GSBH,KHTJJSGSMX_FLBH,KHTJJSGSMX_CSBH,KHTJJSGSMX_CS,KHTJJSGSMX_DEMO) values( '9000100001','9c34d07a-76eb-43f3-bd85-fb628ae2d8ed','C01','GSID','核算单位')
go
insert into KHTJJSGSMX (KHTJJSGSMX_GSBH,KHTJJSGSMX_FLBH,KHTJJSGSMX_CSBH,KHTJJSGSMX_CS,KHTJJSGSMX_DEMO) values( '9000100001','c11ae208-1a9f-4252-acd3-9ef49814fc45','C02','DQ','地区')
go
insert into KHTJJSGSMX (KHTJJSGSMX_GSBH,KHTJJSGSMX_FLBH,KHTJJSGSMX_CSBH,KHTJJSGSMX_CS,KHTJJSGSMX_DEMO) values( '9000100001','717f35ac-601a-4bc7-aff3-7306664daa3a','C03','KH','客户')
go
insert into KHTJJSGSMX (KHTJJSGSMX_GSBH,KHTJJSGSMX_FLBH,KHTJJSGSMX_CSBH,KHTJJSGSMX_CS,KHTJJSGSMX_DEMO) values( '9000100001','274e5bbf-0cfd-462d-92dd-f60014764553','C04','USERID',' ')
go
delete from KHTJJSGS where KHTJJSGS_GSBH='9000200001'
go
INSERT INTO KHTJJSGS(KHTJJSGS_GSBH,KHTJJSGS_MSXX,KHTJJSGS_DYLX,KHTJJSGS_GSLX,KHTJJSGS_LSLX,KHTJJSGS_JGLX,KHTJJSGS_JGCL,KHTJJSGS_FGC,KHTJJSGS_JSGS,KHTJJSGS_GSFL,KHTJJSGS_JSZ,KHTJJSGS_FZBH,KHTJJSGS_BZ,KHTJJSGS_ISNEW,KHTJJSGS_SQL,KHTJJSGS_SQL1,KHTJJSGS_SQL2,KHTJJSGS_SQL3,KHTJJSGS_SQL4,KHTJJSGS_SQL5,KHTJJSGS_SQL6,KHTJJSGS_SQL7,KHTJJSGS_SQL8,KHTJJSGS_SQL9,KHTJJSGS_SQL10,KHTJJSGS_SQL11,KHTJJSGS_SQL12,KHTJJSGS_SQL13,KHTJJSGS_SQL14,KHTJJSGS_SQL15,KHTJJSGS_SQL16,KHTJJSGS_LSBM1,KHTJJSGS_LSBM2,KHTJJSGS_CSLB,KHTJJSGS_CSLB1,KHTJJSGS_CSLB2,KHTJJSGS_MMGZ) values('9000200001','账龄分析销售部','U','T','0','D','C',' ','',' ','1','90002',' ','1','SP_SDB_ZLFX_90002(@GSID=:GSID,@BMNM=:BMNM,@QDLX=:QDLX,@KHNM=:KHNM,@SFQD=:SFQD,@SFKH=:SFKH,@USERID=:USERID)',' ',' ',' ',' ',' ',' ',' ',' ',' ',' ',' ',' ',' ',' ',' ',' ','',' ','#GSID:C01#BMNM:C02#QDLX:C03#KHNM:C04#SFQD:C07#SFKH:C08#USERID:C11#',' ',' ',' ')
go
delete from KHTJJSGSMX where KHTJJSGSMX_GSBH='9000200001'
go
insert into KHTJJSGSMX (KHTJJSGSMX_GSBH,KHTJJSGSMX_FLBH,KHTJJSGSMX_CSBH,KHTJJSGSMX_CS,KHTJJSGSMX_DEMO) values( '9000200001','5ed22041-30a5-415c-b0fd-ad7ff91c21ba','C01','GSID','核算单位')
go
insert into KHTJJSGSMX (KHTJJSGSMX_GSBH,KHTJJSGSMX_FLBH,KHTJJSGSMX_CSBH,KHTJJSGSMX_CS,KHTJJSGSMX_DEMO) values( '9000200001','7a4402d8-7921-4ffd-976a-b304815fc8fe','C02','BMNM','办事处')
go
insert into KHTJJSGSMX (KHTJJSGSMX_GSBH,KHTJJSGSMX_FLBH,KHTJJSGSMX_CSBH,KHTJJSGSMX_CS,KHTJJSGSMX_DEMO) values( '9000200001','70d16a32-6cd8-4eaf-bb69-59dfe90e0a0a','C03','QDLX','渠道')
go
insert into KHTJJSGSMX (KHTJJSGSMX_GSBH,KHTJJSGSMX_FLBH,KHTJJSGSMX_CSBH,KHTJJSGSMX_CS,KHTJJSGSMX_DEMO) values( '9000200001','09c79086-99d5-4612-98c2-62c00b257954','C04','KHNM','客户')
go
insert into KHTJJSGSMX (KHTJJSGSMX_GSBH,KHTJJSGSMX_FLBH,KHTJJSGSMX_CSBH,KHTJJSGSMX_CS,KHTJJSGSMX_DEMO) values( '9000200001','254e3ff7-599a-4aa6-a5f3-a0ec1eb3e4e2','C07','SFQD','是否显示渠道')
go
insert into KHTJJSGSMX (KHTJJSGSMX_GSBH,KHTJJSGSMX_FLBH,KHTJJSGSMX_CSBH,KHTJJSGSMX_CS,KHTJJSGSMX_DEMO) values( '9000200001','8f68e63f-5b5f-486a-ae3d-7390176ecc39','C08','SFKH','是否显示客户')
go
insert into KHTJJSGSMX (KHTJJSGSMX_GSBH,KHTJJSGSMX_FLBH,KHTJJSGSMX_CSBH,KHTJJSGSMX_CS,KHTJJSGSMX_DEMO) values( '9000200001','5ec1dea0-03f5-4c77-812a-b8cee2af920b','C11','USERID','操作用户')
go
delete from KHTJJSGS where KHTJJSGS_GSBH='9000500001'
go
INSERT INTO KHTJJSGS(KHTJJSGS_GSBH,KHTJJSGS_MSXX,KHTJJSGS_DYLX,KHTJJSGS_GSLX,KHTJJSGS_LSLX,KHTJJSGS_JGLX,KHTJJSGS_JGCL,KHTJJSGS_FGC,KHTJJSGS_JSGS,KHTJJSGS_GSFL,KHTJJSGS_JSZ,KHTJJSGS_FZBH,KHTJJSGS_BZ,KHTJJSGS_ISNEW,KHTJJSGS_SQL,KHTJJSGS_SQL1,KHTJJSGS_SQL2,KHTJJSGS_SQL3,KHTJJSGS_SQL4,KHTJJSGS_SQL5,KHTJJSGS_SQL6,KHTJJSGS_SQL7,KHTJJSGS_SQL8,KHTJJSGS_SQL9,KHTJJSGS_SQL10,KHTJJSGS_SQL11,KHTJJSGS_SQL12,KHTJJSGS_SQL13,KHTJJSGS_SQL14,KHTJJSGS_SQL15,KHTJJSGS_SQL16,KHTJJSGS_LSBM1,KHTJJSGS_LSBM2,KHTJJSGS_CSLB,KHTJJSGS_CSLB1,KHTJJSGS_CSLB2,KHTJJSGS_MMGZ) values('9000500001','账龄分析（商务）','U','T','0','D','C',' ','',' ','1','90005',' ','1','SP_SDB_ZLFX_90005(@NY=:NY,@GSID=:GSID,@QDLX=:QDLX,@BMNM=:BMNM,@KHNM=:KHNM,@USERID=:USERID)',' ',' ',' ',' ',' ',' ',' ',' ',' ',' ',' ',' ',' ',' ',' ',' ','',' ','#NY:008#QDLX:C03#GSID:C01#BMNM:C05#KHNM:C02#USERID:C04#',' ',' ',' ')
go
delete from KHTJJSGSMX where KHTJJSGSMX_GSBH='9000500001'
go
insert into KHTJJSGSMX (KHTJJSGSMX_GSBH,KHTJJSGSMX_FLBH,KHTJJSGSMX_CSBH,KHTJJSGSMX_CS,KHTJJSGSMX_DEMO) values( '9000500001','02972f72-160f-4bbb-925a-d44b641f037e','008','NY','查询年月')
go
insert into KHTJJSGSMX (KHTJJSGSMX_GSBH,KHTJJSGSMX_FLBH,KHTJJSGSMX_CSBH,KHTJJSGSMX_CS,KHTJJSGSMX_DEMO) values( '9000500001','bc6187c3-429d-4641-87b6-ab1bfc684988','C03','QDLX','事业部')
go
insert into KHTJJSGSMX (KHTJJSGSMX_GSBH,KHTJJSGSMX_FLBH,KHTJJSGSMX_CSBH,KHTJJSGSMX_CS,KHTJJSGSMX_DEMO) values( '9000500001','1403540d-3181-47db-84a8-58d8ad17f1b7','C01','GSID','核算单位')
go
insert into KHTJJSGSMX (KHTJJSGSMX_GSBH,KHTJJSGSMX_FLBH,KHTJJSGSMX_CSBH,KHTJJSGSMX_CS,KHTJJSGSMX_DEMO) values( '9000500001','cfcd778e-9138-4e28-bec6-fc428131af0b','C05','BMNM','部门')
go
insert into KHTJJSGSMX (KHTJJSGSMX_GSBH,KHTJJSGSMX_FLBH,KHTJJSGSMX_CSBH,KHTJJSGSMX_CS,KHTJJSGSMX_DEMO) values( '9000500001','16f38f50-1e08-4dd1-b786-2aaef2553a65','C02','KHNM','客户名称')
go
insert into KHTJJSGSMX (KHTJJSGSMX_GSBH,KHTJJSGSMX_FLBH,KHTJJSGSMX_CSBH,KHTJJSGSMX_CS,KHTJJSGSMX_DEMO) values( '9000500001','9b51ab21-aa1b-4fb4-bd47-000a4fcc5eec','C04','USERID','用户')
go
delete from KHTJJSGS where KHTJJSGS_GSBH='9000600001'
go
INSERT INTO KHTJJSGS(KHTJJSGS_GSBH,KHTJJSGS_MSXX,KHTJJSGS_DYLX,KHTJJSGS_GSLX,KHTJJSGS_LSLX,KHTJJSGS_JGLX,KHTJJSGS_JGCL,KHTJJSGS_FGC,KHTJJSGS_JSGS,KHTJJSGS_GSFL,KHTJJSGS_JSZ,KHTJJSGS_FZBH,KHTJJSGS_BZ,KHTJJSGS_ISNEW,KHTJJSGS_SQL,KHTJJSGS_SQL1,KHTJJSGS_SQL2,KHTJJSGS_SQL3,KHTJJSGS_SQL4,KHTJJSGS_SQL5,KHTJJSGS_SQL6,KHTJJSGS_SQL7,KHTJJSGS_SQL8,KHTJJSGS_SQL9,KHTJJSGS_SQL10,KHTJJSGS_SQL11,KHTJJSGS_SQL12,KHTJJSGS_SQL13,KHTJJSGS_SQL14,KHTJJSGS_SQL15,KHTJJSGS_SQL16,KHTJJSGS_LSBM1,KHTJJSGS_LSBM2,KHTJJSGS_CSLB,KHTJJSGS_CSLB1,KHTJJSGS_CSLB2,KHTJJSGS_MMGZ) values('9000600001','发货回款趋势分析','U','T','0','D','C',' ','',' ','1','90006',' ','1','SP_SDB_FHHKQSFX_90006_NEW(@KSNY=:KSNY,@JSNY=:JSNY,@GSID=:GSID,@QDLX=:QDLX,@BMNM=:BMNM,@KHNM=:KHNM,@SFGSID=:SFGSID,@SFQDLX=:SFQDLX,@SFBMNM=:SFBMNM,@SFKH=:SFKH,@USERID=:USERID)',' ',' ',' ',' ',' ',' ',' ',' ',' ',' ',' ',' ',' ',' ',' ',' ','',' ','#GSID:C01#QDLX:C02#BMNM:C04#KHNM:C05#SFGSID:C06#SFQDLX:C07#SFBMNM:C09#SFKH:C10#USERID:C11#KSNY:006#JSNY:007#',' ',' ',' ')
go
delete from KHTJJSGSMX where KHTJJSGSMX_GSBH='9000600001'
go
insert into KHTJJSGSMX (KHTJJSGSMX_GSBH,KHTJJSGSMX_FLBH,KHTJJSGSMX_CSBH,KHTJJSGSMX_CS,KHTJJSGSMX_DEMO) values( '9000600001','e079ea02-6bf7-4948-9fa0-cd534d0abd8f','C01','GSID','核算单位')
go
insert into KHTJJSGSMX (KHTJJSGSMX_GSBH,KHTJJSGSMX_FLBH,KHTJJSGSMX_CSBH,KHTJJSGSMX_CS,KHTJJSGSMX_DEMO) values( '9000600001','d84caaa1-6bf0-49ba-be1f-59c9b175409a','C02','QDLX','渠道类型')
go
insert into KHTJJSGSMX (KHTJJSGSMX_GSBH,KHTJJSGSMX_FLBH,KHTJJSGSMX_CSBH,KHTJJSGSMX_CS,KHTJJSGSMX_DEMO) values( '9000600001','438821db-6aea-462b-8d47-2c619534e16d','C04','BMNM','部门内码')
go
insert into KHTJJSGSMX (KHTJJSGSMX_GSBH,KHTJJSGSMX_FLBH,KHTJJSGSMX_CSBH,KHTJJSGSMX_CS,KHTJJSGSMX_DEMO) values( '9000600001','33c5aa38-d8b7-4d30-8e0e-3df616e7e6c8','C05','KHNM','客户')
go
insert into KHTJJSGSMX (KHTJJSGSMX_GSBH,KHTJJSGSMX_FLBH,KHTJJSGSMX_CSBH,KHTJJSGSMX_CS,KHTJJSGSMX_DEMO) values( '9000600001','3f7341f0-0085-42b6-9736-15df90abfd2a','C06','SFGSID','是否显示核算单位')
go
insert into KHTJJSGSMX (KHTJJSGSMX_GSBH,KHTJJSGSMX_FLBH,KHTJJSGSMX_CSBH,KHTJJSGSMX_CS,KHTJJSGSMX_DEMO) values( '9000600001','ac5490e4-4f48-4883-9002-c2b186d7c070','C07','SFQDLX','是否显示渠道类型')
go
insert into KHTJJSGSMX (KHTJJSGSMX_GSBH,KHTJJSGSMX_FLBH,KHTJJSGSMX_CSBH,KHTJJSGSMX_CS,KHTJJSGSMX_DEMO) values( '9000600001','6b1ce20c-c256-4803-b083-9ad6e88dd4b3','C09','SFBMNM','是否显示办事处')
go
insert into KHTJJSGSMX (KHTJJSGSMX_GSBH,KHTJJSGSMX_FLBH,KHTJJSGSMX_CSBH,KHTJJSGSMX_CS,KHTJJSGSMX_DEMO) values( '9000600001','81105103-e11b-43b5-987f-937e0761de40','C10','SFKH','是否显示客户')
go
insert into KHTJJSGSMX (KHTJJSGSMX_GSBH,KHTJJSGSMX_FLBH,KHTJJSGSMX_CSBH,KHTJJSGSMX_CS,KHTJJSGSMX_DEMO) values( '9000600001','15e0d366-f4a4-49c7-a288-d4a90d0455d2','C11','USERID','操作用户')
go
insert into KHTJJSGSMX (KHTJJSGSMX_GSBH,KHTJJSGSMX_FLBH,KHTJJSGSMX_CSBH,KHTJJSGSMX_CS,KHTJJSGSMX_DEMO) values( '9000600001','81532275-32ca-4a29-82ca-a786276a63dd','006','KSNY','开始年月')
go
insert into KHTJJSGSMX (KHTJJSGSMX_GSBH,KHTJJSGSMX_FLBH,KHTJJSGSMX_CSBH,KHTJJSGSMX_CS,KHTJJSGSMX_DEMO) values( '9000600001','463f926a-523e-47b1-9bfe-db73fb985136','007','JSNY','结束年月')
go
delete from KHTJJSGS where KHTJJSGS_GSBH='9000700001'
go
INSERT INTO KHTJJSGS(KHTJJSGS_GSBH,KHTJJSGS_MSXX,KHTJJSGS_DYLX,KHTJJSGS_GSLX,KHTJJSGS_LSLX,KHTJJSGS_JGLX,KHTJJSGS_JGCL,KHTJJSGS_FGC,KHTJJSGS_JSGS,KHTJJSGS_GSFL,KHTJJSGS_JSZ,KHTJJSGS_FZBH,KHTJJSGS_BZ,KHTJJSGS_ISNEW,KHTJJSGS_SQL,KHTJJSGS_SQL1,KHTJJSGS_SQL2,KHTJJSGS_SQL3,KHTJJSGS_SQL4,KHTJJSGS_SQL5,KHTJJSGS_SQL6,KHTJJSGS_SQL7,KHTJJSGS_SQL8,KHTJJSGS_SQL9,KHTJJSGS_SQL10,KHTJJSGS_SQL11,KHTJJSGS_SQL12,KHTJJSGS_SQL13,KHTJJSGS_SQL14,KHTJJSGS_SQL15,KHTJJSGS_SQL16,KHTJJSGS_LSBM1,KHTJJSGS_LSBM2,KHTJJSGS_CSLB,KHTJJSGS_CSLB1,KHTJJSGS_CSLB2,KHTJJSGS_MMGZ) values('9000700001','平均回款周期分析','U','T','0','D','C',' ','',' ','1','90007',' ','1','SP_SDB_PJHKZQ_90007(@KSRQ=:KSRQ,@JSRQ=:JSRQ,@KHNM=:KHNM,@GSID=:GSID,@QDLX=:QDLX,@BMNM=:BMNM,@USERID=:USERID)',' ',' ',' ',' ',' ',' ',' ',' ',' ',' ',' ',' ',' ',' ',' ',' ','',' ','#KSRQ:00C#JSRQ:00D#KHNM:C01#GSID:C02#QDLX:C03#BMNM:C05#USERID:C06#',' ',' ',' ')
go
delete from KHTJJSGSMX where KHTJJSGSMX_GSBH='9000700001'
go
insert into KHTJJSGSMX (KHTJJSGSMX_GSBH,KHTJJSGSMX_FLBH,KHTJJSGSMX_CSBH,KHTJJSGSMX_CS,KHTJJSGSMX_DEMO) values( '9000700001','537d7e17-ecd8-4721-987a-8aea4debc4a3','00C','KSRQ','开始日期')
go
insert into KHTJJSGSMX (KHTJJSGSMX_GSBH,KHTJJSGSMX_FLBH,KHTJJSGSMX_CSBH,KHTJJSGSMX_CS,KHTJJSGSMX_DEMO) values( '9000700001','b79cae26-28d8-4431-8d7a-652b4717a25a','00D','JSRQ','结束日期')
go
insert into KHTJJSGSMX (KHTJJSGSMX_GSBH,KHTJJSGSMX_FLBH,KHTJJSGSMX_CSBH,KHTJJSGSMX_CS,KHTJJSGSMX_DEMO) values( '9000700001','b0310c34-b0dc-4e35-96ed-d1bba5dd8f38','C01','KHNM','客户')
go
insert into KHTJJSGSMX (KHTJJSGSMX_GSBH,KHTJJSGSMX_FLBH,KHTJJSGSMX_CSBH,KHTJJSGSMX_CS,KHTJJSGSMX_DEMO) values( '9000700001','2c08d007-041e-4f92-b285-f765c23e79ef','C02','GSID','核算单位')
go
insert into KHTJJSGSMX (KHTJJSGSMX_GSBH,KHTJJSGSMX_FLBH,KHTJJSGSMX_CSBH,KHTJJSGSMX_CS,KHTJJSGSMX_DEMO) values( '9000700001','ac1a6717-08ca-42a2-b8ea-9058f2e2e3d8','C03','QDLX','事业部')
go
insert into KHTJJSGSMX (KHTJJSGSMX_GSBH,KHTJJSGSMX_FLBH,KHTJJSGSMX_CSBH,KHTJJSGSMX_CS,KHTJJSGSMX_DEMO) values( '9000700001','43125f6b-5854-497f-929c-ab31df5f66f3','C05','BMNM','部门编号')
go
insert into KHTJJSGSMX (KHTJJSGSMX_GSBH,KHTJJSGSMX_FLBH,KHTJJSGSMX_CSBH,KHTJJSGSMX_CS,KHTJJSGSMX_DEMO) values( '9000700001','a7b63ffb-6c9c-4ade-a435-f71e5b2ef1a2','C06','USERID','操作用户')
go
delete from KHTJJSGS where KHTJJSGS_GSBH='9000800001'
go
INSERT INTO KHTJJSGS(KHTJJSGS_GSBH,KHTJJSGS_MSXX,KHTJJSGS_DYLX,KHTJJSGS_GSLX,KHTJJSGS_LSLX,KHTJJSGS_JGLX,KHTJJSGS_JGCL,KHTJJSGS_FGC,KHTJJSGS_JSGS,KHTJJSGS_GSFL,KHTJJSGS_JSZ,KHTJJSGS_FZBH,KHTJJSGS_BZ,KHTJJSGS_ISNEW,KHTJJSGS_SQL,KHTJJSGS_SQL1,KHTJJSGS_SQL2,KHTJJSGS_SQL3,KHTJJSGS_SQL4,KHTJJSGS_SQL5,KHTJJSGS_SQL6,KHTJJSGS_SQL7,KHTJJSGS_SQL8,KHTJJSGS_SQL9,KHTJJSGS_SQL10,KHTJJSGS_SQL11,KHTJJSGS_SQL12,KHTJJSGS_SQL13,KHTJJSGS_SQL14,KHTJJSGS_SQL15,KHTJJSGS_SQL16,KHTJJSGS_LSBM1,KHTJJSGS_LSBM2,KHTJJSGS_CSLB,KHTJJSGS_CSLB1,KHTJJSGS_CSLB2,KHTJJSGS_MMGZ) values('9000800001','渠道成本分析','U','T','0','D','C',' ','',' ','1','90008',' ','1','SP_SDB_QDCBFX_90008(@KSRQ=:KSRQ,@JSRQ=:JSRQ,@KH=:KH,@GSID=:GSID,@SYB=:SYB,@DQ=:DQ,@BMBH=:BMBH,@USERID=:USERID)',' ',' ',' ',' ',' ',' ',' ',' ',' ',' ',' ',' ',' ',' ',' ',' ','',' ','#KSRQ:00C#JSRQ:00D#KH:C01#GSID:C02#SYB:C03#DQ:C04#BMBH:C05#USERID:C06#',' ',' ',' ')
go
delete from KHTJJSGSMX where KHTJJSGSMX_GSBH='9000800001'
go
insert into KHTJJSGSMX (KHTJJSGSMX_GSBH,KHTJJSGSMX_FLBH,KHTJJSGSMX_CSBH,KHTJJSGSMX_CS,KHTJJSGSMX_DEMO) values( '9000800001','6c10914a-1e2f-4084-8485-e5fd62ce0e44','00C','KSRQ',' ')
go
insert into KHTJJSGSMX (KHTJJSGSMX_GSBH,KHTJJSGSMX_FLBH,KHTJJSGSMX_CSBH,KHTJJSGSMX_CS,KHTJJSGSMX_DEMO) values( '9000800001','c4b0a802-17d3-4ca9-ac20-727c8b034279','00D','JSRQ',' ')
go
insert into KHTJJSGSMX (KHTJJSGSMX_GSBH,KHTJJSGSMX_FLBH,KHTJJSGSMX_CSBH,KHTJJSGSMX_CS,KHTJJSGSMX_DEMO) values( '9000800001','079b0638-e972-4889-9571-f1280a0b9ea5','C01','KH',' ')
go
insert into KHTJJSGSMX (KHTJJSGSMX_GSBH,KHTJJSGSMX_FLBH,KHTJJSGSMX_CSBH,KHTJJSGSMX_CS,KHTJJSGSMX_DEMO) values( '9000800001','780e4a7e-df1a-4882-ad14-b9e3ac273468','C02','GSID',' ')
go
insert into KHTJJSGSMX (KHTJJSGSMX_GSBH,KHTJJSGSMX_FLBH,KHTJJSGSMX_CSBH,KHTJJSGSMX_CS,KHTJJSGSMX_DEMO) values( '9000800001','df6c04ec-420b-4d87-88fd-0bcae6c8089e','C03','SYB',' ')
go
insert into KHTJJSGSMX (KHTJJSGSMX_GSBH,KHTJJSGSMX_FLBH,KHTJJSGSMX_CSBH,KHTJJSGSMX_CS,KHTJJSGSMX_DEMO) values( '9000800001','c06c6d9d-0daa-4bae-a796-f6f660d0da0f','C04','DQ',' ')
go
insert into KHTJJSGSMX (KHTJJSGSMX_GSBH,KHTJJSGSMX_FLBH,KHTJJSGSMX_CSBH,KHTJJSGSMX_CS,KHTJJSGSMX_DEMO) values( '9000800001','3e927eca-15cd-454c-b3ea-f43d292f2926','C05','BMBH',' ')
go
insert into KHTJJSGSMX (KHTJJSGSMX_GSBH,KHTJJSGSMX_FLBH,KHTJJSGSMX_CSBH,KHTJJSGSMX_CS,KHTJJSGSMX_DEMO) values( '9000800001','fff45e91-338d-44ad-8ba7-557625f2a072','C06','USERID',' ')
go
delete from KHTJJSGS where KHTJJSGS_GSBH='9000900001'
go
INSERT INTO KHTJJSGS(KHTJJSGS_GSBH,KHTJJSGS_MSXX,KHTJJSGS_DYLX,KHTJJSGS_GSLX,KHTJJSGS_LSLX,KHTJJSGS_JGLX,KHTJJSGS_JGCL,KHTJJSGS_FGC,KHTJJSGS_JSGS,KHTJJSGS_GSFL,KHTJJSGS_JSZ,KHTJJSGS_FZBH,KHTJJSGS_BZ,KHTJJSGS_ISNEW,KHTJJSGS_SQL,KHTJJSGS_SQL1,KHTJJSGS_SQL2,KHTJJSGS_SQL3,KHTJJSGS_SQL4,KHTJJSGS_SQL5,KHTJJSGS_SQL6,KHTJJSGS_SQL7,KHTJJSGS_SQL8,KHTJJSGS_SQL9,KHTJJSGS_SQL10,KHTJJSGS_SQL11,KHTJJSGS_SQL12,KHTJJSGS_SQL13,KHTJJSGS_SQL14,KHTJJSGS_SQL15,KHTJJSGS_SQL16,KHTJJSGS_LSBM1,KHTJJSGS_LSBM2,KHTJJSGS_CSLB,KHTJJSGS_CSLB1,KHTJJSGS_CSLB2,KHTJJSGS_MMGZ) values('9000900001','往来明细查询','U','T','0','D','C',' ','',' ','1','90009',' ','1','SP_SDB_WLMXCX_90009(@KSRQ=:KSRQ,@JSRQ=:JSRQ,@GSID=:GSID,@KH=:KH,@USERID=:USERID)',' ',' ',' ',' ',' ',' ',' ',' ',' ',' ',' ',' ',' ',' ',' ',' ','',' ','#KSRQ:00C#JSRQ:00D#GSID:C01#KH:C02#USERID:C03#',' ',' ',' ')
go
delete from KHTJJSGSMX where KHTJJSGSMX_GSBH='9000900001'
go
insert into KHTJJSGSMX (KHTJJSGSMX_GSBH,KHTJJSGSMX_FLBH,KHTJJSGSMX_CSBH,KHTJJSGSMX_CS,KHTJJSGSMX_DEMO) values( '9000900001','0e293325-ef7f-4092-a74c-f558b54d2fe1','00C','KSRQ',' ')
go
insert into KHTJJSGSMX (KHTJJSGSMX_GSBH,KHTJJSGSMX_FLBH,KHTJJSGSMX_CSBH,KHTJJSGSMX_CS,KHTJJSGSMX_DEMO) values( '9000900001','b91f6324-eea2-4492-aa6b-404e3b4df6ea','00D','JSRQ',' ')
go
insert into KHTJJSGSMX (KHTJJSGSMX_GSBH,KHTJJSGSMX_FLBH,KHTJJSGSMX_CSBH,KHTJJSGSMX_CS,KHTJJSGSMX_DEMO) values( '9000900001','291ad2cb-d0b0-4423-8ad6-042c54ce975f','C01','GSID',' ')
go
insert into KHTJJSGSMX (KHTJJSGSMX_GSBH,KHTJJSGSMX_FLBH,KHTJJSGSMX_CSBH,KHTJJSGSMX_CS,KHTJJSGSMX_DEMO) values( '9000900001','b2be40a3-eb56-4b9a-a5f4-4622e3b4cef4','C02','KH',' ')
go
insert into KHTJJSGSMX (KHTJJSGSMX_GSBH,KHTJJSGSMX_FLBH,KHTJJSGSMX_CSBH,KHTJJSGSMX_CS,KHTJJSGSMX_DEMO) values( '9000900001','b34ee1c2-3964-4979-86c8-183ce5c8a2a1','C03','USERID',' ')
go