/*######################################################*/
/* [SDBYS2010]用户分层定义 */
/*20191113 09:16:19*/
/*######################################################*/
/*系统单据数据接口用户扩展信息*/
delete from SDUBILL where SDUBILL_ID='SDBYS2010'
go
insert into SDUBILL(SDUBILL_ID,SDUBILL_BFEXECUT,SDUBILL_AFEXECUT,SDUBILL_AFDELEXECUT,SDUBILL_APPROVEEXECUT,SDUBILL_APPDOEXECUT,SDUBILL_UNAPPROVEEXECUT,SDUBILL_DREXECUT,SDUBILL_DRBFEXECUT,SDUBILL_DRAFEXECUT,SDUBILL_MTABTITLE,SDUBILL_ITABTITLE,SDUBILL_OTMODI,SDUBILL_FLHS,SDUBILL_ITABCOUNT,SDUBILL_Ctable,SDUBILL_ILSZD,SDUBILL_IFLZD,SDUBILL_IORDER,SDUBILL_SHOWEXITBTN,SDUBILL_SHOWVERY,SDUBILL_SHOWLOG) values('SDBYS2010','','','','','','','SP_YXJGZCBMX_DR','','','','','1','','0','','','','',' ',' ',' ')
go
delete from SDSYSBILLEXJS where SDSYSBILLEXJS_ID='SDBYS2010'
go
/*系统单据系统字段用户扩展信息*/
delete from SDSYSFIELDEX where SDSYSFIELDEX_ID='SDBYS2010'
go
insert into SDSYSFIELDEX(SDSYSFIELDEX_FILEDID,SDSYSFIELDEX_FLBH,SDSYSFIELDEX_ID,SDSYSFIELDEX_LMMC,SDSYSFIELDEX_LMZT,SDSYSFIELDEX_TABLE,SDSYSFIELDEX_LMBM,SDSYSFIELDEX_BZBM,SDSYSFIELDEX_BZBH,SDSYSFIELDEX_BZTJ,SDSYSFIELDEX_SFBT,SDSYSFIELDEX_TABID,SDSYSFIELDEX_XSXH,SDSYSFIELDEX_SQL, SDSYSFIELDEX_WIDTH, SDSYSFIELDEX_COLSPAN, SDSYSFIELDEX_ROWSPAN,SDSYSFIELDEX_DEFAULT, SDSYSFIELDEX_PRECISION,SDSYSFIELDEX_READONLY,SDSYSFIELDEX_DRBZ, SDSYSFIELDEX_DRBT, SDSYSFIELDEX_DRXH,SDSYSFIELDEX_LBXH,SDSYSFIELDEX_GLBM,SDSYSFIELDEX_NMZD,SDSYSFIELDEX_BHZD,SDSYSFIELDEX_MCZD,SDSYSFIELDEX_LIST,SDSYSFIELDEX_LISTFLAG,SDSYSFIELDEX_NEWLINE,SDSYSFIELDEX_NEWLINETITLE,SDSYSFIELDEX_LINKDO,SDSYSFIELDEX_NEWLINESHOW,SDSYSFIELDEX_TITLE,SDSYSFIELDEX_ISFILTER,SDSYSFIELDEX_KZBZ,SDSYSFIELDEX_FJEXT,SDSYSFIELDEX_FJMAX,SDSYSFIELDEX_LENGTH,SDSYSFIELDEX_MAX,SDSYSFIELDEX_MIN,SDSYSFIELDEX_MLMZT,SDSYSFIELDEX_MXSXH,SDSYSFIELDEX_PLACEHOLDER,SDSYSFIELDEX_SETSQL,SDSYSFIELDEX_SFBZ,SDSYSFIELDEX_SFSPXM) values('42B4E05C-7184-4EB0-8A8E-BB86616FA965','AD16E5C8-E3A5-49D6-8C3E-C3189A5B20DE','SDBYS2010','YXJGZCBMX_WLBH','1','YXJGZCBMX','','','','','1','','0032','',15,1,1,'',2,'0','1','','0','0','','','','','','','','','','0','','','','',0 ,0,'','','','','','','','')
go
insert into SDSYSFIELDEX(SDSYSFIELDEX_FILEDID,SDSYSFIELDEX_FLBH,SDSYSFIELDEX_ID,SDSYSFIELDEX_LMMC,SDSYSFIELDEX_LMZT,SDSYSFIELDEX_TABLE,SDSYSFIELDEX_LMBM,SDSYSFIELDEX_BZBM,SDSYSFIELDEX_BZBH,SDSYSFIELDEX_BZTJ,SDSYSFIELDEX_SFBT,SDSYSFIELDEX_TABID,SDSYSFIELDEX_XSXH,SDSYSFIELDEX_SQL, SDSYSFIELDEX_WIDTH, SDSYSFIELDEX_COLSPAN, SDSYSFIELDEX_ROWSPAN,SDSYSFIELDEX_DEFAULT, SDSYSFIELDEX_PRECISION,SDSYSFIELDEX_READONLY,SDSYSFIELDEX_DRBZ, SDSYSFIELDEX_DRBT, SDSYSFIELDEX_DRXH,SDSYSFIELDEX_LBXH,SDSYSFIELDEX_GLBM,SDSYSFIELDEX_NMZD,SDSYSFIELDEX_BHZD,SDSYSFIELDEX_MCZD,SDSYSFIELDEX_LIST,SDSYSFIELDEX_LISTFLAG,SDSYSFIELDEX_NEWLINE,SDSYSFIELDEX_NEWLINETITLE,SDSYSFIELDEX_LINKDO,SDSYSFIELDEX_NEWLINESHOW,SDSYSFIELDEX_TITLE,SDSYSFIELDEX_ISFILTER,SDSYSFIELDEX_KZBZ,SDSYSFIELDEX_FJEXT,SDSYSFIELDEX_FJMAX,SDSYSFIELDEX_LENGTH,SDSYSFIELDEX_MAX,SDSYSFIELDEX_MIN,SDSYSFIELDEX_MLMZT,SDSYSFIELDEX_MXSXH,SDSYSFIELDEX_PLACEHOLDER,SDSYSFIELDEX_SETSQL,SDSYSFIELDEX_SFBZ,SDSYSFIELDEX_SFSPXM) values('C0623A56-1970-4434-942B-CAD29B7D7CE9','5C7DE5D8-E9B3-41BF-B90B-4C04EB1CF624','SDBYS2010','YXJGZCBM_QDLX',' ','YXJGZCBM','','','','',' ','','0050','',12,0,0,'',0,' ','0',' ','0','0','','','','','','0',' ','','','0','',' ','','',0 ,0,'','',' ','','','',' ',' ')
go
insert into SDSYSFIELDEX(SDSYSFIELDEX_FILEDID,SDSYSFIELDEX_FLBH,SDSYSFIELDEX_ID,SDSYSFIELDEX_LMMC,SDSYSFIELDEX_LMZT,SDSYSFIELDEX_TABLE,SDSYSFIELDEX_LMBM,SDSYSFIELDEX_BZBM,SDSYSFIELDEX_BZBH,SDSYSFIELDEX_BZTJ,SDSYSFIELDEX_SFBT,SDSYSFIELDEX_TABID,SDSYSFIELDEX_XSXH,SDSYSFIELDEX_SQL, SDSYSFIELDEX_WIDTH, SDSYSFIELDEX_COLSPAN, SDSYSFIELDEX_ROWSPAN,SDSYSFIELDEX_DEFAULT, SDSYSFIELDEX_PRECISION,SDSYSFIELDEX_READONLY,SDSYSFIELDEX_DRBZ, SDSYSFIELDEX_DRBT, SDSYSFIELDEX_DRXH,SDSYSFIELDEX_LBXH,SDSYSFIELDEX_GLBM,SDSYSFIELDEX_NMZD,SDSYSFIELDEX_BHZD,SDSYSFIELDEX_MCZD,SDSYSFIELDEX_LIST,SDSYSFIELDEX_LISTFLAG,SDSYSFIELDEX_NEWLINE,SDSYSFIELDEX_NEWLINETITLE,SDSYSFIELDEX_LINKDO,SDSYSFIELDEX_NEWLINESHOW,SDSYSFIELDEX_TITLE,SDSYSFIELDEX_ISFILTER,SDSYSFIELDEX_KZBZ,SDSYSFIELDEX_FJEXT,SDSYSFIELDEX_FJMAX,SDSYSFIELDEX_LENGTH,SDSYSFIELDEX_MAX,SDSYSFIELDEX_MIN,SDSYSFIELDEX_MLMZT,SDSYSFIELDEX_MXSXH,SDSYSFIELDEX_PLACEHOLDER,SDSYSFIELDEX_SETSQL,SDSYSFIELDEX_SFBZ,SDSYSFIELDEX_SFSPXM) values('B4264527-9606-427B-A37D-913FB07AB453','59028F42-3E85-40E1-97BA-ED3007C86BCA','SDBYS2010','YXJGZCBM_DRBS','0','YXJGZCBM','','','','',' ','','0100','',12,0,0,'',0,' ',' ',' ','0','0','','','','','','0',' ','','','0','',' ','','',0 ,0,'','',' ','','','',' ',' ')
go
insert into SDSYSFIELDEX(SDSYSFIELDEX_FILEDID,SDSYSFIELDEX_FLBH,SDSYSFIELDEX_ID,SDSYSFIELDEX_LMMC,SDSYSFIELDEX_LMZT,SDSYSFIELDEX_TABLE,SDSYSFIELDEX_LMBM,SDSYSFIELDEX_BZBM,SDSYSFIELDEX_BZBH,SDSYSFIELDEX_BZTJ,SDSYSFIELDEX_SFBT,SDSYSFIELDEX_TABID,SDSYSFIELDEX_XSXH,SDSYSFIELDEX_SQL, SDSYSFIELDEX_WIDTH, SDSYSFIELDEX_COLSPAN, SDSYSFIELDEX_ROWSPAN,SDSYSFIELDEX_DEFAULT, SDSYSFIELDEX_PRECISION,SDSYSFIELDEX_READONLY,SDSYSFIELDEX_DRBZ, SDSYSFIELDEX_DRBT, SDSYSFIELDEX_DRXH,SDSYSFIELDEX_LBXH,SDSYSFIELDEX_GLBM,SDSYSFIELDEX_NMZD,SDSYSFIELDEX_BHZD,SDSYSFIELDEX_MCZD,SDSYSFIELDEX_LIST,SDSYSFIELDEX_LISTFLAG,SDSYSFIELDEX_NEWLINE,SDSYSFIELDEX_NEWLINETITLE,SDSYSFIELDEX_LINKDO,SDSYSFIELDEX_NEWLINESHOW,SDSYSFIELDEX_TITLE,SDSYSFIELDEX_ISFILTER,SDSYSFIELDEX_KZBZ,SDSYSFIELDEX_FJEXT,SDSYSFIELDEX_FJMAX,SDSYSFIELDEX_LENGTH,SDSYSFIELDEX_MAX,SDSYSFIELDEX_MIN,SDSYSFIELDEX_MLMZT,SDSYSFIELDEX_MXSXH,SDSYSFIELDEX_PLACEHOLDER,SDSYSFIELDEX_SETSQL,SDSYSFIELDEX_SFBZ,SDSYSFIELDEX_SFSPXM) values('EE5146F2-0832-4108-A53D-33FD7BE2EBA9','FB2513FC-9901-4716-A61E-849B3CE0861D','SDBYS2010','YXJGZCBMX_GSID','0','YXJGZCBMX','','','','','1','','0180','',15,1,1,'',2,'0','1','','101','54','','','','','','','','','','0','','','','',0 ,0,'','','','','','','','')
go
insert into SDSYSFIELDEX(SDSYSFIELDEX_FILEDID,SDSYSFIELDEX_FLBH,SDSYSFIELDEX_ID,SDSYSFIELDEX_LMMC,SDSYSFIELDEX_LMZT,SDSYSFIELDEX_TABLE,SDSYSFIELDEX_LMBM,SDSYSFIELDEX_BZBM,SDSYSFIELDEX_BZBH,SDSYSFIELDEX_BZTJ,SDSYSFIELDEX_SFBT,SDSYSFIELDEX_TABID,SDSYSFIELDEX_XSXH,SDSYSFIELDEX_SQL, SDSYSFIELDEX_WIDTH, SDSYSFIELDEX_COLSPAN, SDSYSFIELDEX_ROWSPAN,SDSYSFIELDEX_DEFAULT, SDSYSFIELDEX_PRECISION,SDSYSFIELDEX_READONLY,SDSYSFIELDEX_DRBZ, SDSYSFIELDEX_DRBT, SDSYSFIELDEX_DRXH,SDSYSFIELDEX_LBXH,SDSYSFIELDEX_GLBM,SDSYSFIELDEX_NMZD,SDSYSFIELDEX_BHZD,SDSYSFIELDEX_MCZD,SDSYSFIELDEX_LIST,SDSYSFIELDEX_LISTFLAG,SDSYSFIELDEX_NEWLINE,SDSYSFIELDEX_NEWLINETITLE,SDSYSFIELDEX_LINKDO,SDSYSFIELDEX_NEWLINESHOW,SDSYSFIELDEX_TITLE,SDSYSFIELDEX_ISFILTER,SDSYSFIELDEX_KZBZ,SDSYSFIELDEX_FJEXT,SDSYSFIELDEX_FJMAX,SDSYSFIELDEX_LENGTH,SDSYSFIELDEX_MAX,SDSYSFIELDEX_MIN,SDSYSFIELDEX_MLMZT,SDSYSFIELDEX_MXSXH,SDSYSFIELDEX_PLACEHOLDER,SDSYSFIELDEX_SETSQL,SDSYSFIELDEX_SFBZ,SDSYSFIELDEX_SFSPXM) values('9AF3C8C1-1B2A-4AC7-B90C-74A07B85E8CE','AAD09E7D-83F8-497F-995B-C80F1BA4EE16','SDBYS2010','YXJGZCBMX_SYB','0','YXJGZCBMX','','','','','1','','0190','',15,1,1,'',2,'0','1','','101','54','','','','','','','','','','0','','','','',0 ,0,'','','','','','','','')
go
insert into SDSYSFIELDEX(SDSYSFIELDEX_FILEDID,SDSYSFIELDEX_FLBH,SDSYSFIELDEX_ID,SDSYSFIELDEX_LMMC,SDSYSFIELDEX_LMZT,SDSYSFIELDEX_TABLE,SDSYSFIELDEX_LMBM,SDSYSFIELDEX_BZBM,SDSYSFIELDEX_BZBH,SDSYSFIELDEX_BZTJ,SDSYSFIELDEX_SFBT,SDSYSFIELDEX_TABID,SDSYSFIELDEX_XSXH,SDSYSFIELDEX_SQL, SDSYSFIELDEX_WIDTH, SDSYSFIELDEX_COLSPAN, SDSYSFIELDEX_ROWSPAN,SDSYSFIELDEX_DEFAULT, SDSYSFIELDEX_PRECISION,SDSYSFIELDEX_READONLY,SDSYSFIELDEX_DRBZ, SDSYSFIELDEX_DRBT, SDSYSFIELDEX_DRXH,SDSYSFIELDEX_LBXH,SDSYSFIELDEX_GLBM,SDSYSFIELDEX_NMZD,SDSYSFIELDEX_BHZD,SDSYSFIELDEX_MCZD,SDSYSFIELDEX_LIST,SDSYSFIELDEX_LISTFLAG,SDSYSFIELDEX_NEWLINE,SDSYSFIELDEX_NEWLINETITLE,SDSYSFIELDEX_LINKDO,SDSYSFIELDEX_NEWLINESHOW,SDSYSFIELDEX_TITLE,SDSYSFIELDEX_ISFILTER,SDSYSFIELDEX_KZBZ,SDSYSFIELDEX_FJEXT,SDSYSFIELDEX_FJMAX,SDSYSFIELDEX_LENGTH,SDSYSFIELDEX_MAX,SDSYSFIELDEX_MIN,SDSYSFIELDEX_MLMZT,SDSYSFIELDEX_MXSXH,SDSYSFIELDEX_PLACEHOLDER,SDSYSFIELDEX_SETSQL,SDSYSFIELDEX_SFBZ,SDSYSFIELDEX_SFSPXM) values('F258F8A5-7284-4EE5-A1B0-A3A82AA807AF','EF77238E-C6B5-4391-8C44-62BC752C5FD7','SDBYS2010','YXJGZCBMX_BM','0','YXJGZCBMX','','','','','0','','0200','',10,1,1,'',2,'0','1','','103','2','','','','','','','','','','0','','','','',0 ,0,'','','','','','','','')
go
insert into SDSYSFIELDEX(SDSYSFIELDEX_FILEDID,SDSYSFIELDEX_FLBH,SDSYSFIELDEX_ID,SDSYSFIELDEX_LMMC,SDSYSFIELDEX_LMZT,SDSYSFIELDEX_TABLE,SDSYSFIELDEX_LMBM,SDSYSFIELDEX_BZBM,SDSYSFIELDEX_BZBH,SDSYSFIELDEX_BZTJ,SDSYSFIELDEX_SFBT,SDSYSFIELDEX_TABID,SDSYSFIELDEX_XSXH,SDSYSFIELDEX_SQL, SDSYSFIELDEX_WIDTH, SDSYSFIELDEX_COLSPAN, SDSYSFIELDEX_ROWSPAN,SDSYSFIELDEX_DEFAULT, SDSYSFIELDEX_PRECISION,SDSYSFIELDEX_READONLY,SDSYSFIELDEX_DRBZ, SDSYSFIELDEX_DRBT, SDSYSFIELDEX_DRXH,SDSYSFIELDEX_LBXH,SDSYSFIELDEX_GLBM,SDSYSFIELDEX_NMZD,SDSYSFIELDEX_BHZD,SDSYSFIELDEX_MCZD,SDSYSFIELDEX_LIST,SDSYSFIELDEX_LISTFLAG,SDSYSFIELDEX_NEWLINE,SDSYSFIELDEX_NEWLINETITLE,SDSYSFIELDEX_LINKDO,SDSYSFIELDEX_NEWLINESHOW,SDSYSFIELDEX_TITLE,SDSYSFIELDEX_ISFILTER,SDSYSFIELDEX_KZBZ,SDSYSFIELDEX_FJEXT,SDSYSFIELDEX_FJMAX,SDSYSFIELDEX_LENGTH,SDSYSFIELDEX_MAX,SDSYSFIELDEX_MIN,SDSYSFIELDEX_MLMZT,SDSYSFIELDEX_MXSXH,SDSYSFIELDEX_PLACEHOLDER,SDSYSFIELDEX_SETSQL,SDSYSFIELDEX_SFBZ,SDSYSFIELDEX_SFSPXM) values('5BB284BB-0722-40EE-A684-3F2C80D2EA67','30AD3FA2-4693-401C-B37B-604D9BA15D29','SDBYS2010','YXJGZCBMX_KHBH','0','YXJGZCBMX','','','','','0','','0220','',15,1,1,'',2,'0','1','','0','0','','','','','','','','','','0','','','','',0 ,0,'','','','','','','','')
go
insert into SDSYSFIELDEX(SDSYSFIELDEX_FILEDID,SDSYSFIELDEX_FLBH,SDSYSFIELDEX_ID,SDSYSFIELDEX_LMMC,SDSYSFIELDEX_LMZT,SDSYSFIELDEX_TABLE,SDSYSFIELDEX_LMBM,SDSYSFIELDEX_BZBM,SDSYSFIELDEX_BZBH,SDSYSFIELDEX_BZTJ,SDSYSFIELDEX_SFBT,SDSYSFIELDEX_TABID,SDSYSFIELDEX_XSXH,SDSYSFIELDEX_SQL, SDSYSFIELDEX_WIDTH, SDSYSFIELDEX_COLSPAN, SDSYSFIELDEX_ROWSPAN,SDSYSFIELDEX_DEFAULT, SDSYSFIELDEX_PRECISION,SDSYSFIELDEX_READONLY,SDSYSFIELDEX_DRBZ, SDSYSFIELDEX_DRBT, SDSYSFIELDEX_DRXH,SDSYSFIELDEX_LBXH,SDSYSFIELDEX_GLBM,SDSYSFIELDEX_NMZD,SDSYSFIELDEX_BHZD,SDSYSFIELDEX_MCZD,SDSYSFIELDEX_LIST,SDSYSFIELDEX_LISTFLAG,SDSYSFIELDEX_NEWLINE,SDSYSFIELDEX_NEWLINETITLE,SDSYSFIELDEX_LINKDO,SDSYSFIELDEX_NEWLINESHOW,SDSYSFIELDEX_TITLE,SDSYSFIELDEX_ISFILTER,SDSYSFIELDEX_KZBZ,SDSYSFIELDEX_FJEXT,SDSYSFIELDEX_FJMAX,SDSYSFIELDEX_LENGTH,SDSYSFIELDEX_MAX,SDSYSFIELDEX_MIN,SDSYSFIELDEX_MLMZT,SDSYSFIELDEX_MXSXH,SDSYSFIELDEX_PLACEHOLDER,SDSYSFIELDEX_SETSQL,SDSYSFIELDEX_SFBZ,SDSYSFIELDEX_SFSPXM) values('4603D0F2-B486-43C9-8E40-CBDF4BAF156E','8EB2DE30-5319-45E8-A9B8-419C0AE84D1E','SDBYS2010','YXJGZCBMX_YWRY','0','YXJGZCBMX','','','','','0','','0260','',15,1,1,'',2,'0','0',' ','0','0','','','','','','0',' ','','','0','',' ','','',0 ,0,'','',' ','','','',' ',' ')
go
/*系统单据用户自定义字段*/
alter table YXJGZCBMX add YXJGZCBMX_UFQDLX varchar(40)
go
alter table YXJGZCBMX add YXJGZCBMX_UF_ZCLX varchar(40)
go
alter table YXJGZCBMX add YXJGZCBMX_UF_TYM varchar(200)
go
alter table YXJGZCBMX add YXJGZCBMX_UF_SPM varchar(200)
go
alter table YXJGZCBMX add YXJGZCBMX_UF_GG varchar(200)
go
alter table YXJGZCBMX add YXJGZCBMX_UF_JLDW varchar(40)
go
alter table YXJGZCBMX add YXJGZCBMX_UFKPJ2 decimal(38,4)
go
alter table YXJGZCBMX add YXJGZCBMX_UF_SFPD varchar(40)
go
alter table YXJGZCBM add YXJGZCBM_UF_ZDRQ varchar(40)
go
alter table YXJGZCBM add YXJGZCBM_UF_ZDR varchar(40)
go
delete from SDUFIELD where SDUFIELD_ID='SDBYS2010'
go
insert into SDUFIELD(SDUFIELD_FILEDID,SDUFIELD_FLBH,SDUFIELD_ID,SDUFIELD_LMMC,SDUFIELD_LMBM,SDUFIELD_TITLE,SDUFIELD_TABLE,SDUFIELD_KZBZ,SDUFIELD_BZBM,SDUFIELD_BZBH,SDUFIELD_BZTJ,SDUFIELD_SFBT,SDUFIELD_XSXH,SDUFIELD_GLBM,SDUFIELD_NMZD,SDUFIELD_BHZD,SDUFIELD_MCZD,SDUFIELD_SQL, SDUFIELD_WIDTH,SDUFIELD_TABID,SDUFIELD_TYPE, SDUFIELD_COLSPAN, SDUFIELD_ROWSPAN, SDUFIELD_LENGTH,SDUFIELD_DEFAULT,SDUFIELD_LIST, SDUFIELD_PRECISION,SDUFIELD_READONLY,SDUFIELD_DRBZ,SDUFIELD_DRBT, SDUFIELD_DRXH,SDUFIELD_LBXH,SDUFIELD_LMZT,SDUFIELD_SFBZ,SDUFIELD_SFSPXM,SDUFIELD_SPJD,SDUFIELD_FIELDTYPE,SDUFIELD_GUID,SDUFIELD_CSBZ,SDUFIELD_ZDQXBH,SDUFIELD_LISTFLAG,SDUFIELD_LOCALESTRING,SDUFIELD_DXLB,SDUFIELD_ISFILTER,SDUFIELD_FILTERDISP,SDUFIELD_NEWLINE,SDUFIELD_NEWLINETITLE,SDUFIELD_LINKDO,SDUFIELD_NEWLINESHOW) values('813EB73C-EC71-4183-AD5D-7BEB8E03EAA6','CD3E3542-9E57-4AEF-AE61-AC531B9C35F1','SDBYS2010','YXJGZCBMX_UFQDLX','渠道类型','','YXJGZCBMX','0','YXDDYWLX','YX1','','0','0024','YXDDYWLX','YXDDYWLX_NM','YXDDYWLX_BH','YXDDYWLX_MC','',15,'I1','0',1,1,40,'','',2,'0','1','0',0,0,'0','0',' ','','0',' ','0','','0',' ','','0','','0','','','1')
go
insert into SDUFIELD(SDUFIELD_FILEDID,SDUFIELD_FLBH,SDUFIELD_ID,SDUFIELD_LMMC,SDUFIELD_LMBM,SDUFIELD_TITLE,SDUFIELD_TABLE,SDUFIELD_KZBZ,SDUFIELD_BZBM,SDUFIELD_BZBH,SDUFIELD_BZTJ,SDUFIELD_SFBT,SDUFIELD_XSXH,SDUFIELD_GLBM,SDUFIELD_NMZD,SDUFIELD_BHZD,SDUFIELD_MCZD,SDUFIELD_SQL, SDUFIELD_WIDTH,SDUFIELD_TABID,SDUFIELD_TYPE, SDUFIELD_COLSPAN, SDUFIELD_ROWSPAN, SDUFIELD_LENGTH,SDUFIELD_DEFAULT,SDUFIELD_LIST, SDUFIELD_PRECISION,SDUFIELD_READONLY,SDUFIELD_DRBZ,SDUFIELD_DRBT, SDUFIELD_DRXH,SDUFIELD_LBXH,SDUFIELD_LMZT,SDUFIELD_SFBZ,SDUFIELD_SFSPXM,SDUFIELD_SPJD,SDUFIELD_FIELDTYPE,SDUFIELD_GUID,SDUFIELD_CSBZ,SDUFIELD_ZDQXBH,SDUFIELD_LISTFLAG,SDUFIELD_LOCALESTRING,SDUFIELD_DXLB,SDUFIELD_ISFILTER,SDUFIELD_FILTERDISP,SDUFIELD_NEWLINE,SDUFIELD_NEWLINETITLE,SDUFIELD_LINKDO,SDUFIELD_NEWLINESHOW) values('74A12FA1-41D2-432F-B563-D26D3C13583B','2A723FA3-D9BD-4E4B-8362-31E249FA2C6D','SDBYS2010','YXJGZCBMX_UF_ZCLX','政策类型','','YXJGZCBMX','0','','','','0','0030','','','','','',15,'I1','0',1,1,40,'','0,各事业部普调政策;1,一般政策;2,特殊地区政策;3,特殊客户政策',2,'0','1','0',0,0,'0','0',' ','','0',' ','0','','0',' ','','0','','0','','','1')
go
insert into SDUFIELD(SDUFIELD_FILEDID,SDUFIELD_FLBH,SDUFIELD_ID,SDUFIELD_LMMC,SDUFIELD_LMBM,SDUFIELD_TITLE,SDUFIELD_TABLE,SDUFIELD_KZBZ,SDUFIELD_BZBM,SDUFIELD_BZBH,SDUFIELD_BZTJ,SDUFIELD_SFBT,SDUFIELD_XSXH,SDUFIELD_GLBM,SDUFIELD_NMZD,SDUFIELD_BHZD,SDUFIELD_MCZD,SDUFIELD_SQL, SDUFIELD_WIDTH,SDUFIELD_TABID,SDUFIELD_TYPE, SDUFIELD_COLSPAN, SDUFIELD_ROWSPAN, SDUFIELD_LENGTH,SDUFIELD_DEFAULT,SDUFIELD_LIST, SDUFIELD_PRECISION,SDUFIELD_READONLY,SDUFIELD_DRBZ,SDUFIELD_DRBT, SDUFIELD_DRXH,SDUFIELD_LBXH,SDUFIELD_LMZT,SDUFIELD_SFBZ,SDUFIELD_SFSPXM,SDUFIELD_SPJD,SDUFIELD_FIELDTYPE,SDUFIELD_GUID,SDUFIELD_CSBZ,SDUFIELD_ZDQXBH,SDUFIELD_LISTFLAG,SDUFIELD_LOCALESTRING,SDUFIELD_DXLB,SDUFIELD_ISFILTER,SDUFIELD_FILTERDISP,SDUFIELD_NEWLINE,SDUFIELD_NEWLINETITLE,SDUFIELD_LINKDO,SDUFIELD_NEWLINESHOW) values('6F51F5BE-E4E1-4F23-8234-5B31FDA742C7','2B03AC6E-C280-4814-AD98-51EDD4827E23','SDBYS2010','YXJGZCBMX_UF_TYM','通用名','','YXJGZCBMX','0','','','','0','0033','','','','','SELECT YXWLZD_TYM FROM YXWLZD WHERE YXWLZD_NM=@YXJGZCBMX_WLBH@',15,'I1','0',1,1,200,'','',2,'0','0','0',0,0,'1','0',' ','','0',' ','0','','0',' ','','0','','0','','','1')
go
insert into SDUFIELD(SDUFIELD_FILEDID,SDUFIELD_FLBH,SDUFIELD_ID,SDUFIELD_LMMC,SDUFIELD_LMBM,SDUFIELD_TITLE,SDUFIELD_TABLE,SDUFIELD_KZBZ,SDUFIELD_BZBM,SDUFIELD_BZBH,SDUFIELD_BZTJ,SDUFIELD_SFBT,SDUFIELD_XSXH,SDUFIELD_GLBM,SDUFIELD_NMZD,SDUFIELD_BHZD,SDUFIELD_MCZD,SDUFIELD_SQL, SDUFIELD_WIDTH,SDUFIELD_TABID,SDUFIELD_TYPE, SDUFIELD_COLSPAN, SDUFIELD_ROWSPAN, SDUFIELD_LENGTH,SDUFIELD_DEFAULT,SDUFIELD_LIST, SDUFIELD_PRECISION,SDUFIELD_READONLY,SDUFIELD_DRBZ,SDUFIELD_DRBT, SDUFIELD_DRXH,SDUFIELD_LBXH,SDUFIELD_LMZT,SDUFIELD_SFBZ,SDUFIELD_SFSPXM,SDUFIELD_SPJD,SDUFIELD_FIELDTYPE,SDUFIELD_GUID,SDUFIELD_CSBZ,SDUFIELD_ZDQXBH,SDUFIELD_LISTFLAG,SDUFIELD_LOCALESTRING,SDUFIELD_DXLB,SDUFIELD_ISFILTER,SDUFIELD_FILTERDISP,SDUFIELD_NEWLINE,SDUFIELD_NEWLINETITLE,SDUFIELD_LINKDO,SDUFIELD_NEWLINESHOW) values('1DD9E2AF-3631-4C5E-B4E3-E0769EB775ED','5C1AA3AE-D901-4400-A3EB-B7CF5CA9DBE2','SDBYS2010','YXJGZCBMX_UF_SPM','商品名','','YXJGZCBMX','0','','','','0','0034','','','','','SELECT YXWLZD_SPM FROM YXWLZD WHERE YXWLZD_NM=@YXJGZCBMX_WLBH@',15,'I1','0',1,1,200,'','',2,'0','0','0',0,0,'1','0',' ','','0',' ','0','','0',' ','','0','','0','','','1')
go
insert into SDUFIELD(SDUFIELD_FILEDID,SDUFIELD_FLBH,SDUFIELD_ID,SDUFIELD_LMMC,SDUFIELD_LMBM,SDUFIELD_TITLE,SDUFIELD_TABLE,SDUFIELD_KZBZ,SDUFIELD_BZBM,SDUFIELD_BZBH,SDUFIELD_BZTJ,SDUFIELD_SFBT,SDUFIELD_XSXH,SDUFIELD_GLBM,SDUFIELD_NMZD,SDUFIELD_BHZD,SDUFIELD_MCZD,SDUFIELD_SQL, SDUFIELD_WIDTH,SDUFIELD_TABID,SDUFIELD_TYPE, SDUFIELD_COLSPAN, SDUFIELD_ROWSPAN, SDUFIELD_LENGTH,SDUFIELD_DEFAULT,SDUFIELD_LIST, SDUFIELD_PRECISION,SDUFIELD_READONLY,SDUFIELD_DRBZ,SDUFIELD_DRBT, SDUFIELD_DRXH,SDUFIELD_LBXH,SDUFIELD_LMZT,SDUFIELD_SFBZ,SDUFIELD_SFSPXM,SDUFIELD_SPJD,SDUFIELD_FIELDTYPE,SDUFIELD_GUID,SDUFIELD_CSBZ,SDUFIELD_ZDQXBH,SDUFIELD_LISTFLAG,SDUFIELD_LOCALESTRING,SDUFIELD_DXLB,SDUFIELD_ISFILTER,SDUFIELD_FILTERDISP,SDUFIELD_NEWLINE,SDUFIELD_NEWLINETITLE,SDUFIELD_LINKDO,SDUFIELD_NEWLINESHOW) values('DE436287-F12D-450F-8F70-8FE21AD2E4DD','58A650E6-5562-4F9F-9781-20E792268421','SDBYS2010','YXJGZCBMX_UF_GG','规格','','YXJGZCBMX','0','','','','0','0035','','','','','SELECT YXWLZD_GGXH FROM YXWLZD WHERE YXWLZD_NM=@YXJGZCBMX_WLBH@',15,'I1','0',1,1,200,'','',2,'0','0','0',0,0,'1','0',' ','','0',' ','0','','0',' ','','0','','0','','','1')
go
insert into SDUFIELD(SDUFIELD_FILEDID,SDUFIELD_FLBH,SDUFIELD_ID,SDUFIELD_LMMC,SDUFIELD_LMBM,SDUFIELD_TITLE,SDUFIELD_TABLE,SDUFIELD_KZBZ,SDUFIELD_BZBM,SDUFIELD_BZBH,SDUFIELD_BZTJ,SDUFIELD_SFBT,SDUFIELD_XSXH,SDUFIELD_GLBM,SDUFIELD_NMZD,SDUFIELD_BHZD,SDUFIELD_MCZD,SDUFIELD_SQL, SDUFIELD_WIDTH,SDUFIELD_TABID,SDUFIELD_TYPE, SDUFIELD_COLSPAN, SDUFIELD_ROWSPAN, SDUFIELD_LENGTH,SDUFIELD_DEFAULT,SDUFIELD_LIST, SDUFIELD_PRECISION,SDUFIELD_READONLY,SDUFIELD_DRBZ,SDUFIELD_DRBT, SDUFIELD_DRXH,SDUFIELD_LBXH,SDUFIELD_LMZT,SDUFIELD_SFBZ,SDUFIELD_SFSPXM,SDUFIELD_SPJD,SDUFIELD_FIELDTYPE,SDUFIELD_GUID,SDUFIELD_CSBZ,SDUFIELD_ZDQXBH,SDUFIELD_LISTFLAG,SDUFIELD_LOCALESTRING,SDUFIELD_DXLB,SDUFIELD_ISFILTER,SDUFIELD_FILTERDISP,SDUFIELD_NEWLINE,SDUFIELD_NEWLINETITLE,SDUFIELD_LINKDO,SDUFIELD_NEWLINESHOW) values('58BEDC0F-0293-4466-85B6-F85A741965C7','18EEF547-8F3C-4180-A2B8-B197C52A7D5B','SDBYS2010','YXJGZCBMX_UF_JLDW','计量单位','','YXJGZCBMX','0','VW_ERPJLDW','YX1','','0','0036','VW_ERPJLDW','ERPJLDW_NM','ERPJLDW_BH','ERPJLDW_MC','SELECT YXWLZD_JLDW FROM YXWLZD WHERE YXWLZD_NM=@YXJGZCBMX_WLBH@',15,'I1','0',1,1,40,'','',2,'0','0','0',0,0,'1','0',' ','','0',' ','0','','0',' ','','0','','0','','','1')
go
insert into SDUFIELD(SDUFIELD_FILEDID,SDUFIELD_FLBH,SDUFIELD_ID,SDUFIELD_LMMC,SDUFIELD_LMBM,SDUFIELD_TITLE,SDUFIELD_TABLE,SDUFIELD_KZBZ,SDUFIELD_BZBM,SDUFIELD_BZBH,SDUFIELD_BZTJ,SDUFIELD_SFBT,SDUFIELD_XSXH,SDUFIELD_GLBM,SDUFIELD_NMZD,SDUFIELD_BHZD,SDUFIELD_MCZD,SDUFIELD_SQL, SDUFIELD_WIDTH,SDUFIELD_TABID,SDUFIELD_TYPE, SDUFIELD_COLSPAN, SDUFIELD_ROWSPAN, SDUFIELD_LENGTH,SDUFIELD_DEFAULT,SDUFIELD_LIST, SDUFIELD_PRECISION,SDUFIELD_READONLY,SDUFIELD_DRBZ,SDUFIELD_DRBT, SDUFIELD_DRXH,SDUFIELD_LBXH,SDUFIELD_LMZT,SDUFIELD_SFBZ,SDUFIELD_SFSPXM,SDUFIELD_SPJD,SDUFIELD_FIELDTYPE,SDUFIELD_GUID,SDUFIELD_CSBZ,SDUFIELD_ZDQXBH,SDUFIELD_LISTFLAG,SDUFIELD_LOCALESTRING,SDUFIELD_DXLB,SDUFIELD_ISFILTER,SDUFIELD_FILTERDISP,SDUFIELD_NEWLINE,SDUFIELD_NEWLINETITLE,SDUFIELD_LINKDO,SDUFIELD_NEWLINESHOW) values('DD345EFA-ADE2-425F-AD36-B83D2D8C976G','ADD235GF-9748-4EE7-AB07-128E2FC093FA','SDBYS2010','YXJGZCBMX_UFKPJ2','参考价二','','YXJGZCBMX','4','','','','0','0042','','','','','',0,'I1','1',1,1,40,'','',2,'0','1','0',0,0,'1','0',' ','','0',' ','0','','0',' ','','0','','0','','','1')
go
insert into SDUFIELD(SDUFIELD_FILEDID,SDUFIELD_FLBH,SDUFIELD_ID,SDUFIELD_LMMC,SDUFIELD_LMBM,SDUFIELD_TITLE,SDUFIELD_TABLE,SDUFIELD_KZBZ,SDUFIELD_BZBM,SDUFIELD_BZBH,SDUFIELD_BZTJ,SDUFIELD_SFBT,SDUFIELD_XSXH,SDUFIELD_GLBM,SDUFIELD_NMZD,SDUFIELD_BHZD,SDUFIELD_MCZD,SDUFIELD_SQL, SDUFIELD_WIDTH,SDUFIELD_TABID,SDUFIELD_TYPE, SDUFIELD_COLSPAN, SDUFIELD_ROWSPAN, SDUFIELD_LENGTH,SDUFIELD_DEFAULT,SDUFIELD_LIST, SDUFIELD_PRECISION,SDUFIELD_READONLY,SDUFIELD_DRBZ,SDUFIELD_DRBT, SDUFIELD_DRXH,SDUFIELD_LBXH,SDUFIELD_LMZT,SDUFIELD_SFBZ,SDUFIELD_SFSPXM,SDUFIELD_SPJD,SDUFIELD_FIELDTYPE,SDUFIELD_GUID,SDUFIELD_CSBZ,SDUFIELD_ZDQXBH,SDUFIELD_LISTFLAG,SDUFIELD_LOCALESTRING,SDUFIELD_DXLB,SDUFIELD_ISFILTER,SDUFIELD_FILTERDISP,SDUFIELD_NEWLINE,SDUFIELD_NEWLINETITLE,SDUFIELD_LINKDO,SDUFIELD_NEWLINESHOW) values('5681D039-8F84-48E3-A9B5-2EC9774AA9D9','09C5F3AD-AEE5-4068-9A02-A868180CFC9B','SDBYS2010','YXJGZCBMX_UF_SFPD','是否判断','','YXJGZCBMX','0','','','','0','0053','','','','','',15,'I1','0',1,1,40,'1','0,否;1,是;',2,'0','1','0',0,0,'1','0',' ','','0',' ','0','','0',' ','','0','','0','','','1')
go
insert into SDUFIELD(SDUFIELD_FILEDID,SDUFIELD_FLBH,SDUFIELD_ID,SDUFIELD_LMMC,SDUFIELD_LMBM,SDUFIELD_TITLE,SDUFIELD_TABLE,SDUFIELD_KZBZ,SDUFIELD_BZBM,SDUFIELD_BZBH,SDUFIELD_BZTJ,SDUFIELD_SFBT,SDUFIELD_XSXH,SDUFIELD_GLBM,SDUFIELD_NMZD,SDUFIELD_BHZD,SDUFIELD_MCZD,SDUFIELD_SQL, SDUFIELD_WIDTH,SDUFIELD_TABID,SDUFIELD_TYPE, SDUFIELD_COLSPAN, SDUFIELD_ROWSPAN, SDUFIELD_LENGTH,SDUFIELD_DEFAULT,SDUFIELD_LIST, SDUFIELD_PRECISION,SDUFIELD_READONLY,SDUFIELD_DRBZ,SDUFIELD_DRBT, SDUFIELD_DRXH,SDUFIELD_LBXH,SDUFIELD_LMZT,SDUFIELD_SFBZ,SDUFIELD_SFSPXM,SDUFIELD_SPJD,SDUFIELD_FIELDTYPE,SDUFIELD_GUID,SDUFIELD_CSBZ,SDUFIELD_ZDQXBH,SDUFIELD_LISTFLAG,SDUFIELD_LOCALESTRING,SDUFIELD_DXLB,SDUFIELD_ISFILTER,SDUFIELD_FILTERDISP,SDUFIELD_NEWLINE,SDUFIELD_NEWLINETITLE,SDUFIELD_LINKDO,SDUFIELD_NEWLINESHOW) values('FB51B824-E4FD-49AD-8122-3BA959776C8A','FFB5796A-1DBE-4411-8E60-A633B7CBF328','SDBYS2010','YXJGZCBM_UF_ZDRQ','制单日期','','YXJGZCBM','1','','','','0','0091','','','','','',15,'M1','0',1,1,40,'YYYYMMDD','',2,'1','0','0',0,0,'1','0',' ','','3',' ','0','','0',' ','','0','','0','','','1')
go
insert into SDUFIELD(SDUFIELD_FILEDID,SDUFIELD_FLBH,SDUFIELD_ID,SDUFIELD_LMMC,SDUFIELD_LMBM,SDUFIELD_TITLE,SDUFIELD_TABLE,SDUFIELD_KZBZ,SDUFIELD_BZBM,SDUFIELD_BZBH,SDUFIELD_BZTJ,SDUFIELD_SFBT,SDUFIELD_XSXH,SDUFIELD_GLBM,SDUFIELD_NMZD,SDUFIELD_BHZD,SDUFIELD_MCZD,SDUFIELD_SQL, SDUFIELD_WIDTH,SDUFIELD_TABID,SDUFIELD_TYPE, SDUFIELD_COLSPAN, SDUFIELD_ROWSPAN, SDUFIELD_LENGTH,SDUFIELD_DEFAULT,SDUFIELD_LIST, SDUFIELD_PRECISION,SDUFIELD_READONLY,SDUFIELD_DRBZ,SDUFIELD_DRBT, SDUFIELD_DRXH,SDUFIELD_LBXH,SDUFIELD_LMZT,SDUFIELD_SFBZ,SDUFIELD_SFSPXM,SDUFIELD_SPJD,SDUFIELD_FIELDTYPE,SDUFIELD_GUID,SDUFIELD_CSBZ,SDUFIELD_ZDQXBH,SDUFIELD_LISTFLAG,SDUFIELD_LOCALESTRING,SDUFIELD_DXLB,SDUFIELD_ISFILTER,SDUFIELD_FILTERDISP,SDUFIELD_NEWLINE,SDUFIELD_NEWLINETITLE,SDUFIELD_LINKDO,SDUFIELD_NEWLINESHOW) values('38A5D739-47CF-4A84-A20D-675D52749D2H','CCEF2F85-FF21-441G-9EA9-14DE8328DBC5','SDBYS2010','YXJGZCBM_UF_ZDR','制单人','','YXJGZCBM','0','','','','0','0092','','','','','',15,'M1','0',1,1,40,'@USERNAME@','',2,'1','0','0',0,0,'1','0',' ','','9',' ','0','','0',' ','','0','','0','','','1')
go
/*系统单据用户自定义按钮*/
delete from SDUBUTTON where SDUBUTTON_ID='SDBYS2010'
go
insert into SDUBUTTON(SDUBUTTON_ID,SDUBUTTON_FLBH,SDUBUTTON_BTNID,SDUBUTTON_BTNNAME,SDUBUTTON_TITLE,SDUBUTTON_TYPE,SDUBUTTON_CL, SDUBUTTON_ORDER,SDUBUTTON_FGBZ,SDUBUTTON_ALTK,SDUBUTTON_CLASSNAME,SDUBUTTON_ENABLED,SDUBUTTON_SCRIPT) values('SDBYS2010','0010','uBtn_Pre','上张',' ','1','0','1','0',' ','上张16.png','1','preBill("");')
go
insert into SDUBUTTON(SDUBUTTON_ID,SDUBUTTON_FLBH,SDUBUTTON_BTNID,SDUBUTTON_BTNNAME,SDUBUTTON_TITLE,SDUBUTTON_TYPE,SDUBUTTON_CL, SDUBUTTON_ORDER,SDUBUTTON_FGBZ,SDUBUTTON_ALTK,SDUBUTTON_CLASSNAME,SDUBUTTON_ENABLED,SDUBUTTON_SCRIPT) values('SDBYS2010','0011','uBtn_Next','下张',' ','1','0','2','0',' ','下张16.png','1','nextBill("");')
go
insert into SDUBUTTON(SDUBUTTON_ID,SDUBUTTON_FLBH,SDUBUTTON_BTNID,SDUBUTTON_BTNNAME,SDUBUTTON_TITLE,SDUBUTTON_TYPE,SDUBUTTON_CL, SDUBUTTON_ORDER,SDUBUTTON_FGBZ,SDUBUTTON_ALTK,SDUBUTTON_CLASSNAME,SDUBUTTON_ENABLED,SDUBUTTON_SCRIPT) values('SDBYS2010','0013','uBtn_XG','修改',' ','3','0','4','0',' ',' ','1','
 
modifyBill();')
go
insert into SDUBUTTON(SDUBUTTON_ID,SDUBUTTON_FLBH,SDUBUTTON_BTNID,SDUBUTTON_BTNNAME,SDUBUTTON_TITLE,SDUBUTTON_TYPE,SDUBUTTON_CL, SDUBUTTON_ORDER,SDUBUTTON_FGBZ,SDUBUTTON_ALTK,SDUBUTTON_CLASSNAME,SDUBUTTON_ENABLED,SDUBUTTON_SCRIPT) values('SDBYS2010','0014','uBtn_SC','删除',' ','3','0','5','0',' ',' ','1',' 
deleteBill();')
go
insert into SDUBUTTON(SDUBUTTON_ID,SDUBUTTON_FLBH,SDUBUTTON_BTNID,SDUBUTTON_BTNNAME,SDUBUTTON_TITLE,SDUBUTTON_TYPE,SDUBUTTON_CL, SDUBUTTON_ORDER,SDUBUTTON_FGBZ,SDUBUTTON_ALTK,SDUBUTTON_CLASSNAME,SDUBUTTON_ENABLED,SDUBUTTON_SCRIPT) values('SDBYS2010','0015','uBtn_BC','保存',' ','3','0','6','0',' ',' ','1','Save(''0'');')
go
/*系统按钮SDSYSBUTTONEX扩展*/
delete from SDSYSBUTTONEX where SDSYSBUTTONEX_ID='SDBYS2010'
go
/*自定义脚本接口信息*/
delete from SDUJSEX where SDUJSEX_ID='SDBYS2010'
go
insert into SDUJSEX(SDUJSEX_ID,SDUJSEX_FLBH,SDUJSEX_BTNID,SDUJSEX_BTNTITLE,SDUJSEX_SCRIPT) values('SDBYS2010','0001','approve_After_U(pSHBZ)','单据审批前时处理','if((pSHBZ==1)||(pSHBZ==2))
{
  //是否自动加载下一张
  searchOrder(1,"","");
}')
go






/*######################################################*/
/* [SDBYS9001]用户分层定义 */
/*20191225 12:51:00*/
/*######################################################*/
/*系统单据数据接口用户扩展信息*/
delete from SDUBILL where SDUBILL_ID='SDBYS9001' 
go
insert into SDUBILL(SDUBILL_ID,SDUBILL_BFEXECUT,SDUBILL_AFEXECUT,SDUBILL_AFDELEXECUT,SDUBILL_APPROVEEXECUT,SDUBILL_APPDOEXECUT,SDUBILL_UNAPPROVEEXECUT,SDUBILL_DREXECUT,SDUBILL_DRBFEXECUT,SDUBILL_DRAFEXECUT,SDUBILL_MTABTITLE,SDUBILL_ITABTITLE,SDUBILL_OTMODI,SDUBILL_FLHS,SDUBILL_ITABCOUNT,SDUBILL_Ctable,SDUBILL_ILSZD,SDUBILL_IFLZD,SDUBILL_IORDER,SDUBILL_SHOWEXITBTN,SDUBILL_SHOWVERY,SDUBILL_SHOWLOG) values('SDBYS9001','','','','','','','','','','','','1','','0','','','','',' ',' ',' ')
go
delete from SDSYSBILLEXJS where SDSYSBILLEXJS_ID='SDBYS9001' 
go
/*系统单据系统字段用户扩展信息*/
delete from SDSYSFIELDEX where SDSYSFIELDEX_ID='SDBYS9001'
go
insert into SDSYSFIELDEX(SDSYSFIELDEX_FILEDID,SDSYSFIELDEX_FLBH,SDSYSFIELDEX_ID,SDSYSFIELDEX_LMMC,SDSYSFIELDEX_LMZT,SDSYSFIELDEX_TABLE,SDSYSFIELDEX_LMBM,SDSYSFIELDEX_BZBM,SDSYSFIELDEX_BZBH,SDSYSFIELDEX_BZTJ,SDSYSFIELDEX_SFBT,SDSYSFIELDEX_TABID,SDSYSFIELDEX_XSXH,SDSYSFIELDEX_SQL, SDSYSFIELDEX_WIDTH, SDSYSFIELDEX_COLSPAN, SDSYSFIELDEX_ROWSPAN,SDSYSFIELDEX_DEFAULT, SDSYSFIELDEX_PRECISION,SDSYSFIELDEX_READONLY,SDSYSFIELDEX_DRBZ, SDSYSFIELDEX_DRBT, SDSYSFIELDEX_DRXH,SDSYSFIELDEX_LBXH,SDSYSFIELDEX_GLBM,SDSYSFIELDEX_NMZD,SDSYSFIELDEX_BHZD,SDSYSFIELDEX_MCZD,SDSYSFIELDEX_LIST,SDSYSFIELDEX_LISTFLAG,SDSYSFIELDEX_NEWLINE,SDSYSFIELDEX_NEWLINETITLE,SDSYSFIELDEX_LINKDO,SDSYSFIELDEX_NEWLINESHOW,SDSYSFIELDEX_TITLE,SDSYSFIELDEX_ISFILTER,SDSYSFIELDEX_KZBZ,SDSYSFIELDEX_FJEXT,SDSYSFIELDEX_FJMAX,SDSYSFIELDEX_LENGTH,SDSYSFIELDEX_MAX,SDSYSFIELDEX_MIN,SDSYSFIELDEX_MLMZT,SDSYSFIELDEX_MXSXH,SDSYSFIELDEX_PLACEHOLDER,SDSYSFIELDEX_SETSQL,SDSYSFIELDEX_SFBZ,SDSYSFIELDEX_SFSPXM) values('07097535-0014-4797-b180-c99cc0120345','C9DC4DEE-2E68-4A75-BCC8-2C05D0B7A3CC','SDBYS9001','YXJGZCBMX_WLBH','1','YXJGZCBMX','','','','','0','','0031','',12,0,0,'',0,'0','0','','0','0','','','','','','','','','','0','','','','',0 ,0,'','','','','','','','')
go
insert into SDSYSFIELDEX(SDSYSFIELDEX_FILEDID,SDSYSFIELDEX_FLBH,SDSYSFIELDEX_ID,SDSYSFIELDEX_LMMC,SDSYSFIELDEX_LMZT,SDSYSFIELDEX_TABLE,SDSYSFIELDEX_LMBM,SDSYSFIELDEX_BZBM,SDSYSFIELDEX_BZBH,SDSYSFIELDEX_BZTJ,SDSYSFIELDEX_SFBT,SDSYSFIELDEX_TABID,SDSYSFIELDEX_XSXH,SDSYSFIELDEX_SQL, SDSYSFIELDEX_WIDTH, SDSYSFIELDEX_COLSPAN, SDSYSFIELDEX_ROWSPAN,SDSYSFIELDEX_DEFAULT, SDSYSFIELDEX_PRECISION,SDSYSFIELDEX_READONLY,SDSYSFIELDEX_DRBZ, SDSYSFIELDEX_DRBT, SDSYSFIELDEX_DRXH,SDSYSFIELDEX_LBXH,SDSYSFIELDEX_GLBM,SDSYSFIELDEX_NMZD,SDSYSFIELDEX_BHZD,SDSYSFIELDEX_MCZD,SDSYSFIELDEX_LIST,SDSYSFIELDEX_LISTFLAG,SDSYSFIELDEX_NEWLINE,SDSYSFIELDEX_NEWLINETITLE,SDSYSFIELDEX_LINKDO,SDSYSFIELDEX_NEWLINESHOW,SDSYSFIELDEX_TITLE,SDSYSFIELDEX_ISFILTER,SDSYSFIELDEX_KZBZ,SDSYSFIELDEX_FJEXT,SDSYSFIELDEX_FJMAX,SDSYSFIELDEX_LENGTH,SDSYSFIELDEX_MAX,SDSYSFIELDEX_MIN,SDSYSFIELDEX_MLMZT,SDSYSFIELDEX_MXSXH,SDSYSFIELDEX_PLACEHOLDER,SDSYSFIELDEX_SETSQL,SDSYSFIELDEX_SFBZ,SDSYSFIELDEX_SFSPXM) values('7f965066-a692-4c7d-ab24-6aede04b5889','86B7C5F4-43A4-4E2E-A085-53187051D45D','SDBYS9001','YXJGZCBMX_YWRY','','YXJGZCBMX','','','','','','','0260','',12,0,0,'',0,'','','','0','0','','','','','','','','','','0','','','','',0 ,0,'','','','','','','','')
go
/*系统单据用户自定义字段*/
alter table YXJGZCBMX add YXJGZCBMX_UFQDLX varchar(40)
go
alter table YXJGZCBMX add YXJGZCBMX_UF_ZCLX varchar(40)
go
alter table YXJGZCBMX add YXJGZCBMX_UF_TYM varchar(200)
go
alter table YXJGZCBMX add YXJGZCBMX_UF_SPM varchar(200)
go
alter table YXJGZCBMX add YXJGZCBMX_UF_GG varchar(200)
go
alter table YXJGZCBMX add YXJGZCBMX_UF_JLDW varchar(40)
go
alter table YXJGZCBMX add YXJGZCBMX_UFKPJ2 decimal(38,4)
go
alter table YXJGZCBMX add YXJGZCBMX_UF_SFPD varchar(40)
go
alter table YXJGZCBM add YXJGZCBM_UF_ZDRQ varchar(40)
go
alter table YXJGZCBM add YXJGZCBM_UF_ZDR varchar(40)
go
delete from SDUFIELD where SDUFIELD_ID='SDBYS9001' 
go
insert into SDUFIELD(SDUFIELD_FILEDID,SDUFIELD_FLBH,SDUFIELD_ID,SDUFIELD_LMMC,SDUFIELD_LMBM,SDUFIELD_TITLE,SDUFIELD_TABLE,SDUFIELD_KZBZ,SDUFIELD_BZBM,SDUFIELD_BZBH,SDUFIELD_BZTJ,SDUFIELD_SFBT,SDUFIELD_XSXH,SDUFIELD_GLBM,SDUFIELD_NMZD,SDUFIELD_BHZD,SDUFIELD_MCZD,SDUFIELD_SQL, SDUFIELD_WIDTH,SDUFIELD_TABID,SDUFIELD_TYPE, SDUFIELD_COLSPAN, SDUFIELD_ROWSPAN, SDUFIELD_LENGTH,SDUFIELD_DEFAULT,SDUFIELD_LIST, SDUFIELD_PRECISION,SDUFIELD_READONLY,SDUFIELD_DRBZ,SDUFIELD_DRBT, SDUFIELD_DRXH,SDUFIELD_LBXH,SDUFIELD_LMZT,SDUFIELD_SFBZ,SDUFIELD_SFSPXM,SDUFIELD_SPJD,SDUFIELD_FIELDTYPE,SDUFIELD_GUID,SDUFIELD_CSBZ,SDUFIELD_ZDQXBH,SDUFIELD_LISTFLAG,SDUFIELD_LOCALESTRING,SDUFIELD_DXLB,SDUFIELD_ISFILTER,SDUFIELD_FILTERDISP,SDUFIELD_NEWLINE,SDUFIELD_NEWLINETITLE,SDUFIELD_LINKDO,SDUFIELD_NEWLINESHOW) values('813EB73C-EC71-4183-AD5D-7BEB8E03EAA6','CD3E3542-9E57-4AEF-AE61-AC531B9C35F1','SDBYS9001','YXJGZCBMX_UFQDLX','渠道类型','','YXJGZCBMX','0','YXDDYWLX','YX1','','0','0024','YXDDYWLX','YXDDYWLX_NM','YXDDYWLX_BH','YXDDYWLX_MC','',15,'I1','0',1,1,40,'','',2,'0','1','0',0,0,'0','0',' ','','0',' ','0','','0',' ','','0','','0','','','1')
go
insert into SDUFIELD(SDUFIELD_FILEDID,SDUFIELD_FLBH,SDUFIELD_ID,SDUFIELD_LMMC,SDUFIELD_LMBM,SDUFIELD_TITLE,SDUFIELD_TABLE,SDUFIELD_KZBZ,SDUFIELD_BZBM,SDUFIELD_BZBH,SDUFIELD_BZTJ,SDUFIELD_SFBT,SDUFIELD_XSXH,SDUFIELD_GLBM,SDUFIELD_NMZD,SDUFIELD_BHZD,SDUFIELD_MCZD,SDUFIELD_SQL, SDUFIELD_WIDTH,SDUFIELD_TABID,SDUFIELD_TYPE, SDUFIELD_COLSPAN, SDUFIELD_ROWSPAN, SDUFIELD_LENGTH,SDUFIELD_DEFAULT,SDUFIELD_LIST, SDUFIELD_PRECISION,SDUFIELD_READONLY,SDUFIELD_DRBZ,SDUFIELD_DRBT, SDUFIELD_DRXH,SDUFIELD_LBXH,SDUFIELD_LMZT,SDUFIELD_SFBZ,SDUFIELD_SFSPXM,SDUFIELD_SPJD,SDUFIELD_FIELDTYPE,SDUFIELD_GUID,SDUFIELD_CSBZ,SDUFIELD_ZDQXBH,SDUFIELD_LISTFLAG,SDUFIELD_LOCALESTRING,SDUFIELD_DXLB,SDUFIELD_ISFILTER,SDUFIELD_FILTERDISP,SDUFIELD_NEWLINE,SDUFIELD_NEWLINETITLE,SDUFIELD_LINKDO,SDUFIELD_NEWLINESHOW) values('74A12FA1-41D2-432F-B563-D26D3C13583B','2A723FA3-D9BD-4E4B-8362-31E249FA2C6D','SDBYS9001','YXJGZCBMX_UF_ZCLX','政策类型','','YXJGZCBMX','0','','','','0','0030','','','','','',15,'I1','0',1,1,40,'','0,各事业部普调政策;1,一般政策;2,特殊地区政策;3,特殊客户政策',2,'0','1','0',0,0,'0','0',' ','','0',' ','0','','0',' ','','0','','0','','','1')
go
insert into SDUFIELD(SDUFIELD_FILEDID,SDUFIELD_FLBH,SDUFIELD_ID,SDUFIELD_LMMC,SDUFIELD_LMBM,SDUFIELD_TITLE,SDUFIELD_TABLE,SDUFIELD_KZBZ,SDUFIELD_BZBM,SDUFIELD_BZBH,SDUFIELD_BZTJ,SDUFIELD_SFBT,SDUFIELD_XSXH,SDUFIELD_GLBM,SDUFIELD_NMZD,SDUFIELD_BHZD,SDUFIELD_MCZD,SDUFIELD_SQL, SDUFIELD_WIDTH,SDUFIELD_TABID,SDUFIELD_TYPE, SDUFIELD_COLSPAN, SDUFIELD_ROWSPAN, SDUFIELD_LENGTH,SDUFIELD_DEFAULT,SDUFIELD_LIST, SDUFIELD_PRECISION,SDUFIELD_READONLY,SDUFIELD_DRBZ,SDUFIELD_DRBT, SDUFIELD_DRXH,SDUFIELD_LBXH,SDUFIELD_LMZT,SDUFIELD_SFBZ,SDUFIELD_SFSPXM,SDUFIELD_SPJD,SDUFIELD_FIELDTYPE,SDUFIELD_GUID,SDUFIELD_CSBZ,SDUFIELD_ZDQXBH,SDUFIELD_LISTFLAG,SDUFIELD_LOCALESTRING,SDUFIELD_DXLB,SDUFIELD_ISFILTER,SDUFIELD_FILTERDISP,SDUFIELD_NEWLINE,SDUFIELD_NEWLINETITLE,SDUFIELD_LINKDO,SDUFIELD_NEWLINESHOW) values('6F51F5BE-E4E1-4F23-8234-5B31FDA742C7','2B03AC6E-C280-4814-AD98-51EDD4827E23','SDBYS9001','YXJGZCBMX_UF_TYM','通用名','','YXJGZCBMX','0','','','','0','0033','','','','','SELECT YXWLZD_TYM FROM YXWLZD WHERE YXWLZD_NM=@YXJGZCBMX_WLBH@',15,'I1','0',1,1,200,'','',2,'0','0','0',0,0,'1','0',' ','','0',' ','0','','0',' ','','0','','0','','','1')
go
insert into SDUFIELD(SDUFIELD_FILEDID,SDUFIELD_FLBH,SDUFIELD_ID,SDUFIELD_LMMC,SDUFIELD_LMBM,SDUFIELD_TITLE,SDUFIELD_TABLE,SDUFIELD_KZBZ,SDUFIELD_BZBM,SDUFIELD_BZBH,SDUFIELD_BZTJ,SDUFIELD_SFBT,SDUFIELD_XSXH,SDUFIELD_GLBM,SDUFIELD_NMZD,SDUFIELD_BHZD,SDUFIELD_MCZD,SDUFIELD_SQL, SDUFIELD_WIDTH,SDUFIELD_TABID,SDUFIELD_TYPE, SDUFIELD_COLSPAN, SDUFIELD_ROWSPAN, SDUFIELD_LENGTH,SDUFIELD_DEFAULT,SDUFIELD_LIST, SDUFIELD_PRECISION,SDUFIELD_READONLY,SDUFIELD_DRBZ,SDUFIELD_DRBT, SDUFIELD_DRXH,SDUFIELD_LBXH,SDUFIELD_LMZT,SDUFIELD_SFBZ,SDUFIELD_SFSPXM,SDUFIELD_SPJD,SDUFIELD_FIELDTYPE,SDUFIELD_GUID,SDUFIELD_CSBZ,SDUFIELD_ZDQXBH,SDUFIELD_LISTFLAG,SDUFIELD_LOCALESTRING,SDUFIELD_DXLB,SDUFIELD_ISFILTER,SDUFIELD_FILTERDISP,SDUFIELD_NEWLINE,SDUFIELD_NEWLINETITLE,SDUFIELD_LINKDO,SDUFIELD_NEWLINESHOW) values('1DD9E2AF-3631-4C5E-B4E3-E0769EB775ED','5C1AA3AE-D901-4400-A3EB-B7CF5CA9DBE2','SDBYS9001','YXJGZCBMX_UF_SPM','商品名','','YXJGZCBMX','0','','','','0','0034','','','','','SELECT YXWLZD_SPM FROM YXWLZD WHERE YXWLZD_NM=@YXJGZCBMX_WLBH@',15,'I1','0',1,1,200,'','',2,'0','0','0',0,0,'1','0',' ','','0',' ','0','','0',' ','','0','','0','','','1')
go
insert into SDUFIELD(SDUFIELD_FILEDID,SDUFIELD_FLBH,SDUFIELD_ID,SDUFIELD_LMMC,SDUFIELD_LMBM,SDUFIELD_TITLE,SDUFIELD_TABLE,SDUFIELD_KZBZ,SDUFIELD_BZBM,SDUFIELD_BZBH,SDUFIELD_BZTJ,SDUFIELD_SFBT,SDUFIELD_XSXH,SDUFIELD_GLBM,SDUFIELD_NMZD,SDUFIELD_BHZD,SDUFIELD_MCZD,SDUFIELD_SQL, SDUFIELD_WIDTH,SDUFIELD_TABID,SDUFIELD_TYPE, SDUFIELD_COLSPAN, SDUFIELD_ROWSPAN, SDUFIELD_LENGTH,SDUFIELD_DEFAULT,SDUFIELD_LIST, SDUFIELD_PRECISION,SDUFIELD_READONLY,SDUFIELD_DRBZ,SDUFIELD_DRBT, SDUFIELD_DRXH,SDUFIELD_LBXH,SDUFIELD_LMZT,SDUFIELD_SFBZ,SDUFIELD_SFSPXM,SDUFIELD_SPJD,SDUFIELD_FIELDTYPE,SDUFIELD_GUID,SDUFIELD_CSBZ,SDUFIELD_ZDQXBH,SDUFIELD_LISTFLAG,SDUFIELD_LOCALESTRING,SDUFIELD_DXLB,SDUFIELD_ISFILTER,SDUFIELD_FILTERDISP,SDUFIELD_NEWLINE,SDUFIELD_NEWLINETITLE,SDUFIELD_LINKDO,SDUFIELD_NEWLINESHOW) values('DE436287-F12D-450F-8F70-8FE21AD2E4DD','58A650E6-5562-4F9F-9781-20E792268421','SDBYS9001','YXJGZCBMX_UF_GG','规格','','YXJGZCBMX','0','','','','0','0035','','','','','SELECT YXWLZD_GGXH FROM YXWLZD WHERE YXWLZD_NM=@YXJGZCBMX_WLBH@',15,'I1','0',1,1,200,'','',2,'0','0','0',0,0,'1','0',' ','','0',' ','0','','0',' ','','0','','0','','','1')
go
insert into SDUFIELD(SDUFIELD_FILEDID,SDUFIELD_FLBH,SDUFIELD_ID,SDUFIELD_LMMC,SDUFIELD_LMBM,SDUFIELD_TITLE,SDUFIELD_TABLE,SDUFIELD_KZBZ,SDUFIELD_BZBM,SDUFIELD_BZBH,SDUFIELD_BZTJ,SDUFIELD_SFBT,SDUFIELD_XSXH,SDUFIELD_GLBM,SDUFIELD_NMZD,SDUFIELD_BHZD,SDUFIELD_MCZD,SDUFIELD_SQL, SDUFIELD_WIDTH,SDUFIELD_TABID,SDUFIELD_TYPE, SDUFIELD_COLSPAN, SDUFIELD_ROWSPAN, SDUFIELD_LENGTH,SDUFIELD_DEFAULT,SDUFIELD_LIST, SDUFIELD_PRECISION,SDUFIELD_READONLY,SDUFIELD_DRBZ,SDUFIELD_DRBT, SDUFIELD_DRXH,SDUFIELD_LBXH,SDUFIELD_LMZT,SDUFIELD_SFBZ,SDUFIELD_SFSPXM,SDUFIELD_SPJD,SDUFIELD_FIELDTYPE,SDUFIELD_GUID,SDUFIELD_CSBZ,SDUFIELD_ZDQXBH,SDUFIELD_LISTFLAG,SDUFIELD_LOCALESTRING,SDUFIELD_DXLB,SDUFIELD_ISFILTER,SDUFIELD_FILTERDISP,SDUFIELD_NEWLINE,SDUFIELD_NEWLINETITLE,SDUFIELD_LINKDO,SDUFIELD_NEWLINESHOW) values('58BEDC0F-0293-4466-85B6-F85A741965C7','18EEF547-8F3C-4180-A2B8-B197C52A7D5B','SDBYS9001','YXJGZCBMX_UF_JLDW','计量单位','','YXJGZCBMX','0','VW_ERPJLDW','YX1','','0','0036','VW_ERPJLDW','ERPJLDW_NM','ERPJLDW_BH','ERPJLDW_MC','SELECT YXWLZD_JLDW FROM YXWLZD WHERE YXWLZD_NM=@YXJGZCBMX_WLBH@',15,'I1','0',1,1,40,'','',2,'0','0','0',0,0,'1','0',' ','','0',' ','0','','0',' ','','0','','0','','','1')
go
insert into SDUFIELD(SDUFIELD_FILEDID,SDUFIELD_FLBH,SDUFIELD_ID,SDUFIELD_LMMC,SDUFIELD_LMBM,SDUFIELD_TITLE,SDUFIELD_TABLE,SDUFIELD_KZBZ,SDUFIELD_BZBM,SDUFIELD_BZBH,SDUFIELD_BZTJ,SDUFIELD_SFBT,SDUFIELD_XSXH,SDUFIELD_GLBM,SDUFIELD_NMZD,SDUFIELD_BHZD,SDUFIELD_MCZD,SDUFIELD_SQL, SDUFIELD_WIDTH,SDUFIELD_TABID,SDUFIELD_TYPE, SDUFIELD_COLSPAN, SDUFIELD_ROWSPAN, SDUFIELD_LENGTH,SDUFIELD_DEFAULT,SDUFIELD_LIST, SDUFIELD_PRECISION,SDUFIELD_READONLY,SDUFIELD_DRBZ,SDUFIELD_DRBT, SDUFIELD_DRXH,SDUFIELD_LBXH,SDUFIELD_LMZT,SDUFIELD_SFBZ,SDUFIELD_SFSPXM,SDUFIELD_SPJD,SDUFIELD_FIELDTYPE,SDUFIELD_GUID,SDUFIELD_CSBZ,SDUFIELD_ZDQXBH,SDUFIELD_LISTFLAG,SDUFIELD_LOCALESTRING,SDUFIELD_DXLB,SDUFIELD_ISFILTER,SDUFIELD_FILTERDISP,SDUFIELD_NEWLINE,SDUFIELD_NEWLINETITLE,SDUFIELD_LINKDO,SDUFIELD_NEWLINESHOW) values('DD345EFA-ADE2-425F-AD36-B83D2D8C976G','ADD235GF-9748-4EE7-AB07-128E2FC093FA','SDBYS9001','YXJGZCBMX_UFKPJ2','参考价二','','YXJGZCBMX','4','','','','0','0042','','','','','',0,'I1','1',1,1,40,'','',2,'0','1','0',0,0,'1','0',' ','','0',' ','0','','0',' ','','0','','0','','','1')
go
insert into SDUFIELD(SDUFIELD_FILEDID,SDUFIELD_FLBH,SDUFIELD_ID,SDUFIELD_LMMC,SDUFIELD_LMBM,SDUFIELD_TITLE,SDUFIELD_TABLE,SDUFIELD_KZBZ,SDUFIELD_BZBM,SDUFIELD_BZBH,SDUFIELD_BZTJ,SDUFIELD_SFBT,SDUFIELD_XSXH,SDUFIELD_GLBM,SDUFIELD_NMZD,SDUFIELD_BHZD,SDUFIELD_MCZD,SDUFIELD_SQL, SDUFIELD_WIDTH,SDUFIELD_TABID,SDUFIELD_TYPE, SDUFIELD_COLSPAN, SDUFIELD_ROWSPAN, SDUFIELD_LENGTH,SDUFIELD_DEFAULT,SDUFIELD_LIST, SDUFIELD_PRECISION,SDUFIELD_READONLY,SDUFIELD_DRBZ,SDUFIELD_DRBT, SDUFIELD_DRXH,SDUFIELD_LBXH,SDUFIELD_LMZT,SDUFIELD_SFBZ,SDUFIELD_SFSPXM,SDUFIELD_SPJD,SDUFIELD_FIELDTYPE,SDUFIELD_GUID,SDUFIELD_CSBZ,SDUFIELD_ZDQXBH,SDUFIELD_LISTFLAG,SDUFIELD_LOCALESTRING,SDUFIELD_DXLB,SDUFIELD_ISFILTER,SDUFIELD_FILTERDISP,SDUFIELD_NEWLINE,SDUFIELD_NEWLINETITLE,SDUFIELD_LINKDO,SDUFIELD_NEWLINESHOW) values('5681D039-8F84-48E3-A9B5-2EC9774AA9D9','09C5F3AD-AEE5-4068-9A02-A868180CFC9B','SDBYS9001','YXJGZCBMX_UF_SFPD','是否判断','','YXJGZCBMX','0','','','','0','0053','','','','','',15,'I1','0',1,1,40,'1','0,否;1,是;',2,'0','1','0',0,0,'1','0',' ','','0',' ','0','','0',' ','','0','','0','','','1')
go
insert into SDUFIELD(SDUFIELD_FILEDID,SDUFIELD_FLBH,SDUFIELD_ID,SDUFIELD_LMMC,SDUFIELD_LMBM,SDUFIELD_TITLE,SDUFIELD_TABLE,SDUFIELD_KZBZ,SDUFIELD_BZBM,SDUFIELD_BZBH,SDUFIELD_BZTJ,SDUFIELD_SFBT,SDUFIELD_XSXH,SDUFIELD_GLBM,SDUFIELD_NMZD,SDUFIELD_BHZD,SDUFIELD_MCZD,SDUFIELD_SQL, SDUFIELD_WIDTH,SDUFIELD_TABID,SDUFIELD_TYPE, SDUFIELD_COLSPAN, SDUFIELD_ROWSPAN, SDUFIELD_LENGTH,SDUFIELD_DEFAULT,SDUFIELD_LIST, SDUFIELD_PRECISION,SDUFIELD_READONLY,SDUFIELD_DRBZ,SDUFIELD_DRBT, SDUFIELD_DRXH,SDUFIELD_LBXH,SDUFIELD_LMZT,SDUFIELD_SFBZ,SDUFIELD_SFSPXM,SDUFIELD_SPJD,SDUFIELD_FIELDTYPE,SDUFIELD_GUID,SDUFIELD_CSBZ,SDUFIELD_ZDQXBH,SDUFIELD_LISTFLAG,SDUFIELD_LOCALESTRING,SDUFIELD_DXLB,SDUFIELD_ISFILTER,SDUFIELD_FILTERDISP,SDUFIELD_NEWLINE,SDUFIELD_NEWLINETITLE,SDUFIELD_LINKDO,SDUFIELD_NEWLINESHOW) values('FB51B824-E4FD-49AD-8122-3BA959776C8A','FFB5796A-1DBE-4411-8E60-A633B7CBF328','SDBYS9001','YXJGZCBM_UF_ZDRQ','制单日期','','YXJGZCBM','1','','','','0','0091','','','','','',15,'M1','0',1,1,40,'YYYYMMDD','',2,'1','0','0',0,0,'1','0',' ','','3',' ','0','','0',' ','','0','','0','','','1')
go
insert into SDUFIELD(SDUFIELD_FILEDID,SDUFIELD_FLBH,SDUFIELD_ID,SDUFIELD_LMMC,SDUFIELD_LMBM,SDUFIELD_TITLE,SDUFIELD_TABLE,SDUFIELD_KZBZ,SDUFIELD_BZBM,SDUFIELD_BZBH,SDUFIELD_BZTJ,SDUFIELD_SFBT,SDUFIELD_XSXH,SDUFIELD_GLBM,SDUFIELD_NMZD,SDUFIELD_BHZD,SDUFIELD_MCZD,SDUFIELD_SQL, SDUFIELD_WIDTH,SDUFIELD_TABID,SDUFIELD_TYPE, SDUFIELD_COLSPAN, SDUFIELD_ROWSPAN, SDUFIELD_LENGTH,SDUFIELD_DEFAULT,SDUFIELD_LIST, SDUFIELD_PRECISION,SDUFIELD_READONLY,SDUFIELD_DRBZ,SDUFIELD_DRBT, SDUFIELD_DRXH,SDUFIELD_LBXH,SDUFIELD_LMZT,SDUFIELD_SFBZ,SDUFIELD_SFSPXM,SDUFIELD_SPJD,SDUFIELD_FIELDTYPE,SDUFIELD_GUID,SDUFIELD_CSBZ,SDUFIELD_ZDQXBH,SDUFIELD_LISTFLAG,SDUFIELD_LOCALESTRING,SDUFIELD_DXLB,SDUFIELD_ISFILTER,SDUFIELD_FILTERDISP,SDUFIELD_NEWLINE,SDUFIELD_NEWLINETITLE,SDUFIELD_LINKDO,SDUFIELD_NEWLINESHOW) values('38A5D739-47CF-4A84-A20D-675D52749D2H','CCEF2F85-FF21-441G-9EA9-14DE8328DBC5','SDBYS9001','YXJGZCBM_UF_ZDR','制单人','','YXJGZCBM','0','','','','0','0092','','','','','',15,'M1','0',1,1,40,'@USERNAME@','',2,'1','0','0',0,0,'1','0',' ','','9',' ','0','','0',' ','','0','','0','','','1')
go
/*系统单据用户自定义按钮*/
delete from SDUBUTTON where SDUBUTTON_ID='SDBYS9001' 
go
insert into SDUBUTTON(SDUBUTTON_ID,SDUBUTTON_FLBH,SDUBUTTON_BTNID,SDUBUTTON_BTNNAME,SDUBUTTON_TITLE,SDUBUTTON_TYPE,SDUBUTTON_CL, SDUBUTTON_ORDER,SDUBUTTON_FGBZ,SDUBUTTON_ALTK,SDUBUTTON_CLASSNAME,SDUBUTTON_ENABLED,SDUBUTTON_SCRIPT) values('SDBYS9001','0010','uBtn_Pre','上张',' ','1','0','1','0',' ','上张16.png','1','preBill("");')
go
insert into SDUBUTTON(SDUBUTTON_ID,SDUBUTTON_FLBH,SDUBUTTON_BTNID,SDUBUTTON_BTNNAME,SDUBUTTON_TITLE,SDUBUTTON_TYPE,SDUBUTTON_CL, SDUBUTTON_ORDER,SDUBUTTON_FGBZ,SDUBUTTON_ALTK,SDUBUTTON_CLASSNAME,SDUBUTTON_ENABLED,SDUBUTTON_SCRIPT) values('SDBYS9001','0011','uBtn_Next','下张',' ','1','0','2','0',' ','下张16.png','1','nextBill("");')
go
insert into SDUBUTTON(SDUBUTTON_ID,SDUBUTTON_FLBH,SDUBUTTON_BTNID,SDUBUTTON_BTNNAME,SDUBUTTON_TITLE,SDUBUTTON_TYPE,SDUBUTTON_CL, SDUBUTTON_ORDER,SDUBUTTON_FGBZ,SDUBUTTON_ALTK,SDUBUTTON_CLASSNAME,SDUBUTTON_ENABLED,SDUBUTTON_SCRIPT) values('SDBYS9001','0013','uBtn_XG','修改',' ','3','0','4','0',' ',' ','1','
 
modifyBill();')
go
insert into SDUBUTTON(SDUBUTTON_ID,SDUBUTTON_FLBH,SDUBUTTON_BTNID,SDUBUTTON_BTNNAME,SDUBUTTON_TITLE,SDUBUTTON_TYPE,SDUBUTTON_CL, SDUBUTTON_ORDER,SDUBUTTON_FGBZ,SDUBUTTON_ALTK,SDUBUTTON_CLASSNAME,SDUBUTTON_ENABLED,SDUBUTTON_SCRIPT) values('SDBYS9001','0014','uBtn_SC','删除',' ','3','0','5','0',' ',' ','1',' 
deleteBill();')
go
insert into SDUBUTTON(SDUBUTTON_ID,SDUBUTTON_FLBH,SDUBUTTON_BTNID,SDUBUTTON_BTNNAME,SDUBUTTON_TITLE,SDUBUTTON_TYPE,SDUBUTTON_CL, SDUBUTTON_ORDER,SDUBUTTON_FGBZ,SDUBUTTON_ALTK,SDUBUTTON_CLASSNAME,SDUBUTTON_ENABLED,SDUBUTTON_SCRIPT) values('SDBYS9001','0015','uBtn_BC','保存',' ','3','0','6','0',' ',' ','1','Save(''0'');')
go
/*系统按钮SDSYSBUTTONEX扩展*/
delete from SDSYSBUTTONEX where SDSYSBUTTONEX_ID='SDBYS9001' 
go
/*自定义脚本接口信息*/
delete from SDUJSEX where SDUJSEX_ID='SDBYS9001' 
go
insert into SDUJSEX(SDUJSEX_ID,SDUJSEX_FLBH,SDUJSEX_BTNID,SDUJSEX_BTNTITLE,SDUJSEX_SCRIPT) values('SDBYS9001','0001','approve_After_U(pSHBZ)','单据审批前时处理','if((pSHBZ==1)||(pSHBZ==2))
{
  //是否自动加载下一张
  searchOrder(1,"","");
}')
go